match_id,ohrc_projected_x_5m,ohrc_projected_y_5m,tmc_ortho_x_5m,tmc_ortho_y_5m,descriptor_distance,split,forward_residual_tmc_5m_px,inlier
0,14.548864364624023,330.0408020019531,15.382019996643066,349.929443359375,131.8635711669922,training,1.5433138608932495,1
1,28.910043716430664,321.9151611328125,28.911945343017578,342.4787902832031,194.48907470703125,training,2.578481912612915,1
2,31.697261810302734,287.802001953125,31.609539031982422,305.48638916015625,220.73739624023438,training,0.809820294380188,1
3,31.810035705566406,294.9629211425781,30.67445945739746,312.9677429199219,214.36883544921875,training,1.6432116031646729,1
4,34.502986907958984,317.4582214355469,35.50545883178711,337.00531005859375,169.78810119628906,training,1.7551583051681519,1
5,34.741844177246094,270.3501892089844,34.78506088256836,286.66400146484375,195.7728271484375,training,0.03330213576555252,1
6,36.101097106933594,306.01324462890625,36.77260208129883,324.8673400878906,95.04735565185547,training,1.3956575393676758,1
7,37.06639099121094,320.1907653808594,38.431541442871094,340.01025390625,107.60111236572266,training,2.047280788421631,1
8,37.349281311035156,292.19281005859375,37.61290740966797,310.2943420410156,196.76890563964844,training,1.0731161832809448,1
9,39.37551498413086,253.92959594726562,38.367652893066406,267.1344299316406,209.0765380859375,training,2.7492096424102783,1
10,40.45124053955078,284.99102783203125,40.568782806396484,302.634765625,120.95453643798828,training,0.8771408796310425,1
11,40.45124053955078,284.99102783203125,40.568782806396484,302.634765625,119.1721420288086,training,0.8771408796310425,1
12,42.24417495727539,287.51055908203125,42.66162109375,305.37579345703125,147.9256591796875,training,1.0253870487213135,1
13,44.99309158325195,253.52902221679688,44.14216995239258,266.6320495605469,231.70455932617188,training,2.7649030685424805,1
14,45.51797866821289,327.5124816894531,46.64466094970703,347.81280517578125,108.78878784179688,training,2.227503538131714,1
15,45.540374755859375,274.1280212402344,45.65449905395508,291.2702941894531,168.73648071289062,training,0.7509483695030212,1
16,49.037960052490234,298.8582458496094,49.71815872192383,317.4264221191406,99.74968719482422,training,1.4167091846466064,1
17,50.613128662109375,288.3165588378906,51.3205680847168,306.3428955078125,138.98561096191406,training,1.2494350671768188,1
18,50.74271011352539,275.7234802246094,51.08183288574219,292.9129638671875,167.72000122070312,training,0.7803772687911987,1
19,51.06557846069336,284.1322937011719,51.67380905151367,301.7458801269531,147.44830322265625,training,0.9672755599021912,1
20,51.06557846069336,284.1322937011719,51.67380905151367,301.7458801269531,134.43214416503906,training,0.9672755599021912,1
21,51.336612701416016,307.33245849609375,52.734413146972656,326.3104248046875,134.684814453125,training,1.7509939670562744,1
22,51.336612701416016,307.33245849609375,52.734413146972656,326.3104248046875,129.16656494140625,training,1.7509939670562744,1
23,51.772796630859375,301.8441467285156,52.75408935546875,320.7353515625,106.05187225341797,training,1.7057033777236938,1
24,53.03364181518555,328.8638610839844,54.418052673339844,349.25946044921875,208.0360565185547,training,2.3611950874328613,1
25,53.4655647277832,246.0015106201172,51.7736930847168,257.8815612792969,214.3478546142578,training,3.9395925998687744,1
26,53.545040130615234,310.6954040527344,54.740753173828125,330.01287841796875,137.4481658935547,training,1.8831629753112793,1
27,55.34499740600586,296.1285095214844,56.01164245605469,314.5140380859375,198.2145233154297,training,1.3577102422714233,1
28,55.48301315307617,318.0681457519531,56.40029525756836,338.2096252441406,138.20999145507812,training,2.4101340770721436,1
29,55.48301315307617,318.0681457519531,56.40029525756836,338.2096252441406,160.97515869140625,training,2.4101340770721436,1
30,57.6921272277832,284.4320068359375,58.471961975097656,302.11798095703125,180.022216796875,training,1.0988690853118896,1
31,59.009769439697266,265.7302551269531,58.42253875732422,281.60162353515625,195.47378540039062,training,0.8527278900146484,1
32,59.558815002441406,294.51904296875,60.565982818603516,312.65899658203125,169.0680389404297,training,1.2693936824798584,1
33,59.558815002441406,294.51904296875,60.565982818603516,312.65899658203125,162.2621307373047,training,1.2693936824798584,1
34,61.26681137084961,321.678955078125,62.66783905029297,341.60174560546875,171.91567993164062,training,2.1804020404815674,1
38,62.95958709716797,311.8264465332031,64.23271942138672,331.2257995605469,140.82968139648438,training,1.9789962768554688,1
39,63.37128829956055,296.1181640625,64.26805114746094,314.81903076171875,189.84730529785156,training,1.743695855140686,1
40,67.46985626220703,295.74072265625,68.34187316894531,313.84527587890625,172.93930053710938,training,1.1845091581344604,1
41,68.13764190673828,321.9865417480469,69.87783813476562,341.5357360839844,170.13818359375,training,1.9518840312957764,1
42,71.25354766845703,255.53054809570312,70.38097381591797,270.2427673339844,156.94265747070312,training,1.4650343656539917,1
43,71.41670227050781,333.29144287109375,73.35511016845703,353.1448669433594,184.20640563964844,training,1.9406548738479614,1
45,72.19096374511719,338.5162048339844,73.61770629882812,358.62255859375,229.51034545898438,training,1.8493069410324097,1
46,72.57482147216797,296.10009765625,73.92832946777344,314.0121154785156,127.8084487915039,training,1.1885356903076172,1
47,72.57482147216797,296.10009765625,73.92832946777344,314.0121154785156,116.7433090209961,training,1.1885356903076172,1
48,73.08856201171875,287.3059387207031,73.32313537597656,305.06085205078125,178.720458984375,training,1.1826092004776,1
49,75.53028106689453,236.2966766357422,73.5636215209961,248.84364318847656,218.7738494873047,training,3.20676851272583,1
50,75.7048568725586,291.39215087890625,76.64990997314453,309.09283447265625,129.8460693359375,training,0.9878076910972595,1
51,75.80071258544922,252.02281188964844,74.98963928222656,266.1246032714844,142.93704223632812,training,1.7633882761001587,1
52,75.8526611328125,277.4051513671875,76.13050079345703,294.1767578125,194.51220703125,training,0.5405790209770203,1
53,76.1515121459961,313.7325744628906,77.9120101928711,333.14788818359375,152.9117431640625,training,2.1289613246917725,1
54,76.82417297363281,255.72079467773438,76.3905258178711,270.40997314453125,140.65916442871094,training,1.1865885257720947,1
55,77.39030456542969,263.7172546386719,77.63555145263672,278.5238342285156,168.57046508789062,training,1.0581026077270508,1
57,80.01213836669922,242.061767578125,79.68589782714844,254.93666076660156,223.18153381347656,training,2.3301279544830322,1
59,83.94274139404297,280.2833251953125,84.71414947509766,297.15130615234375,150.5589599609375,training,0.5431836247444153,1
61,89.09918975830078,298.9710693359375,91.49524688720703,316.4700622558594,142.00352478027344,training,1.6132712364196777,1
62,89.70160675048828,79.0599594116211,87.46514892578125,89.29507446289062,177.1581268310547,heldout,0.9655198454856873,1
63,90.13909149169922,273.6952209472656,90.77685546875,289.8531188964844,152.93789672851562,training,0.07316438108682632,1
64,91.41963958740234,105.89599609375,89.45006561279297,114.5126953125,224.111572265625,heldout,2.276989698410034,1
66,92.04022979736328,140.44329833984375,89.80040740966797,148.6435546875,190.9842987060547,heldout,3.9212961196899414,1
68,92.67822265625,143.5814971923828,90.64035034179688,151.9413299560547,181.10218811035156,heldout,3.8008928298950195,1
69,93.84327697753906,278.58599853515625,95.62153625488281,294.9627380371094,126.28539276123047,training,1.0533804893493652,1
70,94.49896240234375,87.9722671508789,92.60810089111328,98.13573455810547,215.1185760498047,heldout,0.6843323111534119,1
71,95.35018920898438,324.9273986816406,97.27778625488281,344.3629150390625,137.78968811035156,training,1.8791218996047974,1
72,95.6517333984375,284.890625,96.11048889160156,302.2703552246094,171.0876922607422,training,1.0371570587158203,1
73,95.81859588623047,185.19711303710938,94.16277313232422,195.4220428466797,132.62351989746094,heldout,3.3244192600250244,1
74,96.63082122802734,328.4077453613281,99.05795288085938,347.3724365234375,107.4383544921875,training,1.6413921117782593,1
75,96.81718444824219,144.8986053466797,94.46923065185547,153.54212951660156,154.70294189453125,heldout,3.7091164588928223,1
76,97.38064575195312,151.83230590820312,95.25862884521484,160.67274475097656,176.70880126953125,heldout,3.6605496406555176,1
77,97.74958038330078,226.9942169189453,97.61324310302734,239.4875946044922,183.25119018554688,training,2.0817391872406006,1
78,98.16173553466797,70.47368621826172,96.0460433959961,81.48481750488281,172.589111328125,heldout,1.6730268001556396,1
79,98.37791442871094,114.70793151855469,95.98821258544922,123.77825927734375,178.84910583496094,heldout,2.3924901485443115,1
80,99.72909545898438,159.8284912109375,97.72021484375,169.37960815429688,133.05638122558594,heldout,3.2404003143310547,1
81,99.86475372314453,75.9910888671875,97.83910369873047,86.82235717773438,141.78857421875,heldout,1.3661834001541138,1
82,100.83811950683594,250.81527709960938,101.30927276611328,265.4261169433594,163.34320068359375,training,0.6729487180709839,1
83,100.96849060058594,89.70924377441406,99.8488540649414,99.85142517089844,147.4652557373047,heldout,0.02205357700586319,1
84,101.12487030029297,194.5174560546875,99.67591857910156,205.77545166015625,201.615966796875,heldout,2.623004674911499,1
85,101.3395004272461,256.7296142578125,101.59705352783203,271.96868896484375,128.64291381835938,training,0.40329793095588684,1
86,101.73125457763672,164.3723907470703,100.03759002685547,173.59536743164062,132.3933563232422,heldout,3.547459363937378,1
87,101.85582733154297,262.0447998046875,103.14712524414062,277.9189147949219,159.2011260986328,training,0.6850851774215698,1
88,103.16912078857422,305.2832336425781,105.27381896972656,323.6015930175781,131.30499267578125,training,1.6455416679382324,1
89,103.16912078857422,305.2832336425781,105.27381896972656,323.6015930175781,127.4637222290039,training,1.6455416679382324,1
90,103.31916809082031,259.6708068847656,104.37606811523438,274.8626708984375,132.1892547607422,training,0.5487486124038696,1
91,103.6093521118164,232.98812866210938,103.28942108154297,246.3742218017578,231.98922729492188,training,1.477073311805725,1
92,103.68743133544922,198.06507873535156,102.27266693115234,209.3728485107422,200.19241333007812,heldout,2.677725315093994,1
93,105.24983215332031,306.8762512207031,106.85865020751953,325.6299133300781,100.40916442871094,training,1.7680870294570923,1
94,105.7163314819336,243.77220153808594,105.9916763305664,258.43426513671875,143.37014770507812,training,0.4266138970851898,1
95,106.35485076904297,249.86607360839844,106.50389862060547,265.0631103515625,114.47270202636719,training,0.42201998829841614,1
96,107.32562255859375,138.153564453125,105.70205688476562,147.224853515625,115.13036346435547,heldout,2.7696609497070312,1
97,107.59494018554688,291.1398010253906,109.18743896484375,308.73248291015625,142.1900177001953,training,1.2152104377746582,1
98,108.22824096679688,80.99678039550781,107.15986633300781,91.70338439941406,214.68115234375,heldout,0.9159556031227112,1
99,108.47087860107422,202.65866088867188,106.85687255859375,214.59561157226562,190.52821350097656,training,2.456836700439453,1
100,108.62297821044922,322.5179748535156,110.01187896728516,341.5911865234375,124.01209259033203,training,1.5475883483886719,1
101,108.99934387207031,156.93917846679688,107.21835327148438,166.6630096435547,124.33020782470703,heldout,2.8757998943328857,1
102,109.62828826904297,263.4922180175781,111.14224243164062,278.97039794921875,125.92855072021484,training,0.7848844528198242,1
103,109.8128890991211,96.95480346679688,107.93006896972656,106.87635040283203,192.953369140625,heldout,0.9949723482131958,1
104,111.3633041381836,125.98957824707031,109.5522689819336,135.47557067871094,196.34153747558594,heldout,2.083261489868164,1
105,111.47467803955078,338.288818359375,112.02135467529297,356.9568786621094,150.80783081054688,training,1.18070387840271,1
106,111.74579620361328,308.355224609375,113.71456909179688,326.91204833984375,101.74969482421875,training,1.6785250902175903,1
107,111.84136962890625,203.26885986328125,111.37875366210938,214.9947052001953,145.93833923339844,training,2.0531930923461914,1
108,111.88133239746094,62.768699645996094,110.25052642822266,74.35957336425781,168.15469360351562,heldout,2.4296727180480957,1
109,112.3237533569336,266.2133483886719,113.1497573852539,282.5622253417969,106.03301239013672,training,0.650913417339325,1
110,113.4753189086914,129.44985961914062,112.09735107421875,138.9275665283203,160.573974609375,heldout,1.9949932098388672,1
111,113.83535766601562,312.0933837890625,115.87289428710938,330.0354309082031,192.10153198242188,training,1.087085485458374,1
112,114.06717681884766,289.122802734375,115.83305358886719,306.10125732421875,141.9612579345703,training,0.9062277674674988,1
113,114.32714080810547,209.94903564453125,114.00875091552734,222.38304138183594,122.03688049316406,training,1.5541625022888184,1
114,114.36699676513672,71.62759399414062,113.14864349365234,82.44827270507812,188.93914794921875,heldout,1.3688828945159912,1
115,114.881591796875,143.36123657226562,112.93042755126953,152.9352569580078,162.60073852539062,heldout,2.6504921913146973,1
116,117.20478057861328,144.96942138671875,115.629150390625,154.5978546142578,143.67672729492188,heldout,2.457660436630249,1
117,117.58110809326172,66.73605346679688,116.06106567382812,78.07421875,103.19883728027344,heldout,2.0898289680480957,1
118,118.06153106689453,274.2779541015625,118.7552261352539,291.355712890625,140.67694091796875,training,1.1850898265838623,1
119,119.07647705078125,17.65802764892578,117.33405303955078,29.19927978515625,211.57740783691406,heldout,3.8491404056549072,1
120,119.44393920898438,244.78868103027344,119.63633728027344,259.8488464355469,146.28396606445312,training,0.4698558449745178,1
121,119.89286041259766,111.23946380615234,119.02041625976562,120.53887176513672,164.222412109375,heldout,1.3945282697677612,1
122,120.71040344238281,142.7376251220703,120.10562896728516,152.1122283935547,160.9005889892578,training,2.3242645263671875,1
123,121.58678436279297,195.94972229003906,121.47920989990234,207.4834442138672,198.4540252685547,training,1.874036431312561,1
124,121.84806060791016,227.23715209960938,122.49969482421875,240.80715942382812,176.1930694580078,training,0.8312545418739319,1
125,122.6044692993164,290.0278015136719,124.53168487548828,307.3471984863281,159.39573669433594,training,1.2104638814926147,1
126,122.6269302368164,130.49388122558594,120.21817779541016,141.58522033691406,200.44700622558594,training,1.9326293468475342,1
127,124.51476287841797,297.1679382324219,125.80403900146484,314.9512023925781,156.4097137451172,training,1.1753442287445068,1
128,124.51476287841797,297.1679382324219,125.80403900146484,314.9512023925781,172.75704956054688,training,1.1753442287445068,1
129,124.55206298828125,179.1818389892578,123.50503540039062,190.39663696289062,105.0,training,1.9426077604293823,1
130,125.70074462890625,308.0389404296875,128.1753692626953,324.73345947265625,135.18505859375,training,1.1391150951385498,1
131,126.41242980957031,100.63395690917969,124.97770690917969,111.47134399414062,130.6062774658203,training,0.8672719597816467,1
132,126.49906921386719,191.23045349121094,127.00641632080078,202.086669921875,187.0454559326172,training,2.3697075843811035,1
133,127.203125,316.86981201171875,129.1023712158203,334.68585205078125,121.36309051513672,training,0.7327682971954346,1
134,129.1842803955078,227.05421447753906,129.64366149902344,241.062255859375,172.25852966308594,training,0.3426385819911957,1
135,129.60427856445312,120.02922058105469,128.06887817382812,130.460693359375,103.16976165771484,training,1.1175390481948853,1
136,130.6210174560547,294.10333251953125,132.9414825439453,311.2573547363281,160.8446502685547,training,1.2518547773361206,1
137,131.1453857421875,130.1127471923828,129.75143432617188,140.73362731933594,211.43556213378906,training,1.1554572582244873,1
138,131.22894287109375,303.0707092285156,133.21783447265625,320.5136413574219,149.10398864746094,training,0.92662113904953,1
139,131.30751037597656,242.53770446777344,131.26953125,258.099365234375,154.95159912109375,training,1.086791753768921,1
140,131.59588623046875,214.47084045410156,131.0179901123047,228.87879943847656,194.93331909179688,training,1.1554195880889893,1
141,131.70220947265625,295.1676330566406,133.36181640625,312.5002136230469,186.73777770996094,training,0.9120814800262451,1
142,132.61346435546875,236.90574645996094,132.88217163085938,252.3374481201172,131.32022094726562,training,0.9178619384765625,1
143,133.83047485351562,184.68521118164062,133.7429656982422,196.5290985107422,228.79466247558594,training,1.1333755254745483,1
144,134.05880737304688,246.67770385742188,135.65921020507812,262.0173034667969,180.68203735351562,training,0.8810207843780518,1
145,134.14767456054688,107.9305648803711,131.7275390625,118.51300048828125,87.51571655273438,training,1.82382071018219,1
146,135.14601135253906,160.03663635253906,135.18450927734375,170.96778869628906,127.3930892944336,training,1.2185025215148926,1
147,135.74331665039062,271.3179626464844,137.36782836914062,287.9300231933594,155.93267822265625,training,1.0512423515319824,1
148,137.13282775878906,304.9273986816406,138.56112670898438,323.0794372558594,193.5897674560547,training,1.378670334815979,1
149,139.13226318359375,274.54168701171875,140.82330322265625,291.0076904296875,128.2692413330078,training,0.8628564476966858,1
150,139.34109497070312,244.5222930908203,140.439697265625,259.9750061035156,180.38015747070312,training,0.6747726202011108,1
151,140.43777465820312,124.49444580078125,139.47251892089844,135.28822326660156,164.64202880859375,training,0.6262787580490112,1
152,140.7847137451172,227.02972412109375,143.03013610839844,241.2854766845703,175.41094970703125,training,1.5566413402557373,1
153,142.98641967773438,246.60630798339844,144.00698852539062,262.556884765625,201.0174102783203,training,1.089365005493164,1
154,143.01708984375,260.8541259765625,143.52381896972656,278.1173400878906,132.0605926513672,training,2.0172085762023926,1
155,144.3282470703125,171.54220581054688,143.86062622070312,183.1353302001953,156.73544311523438,training,1.063032865524292,1
156,145.16258239746094,126.57613372802734,144.01016235351562,137.48033142089844,184.4586639404297,training,0.8632614016532898,1
157,146.15968322753906,235.7084503173828,147.4951171875,250.8599395751953,190.66725158691406,training,0.8256990313529968,1
158,146.51634216308594,227.77911376953125,147.4268341064453,242.39149475097656,113.83760070800781,training,0.40332749485969543,1
159,147.02513122558594,121.52552795410156,145.7103729248047,133.25582885742188,179.0139617919922,training,1.333247184753418,1
160,148.1433563232422,229.8422088623047,149.52330017089844,244.62240600585938,129.43338012695312,training,0.7613660097122192,1
161,148.53729248046875,131.43360900878906,148.23788452148438,142.45242309570312,154.61888122558594,training,0.15066710114479065,1
162,150.4644012451172,211.01097106933594,151.12937927246094,225.162109375,225.68783569335938,training,0.4760398864746094,1
163,150.8592071533203,129.93565368652344,150.66598510742188,141.4307861328125,200.04249572753906,training,0.4177263081073761,1
164,151.09060668945312,270.0959167480469,152.92005920410156,286.3426513671875,114.99565124511719,training,0.9042108654975891,1
165,151.44021606445312,103.19854736328125,151.34954833984375,115.11808776855469,127.22028350830078,training,1.744154930114746,1
166,151.68331909179688,297.5826110839844,153.31495666503906,314.0666809082031,164.5113983154297,training,0.11677727848291397,1
167,156.11097717285156,242.37344360351562,158.10406494140625,258.04339599609375,167.49925231933594,training,1.4261322021484375,1
168,156.7792510986328,115.63269805908203,157.6222686767578,127.13101959228516,152.2399444580078,training,1.4574198722839355,1
169,157.85345458984375,159.8599090576172,157.8653106689453,172.1826171875,166.04818725585938,training,0.3711787462234497,1
170,158.04795837402344,255.18984985351562,159.83575439453125,271.604736328125,141.2267608642578,training,1.5127192735671997,1
171,159.45091247558594,290.7782287597656,161.1051025390625,307.1590270996094,187.3179168701172,training,0.24160116910934448,1
172,159.45091247558594,290.7782287597656,161.1051025390625,307.1590270996094,173.46180725097656,training,0.24160116910934448,1
173,159.9717254638672,263.9226989746094,161.14962768554688,280.5378112792969,214.70677185058594,training,1.3094892501831055,1
174,160.0921630859375,259.65234375,162.64053344726562,275.52801513671875,144.54757690429688,training,1.5034973621368408,1
175,160.6804656982422,268.089599609375,162.37379455566406,284.32861328125,137.229736328125,training,0.8876060247421265,1
176,161.80938720703125,204.14744567871094,162.58541870117188,218.2406463623047,165.39044189453125,training,0.7195147275924683,1
177,162.9363250732422,53.348663330078125,163.4846954345703,64.56877899169922,236.2414093017578,training,3.0256290435791016,1
178,163.17529296875,229.51393127441406,164.4807586669922,245.03504943847656,145.50257873535156,training,1.384345531463623,1
179,163.17529296875,229.51393127441406,164.4807586669922,245.03504943847656,160.5583953857422,training,1.384345531463623,1
180,163.89553833007812,244.05885314941406,165.15521240234375,260.26190185546875,100.88111877441406,training,1.565164566040039,1
182,164.34046936035156,164.26913452148438,163.7051239013672,177.01275634765625,194.3682098388672,training,1.131679892539978,1
183,164.60133361816406,248.01016235351562,165.89100646972656,264.49530029296875,201.10195922851562,training,1.7230658531188965,1
184,164.63438415527344,71.5452880859375,163.64939880371094,83.94364929199219,221.3662109375,training,3.298647880554199,1
185,165.31883239746094,192.08444213867188,165.4654541015625,205.6455841064453,193.31838989257812,training,0.732408881187439,1
186,165.5211639404297,253.55081176757812,166.86212158203125,269.6487731933594,192.74853515625,training,1.1656684875488281,1
187,165.94895935058594,75.3377456665039,165.5259552001953,87.18863677978516,172.6064910888672,training,2.6289029121398926,1
188,166.68682861328125,166.9908905029297,167.49754333496094,179.52293395996094,173.3435821533203,training,0.6016079187393188,1
189,167.98439025878906,137.54209899902344,167.90757751464844,149.71701049804688,85.2818832397461,training,0.9759274125099182,1
190,169.52354431152344,98.23587036132812,169.65541076660156,110.0483627319336,182.15927124023438,training,1.9320285320281982,1
191,171.50491333007812,52.5801887512207,171.30853271484375,64.66951751708984,168.79869079589844,training,3.673973321914673,1
192,172.1050262451172,183.01370239257812,172.8315887451172,196.29066467285156,160.2310791015625,training,0.6624251008033752,1
193,172.18804931640625,249.322265625,173.98912048339844,265.3191833496094,147.67193603515625,training,1.3593568801879883,1
194,173.7788848876953,199.0514678955078,174.7955780029297,212.91046142578125,136.919677734375,training,0.7716385126113892,1
195,174.50608825683594,94.96034240722656,174.2950439453125,107.24534606933594,229.57569885253906,training,2.487271308898926,1
196,175.0335235595703,80.75743103027344,175.02273559570312,92.29867553710938,143.96180725097656,training,2.244828224182129,1
197,175.36163330078125,113.10087585449219,175.89581298828125,124.66731262207031,169.48745727539062,training,1.3611022233963013,1
198,175.44232177734375,262.3665771484375,177.25535583496094,278.3070068359375,222.7240447998047,training,0.8844447731971741,1
199,175.65882873535156,99.35792541503906,175.69439697265625,111.41120910644531,145.15853881835938,training,2.140841007232666,1
200,175.84349060058594,209.26486206054688,176.69993591308594,223.87173461914062,161.89503479003906,training,1.1546508073806763,1
201,176.73106384277344,136.09432983398438,176.29849243164062,148.22991943359375,210.78187561035156,training,1.1736351251602173,1
202,177.5380096435547,143.28245544433594,177.91957092285156,156.1007537841797,154.567138671875,training,1.5008643865585327,1
203,178.24871826171875,151.8837890625,178.5270538330078,164.6589813232422,144.0555419921875,training,1.1770281791687012,1
204,178.53704833984375,166.1367950439453,178.81739807128906,179.39654541015625,141.1949005126953,training,1.2187504768371582,1
205,178.92369079589844,139.64840698242188,179.72059631347656,152.1226806640625,186.47787475585938,training,1.4123210906982422,1
206,180.1503143310547,170.60023498535156,180.49652099609375,183.8670654296875,190.64364624023438,training,1.0944112539291382,1
207,182.37060546875,117.34662628173828,182.43209838867188,129.79566955566406,137.6953125,training,1.9854933023452759,1
208,182.6847686767578,80.79743957519531,182.7679901123047,92.9356918334961,188.9867706298828,training,2.883713722229004,1
209,182.7240753173828,97.59349822998047,182.80215454101562,109.59477996826172,240.7779083251953,training,2.190272808074951,1
210,185.44390869140625,227.591796875,187.4508819580078,243.19334411621094,182.86880493164062,training,1.8375869989395142,1
211,185.67568969726562,188.5178680419922,186.76470947265625,202.24224853515625,163.8535919189453,training,1.0567461252212524,1
212,186.0771026611328,45.66739273071289,185.43751525878906,57.7451057434082,186.3088836669922,training,3.93389630317688,1
213,186.92355346679688,61.32701873779297,186.47193908691406,73.82212829589844,196.76382446289062,training,3.8557381629943848,1
214,187.32386779785156,174.4894561767578,188.653076171875,187.57989501953125,210.6276397705078,training,1.0862911939620972,1
215,189.0401153564453,78.35287475585938,189.07044982910156,90.68364715576172,141.58743286132812,training,3.1809306144714355,1
216,189.05941772460938,31.86362075805664,188.45079040527344,43.31294631958008,156.58543395996094,training,3.7726407051086426,1
217,191.303466796875,83.72669982910156,191.913330078125,95.72433471679688,216.66563415527344,training,2.8079707622528076,1
218,192.28640747070312,262.0720520019531,193.9484100341797,277.44598388671875,157.81951904296875,training,0.3507542312145233,1
219,192.50563049316406,245.57447814941406,194.95729064941406,260.57659912109375,185.88975524902344,training,1.156699538230896,1
220,192.89212036132812,256.6166076660156,195.25543212890625,271.5380554199219,203.31256103515625,training,0.841329038143158,1
221,193.26129150390625,102.91144561767578,193.78944396972656,115.00031280517578,184.76742553710938,training,2.233842611312866,1
222,193.39404296875,98.70932006835938,194.0540008544922,110.57660675048828,229.88693237304688,training,2.2034106254577637,1
223,193.5129852294922,179.9257354736328,194.9099884033203,193.0401153564453,182.42259216308594,training,0.9705600738525391,1
224,193.5836639404297,162.65200805664062,193.3178253173828,175.8174285888672,215.28817749023438,training,1.5653713941574097,1
225,194.40142822265625,88.93851470947266,194.60467529296875,101.16349029541016,208.5425567626953,training,2.7762508392333984,1
226,196.054931640625,143.4178009033203,196.58074951171875,155.8434295654297,229.33163452148438,training,1.2234939336776733,1
227,196.054931640625,143.4178009033203,196.58074951171875,155.8434295654297,215.9722137451172,training,1.2234939336776733,1
228,200.59619140625,106.28894805908203,200.64755249023438,118.55128479003906,149.22467041015625,training,2.272867441177368,1
229,201.00770568847656,143.4252166748047,201.58291625976562,155.9573516845703,222.14410400390625,training,1.3618847131729126,1
230,202.03500366210938,173.18995666503906,202.9646453857422,186.1601104736328,178.4376678466797,training,0.8635743856430054,1
231,203.93370056152344,109.78958892822266,204.54586791992188,121.91850280761719,217.2809295654297,training,2.1046290397644043,1
232,206.34193420410156,26.422494888305664,206.02120971679688,36.606483459472656,179.56614685058594,training,2.8158085346221924,1
233,211.12921142578125,127.38583374023438,211.4107666015625,139.51608276367188,217.70162963867188,training,1.5386883020401,1
234,211.13607788085938,110.13574981689453,212.3538055419922,121.87322235107422,165.54757690429688,training,1.971439242362976,1
235,212.10670471191406,145.50782775878906,213.7265167236328,158.03712463378906,186.56634521484375,training,1.710324764251709,1
236,213.08853149414062,156.34490966796875,213.970458984375,168.94659423828125,152.86923217773438,training,1.1064016819000244,1
237,213.1722412109375,222.46775817871094,215.71249389648438,237.21905517578125,147.59742736816406,training,1.6141170263290405,1
238,214.34365844726562,149.51182556152344,215.6123504638672,161.5796661376953,216.58255004882812,training,1.0017611980438232,1
239,218.36305236816406,22.9831485748291,218.165771484375,32.54527282714844,195.7268524169922,training,2.39443302154541,1
240,218.36305236816406,22.9831485748291,218.165771484375,32.54527282714844,183.02731323242188,training,2.39443302154541,1
241,219.22933959960938,26.917844772338867,218.76841735839844,37.10281753540039,166.7812957763672,training,2.863186836242676,1
242,219.400146484375,197.38958740234375,222.72454833984375,211.08639526367188,120.61094665527344,training,2.3230414390563965,1
243,220.35104370117188,164.9762725830078,221.49725341796875,177.4803466796875,160.2123565673828,training,0.8156216144561768,1
244,220.4386749267578,30.1263370513916,220.301513671875,40.550601959228516,199.73983764648438,training,3.0295679569244385,1
245,220.91915893554688,20.11585807800293,220.52322387695312,29.464941024780273,170.6223907470703,training,2.2649788856506348,1
246,225.9053955078125,183.8946533203125,226.8694305419922,197.02133178710938,199.95999145507812,training,0.8339918255805969,1
247,226.26089477539062,42.61626434326172,226.0320587158203,53.304832458496094,173.27146911621094,training,2.9106738567352295,1
248,226.89901733398438,30.73605728149414,227.71347045898438,40.794403076171875,174.2153778076172,training,2.9448132514953613,1
249,227.2150421142578,233.6005401611328,229.16387939453125,247.8386688232422,173.99713134765625,training,0.4654201567173004,1
250,227.48782348632812,36.44989013671875,226.85028076171875,46.542274475097656,198.4540252685547,training,2.531968355178833,1
251,228.2333221435547,115.61351776123047,229.79344177246094,128.03611755371094,222.5174102783203,training,2.5739104747772217,1
252,229.7738494873047,251.84877014160156,232.13223266601562,266.1602478027344,193.9871063232422,training,0.5263160467147827,1
253,230.39724731445312,248.68931579589844,232.12872314453125,262.6859130859375,168.49925231933594,training,0.36829280853271484,1
254,233.77847290039062,160.80072021484375,234.9960479736328,172.8984375,175.0999755859375,training,0.6367802619934082,1
255,234.82614135742188,164.6545867919922,236.2321014404297,176.79403686523438,153.25794982910156,training,0.6433656215667725,1
256,234.82614135742188,164.6545867919922,236.2321014404297,176.79403686523438,165.97288513183594,training,0.6433656215667725,1
257,234.89337158203125,156.4296875,236.1424560546875,168.3516387939453,192.73297119140625,training,0.6408699154853821,1
258,234.97828674316406,117.73624420166016,235.65565490722656,129.19140625,207.51626586914062,training,1.3354719877243042,1
259,236.73741149902344,42.64039611816406,236.6817626953125,52.79381561279297,170.26744079589844,training,2.4482107162475586,1
260,237.49110412597656,94.94670867919922,237.6645050048828,106.6174545288086,238.3925323486328,training,2.2947707176208496,1
261,237.9813690185547,106.96129608154297,238.96746826171875,118.70326232910156,182.62803649902344,training,2.050074815750122,1
262,241.27833557128906,79.24202728271484,241.93226623535156,90.18270874023438,188.35073852539062,training,2.1361703872680664,1
263,245.0746307373047,229.17918395996094,246.59442138671875,242.1525115966797,147.935791015625,heldout,0.7051279544830322,1
264,245.41714477539062,169.79977416992188,246.20579528808594,181.87030029296875,251.08963012695312,training,0.5158056020736694,1
265,246.07003784179688,201.69256591796875,247.21673583984375,214.15362548828125,192.686279296875,heldout,0.45636776089668274,1
266,247.15554809570312,174.5873260498047,248.81866455078125,186.25706481933594,158.66632080078125,training,0.4678719937801361,1
267,247.4476318359375,220.56895446777344,248.94888305664062,233.333740234375,167.20944213867188,heldout,0.6114035844802856,1
268,254.09413146972656,73.30628204345703,254.6486358642578,83.43122100830078,209.0263214111328,training,1.5729225873947144,1
269,254.6693115234375,237.7309112548828,256.9042053222656,249.94400024414062,247.04251098632812,heldout,1.6495039463043213,1
270,254.69020080566406,252.19894409179688,256.7455749511719,264.635009765625,218.64353942871094,heldout,1.8680198192596436,1
271,255.38624572753906,259.8765869140625,257.24053955078125,272.5209655761719,160.60198974609375,heldout,1.9308135509490967,1
272,258.32696533203125,278.3722839355469,259.83294677734375,290.9126281738281,200.5193328857422,heldout,2.7330920696258545,1
273,261.2117919921875,167.45953369140625,262.5589294433594,178.57949829101562,175.00570678710938,training,0.42744433879852295,1
274,265.4891662597656,198.74465942382812,266.5498046875,210.03195190429688,172.78309631347656,training,1.3763221502304077,1
275,266.42938232421875,77.9742660522461,268.5229797363281,86.4991683959961,203.44041442871094,training,1.6514052152633667,1
276,269.0696716308594,169.5637969970703,270.45465087890625,180.21087646484375,209.58291625976562,training,0.9142541885375977,1
277,269.5182189941406,40.714569091796875,269.5420227050781,49.40599822998047,198.88438415527344,training,1.2624629735946655,1
278,269.5561218261719,90.0094223022461,269.4866027832031,99.69452667236328,209.3298797607422,training,0.9523047208786011,1
279,269.99560546875,287.89990234375,272.0245666503906,300.0656433105469,172.86122131347656,heldout,3.236159563064575,1
280,269.99560546875,287.89990234375,272.0245666503906,300.0656433105469,165.96084594726562,heldout,3.236159563064575,1
281,271.2159423828125,294.7648010253906,273.4599609375,307.0531005859375,168.70091247558594,heldout,3.30234432220459,1
282,271.8832092285156,291.30072021484375,273.93701171875,303.43731689453125,144.44375610351562,heldout,3.3649396896362305,1
283,272.512451171875,246.86758422851562,274.0049743652344,258.8054504394531,124.63948059082031,heldout,2.2061734199523926,1
284,273.34088134765625,183.03591918945312,275.0167236328125,193.52035522460938,185.38339233398438,training,1.4819118976593018,1
285,274.3629455566406,258.49761962890625,276.7314758300781,270.28271484375,240.49740600585938,heldout,2.5891244411468506,1
286,275.7020568847656,237.89810180664062,277.4399108886719,249.64117431640625,159.59010314941406,heldout,2.0115177631378174,1
287,278.3510437011719,139.5390167236328,279.2147216796875,149.31744384765625,217.736083984375,training,0.829940915107727,1
288,278.9676818847656,206.73077392578125,280.67657470703125,217.5270233154297,206.2740936279297,heldout,1.8983339071273804,1
289,280.00274658203125,141.969970703125,280.7002258300781,151.9187469482422,222.2296142578125,training,0.8515805602073669,1
290,282.2052917480469,98.42400360107422,283.1142578125,107.45963287353516,165.67437744140625,training,0.18392063677310944,1
291,282.2052917480469,98.42400360107422,283.1142578125,107.45963287353516,142.67796325683594,training,0.18392063677310944,1
292,282.37158203125,164.18617248535156,284.4725036621094,174.3126678466797,214.5600128173828,training,1.3220447301864624,1
293,284.2482604980469,171.91217041015625,285.1177673339844,182.57601928710938,178.6700897216797,training,1.1312965154647827,1
294,284.2482604980469,171.91217041015625,285.1177673339844,182.57601928710938,140.49911499023438,training,1.1312965154647827,1
295,284.4573059082031,278.4252624511719,286.57464599609375,290.4996643066406,142.4921112060547,heldout,2.926405668258667,1
296,284.5511474609375,100.82582092285156,285.0401306152344,110.04535675048828,188.43832397460938,training,0.3787233531475067,1
297,285.2150573730469,112.28739166259766,287.4549560546875,121.27346801757812,186.99197387695312,training,1.400993824005127,1
298,286.09619140625,284.03704833984375,288.3479919433594,295.8423767089844,89.63258361816406,heldout,3.3474700450897217,1
299,286.4042663574219,292.0070495605469,288.5428466796875,304.1107177734375,143.09437561035156,heldout,3.338909149169922,1
300,289.9677429199219,204.10641479492188,291.8829650878906,214.59719848632812,165.53549194335938,heldout,2.038600444793701,1
301,290.6993103027344,268.49847412109375,293.17755126953125,280.5413818359375,114.67344665527344,heldout,2.5485708713531494,1
302,293.0592041015625,242.1240997314453,295.00714111328125,253.1822967529297,215.99305725097656,heldout,2.7053844928741455,1
303,294.0732116699219,75.15949249267578,295.12957763671875,83.17041015625,147.38046264648438,training,0.5063965916633606,1
304,294.3340148925781,94.52161407470703,294.22711181640625,103.51737976074219,215.02557373046875,training,1.0082594156265259,1
305,295.4903564453125,223.7230987548828,297.6380310058594,234.3233642578125,126.68464660644531,heldout,2.521265745162964,1
306,296.6877136230469,99.67606353759766,297.92425537109375,108.00308990478516,160.81666564941406,training,0.8520048260688782,1
307,297.3327331542969,295.20135498046875,299.3206787109375,307.43072509765625,118.43141174316406,heldout,3.3216991424560547,1
308,297.3607177734375,159.2125701904297,298.8236083984375,169.1922607421875,202.17318725585938,training,1.0698376893997192,1
309,297.51373291015625,177.17433166503906,299.67877197265625,187.19818115234375,133.0112762451172,training,1.6375664472579956,1
310,297.53619384765625,265.7560119628906,299.50921630859375,277.4183349609375,134.52137756347656,heldout,2.8804931640625,1
311,297.53619384765625,265.7560119628906,299.50921630859375,277.4183349609375,144.88961791992188,heldout,2.8804931640625,1
312,298.00286865234375,258.344970703125,300.0782470703125,270.0176086425781,150.20985412597656,heldout,2.596611261367798,1
313,298.3889465332031,64.63370513916016,299.57562255859375,72.71070861816406,127.94139099121094,training,0.5546800494194031,1
314,298.468505859375,128.60000610351562,299.46502685546875,138.31954956054688,186.78598022460938,training,0.4463355243206024,1
315,299.4153747558594,270.4665832519531,301.67889404296875,282.0248107910156,139.14381408691406,heldout,3.072445869445801,1
316,300.78997802734375,183.12655639648438,302.5043029785156,193.69088745117188,214.6345672607422,training,1.2306796312332153,1
317,301.1021728515625,223.3607635498047,302.7586364746094,234.245361328125,171.34759521484375,heldout,2.2764742374420166,1
318,301.7015686035156,294.3402404785156,303.9320068359375,306.3554382324219,221.51072692871094,heldout,3.41852068901062,1
319,302.04595947265625,77.5030746459961,302.3800354003906,85.72578430175781,208.45623779296875,training,0.5016364455223083,1
320,302.04595947265625,77.5030746459961,302.3800354003906,85.72578430175781,183.6708984375,training,0.5016364455223083,1
321,302.3938293457031,180.1082763671875,304.2777099609375,189.91363525390625,171.6042022705078,training,1.8719427585601807,1
322,304.468017578125,229.37930297851562,306.5467529296875,240.08209228515625,136.68942260742188,heldout,2.557227849960327,1
324,306.79791259765625,127.70523071289062,307.9209289550781,137.25616455078125,118.83181762695312,training,0.4852776527404785,1
325,307.8326110839844,34.80583572387695,308.4987487792969,42.336647033691406,201.7027587890625,training,0.5936935544013977,1
326,307.8497619628906,131.25230407714844,308.8485107421875,141.19410705566406,116.09478759765625,training,0.4381076693534851,1
328,309.05621337890625,28.261566162109375,309.4632263183594,35.58860778808594,239.7185821533203,training,0.5586928129196167,1
329,309.06671142578125,38.197288513183594,310.1645202636719,45.67222213745117,160.42755126953125,training,0.7334058880805969,1
330,309.06671142578125,38.197288513183594,310.1645202636719,45.67222213745117,124.7156753540039,training,0.7334058880805969,1
331,309.4525146484375,106.73707580566406,309.9657287597656,115.71809387207031,131.82943725585938,training,0.7317819595336914,1
332,309.7987060546875,183.8275146484375,311.26361083984375,194.0502471923828,174.23260498046875,training,1.6071569919586182,1
333,310.35894775390625,31.423433303833008,311.2882385253906,38.9107551574707,158.35403442382812,training,0.8072087168693542,1
335,310.54412841796875,88.4766845703125,311.7839660644531,96.55301666259766,146.42404174804688,training,0.6552498936653137,1
337,312.0480651855469,91.86976623535156,312.9181213378906,100.39797973632812,126.49900817871094,training,0.3180635869503021,1
338,312.0653991699219,58.460472106933594,312.5740661621094,66.15325164794922,177.2314910888672,training,0.2059725970029831,1
339,312.5300598144531,307.09637451171875,315.0677490234375,319.10693359375,148.73802185058594,heldout,3.7379002571105957,1
340,314.060302734375,191.27342224121094,315.8165588378906,201.8778076171875,215.46925354003906,training,1.3943430185317993,1
341,314.0688171386719,98.78522491455078,315.3499450683594,107.52356719970703,203.3101043701172,training,0.2895708680152893,1
342,314.836181640625,332.24029541015625,317.4662170410156,345.40814208984375,157.15914916992188,heldout,3.423949956893921,1
343,314.9564208984375,120.5992431640625,316.0739440917969,130.04034423828125,193.4941864013672,training,0.35958483815193176,1
344,315.33062744140625,81.51770782470703,315.4312744140625,89.96705627441406,147.5771026611328,training,0.8823157548904419,1
345,315.3369445800781,104.50272369384766,316.5250549316406,113.35052490234375,196.34918212890625,training,0.32315173745155334,1
346,315.82843017578125,269.0135498046875,317.9898376464844,280.5755615234375,140.13922119140625,heldout,2.968867540359497,1
347,317.40252685546875,32.485164642333984,318.67626953125,39.4296989440918,180.86183166503906,training,0.7778708934783936,1
348,317.7195739746094,271.9125671386719,320.07843017578125,283.4241027832031,160.909912109375,heldout,3.0631723403930664,1
349,317.7195739746094,271.9125671386719,320.07843017578125,283.4241027832031,147.07821655273438,heldout,3.0631723403930664,1
350,318.1788635253906,36.42898178100586,320.5303955078125,42.83594512939453,187.27786254882812,training,1.8874872922897339,1
351,318.53326416015625,185.45323181152344,320.50634765625,195.5285186767578,141.65098571777344,training,1.6692099571228027,1
352,318.65093994140625,324.5246887207031,321.512451171875,336.9942626953125,129.1046142578125,heldout,3.7802894115448,1
353,319.2262878417969,210.3146209716797,320.6242370605469,221.00270080566406,188.9629669189453,heldout,2.0721378326416016,1
354,319.3092956542969,310.9110107421875,322.46356201171875,323.2589111328125,178.30592346191406,heldout,3.4132747650146484,1
355,319.35504150390625,88.07892608642578,320.2911682128906,96.48068237304688,116.94015502929688,training,0.2650984823703766,1
356,319.9423522949219,92.69601440429688,321.3416442871094,101.14295196533203,181.5186004638672,training,0.4042857587337494,1
357,320.0732727050781,144.69113159179688,322.0250549316406,154.45726013183594,167.63650512695312,training,0.7135746479034424,1
358,320.1582946777344,199.05130004882812,322.1487731933594,209.2762908935547,177.17222595214844,training,1.9562709331512451,1
359,320.1612548828125,243.06690979003906,322.3633117675781,253.98583984375,146.95578002929688,heldout,2.700500249862671,1
361,321.46563720703125,263.5625915527344,324.0145568847656,275.0180969238281,122.87799072265625,heldout,2.791269540786743,1
362,322.0789489746094,222.025634765625,323.9169616699219,232.85812377929688,198.3834686279297,heldout,2.1575610637664795,1
363,322.0973815917969,103.86473846435547,323.35174560546875,113.0615463256836,122.62136840820312,training,0.09635739028453827,1
364,322.4773254394531,317.0503845214844,325.8819885253906,329.13861083984375,126.86212921142578,heldout,3.8420817852020264,1
365,322.5950927734375,40.9920654296875,323.97845458984375,48.49317932128906,183.74166870117188,training,0.8491235375404358,1
366,323.1602783203125,274.0025329589844,325.3148498535156,285.7326354980469,148.23292541503906,heldout,2.9505629539489746,1
367,323.1643981933594,127.18497467041016,324.5661315917969,136.839599609375,142.74452209472656,training,0.2290860265493393,1
369,323.9979248046875,261.7248840332031,326.85711669921875,272.7794494628906,125.33953857421875,heldout,3.0935933589935303,1
370,324.0448913574219,43.377628326416016,325.1230773925781,51.19400405883789,159.19798278808594,training,0.7723187804222107,1
372,325.11846923828125,30.64735221862793,326.853271484375,37.721927642822266,178.68408203125,training,1.2200570106506348,1
373,325.35565185546875,276.22088623046875,328.0064392089844,287.6512451171875,220.79176330566406,heldout,3.2013978958129883,1
374,326.4607238769531,234.7743377685547,328.79718017578125,245.71469116210938,131.992431640625,heldout,2.3509674072265625,1
375,326.8065185546875,74.53863525390625,328.048828125,82.60372924804688,187.80841064453125,training,0.22439171373844147,1
376,326.882568359375,144.66220092773438,328.27325439453125,154.59527587890625,151.27789306640625,training,0.5712677240371704,1
377,327.4156494140625,266.6844482421875,329.5093688964844,278.4382019042969,192.62399291992188,heldout,2.6884424686431885,1
378,327.6137390136719,318.3522644042969,330.4625549316406,330.6595153808594,199.45675659179688,heldout,3.694185495376587,1
379,328.6542053222656,222.1813201904297,330.698486328125,232.80020141601562,190.92144775390625,heldout,2.290030002593994,1
380,328.96124267578125,149.4974822998047,330.83984375,159.31170654296875,155.53456115722656,training,0.7084450125694275,1
381,329.0786437988281,244.19308471679688,331.3337707519531,255.30303955078125,161.69725036621094,heldout,2.500188112258911,1
382,329.2399597167969,177.35826110839844,330.9338684082031,187.48387145996094,124.55119323730469,training,1.3496696949005127,1
383,329.54541015625,327.8745422363281,333.1186218261719,340.6842041015625,124.711669921875,heldout,3.420696973800659,1
385,330.9457702636719,202.92486572265625,333.0185241699219,212.82052612304688,111.78550720214844,heldout,2.343510866165161,1
386,331.2455749511719,179.9021453857422,332.7839660644531,190.18716430664062,104.82366180419922,training,1.3427882194519043,1
387,331.2733154296875,139.2246551513672,332.4898681640625,149.35494995117188,198.20191955566406,training,0.522302508354187,1
388,331.95660400390625,155.99803161621094,333.10211181640625,166.0207977294922,180.62115478515625,training,1.0311474800109863,1
389,331.95660400390625,155.99803161621094,333.10211181640625,166.0207977294922,122.37238311767578,training,1.0311474800109863,1
390,331.9709777832031,183.20960998535156,333.70458984375,193.40989685058594,152.0854949951172,training,1.4545438289642334,1
391,332.8393249511719,185.99441528320312,334.9491882324219,195.98367309570312,125.66622161865234,training,1.6784712076187134,1
392,332.952880859375,93.00616455078125,333.5791320800781,102.53071594238281,212.7439727783203,training,1.0650925636291504,1
393,333.2377624511719,210.49183654785156,335.3004455566406,220.9981689453125,179.75816345214844,heldout,1.984807014465332,1
394,333.8624572753906,233.0681915283203,336.3673095703125,243.6558380126953,134.3874969482422,heldout,2.5859053134918213,1
395,334.2688293457031,190.88587951660156,335.31512451171875,201.09068298339844,157.53729248046875,training,2.0350637435913086,1
396,334.8157043457031,338.5219421386719,337.38714599609375,351.69287109375,162.3699493408203,heldout,3.586785078048706,1
397,336.1162414550781,145.0335235595703,337.6020202636719,154.79319763183594,168.25575256347656,training,0.6741394400596619,1
398,336.3489685058594,195.49972534179688,338.1777648925781,205.65126037597656,177.7413787841797,training,1.8713864088058472,1
399,336.3489685058594,195.49972534179688,338.1777648925781,205.65126037597656,145.8115234375,training,1.8713864088058472,1
400,336.8389892578125,356.1517639160156,339.6688232421875,369.5771179199219,193.0751190185547,heldout,3.8485584259033203,1
401,337.12298583984375,140.54502868652344,339.04095458984375,149.9961395263672,154.86769104003906,training,0.7359393239021301,1
402,337.2469787597656,89.9438705444336,338.4559631347656,98.90231323242188,157.4484100341797,training,0.4095958173274994,1
403,337.5309143066406,107.68704986572266,339.3100280761719,116.85678100585938,185.02972412109375,training,0.3047507405281067,1
406,338.87139892578125,334.8856201171875,341.95233154296875,347.81591796875,168.03570556640625,heldout,3.53947377204895,1
407,339.857177734375,39.07338333129883,341.2977294921875,46.566226959228516,216.2660369873047,training,0.866310179233551,1
408,340.1323547363281,164.34107971191406,341.64508056640625,174.34878540039062,172.80914306640625,training,1.077864408493042,1
409,340.1385803222656,260.340576171875,342.86199951171875,271.7984313964844,141.8590850830078,heldout,2.561476230621338,1
410,341.3529357910156,101.10091400146484,341.9680480957031,110.44718170166016,208.77259826660156,training,0.952091634273529,1
411,341.38037109375,318.7891540527344,344.1517333984375,331.703369140625,145.37881469726562,heldout,3.082364559173584,1
412,341.6643371582031,104.9234848022461,343.17059326171875,114.27808380126953,157.11460876464844,training,0.3468898832798004,1
413,342.18408203125,158.85694885253906,343.5088806152344,168.48907470703125,190.01052856445312,training,1.3171610832214355,1
414,342.206787109375,99.3604507446289,343.6601257324219,108.2293930053711,151.29441833496094,training,0.044658761471509933,1
415,342.4083557128906,87.4926528930664,343.7716979980469,96.28166198730469,130.0692138671875,training,0.34685325622558594,1
416,343.3858337402344,317.0588684082031,347.37164306640625,330.42205810546875,193.90977478027344,heldout,2.446756362915039,1
417,343.52691650390625,134.22933959960938,344.9405822753906,144.02809143066406,160.7078094482422,training,0.4198119044303894,1
419,344.03436279296875,92.4098892211914,345.6142272949219,101.2506103515625,118.71394348144531,training,0.314668744802475,1
420,344.05224609375,64.55577087402344,346.0559387207031,72.58696746826172,227.0176239013672,training,0.9602198600769043,1
421,344.8277282714844,287.3428039550781,348.1868591308594,299.4542236328125,123.9798355102539,heldout,2.718468189239502,1
422,344.8277282714844,287.3428039550781,348.1868591308594,299.4542236328125,116.92304992675781,heldout,2.718468189239502,1
423,345.17193603515625,147.2559356689453,346.4820251464844,156.74063110351562,137.74977111816406,training,1.0753978490829468,1
424,345.23638916015625,251.10755920410156,347.9168701171875,262.3387451171875,127.06297302246094,heldout,2.4595236778259277,1
425,345.6064453125,200.55274963378906,347.374755859375,210.96856689453125,96.3431396484375,heldout,1.7904763221740723,1
426,345.7064208984375,162.96963500976562,347.6253356933594,172.4938507080078,145.8800811767578,training,1.3325368165969849,1
427,345.8083801269531,228.8197021484375,347.8996887207031,239.68646240234375,163.01840209960938,heldout,2.20029878616333,1
428,346.4967041015625,134.330810546875,347.9147644042969,144.0995330810547,113.33578491210938,training,0.44976168870925903,1
429,346.54180908203125,204.9259033203125,348.63812255859375,215.06976318359375,178.08985900878906,heldout,2.0881941318511963,1
430,346.54180908203125,204.9259033203125,348.63812255859375,215.06976318359375,93.4130630493164,heldout,2.0881941318511963,1
431,347.75799560546875,184.45896911621094,349.511962890625,194.59136962890625,154.87091064453125,training,1.5130635499954224,1
432,347.8271179199219,159.53440856933594,349.4476013183594,169.0691375732422,126.52667999267578,training,1.2804290056228638,1
433,347.8552551269531,256.89923095703125,350.306884765625,268.5758361816406,149.16433715820312,heldout,2.2565808296203613,1
434,347.878662109375,303.4632568359375,351.11517333984375,316.015625,111.97321319580078,heldout,2.795677900314331,1
435,348.3176574707031,168.9685516357422,350.4833068847656,178.97988891601562,204.5336151123047,training,1.0049914121627808,1
436,348.3403015136719,35.727806091308594,349.8031921386719,43.164642333984375,170.9327392578125,training,0.9216625690460205,1
437,348.3403015136719,35.727806091308594,349.8031921386719,43.164642333984375,198.03282165527344,training,0.9216625690460205,1
438,348.65057373046875,139.58389282226562,349.8614807128906,148.92062377929688,138.57489013671875,training,1.0200307369232178,1
439,348.8985595703125,306.1807861328125,352.50390625,318.784912109375,155.1612091064453,heldout,2.8019039630889893,1
440,348.8988952636719,114.90469360351562,350.27801513671875,123.95939636230469,113.83321380615234,training,0.3660830557346344,1
441,348.9765625,321.4714050292969,352.01519775390625,334.8309020996094,206.513916015625,heldout,2.6431357860565186,1
442,349.1659851074219,162.38893127441406,351.3902893066406,171.5135498046875,175.92044067382812,training,1.6754217147827148,1
443,349.1676940917969,284.54180908203125,352.420654296875,296.83880615234375,121.71688842773438,heldout,2.4191176891326904,1
444,349.1846008300781,53.71040344238281,351.05084228515625,61.66155242919922,141.51678466796875,training,1.0378845930099487,1
445,349.2858581542969,223.38726806640625,351.3994445800781,234.1063995361328,145.1723175048828,heldout,2.139906883239746,1
446,349.9288635253906,228.3272247314453,352.2221374511719,239.12867736816406,121.04957580566406,heldout,2.1740562915802,1
447,351.23883056640625,144.96995544433594,353.0928039550781,153.8574981689453,119.68291473388672,training,1.3473820686340332,1
448,351.6958312988281,278.3261413574219,354.5426025390625,290.7041320800781,117.0213623046875,heldout,2.1810214519500732,1
449,351.7121887207031,273.2552185058594,354.2109680175781,285.4222717285156,213.3424530029297,heldout,2.31569242477417,1
450,351.7760314941406,262.3349304199219,354.3961486816406,274.1982116699219,126.09123992919922,heldout,2.199125051498413,1
451,351.8203430175781,177.10899353027344,353.8188781738281,186.7958221435547,147.61436462402344,training,1.601432204246521,1
452,352.1108093261719,268.4651184082031,355.08868408203125,280.27874755859375,116.86744689941406,heldout,2.381422996520996,1
453,352.1453552246094,199.76890563964844,354.49481201171875,209.85836791992188,149.72975158691406,training,1.899551272392273,1
454,352.1453552246094,199.76890563964844,354.49481201171875,209.85836791992188,107.37783813476562,training,1.899551272392273,1
455,352.68316650390625,280.94879150390625,355.980712890625,293.15447998046875,121.59358215332031,heldout,2.369493007659912,1
456,353.98687744140625,191.30711364746094,355.9112548828125,201.51492309570312,170.22926330566406,training,1.5936459302902222,1
457,354.4429016113281,214.05926513671875,356.156494140625,225.0208282470703,114.39405822753906,heldout,1.7824057340621948,1
458,354.71307373046875,59.16035461425781,356.4993896484375,67.03609466552734,152.81033325195312,training,0.7571899890899658,1
459,355.09521484375,309.71185302734375,358.6653137207031,322.49334716796875,155.7498016357422,heldout,2.700955629348755,1
460,355.61376953125,40.1882438659668,356.926025390625,47.72886276245117,204.44314575195312,training,0.777480959892273,1
461,356.00738525390625,65.94632720947266,357.49517822265625,74.1170883178711,187.62728881835938,training,0.5642251372337341,1
462,357.3778381347656,225.91424560546875,359.8468017578125,236.57757568359375,230.70111083984375,heldout,2.1572625637054443,1
463,358.5946960449219,251.3040008544922,361.6944274902344,262.4868469238281,187.79510498046875,heldout,2.401898145675659,1
464,358.8263244628906,307.6091613769531,362.7262878417969,320.55859375,158.77027893066406,heldout,2.441310167312622,1
465,358.8459167480469,220.25291442871094,361.35711669921875,230.82418823242188,195.13841247558594,heldout,2.0444469451904297,1
466,358.9483642578125,262.8087463378906,362.0228576660156,274.3746032714844,194.08245849609375,heldout,2.3934595584869385,1
467,359.0264892578125,99.39131927490234,360.3064270019531,108.92687225341797,192.80560302734375,training,0.8850539326667786,1
468,359.3092956542969,128.17723083496094,360.966064453125,137.0739288330078,198.43386840820312,training,0.7811040878295898,1
469,359.6122131347656,268.0339050292969,362.12884521484375,280.3524169921875,242.17555236816406,heldout,1.9768171310424805,1
470,359.7730407714844,378.4972839355469,363.6458740234375,392.5659484863281,202.42776489257812,heldout,3.6322219371795654,1
471,360.1829528808594,107.16800689697266,362.1457824707031,116.36573791503906,136.31214904785156,training,0.35353991389274597,1
472,360.39276123046875,343.9638977050781,364.14788818359375,357.9256591796875,176.36892700195312,training,2.605302572250366,1
473,360.9229736328125,309.8447265625,364.4460754394531,323.04449462890625,139.2838897705078,training,2.2591352462768555,1
474,361.06304931640625,109.18733978271484,362.672119140625,117.9930648803711,155.26107788085938,training,0.24416056275367737,1
475,361.2723693847656,133.0071258544922,363.4594421386719,141.56838989257812,192.65513610839844,training,1.2334017753601074,1
476,362.3051452636719,206.9954833984375,364.9190979003906,217.3121337890625,186.55026245117188,training,1.8283389806747437,1
477,362.680908203125,69.55418395996094,364.6080322265625,77.53497314453125,151.0959930419922,training,0.6322979927062988,1
478,363.4847412109375,125.4443588256836,365.0393981933594,134.2540740966797,203.13787841796875,training,0.8012447953224182,1
479,363.4847412109375,125.4443588256836,365.0393981933594,134.2540740966797,202.7116241455078,training,0.8012447953224182,1
480,364.2872619628906,162.5486297607422,365.76165771484375,172.27911376953125,197.1370086669922,training,1.284584641456604,1
481,364.9497375488281,268.20086669921875,367.87939453125,280.47467041015625,158.8238067626953,training,1.8697412014007568,1
482,365.01141357421875,92.51374053955078,367.0621643066406,101.52676391601562,186.63868713378906,training,0.7149801254272461,1
483,365.072998046875,212.85423278808594,367.3609924316406,223.33078002929688,184.89456176757812,training,1.9130982160568237,1
484,365.5778503417969,140.33998107910156,367.8216247558594,149.2017822265625,158.75137329101562,training,1.1308985948562622,1
485,365.59149169921875,173.97438049316406,367.7226867675781,183.8729705810547,139.502685546875,training,1.2032749652862549,1
486,365.5965576171875,185.19927978515625,367.9965515136719,195.0762939453125,121.77848815917969,training,1.551183819770813,1
487,366.3809509277344,66.91423797607422,368.4591979980469,75.03244018554688,146.0,training,0.8745611310005188,1
488,366.9367980957031,188.67723083496094,369.4085693359375,198.57908630371094,154.98709106445312,training,1.6264151334762573,1
489,366.9367980957031,188.67723083496094,369.4085693359375,198.57908630371094,131.24786376953125,training,1.6264151334762573,1
490,367.9175720214844,202.40406799316406,370.2718505859375,212.90557861328125,195.2767333984375,training,1.5093586444854736,1
491,367.95880126953125,195.2816162109375,370.9442443847656,205.2171173095703,181.10218811035156,training,1.816606879234314,1
492,368.46405029296875,176.00425720214844,370.15130615234375,186.20303344726562,129.57237243652344,training,1.214296817779541,1
493,370.65704345703125,174.0391845703125,372.9525146484375,183.35935974121094,148.1688232421875,training,1.7205451726913452,1
494,370.9969787597656,52.88230895996094,372.49462890625,60.79955291748047,157.06686401367188,training,0.8072596788406372,1
495,371.045166015625,178.38284301757812,373.0724792480469,188.54725646972656,133.53651428222656,training,1.1268541812896729,1
496,371.1924133300781,299.92169189453125,374.5836181640625,313.1528015136719,197.62843322753906,training,1.8694555759429932,1
497,371.5854187011719,251.93963623046875,373.7034912109375,263.92193603515625,207.91343688964844,training,1.9399467706680298,1
498,372.1134033203125,129.89439392089844,373.91162109375,138.42457580566406,223.29800415039062,training,1.1063307523727417,1
499,372.9833068847656,97.48682403564453,374.9914855957031,106.31969451904297,127.14165496826172,training,0.3844124972820282,1
500,373.02178955078125,244.42117309570312,376.0428771972656,256.4400939941406,119.94998931884766,training,1.2678565979003906,1
501,373.2480773925781,330.58203125,377.13385009765625,344.91082763671875,167.03892517089844,training,1.7137727737426758,1
502,373.47747802734375,362.14306640625,377.6756591796875,376.7565002441406,231.294189453125,training,2.4348337650299072,1
503,374.0577087402344,310.03704833984375,377.8968505859375,323.6124572753906,184.6537322998047,training,1.7888448238372803,1
504,374.53607177734375,193.89476013183594,377.10302734375,204.14732360839844,134.3056182861328,training,1.397234559059143,1
505,374.85064697265625,137.3868865966797,377.250732421875,145.87063598632812,167.12869262695312,training,1.3640896081924438,1
506,375.4148864746094,255.79913330078125,378.5976257324219,268.25445556640625,175.0142822265625,training,1.1777193546295166,1
507,375.66143798828125,55.89134979248047,377.31024169921875,63.552268981933594,180.11940002441406,training,0.546883761882782,1
508,376.5296325683594,104.44635772705078,378.43719482421875,113.4563980102539,129.98077392578125,training,0.25722751021385193,1
509,377.085693359375,154.67529296875,378.27581787109375,163.90359497070312,180.40232849121094,training,1.6343967914581299,1
510,377.66204833984375,301.17596435546875,380.9878845214844,315.0352783203125,181.5543975830078,training,1.3131805658340454,1
511,378.27923583984375,99.84657287597656,380.3108825683594,108.56953430175781,121.15279388427734,training,0.2489001750946045,1
512,380.0001525878906,93.10604858398438,382.06243896484375,101.5316390991211,257.47039794921875,training,0.30391740798950195,1
513,380.435791015625,278.9853515625,384.04193115234375,291.7450256347656,137.92027282714844,training,1.566988229751587,1
514,382.5091857910156,317.5949401855469,386.4872741699219,332.4456787109375,159.27334594726562,training,0.7059551477432251,1
515,382.84375,184.43177795410156,385.590087890625,193.7699737548828,109.1650161743164,training,1.9427367448806763,1
516,383.1725769042969,64.64354705810547,384.9114990234375,72.48567199707031,112.71646118164062,training,0.46425655484199524,1
517,383.5823974609375,346.50537109375,387.8910827636719,361.2971496582031,175.36532592773438,training,1.677415132522583,1
518,384.01519775390625,216.50120544433594,386.78497314453125,227.78231811523438,171.5255126953125,training,1.0617091655731201,1
519,384.1216125488281,78.79859924316406,385.9808349609375,86.72010040283203,186.0591278076172,training,0.20359599590301514,1
520,384.39306640625,69.2396011352539,386.1385803222656,77.1971206665039,101.25215911865234,training,0.41833311319351196,1
521,384.4945373535156,75.1622085571289,386.2862548828125,83.15971374511719,146.67991638183594,training,0.2821195423603058,1
522,384.6250305175781,298.2198181152344,388.35302734375,312.2499084472656,141.23739624023438,training,0.9021260738372803,1
523,384.8351135253906,219.332275390625,387.34503173828125,230.6518096923828,161.04347229003906,training,1.2207585573196411,1
524,385.21112060546875,190.69277954101562,387.9683532714844,200.7211151123047,102.65962982177734,training,1.4384665489196777,1
525,385.969482421875,301.6138610839844,390.26165771484375,315.5973205566406,138.94602966308594,training,1.0822439193725586,1
526,386.0060729980469,80.70035552978516,388.24566650390625,88.9597396850586,234.10467529296875,training,0.6309404373168945,1
527,386.2914123535156,42.63573455810547,388.02130126953125,49.79896545410156,156.4480743408203,training,0.6132055521011353,1
528,386.373291015625,199.7954864501953,389.31787109375,210.4215850830078,172.49058532714844,training,1.1236075162887573,1
529,386.45672607421875,238.95957946777344,389.902587890625,250.97314453125,165.8101348876953,training,0.9973577857017517,1
530,386.4946594238281,97.04131317138672,388.4795837402344,105.82599639892578,146.22584533691406,training,0.34695467352867126,1
531,386.5801086425781,124.3445816040039,388.4502868652344,133.30308532714844,175.0171356201172,training,0.4662109315395355,1
532,386.77301025390625,206.2127227783203,389.63134765625,217.00338745117188,191.8749542236328,training,1.1691514253616333,1
533,387.7611999511719,241.83251953125,391.3446044921875,253.56106567382812,205.56021118164062,training,1.375461459159851,1
534,389.06060791015625,221.6428680419922,392.59442138671875,232.32313537597656,184.1032257080078,training,1.788082480430603,1
535,389.21044921875,137.20166015625,390.50640869140625,146.14736938476562,177.57815551757812,training,1.2781620025634766,1
536,389.3522033691406,77.60559844970703,391.0702819824219,85.44156646728516,148.31723022460938,training,0.02722867578268051,1
537,389.4304504394531,34.7227668762207,391.3038024902344,41.16790771484375,197.27139282226562,training,0.6123126149177551,1
538,389.7255859375,269.1984558105469,393.07452392578125,282.3188781738281,115.49891662597656,training,0.8880725502967834,1
539,390.2153625488281,141.30165100097656,392.7392883300781,149.7767791748047,204.02940368652344,training,1.3849365711212158,1
540,390.4565124511719,47.359222412109375,392.2137145996094,54.36514663696289,198.0429229736328,training,0.393003910779953,1
541,391.4806823730469,195.44410705566406,394.0021667480469,206.11915588378906,124.18132019042969,training,0.988648533821106,1
542,391.57647705078125,72.48482513427734,394.06781005859375,79.7316665649414,120.55703735351562,training,0.909574568271637,1
543,391.8251953125,151.8389892578125,393.89007568359375,160.51400756835938,153.59036254882812,training,1.5598759651184082,1
544,392.6923828125,157.60325622558594,394.9316711425781,166.39476013183594,116.54183959960938,training,1.595724105834961,1
545,393.5282897949219,98.08486938476562,396.16693115234375,106.38996124267578,178.8267364501953,training,0.700626015663147,1
546,393.9769592285156,136.39747619628906,396.0387268066406,145.48248291015625,169.02662658691406,training,0.6501970291137695,1
547,394.9393005371094,158.08746337890625,397.44720458984375,166.8943634033203,122.1187973022461,training,1.5514649152755737,1
548,395.56500244140625,289.7873229980469,399.8054504394531,303.77801513671875,188.8253173828125,training,0.6548913717269897,1
549,396.1548156738281,329.6746826171875,400.62811279296875,345.1022033691406,145.70518493652344,training,0.4343646764755249,1
550,396.2035827636719,243.74754333496094,399.18011474609375,256.77447509765625,149.6729736328125,training,0.4990212023258209,1
551,396.7891845703125,353.2066650390625,401.92095947265625,368.2091064453125,220.69888305664062,training,1.678350567817688,1
552,396.818115234375,251.81317138671875,399.9751281738281,264.835693359375,105.0047607421875,training,0.5169877409934998,1
553,397.6229553222656,105.96138763427734,399.536865234375,114.39019775390625,154.48300170898438,training,0.28914695978164673,1
554,397.9663391113281,123.65579986572266,400.27728271484375,132.17361450195312,138.89564514160156,training,0.7177759408950806,1
555,398.3710632324219,74.26017761230469,399.7821044921875,82.15116882324219,225.9889373779297,training,0.4225972294807434,1
556,398.7882995605469,183.39894104003906,401.3706359863281,193.33465576171875,77.98076629638672,training,1.2421358823776245,1
557,398.7882995605469,183.39894104003906,401.3706359863281,193.33465576171875,76.66159057617188,training,1.2421358823776245,1
558,400.0802001953125,47.407779693603516,402.3995666503906,54.1680908203125,158.0791015625,training,0.819699764251709,1
559,400.4581604003906,187.89266967773438,403.24444580078125,198.1324005126953,81.4616470336914,training,1.0466184616088867,1
560,401.6871337890625,70.7796630859375,404.091064453125,78.08023071289062,122.77214813232422,training,0.6829310655593872,1
561,401.8898010253906,62.513710021972656,404.1453857421875,69.63890838623047,147.6651611328125,training,0.5955652594566345,1
562,402.4053649902344,228.05987548828125,405.76373291015625,240.24049377441406,170.2997283935547,training,0.367856502532959,1
563,404.1177978515625,149.67251586914062,406.58953857421875,158.2789306640625,132.6536865234375,training,1.4244962930679321,1
564,404.1664123535156,299.2880859375,408.1651611328125,314.3301086425781,104.97142791748047,training,0.25566935539245605,1
565,404.796875,353.0087585449219,409.1148986816406,369.1691589355469,190.36280822753906,training,0.5191965103149414,1
566,405.08660888671875,77.0101089477539,407.25714111328125,84.63204193115234,167.20944213867188,training,0.32400381565093994,1
567,405.7858581542969,130.5048370361328,407.89227294921875,139.26071166992188,191.67160034179688,training,0.712813675403595,1
568,405.8404846191406,189.65097045898438,408.4010925292969,199.9709930419922,165.40858459472656,training,1.0760759115219116,1
569,406.7926330566406,144.48988342285156,409.2935791015625,152.90420532226562,131.2897491455078,training,1.4293521642684937,1
570,406.7926330566406,144.48988342285156,409.2935791015625,152.90420532226562,170.3555145263672,training,1.4293521642684937,1
571,406.93505859375,83.150146484375,408.9956970214844,91.13106536865234,177.98876953125,training,0.1623937040567398,1
572,406.9367980957031,347.4145812988281,411.61395263671875,363.4146728515625,151.43975830078125,training,0.34247830510139465,1
573,407.4837646484375,273.8972473144531,410.82916259765625,288.1415710449219,175.67584228515625,training,0.609205961227417,1
574,408.10595703125,367.7467041015625,413.1012878417969,384.02423095703125,141.97886657714844,training,0.7189903855323792,1
575,408.10595703125,367.7467041015625,413.1012878417969,384.02423095703125,125.46712493896484,training,0.7189903855323792,1
576,408.89947509765625,360.8807678222656,413.9346008300781,377.17236328125,180.92539978027344,training,0.5229185223579407,1
577,410.1206359863281,283.56341552734375,414.29681396484375,297.636962890625,108.46658325195312,training,0.2537124752998352,1
578,410.79815673828125,352.63037109375,415.0379333496094,369.2185363769531,207.11590576171875,training,0.5072168111801147,1
579,411.2787780761719,132.18179321289062,413.70709228515625,140.942138671875,202.1880340576172,training,0.6602000594139099,1
580,411.6250915527344,239.75743103027344,415.29156494140625,252.86203002929688,147.8884735107422,training,0.25539374351501465,1
581,412.02880859375,207.1375732421875,415.1658630371094,218.55703735351562,133.1990966796875,training,0.4127461314201355,1
582,412.0794372558594,365.85107421875,417.1142272949219,382.4858093261719,113.36225128173828,training,0.30250534415245056,1
583,412.1876220703125,100.11817169189453,413.9669494628906,108.38200378417969,153.34275817871094,training,0.4029574394226074,1
584,412.26947021484375,150.85267639160156,413.32171630859375,160.6294708251953,188.51260375976562,training,1.6483455896377563,1
585,412.3458557128906,172.0353240966797,415.2194519042969,181.3443145751953,119.52823638916016,training,1.3789657354354858,1
586,412.3458557128906,172.0353240966797,415.2194519042969,181.3443145751953,63.9609260559082,training,1.3789657354354858,1
587,412.69390869140625,103.9497299194336,414.93280029296875,112.0539321899414,116.5160903930664,training,0.4016355574131012,1
588,412.71258544921875,230.62445068359375,416.61041259765625,243.35891723632812,104.34078979492188,training,0.42848801612854004,1
589,412.71258544921875,230.62445068359375,416.61041259765625,243.35891723632812,125.22779083251953,training,0.42848801612854004,1
590,412.74139404296875,368.5389099121094,418.2968444824219,385.0239562988281,158.81436157226562,training,0.8058595061302185,1
591,412.84320068359375,257.1720275878906,416.83050537109375,270.8529968261719,156.46405029296875,training,0.34085485339164734,1
592,412.9348449707031,214.08489990234375,416.0111389160156,226.06884765625,225.41073608398438,training,0.2663458585739136,1
593,413.3975524902344,193.04920959472656,416.9158935546875,203.43887329101562,115.88787841796875,training,1.0401628017425537,1
594,413.4477844238281,244.02578735351562,417.8558349609375,257.0475158691406,130.1575927734375,training,0.7584050297737122,1
595,413.8944396972656,278.3150939941406,418.0329895019531,292.5327453613281,194.67408752441406,training,0.18991754949092865,1
596,414.03106689453125,326.9051818847656,419.275634765625,342.9884948730469,211.70970153808594,training,0.8636096715927124,1
597,414.05206298828125,212.41067504882812,417.8436584472656,223.5023193359375,121.51954650878906,training,0.9905170202255249,1
598,415.0273132324219,155.7292938232422,417.3809509277344,164.51248168945312,123.51518249511719,training,1.4242552518844604,1
599,415.3822021484375,63.44858932495117,417.4881896972656,70.6023178100586,156.86936950683594,training,0.28761202096939087,1
600,415.4448547363281,173.84149169921875,418.3559875488281,183.439208984375,114.25410461425781,training,1.1279376745224,1
601,415.5882873535156,135.8909149169922,418.1508483886719,144.4758758544922,154.7158660888672,training,0.9234797358512878,1
602,415.8619689941406,202.20791625976562,419.0379943847656,213.44198608398438,104.19213104248047,training,0.4028860926628113,1
603,416.0791015625,69.32675170898438,418.13055419921875,76.68341064453125,178.21615600585938,training,0.16434842348098755,1
604,417.0340881347656,138.6990203857422,419.9317932128906,147.24717712402344,192.67848205566406,training,1.0801187753677368,1
605,417.77398681640625,211.72390747070312,421.3650817871094,223.1822967529297,233.95298767089844,training,0.5170002579689026,1
606,418.2225036621094,194.89532470703125,421.4195556640625,205.9165496826172,145.5609893798828,training,0.3595595061779022,1
607,418.9004821777344,310.7113037109375,423.5780334472656,325.8988342285156,108.73822021484375,training,0.30573683977127075,1
608,419.8366394042969,168.0123291015625,422.2564697265625,177.3824920654297,201.09202575683594,training,1.2508623600006104,1
609,420.03924560546875,175.397705078125,422.97296142578125,185.06146240234375,133.6226043701172,training,1.0835047960281372,1
610,420.1464538574219,345.8097229003906,425.26995849609375,362.43658447265625,175.36817932128906,training,0.5584297180175781,1
611,421.1219482421875,241.19265747070312,425.5551452636719,254.36000061035156,93.4130630493164,training,0.8012783527374268,1
612,421.40185546875,151.00706481933594,423.3586730957031,159.8159942626953,147.80731201171875,training,1.409636378288269,1
613,421.7054138183594,133.53530883789062,424.467529296875,142.20339965820312,190.895263671875,training,0.7414838671684265,1
614,421.9825744628906,76.8326187133789,424.2195129394531,84.02142333984375,161.95986938476562,training,0.4398915767669678,1
615,424.1783447265625,123.91767883300781,426.3798522949219,132.8712615966797,134.14544677734375,training,0.34771350026130676,1
616,424.91094970703125,327.74798583984375,429.8307800292969,343.616455078125,193.89688110351562,training,0.4044123589992523,1
617,425.1556396484375,82.81221771240234,426.98089599609375,90.44019317626953,96.65402221679688,training,0.3159937262535095,1
618,425.2209167480469,244.728515625,429.1573791503906,258.55029296875,112.20071411132812,training,0.905385434627533,1
619,425.2209167480469,244.728515625,429.1573791503906,258.55029296875,118.359619140625,training,0.905385434627533,1
620,425.5994873046875,341.763427734375,430.9343566894531,358.05126953125,226.58773803710938,training,0.6132818460464478,1
621,425.9156799316406,209.1997528076172,429.0255126953125,220.85986328125,167.29315185546875,training,0.33653441071510315,1
622,426.38861083984375,86.2718276977539,428.6275329589844,93.9205551147461,135.8970184326172,training,0.21132834255695343,1
623,426.54608154296875,111.9885025024414,429.0097961425781,120.09722137451172,214.492431640625,training,0.5622157454490662,1
624,427.03863525390625,144.62278747558594,429.3465576171875,153.60594177246094,169.5818328857422,training,0.8636478781700134,1
625,427.0643005371094,227.36598205566406,431.0812072753906,240.06936645507812,160.54283142089844,training,0.5242596864700317,1
626,428.55255126953125,286.56744384765625,432.7186584472656,301.3572998046875,142.32357788085938,training,0.5466684699058533,1
627,428.6783142089844,230.41964721679688,433.1812438964844,243.44924926757812,143.53744506835938,training,1.017882227897644,1
628,428.9144592285156,187.0518798828125,431.8626708984375,197.37850952148438,175.98011779785156,training,0.7824656963348389,1
629,429.3244323730469,149.1763916015625,432.3775634765625,157.87973022460938,150.76803588867188,training,1.1588478088378906,1
630,429.4248962402344,251.54153442382812,433.08837890625,265.8353271484375,100.23971557617188,training,1.1949726343154907,1
631,429.476318359375,219.47117614746094,432.908203125,232.10340881347656,108.36511993408203,training,0.5547921657562256,1
632,429.6820983886719,162.42007446289062,431.92327880859375,171.85299682617188,221.8017120361328,training,1.1127088069915771,1
633,430.50634765625,44.02565383911133,431.9958801269531,49.996131896972656,169.79104614257812,training,0.5733185410499573,1
634,430.6293029785156,72.62480163574219,432.7611389160156,79.33289337158203,164.74221801757812,training,0.6768146753311157,1
635,430.6627502441406,274.51531982421875,435.29705810546875,289.1851806640625,225.7520751953125,training,0.9595215916633606,1
636,430.7365417480469,223.5068817138672,434.9271545410156,235.96438598632812,209.44212341308594,training,0.6231301426887512,1
637,431.6514587402344,266.10528564453125,435.8884582519531,280.984130859375,146.376220703125,training,1.3180879354476929,1
638,432.13909912109375,167.84463500976562,434.8324279785156,177.12506103515625,193.27183532714844,training,1.1992698907852173,1
639,432.4547119140625,244.8856658935547,436.9208679199219,258.5865783691406,119.29375457763672,training,1.0184526443481445,1
640,432.7073669433594,254.35177612304688,436.9551086425781,269.13629150390625,165.372314453125,training,1.6226674318313599,1
641,435.1326599121094,138.12252807617188,437.9463806152344,147.0389862060547,161.409423828125,training,0.5342036485671997,1
642,435.21826171875,117.80974578857422,437.6234130859375,126.14900207519531,160.57086181640625,training,0.4917988181114197,1
643,435.6254577636719,132.6868896484375,437.8856201171875,141.8135223388672,125.14791107177734,training,0.49845337867736816,1
644,436.2607421875,120.74080657958984,439.1419982910156,128.75424194335938,164.69972229003906,training,0.9103742837905884,1
645,436.6468811035156,301.3578796386719,441.1490478515625,317.4912414550781,167.57386779785156,training,1.4654333591461182,1
646,437.5528869628906,213.3375244140625,441.19110107421875,225.14402770996094,206.7510528564453,training,0.06651262938976288,1
647,438.6220703125,218.38082885742188,443.1317138671875,230.43675231933594,122.67436218261719,training,0.8664801716804504,1
648,438.6585998535156,236.29733276367188,443.2767639160156,249.97340393066406,163.35238647460938,training,1.3579028844833374,1
649,439.6898498535156,142.0216827392578,442.42315673828125,151.45458984375,113.26517486572266,training,0.17957618832588196,1
650,440.6694030761719,304.73486328125,444.8636474609375,321.18145751953125,208.84683227539062,training,1.7340328693389893,1
651,440.7138366699219,82.66584777832031,443.43304443359375,89.56743621826172,192.2186279296875,training,0.8581458330154419,1
652,440.7212829589844,71.71515655517578,443.0435791015625,78.03816986083984,187.85899353027344,training,0.9757583737373352,1
653,441.14349365234375,102.81626892089844,443.89453125,110.43794250488281,192.392822265625,training,0.7084993720054626,1
654,441.1544189453125,149.5354461669922,444.08795166015625,158.4912567138672,176.16754150390625,training,0.8203389644622803,1
655,443.3824768066406,126.40087890625,446.1951904296875,134.75653076171875,125.66622161865234,training,0.6668615341186523,1
656,443.8398132324219,51.44245147705078,446.0549621582031,57.06938552856445,164.34414672851562,training,1.0145461559295654,1
657,444.16656494140625,178.87344360351562,447.4495544433594,188.65370178222656,184.13038635253906,training,0.9150118231773376,1
658,444.5860290527344,193.34991455078125,447.6904296875,203.80654907226562,137.08026123046875,training,0.7800131440162659,1
659,444.9466247558594,165.4912872314453,447.8893737792969,174.98385620117188,153.85707092285156,training,0.8011200428009033,1
660,444.9587097167969,79.057861328125,447.2879943847656,85.84223175048828,166.3670654296875,training,0.7100530862808228,1
661,444.9587097167969,79.057861328125,447.2879943847656,85.84223175048828,149.86326599121094,training,0.7100530862808228,1
662,445.0452575683594,275.9761657714844,450.132568359375,291.0113830566406,195.21014404296875,training,1.464873194694519,1
663,445.2624206542969,131.08624267578125,448.1276550292969,139.892822265625,98.3361587524414,training,0.35376954078674316,1
664,445.7496337890625,120.90790557861328,448.600341796875,129.3646240234375,152.2793426513672,training,0.3937917649745941,1
665,445.8089904785156,171.2801055908203,448.9029235839844,181.02581787109375,170.4582061767578,training,0.7097278237342834,1
666,445.9039611816406,181.0957489013672,448.8444519042969,191.14547729492188,225.36415100097656,training,0.8092424273490906,1
667,446.3327331542969,136.8911895751953,449.298828125,145.82933044433594,166.0331268310547,training,0.40530967712402344,1
668,446.53411865234375,145.42864990234375,449.181396484375,154.31263732910156,165.72265625,training,0.7965229749679565,1
669,446.8570251464844,141.90130615234375,449.2010192871094,151.1353759765625,118.07624816894531,training,0.6553487181663513,1
670,447.7457275390625,153.47349548339844,450.9798889160156,162.34059143066406,100.23971557617188,training,1.0036627054214478,1
671,447.9193420410156,176.05145263671875,450.6985168457031,185.86984252929688,164.83628845214844,training,0.9262796640396118,1
672,447.9193420410156,176.05145263671875,450.6985168457031,185.86984252929688,154.8483123779297,training,0.9262796640396118,1
673,448.9431457519531,315.89422607421875,454.1935729980469,331.3736267089844,204.24740600585938,training,0.65847247838974,1
674,449.4556884765625,263.944580078125,453.73822021484375,278.85693359375,154.4441680908203,training,1.5288242101669312,1
675,449.4556884765625,263.944580078125,453.73822021484375,278.85693359375,140.8651885986328,training,1.5288242101669312,1
676,449.6494140625,104.67494201660156,452.3038330078125,112.21392822265625,159.7967529296875,training,0.7457420825958252,1
677,449.8473815917969,88.62545013427734,452.47637939453125,95.94014739990234,130.85870361328125,training,0.49366170167922974,1
678,450.10223388671875,108.35462188720703,452.4395751953125,116.51602935791016,131.18307495117188,training,0.38006070256233215,1
679,450.46295166015625,124.03858184814453,452.9038391113281,132.79518127441406,182.53219604492188,training,0.3854561746120453,1
680,450.611083984375,49.82479476928711,452.76708984375,55.376609802246094,153.8668212890625,training,0.9740025997161865,1
681,450.61328125,185.8401336669922,454.0198059082031,196.10983276367188,126.54643249511719,training,0.6063700318336487,1
682,451.7619934082031,75.39653778076172,453.8987731933594,81.9786605834961,230.40615844726562,training,0.7692009806632996,1
683,451.7619934082031,75.39653778076172,453.8987731933594,81.9786605834961,160.80111694335938,training,0.7692009806632996,1
684,452.2215576171875,52.04753112792969,453.9613342285156,57.6968879699707,123.99596405029297,training,0.9905785918235779,1
685,452.25482177734375,54.65382766723633,454.9419250488281,60.16261672973633,179.15914916992188,training,1.291367530822754,1
686,452.607177734375,106.50897216796875,455.1448669433594,114.18830108642578,74.93330383300781,training,0.6504259705543518,1
687,453.9189453125,128.3868865966797,457.0224304199219,137.04547119140625,152.34828186035156,training,0.4193671643733978,1
688,455.3157958984375,140.17901611328125,458.4473876953125,149.24354553222656,115.93101501464844,training,0.33797818422317505,1
689,456.52276611328125,313.4697265625,461.21429443359375,329.42193603515625,214.916259765625,training,1.0341323614120483,1
690,457.02349853515625,183.94313049316406,460.2808532714844,194.18528747558594,175.0685577392578,training,0.5749977231025696,1
691,457.4794006347656,233.4469757080078,462.1123352050781,246.42825317382812,170.12936401367188,training,0.8962274193763733,1
692,459.3038330078125,97.46957397460938,461.87774658203125,105.02091217041016,110.3313217163086,training,0.43815022706985474,1
693,459.7505187988281,121.6183853149414,462.8918151855469,129.85926818847656,159.4615936279297,training,0.5837234258651733,1
694,459.7505187988281,121.6183853149414,462.8918151855469,129.85926818847656,207.84849548339844,training,0.5837234258651733,1
695,460.8179626464844,251.98391723632812,465.34991455078125,265.8426208496094,131.0534210205078,training,0.9845647811889648,1
696,460.8192138671875,248.31106567382812,464.8821105957031,262.0990905761719,136.4661102294922,training,0.9863990545272827,1
697,461.5390930175781,142.97488403320312,463.7606201171875,152.7513427734375,163.09812927246094,training,0.950933039188385,1
698,461.8476257324219,127.74153137207031,464.06396484375,136.78074645996094,118.86967468261719,training,0.7445064783096313,1
699,462.48297119140625,50.263267517089844,464.52801513671875,56.566062927246094,86.89649200439453,training,0.19443103671073914,1
700,462.6235656738281,220.69305419921875,467.0358581542969,232.6341094970703,199.77737426757812,training,0.4989302158355713,1
701,462.65191650390625,266.491455078125,468.4924621582031,280.8562316894531,197.11671447753906,training,1.7593224048614502,1
702,463.477783203125,224.84962463378906,467.4734802246094,237.32167053222656,152.00657653808594,training,0.4337427318096161,1
703,463.87664794921875,58.05707550048828,466.714599609375,64.0244369506836,92.41753387451172,training,0.9281486868858337,1
704,464.0029296875,276.5672302246094,469.3976135253906,290.9941711425781,122.17201232910156,training,1.1571228504180908,1
705,466.6237487792969,106.65279388427734,469.92645263671875,114.11611938476562,203.03201293945312,training,0.926228404045105,1
706,466.6237487792969,106.65279388427734,469.92645263671875,114.11611938476562,175.80955505371094,training,0.926228404045105,1
707,467.8999328613281,130.99363708496094,470.97479248046875,139.27369689941406,165.51132202148438,training,0.7242338061332703,1
708,468.1804504394531,58.84633255004883,470.3836975097656,65.21588134765625,114.0,training,0.3399251103401184,1
709,468.1814270019531,42.63454055786133,470.4176330566406,48.72328186035156,154.80955505371094,training,0.12181878834962845,1
710,468.352294921875,231.73696899414062,472.7216491699219,244.3995819091797,177.69918823242188,training,0.5192606449127197,1
711,468.44964599609375,214.72137451171875,471.8240661621094,226.4466552734375,140.93260192871094,training,0.5399230718612671,1
712,468.81134033203125,193.1828155517578,472.6371765136719,203.7956085205078,152.73834228515625,training,0.39868053793907166,1
713,469.16064453125,45.920406341552734,472.2777404785156,51.86079025268555,197.8307342529297,training,0.9833347797393799,1
714,469.4150085449219,267.3480529785156,474.8579406738281,281.0240173339844,212.6522979736328,training,1.0306715965270996,1
715,469.76507568359375,328.59893798828125,475.015869140625,344.61480712890625,114.28035736083984,training,0.7131630778312683,1
716,469.94287109375,208.13262939453125,473.8678894042969,219.8625946044922,172.98843383789062,training,0.27667635679244995,1
717,470.2378234863281,54.762611389160156,472.37457275390625,61.105438232421875,154.3826446533203,training,0.2565559446811676,1
718,470.7581481933594,196.0042266845703,474.4250793457031,206.97723388671875,113.85956573486328,training,0.12191949039697647,1
719,471.73858642578125,183.78602600097656,475.3362731933594,193.9535369873047,170.38192749023438,training,0.5026927590370178,1
720,471.9405517578125,174.22718811035156,474.8346862792969,183.9739532470703,220.60145568847656,training,0.887127161026001,1
721,472.0401306152344,234.36143493652344,475.7357177734375,247.27362060546875,136.9781036376953,training,0.7730904817581177,1
722,474.2925720214844,206.5049285888672,478.35894775390625,217.92066955566406,128.16004943847656,training,0.18175823986530304,1
723,474.6315612792969,241.81690979003906,479.6882019042969,254.5480194091797,88.92131042480469,training,0.8335474133491516,1
724,475.53082275390625,100.09483337402344,478.345703125,107.57689666748047,212.7345733642578,training,0.48141586780548096,1
725,476.10302734375,184.78233337402344,478.631103515625,196.12533569335938,190.85597229003906,training,1.336654543876648,1
726,476.3522644042969,144.3335723876953,479.4930725097656,153.7729034423828,168.17550659179688,training,0.14653579890727997,1
727,476.3775939941406,104.33799743652344,479.5906982421875,111.96327209472656,168.1725311279297,training,0.5848336219787598,1
728,476.5434265136719,106.99107360839844,479.15594482421875,115.05419921875,187.50466918945312,training,0.30191025137901306,1
729,476.79638671875,69.66001892089844,479.30718994140625,76.5600357055664,215.33694458007812,training,0.08024907112121582,1
730,476.8146057128906,279.1982116699219,481.80096435546875,293.588134765625,155.39627075195312,training,0.7715756297111511,1
731,476.9522399902344,177.53379821777344,480.63531494140625,187.67100524902344,148.63377380371094,training,0.3040146827697754,1
732,477.1192626953125,168.12020874023438,480.6277160644531,177.55081176757812,168.1279296875,training,0.7012510299682617,1
733,478.0860290527344,50.33001708984375,480.86602783203125,56.71017837524414,182.77308654785156,training,0.45353782176971436,1
734,478.6216125488281,172.48146057128906,481.9293212890625,182.38011169433594,140.33888244628906,training,0.4559571146965027,1
735,478.9330139160156,248.7538299560547,485.4108581542969,260.3338928222656,146.30447387695312,training,2.389371633529663,1
736,479.05316162109375,62.62387466430664,481.8755798339844,68.9969482421875,188.68492126464844,training,0.5134825706481934,1
737,479.6141052246094,175.35389709472656,483.458740234375,185.01177978515625,129.4642791748047,training,0.7235147953033447,1
738,480.45465087890625,162.00857543945312,483.6810302734375,171.26966857910156,170.44354248046875,training,0.7059565186500549,1
739,483.1108093261719,95.36869812011719,486.7654724121094,102.30274963378906,155.87815856933594,training,1.1613365411758423,1
740,483.4005126953125,125.4910888671875,487.0765075683594,133.7809600830078,199.8999786376953,training,0.6812318563461304,1
741,483.4814147949219,225.05848693847656,488.066162109375,237.0701904296875,130.85870361328125,training,0.4241969883441925,1
742,484.0525207519531,253.48069763183594,489.2418212890625,266.42694091796875,184.68080139160156,training,0.7312353849411011,1
743,484.12152099609375,236.876708984375,488.7650451660156,249.81561279296875,156.10252380371094,training,0.7366828918457031,1
745,486.5488586425781,54.57710647583008,488.9787292480469,61.14118194580078,207.56686401367188,training,0.1345595121383667,1
746,487.3058776855469,211.4228515625,491.7751159667969,222.90135192871094,215.22314453125,training,0.3986009657382965,1
747,487.8442077636719,105.21098327636719,490.8742980957031,112.8330078125,177.5049285888672,training,0.4254242777824402,1
748,488.16278076171875,46.5179443359375,491.2912292480469,52.67103958129883,193.77822875976562,training,0.737286388874054,1
749,488.3471374511719,227.0004425048828,492.15777587890625,239.59803771972656,156.26260375976562,training,0.7838852405548096,1
750,488.3512268066406,232.52658081054688,492.2894592285156,244.98150634765625,110.55315399169922,training,0.49195045232772827,1
751,489.42236328125,169.17982482910156,493.16656494140625,178.99342346191406,124.9239730834961,training,0.2828834652900696,1
752,489.45623779296875,246.12860107421875,494.2853088378906,259.0580749511719,119.19731903076172,training,0.5382936000823975,1
753,492.10626220703125,253.72206115722656,496.4246826171875,267.2574462890625,184.72412109375,training,0.7971863746643066,1
754,492.6216125488281,239.3861083984375,497.76556396484375,251.77566528320312,80.41765594482422,training,0.7357514500617981,1
755,492.828369140625,57.18630599975586,495.8497619628906,63.687355041503906,155.87173461914062,training,0.4739380478858948,1
756,493.1185607910156,182.5399169921875,496.8935546875,192.85769653320312,206.45822143554688,training,0.17978538572788239,1
757,493.58135986328125,257.4701843261719,498.88787841796875,270.7724304199219,154.16224670410156,training,0.8146242499351501,1
758,494.044189453125,71.9309310913086,496.7917175292969,78.62395477294922,103.9855728149414,training,0.2479180097579956,1
759,494.044189453125,71.9309310913086,496.7917175292969,78.62395477294922,189.90260314941406,training,0.2479180097579956,1
760,494.5909118652344,222.430908203125,499.61566162109375,233.7178192138672,155.60848999023438,training,0.8976396918296814,1
761,495.4450378417969,179.453857421875,499.0582275390625,189.70628356933594,166.0692596435547,training,0.24571329355239868,1
762,496.7989807128906,164.35862731933594,500.2327575683594,174.0218963623047,127.71452331542969,training,0.33324408531188965,1
763,496.8246765136719,84.86245727539062,499.53900146484375,91.60184478759766,150.15658569335938,training,0.6153502464294434,1
764,496.8479309082031,218.0503692626953,501.2239685058594,230.11801147460938,249.06826782226562,training,0.4881078898906708,1
765,498.56378173828125,158.41053771972656,502.58172607421875,167.62161254882812,142.79005432128906,training,0.5985057950019836,1
766,498.56378173828125,158.41053771972656,502.58172607421875,167.62161254882812,152.1512451171875,training,0.5985057950019836,1
767,498.5982971191406,66.29988861083984,501.7332763671875,72.51905822753906,183.59466552734375,training,0.6688265800476074,1
768,499.16363525390625,105.11009979248047,502.65289306640625,112.27049255371094,137.28073120117188,training,0.8939432501792908,1
769,499.16363525390625,105.11009979248047,502.65289306640625,112.27049255371094,150.48255920410156,training,0.8939432501792908,1
770,500.17535400390625,145.29600524902344,503.9160461425781,154.35421752929688,162.46231079101562,training,0.2862626910209656,1
771,500.1858215332031,205.12478637695312,504.37335205078125,216.6997833251953,103.12613677978516,training,0.41430288553237915,1
772,500.25299072265625,92.1586685180664,502.9024658203125,98.7794189453125,142.81106567382812,training,0.9823176860809326,1
773,500.7581481933594,267.7274169921875,505.10711669921875,281.5796813964844,136.7040557861328,training,0.8144955039024353,1
774,501.0337219238281,152.64161682128906,505.1536865234375,161.29110717773438,178.35357666015625,training,0.9720638394355774,1
775,501.0822448730469,233.82421875,505.46435546875,246.25779724121094,161.26995849609375,training,0.3617451786994934,1
776,503.9663391113281,221.20443725585938,508.2887878417969,233.20111083984375,97.28308868408203,training,0.34379515051841736,1
777,504.3609924316406,284.3708190917969,510.4307556152344,298.9563293457031,192.40322875976562,training,1.4106565713882446,1
778,505.0728454589844,100.06048583984375,508.1502990722656,106.89143371582031,178.70925903320312,training,0.9356940984725952,1
779,505.1955261230469,180.28973388671875,509.3456726074219,190.6928253173828,215.10926818847656,training,0.2251337617635727,1
780,506.6148986816406,131.5912322998047,510.5636291503906,140.0556182861328,159.7122344970703,training,0.5815393924713135,1
781,506.68121337890625,82.67678833007812,508.1251525878906,89.31698608398438,227.00660705566406,training,1.6071175336837769,1
782,507.82110595703125,85.92998504638672,510.47265625,92.45064544677734,167.65142822265625,training,0.8475877046585083,1
783,509.5908203125,218.48130798339844,513.9707641601562,230.39358520507812,114.93911743164062,training,0.38351136445999146,1
784,509.6060791015625,72.41738891601562,512.1340942382812,78.4701156616211,177.5274658203125,training,0.8702321648597717,1
785,509.939453125,65.18063354492188,512.8049926757812,71.35125732421875,226.43321228027344,training,0.44993075728416443,1
786,511.6656494140625,275.88714599609375,517.2849731445312,289.57684326171875,163.49923706054688,training,0.7214464545249939,1
787,511.7491455078125,87.32515716552734,514.9706420898438,93.60371398925781,225.8362274169922,training,1.0492008924484253,1
788,511.84112548828125,263.8746643066406,516.021240234375,277.7706298828125,174.48495483398438,training,1.1503087282180786,1
789,512.099609375,212.1342315673828,516.12890625,224.17689514160156,177.77232360839844,training,0.7938929200172424,1
790,512.152099609375,266.71630859375,517.4288940429688,280.1629333496094,181.27603149414062,training,0.547885537147522,1
791,512.5274658203125,243.03981018066406,517.3533325195312,255.97421264648438,137.0218963623047,training,0.6614232659339905,1
792,512.8103637695312,231.61900329589844,517.7172241210938,243.7826690673828,118.1524429321289,training,0.4365992844104767,1
793,512.9482421875,118.06263732910156,516.1382446289062,125.95919036865234,134.32423400878906,training,0.4360146224498749,1
794,514.427490234375,259.35052490234375,519.0359497070312,272.6509704589844,156.99363708496094,training,0.5461860299110413,1
795,514.4330444335938,180.01608276367188,518.5859985351562,190.4572296142578,140.62716674804688,training,0.21670332551002502,1
796,514.5416870117188,100.50048828125,517.4947509765625,107.48450469970703,137.63357543945312,training,0.7781244516372681,1
797,514.7998657226562,197.7071990966797,518.6419677734375,209.82199096679688,142.06687927246094,training,1.338136076927185,1
798,517.4223022460938,94.67078399658203,520.1945190429688,101.37924194335938,156.1537628173828,training,0.9020731449127197,1
799,519.1281127929688,97.97066497802734,522.4959716796875,104.4295654296875,118.98739624023438,training,1.1544069051742554,1
800,519.8905029296875,146.85012817382812,523.7947998046875,155.47775268554688,189.72348022460938,training,0.5620391964912415,1
801,520.0065307617188,153.89132690429688,523.4364624023438,163.42591857910156,140.87228393554688,training,0.4125102758407593,1
802,520.3873291015625,166.24855041503906,524.2133178710938,176.2088623046875,134.8406524658203,training,0.21379372477531433,1
803,521.6304931640625,118.13954162597656,524.335693359375,125.85223388671875,147.19375610351562,training,0.9236246943473816,1
804,521.7869262695312,160.22950744628906,525.99267578125,169.90313720703125,82.27393341064453,training,0.31944891810417175,1
805,522.4811401367188,201.3147430419922,527.231689453125,212.7107696533203,147.5635528564453,training,0.6568953990936279,1
806,522.586181640625,103.73684692382812,525.7305908203125,110.38047790527344,148.14520263671875,training,1.1387771368026733,1
807,524.4208374023438,177.381591796875,528.6359252929688,187.6476287841797,134.17898559570312,training,0.18937093019485474,1
808,524.9247436523438,192.6854705810547,528.9545288085938,203.61685180664062,133.05638122558594,training,0.4053580164909363,1
809,525.0182495117188,134.07618713378906,528.4270629882812,142.55145263671875,150.34959411621094,training,0.3562365472316742,1
810,525.5908813476562,179.9838409423828,529.6250610351562,190.50946044921875,116.03878784179688,training,0.3527088165283203,1
811,525.5908813476562,179.9838409423828,529.6250610351562,190.50946044921875,134.07460021972656,training,0.3527088165283203,1
812,528.68115234375,250.33380126953125,533.5869140625,263.3219299316406,176.35191345214844,training,0.5661504864692688,1
813,528.9837646484375,89.30243682861328,531.6797485351562,95.42878723144531,165.23619079589844,training,1.2626111507415771,1
814,529.1868896484375,188.60342407226562,532.9069213867188,199.87374877929688,135.0481414794922,training,0.9923827052116394,1
815,529.1868896484375,188.60342407226562,532.9069213867188,199.87374877929688,184.20912170410156,training,0.9923827052116394,1
816,529.5529174804688,154.9392547607422,533.0584106445312,164.6151580810547,124.89595794677734,training,0.5245118141174316,1
817,529.8419799804688,163.73719787597656,533.1050415039062,173.85829162597656,125.64633178710938,training,0.8947624564170837,1
818,529.8419799804688,163.73719787597656,533.1050415039062,173.85829162597656,142.97203063964844,training,0.8947624564170837,1
819,530.7625732421875,180.90509033203125,536.5048828125,190.98509216308594,193.68014526367188,training,1.542610764503479,1
820,530.7972412109375,158.0133819580078,534.7763671875,167.60121154785156,135.10736083984375,training,0.1370498090982437,1
821,531.7135620117188,238.44215393066406,537.3101196289062,248.52879333496094,221.39556884765625,training,2.09116792678833,1
822,531.734375,200.47911071777344,536.0804443359375,212.1110382080078,171.7469024658203,training,0.8296346664428711,1
823,531.7820434570312,207.20489501953125,536.3402099609375,219.1390838623047,103.81714630126953,training,0.9171098470687866,1
824,532.2849731445312,204.4729766845703,536.6039428710938,216.3144989013672,146.24978637695312,training,0.9230942726135254,1
825,532.5056762695312,139.17042541503906,536.1524658203125,147.76589965820312,147.77346801757812,training,0.28204473853111267,1
826,533.2612915039062,225.13217163085938,537.824462890625,238.07725524902344,143.06292724609375,training,1.3657290935516357,1
827,534.1359252929688,115.19306945800781,537.4083862304688,122.63680267333984,178.80995178222656,training,0.6797560453414917,1
828,534.645751953125,176.83677673339844,538.5135498046875,187.33673095703125,110.70230102539062,training,0.577519416809082,1
829,535.1629028320312,86.00126647949219,538.2417602539062,92.23815155029297,230.62957763671875,training,0.900651216506958,1
830,536.0927734375,169.23318481445312,540.100830078125,179.41993713378906,185.35101318359375,training,0.43155843019485474,1
831,536.195556640625,247.0277862548828,540.9263916015625,260.0841979980469,183.25938415527344,training,0.816356897354126,1
832,536.8624267578125,146.32394409179688,540.9105224609375,155.42405700683594,147.4177703857422,training,0.15076413750648499,1
833,537.0379028320312,194.307373046875,541.319091796875,205.67178344726562,99.8348617553711,training,0.8018703460693359,1
834,537.0379028320312,194.307373046875,541.319091796875,205.67178344726562,143.11184692382812,training,0.8018703460693359,1
835,537.2584838867188,207.58522033691406,541.1119995117188,220.0184783935547,220.36334228515625,training,1.5941358804702759,1
836,537.8278198242188,185.00067138671875,541.1204833984375,196.24356079101562,155.94871520996094,training,1.4138801097869873,1
837,537.8278198242188,185.00067138671875,541.1204833984375,196.24356079101562,137.5318145751953,training,1.4138801097869873,1
838,538.8169555664062,150.8209991455078,542.3667602539062,160.13470458984375,140.63072204589844,training,0.45198526978492737,1
839,540.5466918945312,214.96810913085938,543.5969848632812,228.62159729003906,167.4156494140625,training,2.9213297367095947,1
840,540.7816772460938,140.7751007080078,544.7617797851562,149.19020080566406,188.42239379882812,training,0.42621028423309326,1
841,541.1072387695312,269.5592346191406,545.5343627929688,282.8196716308594,197.81051635742188,training,0.8468641638755798,1
842,542.0534057617188,75.18260955810547,544.6807861328125,81.67399597167969,192.41102600097656,training,0.6511163115501404,1
843,542.2421264648438,189.3169708251953,546.3134155273438,200.62747192382812,82.51060485839844,training,0.9913182854652405,1
844,542.6044921875,221.57330322265625,547.0478515625,234.2760009765625,101.9754867553711,training,1.328028917312622,1
845,543.6099243164062,233.5804443359375,547.9404907226562,246.42076110839844,168.19334411621094,training,1.185929298400879,1
846,544.049072265625,236.93417358398438,548.908935546875,249.53372192382812,183.4039306640625,training,0.7107266783714294,1
847,544.4542846679688,244.87997436523438,549.7593994140625,258.0484313964844,123.23554992675781,training,1.0706801414489746,1
848,545.4024047851562,116.47328186035156,549.123779296875,123.61973571777344,151.57176208496094,training,0.8775799870491028,1
849,545.7550048828125,228.106201171875,551.0697021484375,239.93458557128906,127.78888702392578,training,0.5281835794448853,1
850,546.5513305664062,169.1904296875,550.7825317382812,179.25735473632812,79.30951690673828,training,0.3627539277076721,1
851,546.7378540039062,98.0134506225586,549.8635864257812,104.49069213867188,161.26686096191406,training,1.0241395235061646,1
852,546.7648315429688,233.18426513671875,551.52587890625,245.7601318359375,190.9476318359375,training,0.8352497220039368,1
853,547.157470703125,172.93252563476562,551.0953979492188,183.3770294189453,119.90829467773438,training,0.7163341641426086,1
854,547.2144775390625,155.61434936523438,551.3289184570312,165.10073852539062,114.56002807617188,training,0.22121639549732208,1
855,547.9786376953125,106.99456024169922,551.3715209960938,113.94507598876953,168.59715270996094,training,0.7865122556686401,1
856,548.439208984375,188.3808135986328,552.9491577148438,199.61761474609375,77.20103454589844,training,0.9316073060035706,1
857,548.439208984375,188.3808135986328,552.9491577148438,199.61761474609375,102.46463012695312,training,0.9316073060035706,1
858,549.1729125976562,129.36830139160156,552.7802734375,137.42665100097656,185.9542999267578,training,0.4363701343536377,1
859,549.2201538085938,165.291748046875,553.6027221679688,175.1390380859375,120.12077331542969,training,0.32276633381843567,1
860,549.484619140625,69.85305786132812,553.7638549804688,75.96158599853516,193.99742126464844,training,1.0956087112426758,1
861,549.8959350585938,221.88023376464844,554.52783203125,234.48318481445312,107.69400787353516,training,1.2472234964370728,1
862,550.9520874023438,192.5061798095703,555.6710205078125,204.20838928222656,157.63565063476562,training,1.2943735122680664,1
863,552.538330078125,214.06759643554688,557.463134765625,226.1537322998047,60.67948532104492,training,0.9969609975814819,1
864,554.1793212890625,75.10513305664062,556.8128051757812,82.24363708496094,200.66888427734375,training,0.8800873160362244,1
865,554.9082641601562,188.8994140625,559.7163696289062,200.1492462158203,124.68360137939453,training,1.0082578659057617,1
866,555.9791259765625,186.158935546875,561.3574829101562,196.11114501953125,185.54513549804688,training,0.894349217414856,1
867,556.2247924804688,81.72532653808594,559.5820922851562,88.36665344238281,142.1372528076172,training,0.2170870453119278,1
868,556.8200073242188,93.30968475341797,560.4400634765625,99.63436889648438,182.95628356933594,training,0.8823767900466919,1
869,557.0510864257812,161.6538543701172,561.1492309570312,171.38916015625,114.40716552734375,training,0.38502612709999084,1
870,557.4843139648438,176.41917419433594,561.6338500976562,187.61459350585938,223.43902587890625,training,1.3614685535430908,1
871,559.590087890625,65.56587982177734,563.0547485351562,72.59646606445312,190.8978729248047,training,0.7466683983802795,1
872,559.899169921875,194.96121215820312,564.572509765625,206.51254272460938,115.56816101074219,training,1.1105890274047852,1
873,561.1494140625,197.8946990966797,566.173583984375,209.47305297851562,99.17156982421875,training,1.1040488481521606,1
874,562.291259765625,57.65359115600586,565.8718872070312,64.99691009521484,120.19983673095703,training,1.353705883026123,1
875,562.3422241210938,146.13609313964844,566.5802001953125,155.1930694580078,102.00980377197266,training,0.2074001282453537,1
876,562.7008666992188,168.9066162109375,567.1373901367188,178.94557189941406,156.08331298828125,training,0.45196324586868286,1
877,566.436767578125,88.5326919555664,569.6072387695312,95.70870208740234,177.6822967529297,training,0.4886223375797272,1
878,568.13916015625,118.54405975341797,571.5519409179688,126.36286163330078,121.97950744628906,training,0.5471256375312805,1
879,568.2883911132812,102.98104095458984,572.6140747070312,109.79476928710938,201.5043487548828,training,0.8244367837905884,1
880,570.70556640625,73.2936782836914,573.82666015625,81.1916275024414,228.29147338867188,training,1.4774900674819946,1
881,571.1267700195312,186.50291442871094,575.8441162109375,197.8854217529297,144.41259765625,training,1.2877262830734253,1
882,572.5327758789062,163.60772705078125,576.2998657226562,174.12037658691406,114.53820037841797,training,1.3474740982055664,1
883,572.6821899414062,159.29336547851562,576.98779296875,169.42098999023438,82.1766357421875,training,0.9199057221412659,1
884,572.9470825195312,84.79670715332031,576.9549560546875,92.30806732177734,234.36936950683594,training,0.7731798887252808,1
885,573.4692993164062,205.95960998535156,578.126953125,218.20396423339844,107.72186279296875,training,1.5595940351486206,1
886,574.7676391601562,137.07681274414062,578.5892333984375,145.783447265625,143.81585693359375,training,0.44054895639419556,1
887,574.892822265625,124.58853912353516,578.7325439453125,132.58177185058594,163.0337371826172,training,0.2558368742465973,1
888,574.892822265625,124.58853912353516,578.7325439453125,132.58177185058594,159.81552124023438,training,0.2558368742465973,1
889,574.9570922851562,114.96064758300781,578.3646850585938,122.83860778808594,138.72274780273438,training,0.5805758833885193,1
890,575.3883056640625,118.59584045410156,579.1144409179688,126.33428955078125,166.1114044189453,training,0.3328222930431366,1
891,575.3883056640625,118.59584045410156,579.1144409179688,126.33428955078125,107.80538177490234,training,0.3328222930431366,1
892,576.6905517578125,56.08108901977539,580.9876708984375,64.5565185546875,212.57469177246094,training,2.7467551231384277,1
893,578.4407958984375,199.501220703125,583.4241943359375,211.02243041992188,183.01638793945312,training,1.0628962516784668,1
894,580.37939453125,217.84561157226562,584.3571166992188,231.76712036132812,120.78079223632812,training,3.090301513671875,1
895,581.8136596679688,118.47029113769531,585.3328247070312,126.77689361572266,134.96295166015625,training,0.7304652333259583,1
896,581.8607177734375,174.78305053710938,586.809814453125,185.52066040039062,126.70438385009766,training,1.1257609128952026,1
897,582.2916870117188,159.3314971923828,586.6565551757812,169.5760955810547,148.2733917236328,training,1.103021502494812,1
898,582.7882080078125,74.9161148071289,586.5984497070312,83.2256088256836,177.13272094726562,training,1.8723855018615723,1
899,583.0767211914062,125.8587417602539,586.7402954101562,134.26937866210938,149.1945037841797,training,0.6117889881134033,1
900,583.3485717773438,85.59762573242188,587.1095581054688,92.79822540283203,162.8741912841797,training,0.4181984066963196,1
901,584.2463989257812,90.25772094726562,588.1680908203125,98.2359619140625,181.82958984375,training,1.0572984218597412,1
902,584.5762329101562,177.1193389892578,587.9256591796875,188.6636505126953,167.67230224609375,training,2.2901389598846436,1
903,586.6470947265625,119.07011413574219,590.936767578125,127.44578552246094,233.68568420410156,training,0.5630109310150146,1
904,586.7211303710938,180.5081329345703,591.5110473632812,191.52708435058594,129.9653778076172,training,1.219212532043457,1
905,587.5939331054688,172.00315856933594,592.7374267578125,183.0502471923828,180.9364471435547,training,1.5905189514160156,1
906,589.09521484375,156.09530639648438,593.4918212890625,166.27134704589844,145.0137939453125,training,1.1832830905914307,1
907,589.1188354492188,175.42015075683594,593.671630859375,186.41122436523438,145.80809020996094,training,1.383339762687683,1
908,589.1188354492188,175.42015075683594,593.671630859375,186.41122436523438,140.37094116210938,training,1.383339762687683,1
909,589.51123046875,132.326171875,593.4575805664062,141.30068969726562,159.984375,training,0.8196566104888916,1
910,589.81396484375,135.24588012695312,593.7666625976562,144.21824645996094,145.5953369140625,training,0.7500659823417664,1
911,590.2672119140625,80.86395263671875,593.9397583007812,89.26667022705078,105.86784362792969,training,1.8215116262435913,1
912,591.5985107421875,102.2035140991211,595.7799072265625,110.73065185546875,129.19752502441406,training,1.2780463695526123,1
913,591.8981323242188,65.5986328125,596.640625,74.14704895019531,218.70071411132812,training,2.6958978176116943,1
914,592.682861328125,174.06732177734375,597.66357421875,184.93887329101562,96.18731689453125,training,1.3349438905715942,1
915,593.7136840820312,162.3377227783203,598.5103149414062,172.94761657714844,152.53196716308594,training,1.4452840089797974,1
916,594.4757690429688,106.45380401611328,598.2699584960938,114.89214324951172,172.65573120117188,training,1.1028786897659302,1
917,597.30859375,62.02897644042969,601.928955078125,71.15312957763672,184.98648071289062,training,3.329160451889038,1
918,597.3504028320312,156.0786895751953,601.62353515625,166.37721252441406,205.81788635253906,training,1.3979977369308472,1
919,598.1399536132812,128.2938690185547,602.5278930664062,137.18380737304688,207.40057373046875,training,0.839052140712738,1
920,598.4049072265625,150.93389892578125,602.7033081054688,161.10008239746094,191.50979614257812,training,1.421007513999939,1
921,598.6834106445312,81.09862518310547,602.9669799804688,89.75811767578125,197.2257537841797,training,2.162001132965088,1
922,598.7938842773438,133.08702087402344,603.044189453125,142.04556274414062,173.80160522460938,training,0.7742049694061279,1
923,601.6703491210938,155.78172302246094,606.1454467773438,166.15121459960938,204.56784057617188,heldout,1.4740071296691895,1
924,602.37451171875,74.39808654785156,606.4256591796875,83.48316192626953,123.5313720703125,heldout,2.795503616333008,1
925,602.37451171875,74.39808654785156,606.4256591796875,83.48316192626953,211.46157836914062,heldout,2.795503616333008,1
926,602.9688720703125,168.05421447753906,606.5193481445312,179.68394470214844,174.68829345703125,heldout,2.654489755630493,1
927,604.9478759765625,92.58235168457031,608.8089599609375,101.59903717041016,133.83572387695312,heldout,2.1630356311798096,1
928,605.7338256835938,113.97918701171875,608.8158569335938,123.30274200439453,190.78521728515625,heldout,2.1487183570861816,1
929,609.86474609375,99.24942779541016,615.166259765625,107.75366973876953,172.40359497070312,heldout,1.8443851470947266,1
930,610.990234375,110.8577651977539,615.2254638671875,120.48092651367188,153.51547241210938,heldout,2.2165756225585938,1
931,612.0193481445312,170.75807189941406,616.79541015625,182.02224731445312,151.6707000732422,heldout,1.9508503675460815,1
932,617.4940185546875,151.3035430908203,622.35791015625,161.82180786132812,155.17086791992188,heldout,1.8599532842636108,1
933,619.3782348632812,125.14839172363281,623.5337524414062,134.96945190429688,151.8189697265625,heldout,2.0474424362182617,1
934,620.8072509765625,103.81512451171875,624.7703247070312,113.6923599243164,137.88400268554688,heldout,2.785170555114746,1
935,620.9887084960938,128.9689483642578,625.8163452148438,138.82168579101562,135.74977111816406,heldout,1.9455064535140991,1
936,621.2913818359375,106.93238830566406,625.3856811523438,116.5649185180664,177.9044647216797,heldout,2.4347984790802,1
937,621.9971923828125,134.66542053222656,626.3203125,144.92088317871094,147.27525329589844,heldout,2.184891700744629,1
938,621.9971923828125,134.66542053222656,626.3203125,144.92088317871094,107.61040496826172,heldout,2.184891700744629,1
939,623.4121704101562,137.73208618164062,628.3422241210938,147.92181396484375,182.846923828125,heldout,2.01606822013855,1
940,630.162353515625,120.51825714111328,634.9880981445312,130.29156494140625,162.7882080078125,heldout,2.1951706409454346,1
941,632.0089721679688,127.32628631591797,637.3550415039062,137.25711059570312,136.85028076171875,heldout,2.234013319015503,1
942,632.7720947265625,168.2135009765625,638.0690307617188,179.8194580078125,166.99700927734375,heldout,2.512504816055298,1
943,634.52783203125,92.8372573852539,638.9998168945312,103.07160186767578,208.83486938476562,heldout,3.5619611740112305,1
944,638.549072265625,99.34251403808594,643.1256103515625,109.54678344726562,193.0155487060547,heldout,3.3502728939056396,1
945,638.7523803710938,133.9218292236328,643.3212280273438,144.36102294921875,114.66036987304688,heldout,2.490626096725464,1
946,640.9798583984375,138.22547912597656,645.7012939453125,148.74380493164062,147.94593811035156,heldout,2.439427614212036,1
949,643.5426025390625,169.7551727294922,648.9743041992188,180.9635467529297,155.09674072265625,heldout,2.1390531063079834,1
951,646.35302734375,130.96499633789062,651.2338256835938,141.7500762939453,144.11801147460938,heldout,2.968423366546631,1
952,647.561279296875,134.06651306152344,652.8540649414062,144.69786071777344,116.82893371582031,heldout,2.749110460281372,1
953,649.4895629882812,108.44645690917969,654.1158447265625,119.29502868652344,213.40103149414062,heldout,3.7743301391601562,1
954,653.4686889648438,152.36788940429688,660.0333862304688,163.3387908935547,209.25343322753906,heldout,2.8789684772491455,1
955,655.906982421875,118.88584899902344,661.0272216796875,129.36199951171875,136.7113800048828,heldout,3.121830701828003,1
959,671.2125854492188,107.34529113769531,676.3737182617188,117.9373779296875,219.03880310058594,heldout,3.7074437141418457,1
