match_id,source_x_working_px,source_y_working_px,target_x_working_px,target_y_working_px,source_x_native_px,source_y_native_px,target_x_native_px,target_y_native_px,descriptor_source,descriptor_distance,ratio,verification_state,population,residual_target_working_px,source_product_id,target_product_id
1,161.0467071533203,86.6983642578125,170.039306640625,80.70878601074219,161.0467071533203,86.6983642578125,170.039306640625,80.70878601074219,SIFT:gradient,6.4031243324279785,0.015703841245295603,ROBUST_MODEL_INLIER,FIT,0.013369990949429734,SYNTHETIC_SOURCE,SYNTHETIC_TARGET
2,520.4172973632812,458.48681640625,529.4281616210938,452.49066162109375,520.4172973632812,458.48681640625,529.4281616210938,452.49066162109375,SIFT:gradient,6.928203105926514,0.01766375921863881,ROBUST_MODEL_INLIER,HELD_OUT,0.011601376837070035,SYNTHETIC_SOURCE,SYNTHETIC_TARGET
3,302.090087890625,454.8385925292969,311.0902404785156,448.853515625,302.090087890625,454.8385925292969,311.0902404785156,448.853515625,SIFT:gradient,9.0,0.018534022845505944,ROBUST_MODEL_INLIER,FIT,0.015533447265625,SYNTHETIC_SOURCE,SYNTHETIC_TARGET
4,531.1768188476562,138.7766571044922,540.204345703125,132.7880401611328,531.1768188476562,138.7766571044922,540.204345703125,132.7880401611328,SIFT:gradient,8.185352325439453,0.019972057710539462,ROBUST_MODEL_INLIER,HELD_OUT,0.029886324059100536,SYNTHETIC_SOURCE,SYNTHETIC_TARGET
5,556.4876098632812,180.93792724609375,565.5028076171875,174.97036743164062,556.4876098632812,180.93792724609375,565.5028076171875,174.97036743164062,SIFT:gradient,8.366600036621094,0.02045507332644277,ROBUST_MODEL_INLIER,FIT,0.03631384066242362,SYNTHETIC_SOURCE,SYNTHETIC_TARGET
6,155.58746337890625,516.908935546875,164.5906982421875,510.9070129394531,155.58746337890625,516.908935546875,164.5906982421875,510.9070129394531,SIFT:gradient,8.485280990600586,0.020527610784556706,ROBUST_MODEL_INLIER,HELD_OUT,0.003349990600601219,SYNTHETIC_SOURCE,SYNTHETIC_TARGET
7,565.8655395507812,273.212646484375,574.8912963867188,267.175537109375,565.8655395507812,273.212646484375,574.8912963867188,267.175537109375,SIFT:gradient,8.774964332580566,0.020540186989559037,ROBUST_MODEL_INLIER,FIT,0.044584259889977725,SYNTHETIC_SOURCE,SYNTHETIC_TARGET
8,512.0799560546875,460.6973876953125,521.0932006835938,454.74444580078125,512.0799560546875,460.6973876953125,521.0932006835938,454.74444580078125,SIFT:gradient,8.83176040649414,0.020640814716959655,ROBUST_MODEL_INLIER,FIT,0.04943362553662168,SYNTHETIC_SOURCE,SYNTHETIC_TARGET
9,97.07920837402344,29.63007926940918,106.08291625976562,23.639108657836914,97.07920837402344,29.63007926940918,106.08291625976562,23.639108657836914,SIFT:gradient,7.937253952026367,0.020737334330833947,ROBUST_MODEL_INLIER,FIT,0.010274469810780932,SYNTHETIC_SOURCE,SYNTHETIC_TARGET
10,159.61083984375,229.7748565673828,168.63612365722656,223.7962646484375,159.61083984375,229.7748565673828,168.63612365722656,223.7962646484375,SIFT:gradient,8.5440034866333,0.020968157946295675,ROBUST_MODEL_INLIER,FIT,0.03341242095941128,SYNTHETIC_SOURCE,SYNTHETIC_TARGET
11,269.8718566894531,498.369384765625,278.8605041503906,492.3546447753906,269.8718566894531,498.369384765625,278.8605041503906,492.3546447753906,SIFT:gradient,7.416198253631592,0.021158328707936092,ROBUST_MODEL_INLIER,HELD_OUT,0.01822126875948184,SYNTHETIC_SOURCE,SYNTHETIC_TARGET
12,196.09619140625,402.5239562988281,205.12083435058594,396.5669250488281,196.09619140625,402.5239562988281,205.12083435058594,396.5669250488281,SIFT:gradient,8.485280990600586,0.021368081616040705,ROBUST_MODEL_INLIER,HELD_OUT,0.04998915534206544,SYNTHETIC_SOURCE,SYNTHETIC_TARGET
13,571.9619140625,265.12225341796875,580.9679565429688,259.1502685546875,571.9619140625,265.12225341796875,580.9679565429688,259.1502685546875,SIFT:gradient,7.874007701873779,0.021535557025069724,ROBUST_MODEL_INLIER,FIT,0.0292251503661116,SYNTHETIC_SOURCE,SYNTHETIC_TARGET
14,523.4336547851562,460.04449462890625,532.42919921875,454.0339660644531,523.4336547851562,460.04449462890625,532.42919921875,454.0339660644531,SIFT:gradient,7.8102498054504395,0.021970477046512882,ROBUST_MODEL_INLIER,FIT,0.010936454314244972,SYNTHETIC_SOURCE,SYNTHETIC_TARGET
15,65.111572265625,578.2960205078125,74.11176300048828,572.2804565429688,65.111572265625,578.2960205078125,74.11176300048828,572.2804565429688,SIFT:gradient,9.380831718444824,0.021980737319217677,ROBUST_MODEL_INLIER,HELD_OUT,0.014953661938023718,SYNTHETIC_SOURCE,SYNTHETIC_TARGET
16,261.5799560546875,503.1160888671875,270.58807373046875,497.1429138183594,261.5799560546875,503.1160888671875,270.58807373046875,497.1429138183594,SIFT:gradient,8.185352325439453,0.022081963901078316,ROBUST_MODEL_INLIER,FIT,0.028568137167694106,SYNTHETIC_SOURCE,SYNTHETIC_TARGET
17,570.724609375,277.496826171875,579.7655029296875,271.4219970703125,570.724609375,277.496826171875,579.7655029296875,271.4219970703125,SIFT:gradient,6.0,0.022113588359592807,ROBUST_MODEL_INLIER,FIT,0.08466551380052312,SYNTHETIC_SOURCE,SYNTHETIC_TARGET
18,347.9708557128906,553.29736328125,356.9668884277344,547.2781982421875,347.9708557128906,553.29736328125,356.9668884277344,547.2781982421875,SIFT:gradient,11.87434196472168,0.022176368063986745,ROBUST_MODEL_INLIER,FIT,0.019006572077705737,SYNTHETIC_SOURCE,SYNTHETIC_TARGET
19,560.0932006835938,179.2413330078125,569.1219482421875,173.2452392578125,560.0932006835938,179.2413330078125,569.1219482421875,173.2452392578125,SIFT:gradient,8.66025447845459,0.02243032228995109,ROBUST_MODEL_INLIER,FIT,0.02894947390173014,SYNTHETIC_SOURCE,SYNTHETIC_TARGET
20,498.95928955078125,66.14400482177734,507.9576416015625,60.14476776123047,498.95928955078125,66.14400482177734,507.9576416015625,60.14476776123047,SIFT:gradient,8.185352325439453,0.02258537417767105,ROBUST_MODEL_INLIER,FIT,0.002264478327525531,SYNTHETIC_SOURCE,SYNTHETIC_TARGET
21,227.9536895751953,23.354774475097656,236.9606475830078,17.33465576171875,227.9536895751953,23.354774475097656,236.9606475830078,17.33465576171875,SIFT:gradient,9.899495124816895,0.02264808918086856,ROBUST_MODEL_INLIER,FIT,0.02066131460175926,SYNTHETIC_SOURCE,SYNTHETIC_TARGET
22,179.90518188476562,29.479244232177734,188.9033203125,23.495553970336914,179.90518188476562,29.479244232177734,188.9033203125,23.495553970336914,SIFT:gradient,10.58300495147705,0.022873580484342182,ROBUST_MODEL_INLIER,FIT,0.017039550385051703,SYNTHETIC_SOURCE,SYNTHETIC_TARGET
23,196.09619140625,402.5239562988281,205.12083435058594,396.5669250488281,196.09619140625,402.5239562988281,205.12083435058594,396.5669250488281,SIFT:gradient,9.539392471313477,0.02295964114608846,ROBUST_MODEL_INLIER,HELD_OUT,0.04998915534206544,SYNTHETIC_SOURCE,SYNTHETIC_TARGET
24,202.721923828125,301.55615234375,211.7178497314453,295.544677734375,202.721923828125,301.55615234375,211.7178497314453,295.544677734375,SIFT:gradient,8.124038696289062,0.022987907727653977,ROBUST_MODEL_INLIER,FIT,0.01165748516076195,SYNTHETIC_SOURCE,SYNTHETIC_TARGET
25,534.3040161132812,143.4554901123047,543.293212890625,137.44964599609375,534.3040161132812,143.4554901123047,543.293212890625,137.44964599609375,SIFT:gradient,10.29563045501709,0.023047037860453225,ROBUST_MODEL_INLIER,HELD_OUT,0.012141749344071124,SYNTHETIC_SOURCE,SYNTHETIC_TARGET
26,223.88584899902344,22.75815200805664,232.9452362060547,16.73731803894043,223.88584899902344,22.75815200805664,232.9452362060547,16.73731803894043,SIFT:gradient,10.099504470825195,0.023119772534631572,ROBUST_MODEL_INLIER,HELD_OUT,0.0625918110593843,SYNTHETIC_SOURCE,SYNTHETIC_TARGET
27,146.405517578125,529.3499755859375,155.4000244140625,523.3489379882812,146.405517578125,529.3499755859375,155.4000244140625,523.3489379882812,SIFT:gradient,9.899495124816895,0.02314356278912807,ROBUST_MODEL_INLIER,FIT,0.005661894942582331,SYNTHETIC_SOURCE,SYNTHETIC_TARGET
28,523.4336547851562,460.04449462890625,532.42919921875,454.0339660644531,523.4336547851562,460.04449462890625,532.42919921875,454.0339660644531,SIFT:gradient,7.6157732009887695,0.023218172659357786,ROBUST_MODEL_INLIER,FIT,0.010936454314244972,SYNTHETIC_SOURCE,SYNTHETIC_TARGET
29,572.1683959960938,172.30380249023438,581.138671875,166.29916381835938,572.1683959960938,172.30380249023438,581.138671875,166.29916381835938,SIFT:gradient,11.180339813232422,0.02323702051260844,ROBUST_MODEL_INLIER,FIT,0.0301470579705074,SYNTHETIC_SOURCE,SYNTHETIC_TARGET
30,395.634765625,115.22029113769531,404.6671142578125,109.08354949951172,395.634765625,115.22029113769531,404.6671142578125,109.08354949951172,SIFT:gradient,9.486832618713379,0.0233336934680722,ROBUST_MODEL_INLIER,FIT,0.13988678459999634,SYNTHETIC_SOURCE,SYNTHETIC_TARGET
31,190.81385803222656,415.98309326171875,199.7855682373047,409.99786376953125,190.81385803222656,415.98309326171875,199.7855682373047,409.99786376953125,SIFT:gradient,10.535654067993164,0.023386939136039158,ROBUST_MODEL_INLIER,FIT,0.03233481057879141,SYNTHETIC_SOURCE,SYNTHETIC_TARGET
32,261.91607666015625,178.0572509765625,270.90911865234375,172.08106994628906,261.91607666015625,178.0572509765625,270.90911865234375,172.08106994628906,SIFT:gradient,8.717798233032227,0.023389435523832325,ROBUST_MODEL_INLIER,FIT,0.025443119107089483,SYNTHETIC_SOURCE,SYNTHETIC_TARGET
33,152.08152770996094,578.7051391601562,161.06182861328125,572.7056274414062,152.08152770996094,578.7051391601562,161.06182861328125,572.7056274414062,SIFT:gradient,8.9442720413208,0.023413122016350988,ROBUST_MODEL_INLIER,FIT,0.019882061621871235,SYNTHETIC_SOURCE,SYNTHETIC_TARGET
34,141.81076049804688,517.7236938476562,150.8426513671875,511.7844543457031,141.81076049804688,517.7236938476562,150.8426513671875,511.7844543457031,SIFT:gradient,9.05538558959961,0.023476018653793236,ROBUST_MODEL_INLIER,FIT,0.06909196536849002,SYNTHETIC_SOURCE,SYNTHETIC_TARGET
35,186.2996063232422,118.58451080322266,195.29232788085938,112.58418273925781,186.2996063232422,118.58451080322266,195.29232788085938,112.58418273925781,SIFT:gradient,10.14889144897461,0.023600413264107303,ROBUST_MODEL_INLIER,FIT,0.007436390065921445,SYNTHETIC_SOURCE,SYNTHETIC_TARGET
36,123.18864440917969,538.0769653320312,132.1884765625,532.059814453125,123.18864440917969,538.0769653320312,132.1884765625,532.059814453125,SIFT:gradient,9.899495124816895,0.023782162867742422,ROBUST_MODEL_INLIER,FIT,0.016543630892980922,SYNTHETIC_SOURCE,SYNTHETIC_TARGET
37,440.7633972167969,505.04498291015625,449.7986145019531,499.0109558105469,440.7633972167969,505.04498291015625,449.7986145019531,499.0109558105469,SIFT:gradient,9.746794700622559,0.02379440838463112,ROBUST_MODEL_INLIER,HELD_OUT,0.04843771303806832,SYNTHETIC_SOURCE,SYNTHETIC_TARGET
38,197.8928680419922,301.11761474609375,206.89295959472656,295.13482666015625,197.8928680419922,301.11761474609375,206.89295959472656,295.13482666015625,SIFT:gradient,8.83176040649414,0.02379482818585675,ROBUST_MODEL_INLIER,HELD_OUT,0.017822370136947416,SYNTHETIC_SOURCE,SYNTHETIC_TARGET
39,211.8737030029297,321.9900207519531,220.85073852539062,316.0067138671875,211.8737030029297,321.9900207519531,220.85073852539062,316.0067138671875,SIFT:gradient,9.273618698120117,0.02398278366495221,ROBUST_MODEL_INLIER,FIT,0.028875745484246956,SYNTHETIC_SOURCE,SYNTHETIC_TARGET
40,148.44125366210938,53.98373031616211,157.45339965820312,47.98300552368164,148.44125366210938,53.98373031616211,157.45339965820312,47.98300552368164,SIFT:gradient,10.908712387084961,0.024047492084220957,ROBUST_MODEL_INLIER,FIT,0.011993954187443421,SYNTHETIC_SOURCE,SYNTHETIC_TARGET
41,497.2920837402344,57.397857666015625,506.3798522949219,51.45811080932617,497.2920837402344,57.397857666015625,506.3798522949219,51.45811080932617,SIFT:gradient,10.24695110321045,0.024144717961510208,ROBUST_MODEL_INLIER,HELD_OUT,0.10668140721753021,SYNTHETIC_SOURCE,SYNTHETIC_TARGET
42,192.5562744140625,412.00030517578125,201.52926635742188,406.0025634765625,192.5562744140625,412.00030517578125,201.52926635742188,406.0025634765625,SIFT:gradient,9.219544410705566,0.02419211335632646,ROBUST_MODEL_INLIER,FIT,0.02731171502528215,SYNTHETIC_SOURCE,SYNTHETIC_TARGET
43,611.6337890625,302.57940673828125,620.6777954101562,296.5726623535156,611.6337890625,302.57940673828125,620.6777954101562,296.5726623535156,SIFT:gradient,11.313708305358887,0.024204501503054913,ROBUST_MODEL_INLIER,FIT,0.04428067986061404,SYNTHETIC_SOURCE,SYNTHETIC_TARGET
44,97.07920837402344,29.63007926940918,106.08291625976562,23.639108657836914,97.07920837402344,29.63007926940918,106.08291625976562,23.639108657836914,SIFT:gradient,10.535654067993164,0.024377574737423652,ROBUST_MODEL_INLIER,HELD_OUT,0.010274469810780932,SYNTHETIC_SOURCE,SYNTHETIC_TARGET
45,555.2986450195312,37.23992156982422,564.3239135742188,31.203420639038086,555.2986450195312,37.23992156982422,564.3239135742188,31.203420639038086,SIFT:gradient,9.32737922668457,0.02448620181645513,ROBUST_MODEL_INLIER,FIT,0.04380576977008383,SYNTHETIC_SOURCE,SYNTHETIC_TARGET
46,142.73133850097656,528.270263671875,151.7373046875,522.254638671875,142.73133850097656,528.270263671875,151.7373046875,522.254638671875,SIFT:gradient,9.165151596069336,0.02450584091406839,ROBUST_MODEL_INLIER,FIT,0.016100857019586273,SYNTHETIC_SOURCE,SYNTHETIC_TARGET
47,210.3475799560547,615.8096313476562,219.32363891601562,609.7557983398438,210.3475799560547,615.8096313476562,219.32363891601562,609.7557983398438,SIFT:gradient,8.88819408416748,0.02466650431850486,ROBUST_MODEL_INLIER,FIT,0.05842220506896228,SYNTHETIC_SOURCE,SYNTHETIC_TARGET
48,532.8720092773438,148.2574920654297,541.9022216796875,142.27304077148438,532.8720092773438,148.2574920654297,541.9022216796875,142.27304077148438,SIFT:gradient,11.180339813232422,0.024755447321961846,ROBUST_MODEL_INLIER,FIT,0.03412781252925373,SYNTHETIC_SOURCE,SYNTHETIC_TARGET
49,257.1106262207031,492.28985595703125,266.12420654296875,486.29864501953125,257.1106262207031,492.28985595703125,266.12420654296875,486.29864501953125,SIFT:gradient,8.717798233032227,0.024810665097186494,ROBUST_MODEL_INLIER,FIT,0.016390638644173672,SYNTHETIC_SOURCE,SYNTHETIC_TARGET
50,187.32015991210938,35.603759765625,196.36160278320312,29.626083374023438,187.32015991210938,35.603759765625,196.36160278320312,29.626083374023438,SIFT:gradient,10.677078247070312,0.02485502569995726,ROBUST_MODEL_INLIER,HELD_OUT,0.04723191724336575,SYNTHETIC_SOURCE,SYNTHETIC_TARGET
51,139.64437866210938,380.0002136230469,148.64486694335938,374.0169982910156,139.64437866210938,380.0002136230469,148.64486694335938,374.0169982910156,SIFT:gradient,10.29563045501709,0.02495010557124025,ROBUST_MODEL_INLIER,FIT,0.017398258376173675,SYNTHETIC_SOURCE,SYNTHETIC_TARGET
52,196.40428161621094,346.9813537597656,205.39273071289062,340.8738098144531,196.40428161621094,346.9813537597656,205.39273071289062,340.8738098144531,SIFT:gradient,9.643651008605957,0.0251299552635597,ROBUST_MODEL_INLIER,FIT,0.10757213941729768,SYNTHETIC_SOURCE,SYNTHETIC_TARGET
53,251.50621032714844,167.19776916503906,260.4820556640625,161.1756591796875,251.50621032714844,167.19776916503906,260.4820556640625,161.1756591796875,SIFT:gradient,11.747340202331543,0.025247106010184057,ROBUST_MODEL_INLIER,FIT,0.032451143325026265,SYNTHETIC_SOURCE,SYNTHETIC_TARGET
54,262.9841003417969,182.71527099609375,271.9847412109375,176.72203063964844,262.9841003417969,182.71527099609375,271.9847412109375,176.72203063964844,SIFT:gradient,9.433980941772461,0.025286267581238576,ROBUST_MODEL_INLIER,FIT,0.007386152354674872,SYNTHETIC_SOURCE,SYNTHETIC_TARGET
55,517.2544555664062,462.29302978515625,526.2532348632812,456.2894592285156,517.2544555664062,462.29302978515625,526.2532348632812,456.2894592285156,SIFT:gradient,10.14889144897461,0.025448129174332593,ROBUST_MODEL_INLIER,HELD_OUT,0.0032632410757027102,SYNTHETIC_SOURCE,SYNTHETIC_TARGET
56,260.326171875,169.5846710205078,269.34130859375,163.55555725097656,260.326171875,169.5846710205078,269.34130859375,163.55555725097656,SIFT:gradient,8.774964332580566,0.025597024483542622,ROBUST_MODEL_INLIER,FIT,0.0322020032530918,SYNTHETIC_SOURCE,SYNTHETIC_TARGET
57,146.87030029296875,44.137569427490234,155.87428283691406,38.16720199584961,146.87030029296875,44.137569427490234,155.87428283691406,38.16720199584961,SIFT:gradient,8.062257766723633,0.025613320670682893,ROBUST_MODEL_INLIER,FIT,0.030484467664398884,SYNTHETIC_SOURCE,SYNTHETIC_TARGET
58,302.090087890625,454.8385925292969,311.0902404785156,448.853515625,302.090087890625,454.8385925292969,311.0902404785156,448.853515625,SIFT:gradient,12.409673690795898,0.02564212077720864,ROBUST_MODEL_INLIER,FIT,0.015533447265625,SYNTHETIC_SOURCE,SYNTHETIC_TARGET
59,464.776611328125,447.1453857421875,473.7723388671875,441.14703369140625,464.776611328125,447.1453857421875,473.7723388671875,441.14703369140625,SIFT:gradient,10.770329475402832,0.025693065422712116,ROBUST_MODEL_INLIER,FIT,0.0049679955263551515,SYNTHETIC_SOURCE,SYNTHETIC_TARGET
60,388.2873840332031,112.96965789794922,397.27386474609375,107.00568389892578,388.2873840332031,112.96965789794922,397.27386474609375,107.00568389892578,SIFT:gradient,10.440306663513184,0.025716678320713712,ROBUST_MODEL_INLIER,HELD_OUT,0.039104251602378175,SYNTHETIC_SOURCE,SYNTHETIC_TARGET
61,517.2544555664062,462.29302978515625,526.2532348632812,456.2894592285156,517.2544555664062,462.29302978515625,526.2532348632812,456.2894592285156,SIFT:gradient,9.69536018371582,0.025852547598103317,ROBUST_MODEL_INLIER,FIT,0.0032632410757027102,SYNTHETIC_SOURCE,SYNTHETIC_TARGET
62,456.2976379394531,394.06280517578125,465.2657775878906,388.05560302734375,456.2976379394531,394.06280517578125,465.2657775878906,388.05560302734375,SIFT:gradient,11.269427299499512,0.025919676460802867,ROBUST_MODEL_INLIER,FIT,0.03268455412684571,SYNTHETIC_SOURCE,SYNTHETIC_TARGET
63,185.1837158203125,243.21420288085938,194.18511962890625,237.2300567626953,185.1837158203125,243.21420288085938,194.18511962890625,237.2300567626953,SIFT:gradient,7.8102498054504395,0.02600427950796702,ROBUST_MODEL_INLIER,FIT,0.016511709016517745,SYNTHETIC_SOURCE,SYNTHETIC_TARGET
64,534.3040161132812,143.4554901123047,543.293212890625,137.44964599609375,534.3040161132812,143.4554901123047,543.293212890625,137.44964599609375,SIFT:gradient,12.569805145263672,0.02605259933719751,ROBUST_MODEL_INLIER,FIT,0.012141749344071124,SYNTHETIC_SOURCE,SYNTHETIC_TARGET
65,611.6337890625,302.57940673828125,620.6777954101562,296.5726623535156,611.6337890625,302.57940673828125,620.6777954101562,296.5726623535156,SIFT:gradient,12.206555366516113,0.02607072103801494,ROBUST_MODEL_INLIER,HELD_OUT,0.04428067986061404,SYNTHETIC_SOURCE,SYNTHETIC_TARGET
66,106.43012237548828,63.291778564453125,115.43534088134766,57.26842498779297,106.43012237548828,63.291778564453125,115.43534088134766,57.26842498779297,SIFT:gradient,7.6157732009887695,0.02616887936653679,ROBUST_MODEL_INLIER,FIT,0.02330059683159994,SYNTHETIC_SOURCE,SYNTHETIC_TARGET
67,259.81304931640625,174.07679748535156,268.8070068359375,168.0391082763672,259.81304931640625,174.07679748535156,268.8070068359375,168.0391082763672,SIFT:gradient,11.661903381347656,0.026198786142967806,ROBUST_MODEL_INLIER,FIT,0.03759282564119202,SYNTHETIC_SOURCE,SYNTHETIC_TARGET
68,260.9333801269531,186.94171142578125,269.91680908203125,180.96128845214844,260.9333801269531,186.94171142578125,269.91680908203125,180.96128845214844,SIFT:gradient,9.949873924255371,0.026285742586861574,ROBUST_MODEL_INLIER,FIT,0.026214692867233075,SYNTHETIC_SOURCE,SYNTHETIC_TARGET
69,464.53302001953125,457.2710266113281,473.55169677734375,451.2654724121094,464.53302001953125,457.2710266113281,473.55169677734375,451.2654724121094,SIFT:gradient,11.180339813232422,0.02632278965227314,ROBUST_MODEL_INLIER,FIT,0.019172545499821014,SYNTHETIC_SOURCE,SYNTHETIC_TARGET
70,391.28253173828125,105.16661071777344,400.2771911621094,99.14680480957031,391.28253173828125,105.16661071777344,400.2771911621094,99.14680480957031,SIFT:gradient,10.954451560974121,0.02634042766971522,ROBUST_MODEL_INLIER,FIT,0.01996607738543012,SYNTHETIC_SOURCE,SYNTHETIC_TARGET
71,457.2789306640625,575.4222412109375,466.2590637207031,569.4244995117188,457.2789306640625,575.4222412109375,466.2590637207031,569.4244995117188,SIFT:gradient,7.8102498054504395,0.02642854560278885,ROBUST_MODEL_INLIER,FIT,0.020224015371311133,SYNTHETIC_SOURCE,SYNTHETIC_TARGET
72,147.86940002441406,515.5138549804688,156.86695861816406,509.5240783691406,147.86940002441406,515.5138549804688,156.86695861816406,509.5240783691406,SIFT:gradient,10.908712387084961,0.02647028500436239,ROBUST_MODEL_INLIER,FIT,0.011139961089138171,SYNTHETIC_SOURCE,SYNTHETIC_TARGET
73,197.58306884765625,328.9215087890625,206.58323669433594,322.90496826171875,197.58306884765625,328.9215087890625,206.58323669433594,322.90496826171875,SIFT:gradient,10.954451560974121,0.02650142115812584,ROBUST_MODEL_INLIER,FIT,0.01593018308909749,SYNTHETIC_SOURCE,SYNTHETIC_TARGET
74,441.54217529296875,488.0810546875,450.5538024902344,482.1095275878906,441.54217529296875,488.0810546875,450.5538024902344,482.1095275878906,SIFT:gradient,10.24695110321045,0.026526751604357985,ROBUST_MODEL_INLIER,FIT,0.03126503165643347,SYNTHETIC_SOURCE,SYNTHETIC_TARGET
75,569.36181640625,176.0876922607422,578.368896484375,170.0905303955078,569.36181640625,176.0876922607422,578.368896484375,170.0905303955078,SIFT:gradient,8.774964332580566,0.02664922828945149,ROBUST_MODEL_INLIER,FIT,0.00773835763599913,SYNTHETIC_SOURCE,SYNTHETIC_TARGET
76,266.9018859863281,502.6270446777344,275.88604736328125,496.5635070800781,266.9018859863281,502.6270446777344,275.88604736328125,496.5635070800781,SIFT:gradient,8.306623458862305,0.02665845773522128,ROBUST_MODEL_INLIER,FIT,0.06492732189295193,SYNTHETIC_SOURCE,SYNTHETIC_TARGET
77,210.3475799560547,615.8096313476562,219.32363891601562,609.7557983398438,210.3475799560547,615.8096313476562,219.32363891601562,609.7557983398438,SIFT:gradient,9.219544410705566,0.02671232262766197,ROBUST_MODEL_INLIER,HELD_OUT,0.05842220506896228,SYNTHETIC_SOURCE,SYNTHETIC_TARGET
78,516.0750122070312,477.13848876953125,525.077880859375,471.1392822265625,516.0750122070312,477.13848876953125,525.077880859375,471.1392822265625,SIFT:gradient,9.273618698120117,0.026728233511071252,ROBUST_MODEL_INLIER,FIT,0.0030573983517715774,SYNTHETIC_SOURCE,SYNTHETIC_TARGET
79,165.58358764648438,124.599365234375,174.5747833251953,118.61267852783203,165.58358764648438,124.599365234375,174.5747833251953,118.61267852783203,SIFT:gradient,10.72380542755127,0.02691349866097941,ROBUST_MODEL_INLIER,FIT,0.016555787890737413,SYNTHETIC_SOURCE,SYNTHETIC_TARGET
80,54.57992935180664,176.5615234375,63.58131790161133,170.5797119140625,54.57992935180664,176.5615234375,63.58131790161133,170.5797119140625,SIFT:gradient,10.954451560974121,0.026965707290824197,ROBUST_MODEL_INLIER,FIT,0.018839414553703734,SYNTHETIC_SOURCE,SYNTHETIC_TARGET
81,129.29165649414062,538.5409545898438,138.2969970703125,532.5560302734375,129.29165649414062,538.5409545898438,138.2969970703125,532.5560302734375,SIFT:gradient,9.69536018371582,0.027095015323257015,ROBUST_MODEL_INLIER,FIT,0.016521710605427585,SYNTHETIC_SOURCE,SYNTHETIC_TARGET
82,124.8287353515625,190.2697296142578,133.8139190673828,184.2517547607422,124.8287353515625,190.2697296142578,133.8139190673828,184.2517547607422,SIFT:gradient,9.32737922668457,0.027110924545587115,ROBUST_MODEL_INLIER,FIT,0.022925816433389316,SYNTHETIC_SOURCE,SYNTHETIC_TARGET
83,563.229248046875,181.5374298095703,572.245361328125,175.53469848632812,563.229248046875,181.5374298095703,572.245361328125,175.53469848632812,SIFT:gradient,8.602325439453125,0.027150455737487963,ROBUST_MODEL_INLIER,FIT,0.0161010016265459,SYNTHETIC_SOURCE,SYNTHETIC_TARGET
84,456.2976379394531,394.06280517578125,465.2657775878906,388.05560302734375,456.2976379394531,394.06280517578125,465.2657775878906,388.05560302734375,SIFT:gradient,12.449899673461914,0.027182928049764767,ROBUST_MODEL_INLIER,FIT,0.03268455412684571,SYNTHETIC_SOURCE,SYNTHETIC_TARGET
85,429.70880126953125,402.3390197753906,438.6993408203125,396.3373718261719,429.70880126953125,402.3390197753906,438.6993408203125,396.3373718261719,SIFT:gradient,9.591663360595703,0.02726984888164854,ROBUST_MODEL_INLIER,FIT,0.009668872290111001,SYNTHETIC_SOURCE,SYNTHETIC_TARGET
86,39.90947341918945,275.0010070800781,48.94338607788086,268.9583435058594,39.90947341918945,275.0010070800781,48.94338607788086,268.9583435058594,SIFT:gradient,10.344079971313477,0.02739415958667613,ROBUST_MODEL_INLIER,FIT,0.05392787698630367,SYNTHETIC_SOURCE,SYNTHETIC_TARGET
87,469.75372314453125,428.6507263183594,478.752197265625,422.686767578125,469.75372314453125,428.6507263183594,478.752197265625,422.686767578125,SIFT:gradient,11.135528564453125,0.027396596878195442,ROBUST_MODEL_INLIER,FIT,0.036690024035644246,SYNTHETIC_SOURCE,SYNTHETIC_TARGET
88,555.2986450195312,37.23992156982422,564.3239135742188,31.203420639038086,555.2986450195312,37.23992156982422,564.3239135742188,31.203420639038086,SIFT:gradient,10.24695110321045,0.027420917296115312,ROBUST_MODEL_INLIER,HELD_OUT,0.04380576977008383,SYNTHETIC_SOURCE,SYNTHETIC_TARGET
89,570.724609375,277.496826171875,579.7655029296875,271.4219970703125,570.724609375,277.496826171875,579.7655029296875,271.4219970703125,SIFT:gradient,6.633249759674072,0.027658715864633875,ROBUST_MODEL_INLIER,HELD_OUT,0.08466551380052312,SYNTHETIC_SOURCE,SYNTHETIC_TARGET
90,443.4810791015625,337.3743591308594,452.47259521484375,331.3336181640625,443.4810791015625,337.3743591308594,452.47259521484375,331.3336181640625,SIFT:gradient,9.486832618713379,0.02776052810228042,ROBUST_MODEL_INLIER,FIT,0.0410494211014946,SYNTHETIC_SOURCE,SYNTHETIC_TARGET
91,65.111572265625,578.2960205078125,74.11176300048828,572.2804565429688,65.111572265625,578.2960205078125,74.11176300048828,572.2804565429688,SIFT:gradient,8.774964332580566,0.027842862620086117,ROBUST_MODEL_INLIER,HELD_OUT,0.014953661938023718,SYNTHETIC_SOURCE,SYNTHETIC_TARGET
92,460.0821228027344,454.1742858886719,469.0817565917969,448.17572021484375,460.0821228027344,454.1742858886719,469.0817565917969,448.17572021484375,SIFT:gradient,10.198039054870605,0.027846869810523915,ROBUST_MODEL_INLIER,FIT,0.002109468952488459,SYNTHETIC_SOURCE,SYNTHETIC_TARGET
93,569.36181640625,176.0876922607422,578.368896484375,170.0905303955078,569.36181640625,176.0876922607422,578.368896484375,170.0905303955078,SIFT:gradient,8.88819408416748,0.027875966009409066,ROBUST_MODEL_INLIER,FIT,0.00773835763599913,SYNTHETIC_SOURCE,SYNTHETIC_TARGET
94,550.50830078125,363.3661193847656,559.5,357.3957824707031,550.50830078125,363.3661193847656,559.5,357.3957824707031,SIFT:gradient,8.485280990600586,0.027971950102216654,ROBUST_MODEL_INLIER,HELD_OUT,0.03143152029244015,SYNTHETIC_SOURCE,SYNTHETIC_TARGET
95,519.8895263671875,66.42339324951172,528.8464965820312,60.42717742919922,519.8895263671875,66.42339324951172,528.8464965820312,60.42717742919922,SIFT:gradient,10.954451560974121,0.028096837058204614,ROBUST_MODEL_INLIER,HELD_OUT,0.04340540573323446,SYNTHETIC_SOURCE,SYNTHETIC_TARGET
96,293.6315612792969,303.088134765625,302.56689453125,297.01190185546875,293.6315612792969,303.088134765625,302.56689453125,297.01190185546875,SIFT:gradient,10.198039054870605,0.028104011517646514,ROBUST_MODEL_INLIER,FIT,0.09960079156133063,SYNTHETIC_SOURCE,SYNTHETIC_TARGET
97,152.37232971191406,62.18012237548828,161.39845275878906,56.14379119873047,152.37232971191406,62.18012237548828,161.39845275878906,56.14379119873047,SIFT:gradient,12.649110794067383,0.02811399502721655,ROBUST_MODEL_INLIER,FIT,0.04416380975972495,SYNTHETIC_SOURCE,SYNTHETIC_TARGET
98,529.2262573242188,342.99151611328125,538.15234375,336.973388671875,529.2262573242188,342.99151611328125,538.15234375,336.973388671875,SIFT:gradient,12.845232963562012,0.028118570758242773,ROBUST_MODEL_INLIER,FIT,0.07610942652658885,SYNTHETIC_SOURCE,SYNTHETIC_TARGET
99,567.7049560546875,187.8987579345703,576.7034301757812,181.8744659423828,567.7049560546875,187.8987579345703,576.7034301757812,181.8744659423828,SIFT:gradient,10.816654205322266,0.02812434512567993,ROBUST_MODEL_INLIER,FIT,0.02374104785976942,SYNTHETIC_SOURCE,SYNTHETIC_TARGET
100,358.95849609375,509.8341979980469,367.9503479003906,503.78887939453125,358.95849609375,509.8341979980469,367.9503479003906,503.78887939453125,SIFT:gradient,10.770329475402832,0.02818675698934178,ROBUST_MODEL_INLIER,HELD_OUT,0.04547230763953438,SYNTHETIC_SOURCE,SYNTHETIC_TARGET
101,40.50739669799805,260.590087890625,49.47036361694336,254.5501251220703,40.50739669799805,260.590087890625,49.47036361694336,254.5501251220703,SIFT:gradient,10.908712387084961,0.028208801636450787,ROBUST_MODEL_INLIER,HELD_OUT,0.05414228198032833,SYNTHETIC_SOURCE,SYNTHETIC_TARGET
102,419.9172058105469,80.85529327392578,428.9010009765625,74.89165496826172,419.9172058105469,80.85529327392578,428.9010009765625,74.89165496826172,SIFT:gradient,12.247448921203613,0.028321150233824054,ROBUST_MODEL_INLIER,FIT,0.0404289182184349,SYNTHETIC_SOURCE,SYNTHETIC_TARGET
103,37.994537353515625,498.0120544433594,46.98504638671875,491.9907531738281,37.994537353515625,498.0120544433594,46.98504638671875,491.9907531738281,SIFT:gradient,10.816654205322266,0.028390266300828262,ROBUST_MODEL_INLIER,FIT,0.02282788280590964,SYNTHETIC_SOURCE,SYNTHETIC_TARGET
104,336.3329162597656,376.6217346191406,345.3529052734375,370.6256103515625,336.3329162597656,376.6217346191406,345.3529052734375,370.6256103515625,SIFT:gradient,12.767145156860352,0.028417711521183144,ROBUST_MODEL_INLIER,FIT,0.02033737292006776,SYNTHETIC_SOURCE,SYNTHETIC_TARGET
105,287.6635437011719,306.1976623535156,296.6576843261719,300.18316650390625,287.6635437011719,306.1976623535156,296.6576843261719,300.18316650390625,SIFT:gradient,11.532562255859375,0.028492056018289854,ROBUST_MODEL_INLIER,FIT,0.015131118722950447,SYNTHETIC_SOURCE,SYNTHETIC_TARGET
106,105.1641616821289,68.59627532958984,114.1573715209961,62.58765411376953,105.1641616821289,68.59627532958984,114.1573715209961,62.58765411376953,SIFT:gradient,13.22875690460205,0.028509590041372063,ROBUST_MODEL_INLIER,FIT,0.010600741019359929,SYNTHETIC_SOURCE,SYNTHETIC_TARGET
107,193.97984313964844,403.6231689453125,202.98304748535156,397.60943603515625,193.97984313964844,403.6231689453125,202.98304748535156,397.60943603515625,SIFT:gradient,9.746794700622559,0.02852550795572755,ROBUST_MODEL_INLIER,FIT,0.013472741732570872,SYNTHETIC_SOURCE,SYNTHETIC_TARGET
108,296.60308837890625,311.3869934082031,305.580322265625,305.3555908203125,296.60308837890625,311.3869934082031,305.580322265625,305.3555908203125,SIFT:gradient,10.630146026611328,0.02856121872504276,ROBUST_MODEL_INLIER,HELD_OUT,0.038385266463746286,SYNTHETIC_SOURCE,SYNTHETIC_TARGET
109,157.10098266601562,204.85311889648438,166.10894775390625,198.87258911132812,157.10098266601562,204.85311889648438,166.10894775390625,198.87258911132812,SIFT:gradient,10.440306663513184,0.02860272136305974,ROBUST_MODEL_INLIER,HELD_OUT,0.021546793344853335,SYNTHETIC_SOURCE,SYNTHETIC_TARGET
110,129.51263427734375,548.515625,138.53958129882812,542.5256958007812,129.51263427734375,548.515625,138.53958129882812,542.5256958007812,SIFT:gradient,8.66025447845459,0.028767322100415646,ROBUST_MODEL_INLIER,FIT,0.028844907470821857,SYNTHETIC_SOURCE,SYNTHETIC_TARGET
111,161.8715362548828,65.4210205078125,170.91928100585938,59.50307083129883,161.8715362548828,65.4210205078125,170.91928100585938,59.50307083129883,SIFT:gradient,11.135528564453125,0.028968436155063688,ROBUST_MODEL_INLIER,HELD_OUT,0.09538239453235817,SYNTHETIC_SOURCE,SYNTHETIC_TARGET
112,587.2777709960938,253.5772705078125,596.299560546875,247.5533447265625,587.2777709960938,253.5772705078125,596.299560546875,247.5533447265625,SIFT:gradient,8.5440034866333,0.029016623156054494,ROBUST_MODEL_INLIER,FIT,0.03180829175927308,SYNTHETIC_SOURCE,SYNTHETIC_TARGET
113,512.5128784179688,482.451416015625,521.53173828125,476.44775390625,512.5128784179688,482.451416015625,521.53173828125,476.44775390625,SIFT:gradient,9.05538558959961,0.029045013147869284,ROBUST_MODEL_INLIER,FIT,0.018954560883513986,SYNTHETIC_SOURCE,SYNTHETIC_TARGET
114,483.6047668457031,338.98370361328125,492.5779113769531,332.98480224609375,483.6047668457031,338.98370361328125,492.5779113769531,332.98480224609375,SIFT:gradient,10.535654067993164,0.02905771115012231,ROBUST_MODEL_INLIER,FIT,0.027062072187790838,SYNTHETIC_SOURCE,SYNTHETIC_TARGET
115,176.42662048339844,251.229736328125,185.46224975585938,245.2822723388672,176.42662048339844,251.229736328125,185.46224975585938,245.2822723388672,SIFT:gradient,10.29563045501709,0.029078480200104208,ROBUST_MODEL_INLIER,FIT,0.0638993816427245,SYNTHETIC_SOURCE,SYNTHETIC_TARGET
116,198.71669006347656,342.5672607421875,207.71202087402344,336.5736083984375,198.71669006347656,342.5672607421875,207.71202087402344,336.5736083984375,SIFT:gradient,11.180339813232422,0.02913869740753929,ROBUST_MODEL_INLIER,FIT,0.008465424352713326,SYNTHETIC_SOURCE,SYNTHETIC_TARGET
117,152.95162963867188,59.17778396606445,161.92984008789062,53.178340911865234,152.95162963867188,59.17778396606445,161.92984008789062,53.178340911865234,SIFT:gradient,11.445523262023926,0.02922382928202759,ROBUST_MODEL_INLIER,FIT,0.021973166194932302,SYNTHETIC_SOURCE,SYNTHETIC_TARGET
118,502.3872985839844,333.5967102050781,511.4060363769531,327.6009521484375,502.3872985839844,333.5967102050781,511.4060363769531,327.6009521484375,SIFT:gradient,10.29563045501709,0.029224902517163504,ROBUST_MODEL_INLIER,HELD_OUT,0.019208191320497024,SYNTHETIC_SOURCE,SYNTHETIC_TARGET
119,502.5498046875,58.91413879394531,511.5432434082031,52.907867431640625,502.5498046875,58.91413879394531,511.5432434082031,52.907867431640625,SIFT:gradient,12.12435531616211,0.02927666085123865,ROBUST_MODEL_INLIER,FIT,0.008781973310967838,SYNTHETIC_SOURCE,SYNTHETIC_TARGET
120,549.8573608398438,122.3421630859375,558.8582763671875,116.3290023803711,549.8573608398438,122.3421630859375,558.8582763671875,116.3290023803711,SIFT:gradient,9.899495124816895,0.029678608459739457,ROBUST_MODEL_INLIER,HELD_OUT,0.012573522268342324,SYNTHETIC_SOURCE,SYNTHETIC_TARGET
121,135.72393798828125,201.974365234375,144.70559692382812,196.0406951904297,135.72393798828125,201.974365234375,144.70559692382812,196.0406951904297,SIFT:gradient,9.32737922668457,0.029745331993669036,ROBUST_MODEL_INLIER,FIT,0.06944796585138531,SYNTHETIC_SOURCE,SYNTHETIC_TARGET
122,498.6992492675781,332.53912353515625,507.6537170410156,326.5835876464844,498.6992492675781,332.53912353515625,507.6537170410156,326.5835876464844,SIFT:gradient,11.224971771240234,0.029824759813380716,ROBUST_MODEL_INLIER,HELD_OUT,0.0641779516383531,SYNTHETIC_SOURCE,SYNTHETIC_TARGET
123,281.2157897949219,303.38177490234375,290.1966857910156,297.5074462890625,281.2157897949219,303.38177490234375,290.1966857910156,297.5074462890625,SIFT:gradient,11.401754379272461,0.029873433017338157,ROBUST_MODEL_INLIER,FIT,0.12774151146344556,SYNTHETIC_SOURCE,SYNTHETIC_TARGET
124,62.99542236328125,575.8221435546875,71.98394012451172,569.8345947265625,62.99542236328125,575.8221435546875,71.98394012451172,569.8345947265625,SIFT:gradient,11.445523262023926,0.02996364197031286,ROBUST_MODEL_INLIER,FIT,0.017492072087670014,SYNTHETIC_SOURCE,SYNTHETIC_TARGET
125,292.09014892578125,444.69342041015625,301.12640380859375,438.6844177246094,292.09014892578125,444.69342041015625,301.12640380859375,438.6844177246094,SIFT:gradient,12.409673690795898,0.03003891949323604,ROBUST_MODEL_INLIER,FIT,0.037064902108751574,SYNTHETIC_SOURCE,SYNTHETIC_TARGET
126,347.9708557128906,553.29736328125,356.9668884277344,547.2781982421875,347.9708557128906,553.29736328125,356.9668884277344,547.2781982421875,SIFT:gradient,14.317821502685547,0.030045330907846442,ROBUST_MODEL_INLIER,HELD_OUT,0.019006572077705737,SYNTHETIC_SOURCE,SYNTHETIC_TARGET
127,480.9330139160156,237.0265350341797,489.94647216796875,231.01409912109375,480.9330139160156,237.0265350341797,489.94647216796875,231.01409912109375,SIFT:gradient,12.569805145263672,0.030077070565642974,ROBUST_MODEL_INLIER,HELD_OUT,0.017801252806718675,SYNTHETIC_SOURCE,SYNTHETIC_TARGET
128,152.0108184814453,270.35528564453125,161.0177459716797,264.35833740234375,152.0108184814453,270.35528564453125,161.0177459716797,264.35833740234375,SIFT:gradient,10.29563045501709,0.03009003795869469,ROBUST_MODEL_INLIER,HELD_OUT,0.007701321110161044,SYNTHETIC_SOURCE,SYNTHETIC_TARGET
129,565.3364868164062,161.61944580078125,574.326416015625,155.61749267578125,565.3364868164062,161.61944580078125,574.326416015625,155.61749267578125,SIFT:gradient,11.090536117553711,0.030210697172196842,ROBUST_MODEL_INLIER,FIT,0.010311193744696957,SYNTHETIC_SOURCE,SYNTHETIC_TARGET
130,170.32545471191406,256.6313171386719,179.3110809326172,250.66311645507812,170.32545471191406,256.6313171386719,179.3110809326172,250.66311645507812,SIFT:gradient,10.908712387084961,0.030235678880005806,ROBUST_MODEL_INLIER,FIT,0.035516220540911955,SYNTHETIC_SOURCE,SYNTHETIC_TARGET
131,129.29165649414062,538.5409545898438,138.2969970703125,532.5560302734375,129.29165649414062,538.5409545898438,138.2969970703125,532.5560302734375,SIFT:gradient,10.816654205322266,0.03030576672947162,ROBUST_MODEL_INLIER,FIT,0.016521710605427585,SYNTHETIC_SOURCE,SYNTHETIC_TARGET
132,507.31585693359375,46.974491119384766,516.3014526367188,41.02811813354492,507.31585693359375,46.974491119384766,516.3014526367188,41.02811813354492,SIFT:gradient,10.770329475402832,0.03030674930326332,ROBUST_MODEL_INLIER,FIT,0.05615687611159342,SYNTHETIC_SOURCE,SYNTHETIC_TARGET
133,519.3328247070312,411.9323425292969,528.33203125,405.9587097167969,519.3328247070312,411.9323425292969,528.33203125,405.9587097167969,SIFT:gradient,11.045360565185547,0.030343252373700138,ROBUST_MODEL_INLIER,FIT,0.026994121857599272,SYNTHETIC_SOURCE,SYNTHETIC_TARGET
134,577.345703125,248.9911346435547,586.3512573242188,242.98931884765625,577.345703125,248.9911346435547,586.3512573242188,242.98931884765625,SIFT:gradient,8.88819408416748,0.030424038161414518,ROBUST_MODEL_INLIER,FIT,0.005534482901515925,SYNTHETIC_SOURCE,SYNTHETIC_TARGET
135,330.54156494140625,373.6615905761719,339.5462646484375,367.6591796875,330.54156494140625,373.6615905761719,339.5462646484375,367.6591796875,SIFT:gradient,15.81138801574707,0.03051498737542546,ROBUST_MODEL_INLIER,FIT,0.004890626377190832,SYNTHETIC_SOURCE,SYNTHETIC_TARGET
136,526.5181884765625,414.683837890625,535.5081787109375,408.71246337890625,526.5181884765625,414.683837890625,535.5081787109375,408.71246337890625,SIFT:gradient,9.591663360595703,0.030801896430827216,ROBUST_MODEL_INLIER,FIT,0.03095170044352872,SYNTHETIC_SOURCE,SYNTHETIC_TARGET
137,559.1134643554688,548.4996337890625,568.1029663085938,542.5040283203125,559.1134643554688,548.4996337890625,568.1029663085938,542.5040283203125,SIFT:gradient,15.65247631072998,0.03081184092726458,ROBUST_MODEL_INLIER,FIT,0.011767959588543708,SYNTHETIC_SOURCE,SYNTHETIC_TARGET
138,295.622314453125,315.69293212890625,304.65362548828125,309.71588134765625,295.622314453125,315.69293212890625,304.65362548828125,309.71588134765625,SIFT:gradient,11.0,0.0308433180697495,ROBUST_MODEL_INLIER,FIT,0.039062798022087016,SYNTHETIC_SOURCE,SYNTHETIC_TARGET
139,161.0467071533203,86.6983642578125,170.039306640625,80.70878601074219,161.0467071533203,86.6983642578125,170.039306640625,80.70878601074219,SIFT:gradient,8.062257766723633,0.030871073998408678,ROBUST_MODEL_INLIER,FIT,0.013369990949429734,SYNTHETIC_SOURCE,SYNTHETIC_TARGET
140,204.1420440673828,293.326416015625,213.13446044921875,287.4056396484375,204.1420440673828,293.326416015625,213.13446044921875,287.4056396484375,SIFT:gradient,10.099504470825195,0.030880426821752197,ROBUST_MODEL_INLIER,FIT,0.08020794190919206,SYNTHETIC_SOURCE,SYNTHETIC_TARGET
141,152.91864013671875,50.03146743774414,161.8679962158203,43.97435760498047,152.91864013671875,50.03146743774414,161.8679962158203,43.97435760498047,SIFT:gradient,12.0,0.030918696101870913,ROBUST_MODEL_INLIER,HELD_OUT,0.07597681673483615,SYNTHETIC_SOURCE,SYNTHETIC_TARGET
142,575.408935546875,178.17860412597656,584.42236328125,172.15505981445312,575.408935546875,178.17860412597656,584.42236328125,172.15505981445312,SIFT:gradient,11.045360565185547,0.030930649370848814,ROBUST_MODEL_INLIER,FIT,0.02649898174782379,SYNTHETIC_SOURCE,SYNTHETIC_TARGET
143,469.4761657714844,445.834228515625,478.4342346191406,439.8064880371094,469.4761657714844,445.834228515625,478.4342346191406,439.8064880371094,SIFT:gradient,13.490737915039062,0.030965606293758805,ROBUST_MODEL_INLIER,HELD_OUT,0.05007079968012327,SYNTHETIC_SOURCE,SYNTHETIC_TARGET
144,150.58984375,44.954376220703125,159.56820678710938,39.00815200805664,150.58984375,44.954376220703125,159.56820678710938,39.00815200805664,SIFT:gradient,8.9442720413208,0.030983928837984422,ROBUST_MODEL_INLIER,FIT,0.05858870735424039,SYNTHETIC_SOURCE,SYNTHETIC_TARGET
145,585.096923828125,172.2324676513672,594.0949096679688,166.23220825195312,585.096923828125,172.2324676513672,594.0949096679688,166.23220825195312,SIFT:gradient,10.535654067993164,0.03099258119439902,ROBUST_MODEL_INLIER,FIT,0.0021949862207151834,SYNTHETIC_SOURCE,SYNTHETIC_TARGET
146,469.9781799316406,455.6722412109375,478.97979736328125,449.6763000488281,469.9781799316406,455.6722412109375,478.97979736328125,449.6763000488281,SIFT:gradient,10.816654205322266,0.031016969717335606,ROBUST_MODEL_INLIER,FIT,0.004893577153891394,SYNTHETIC_SOURCE,SYNTHETIC_TARGET
147,471.5506896972656,431.6448059082031,480.5517883300781,425.62939453125,471.5506896972656,431.6448059082031,480.5517883300781,425.62939453125,SIFT:gradient,8.246211051940918,0.031054606332885273,ROBUST_MODEL_INLIER,FIT,0.014831228998573632,SYNTHETIC_SOURCE,SYNTHETIC_TARGET
148,474.0746154785156,321.55126953125,483.0915222167969,315.5860900878906,474.0746154785156,321.55126953125,483.0915222167969,315.5860900878906,SIFT:gradient,11.916375160217285,0.031123542801789958,ROBUST_MODEL_INLIER,FIT,0.03919248411889645,SYNTHETIC_SOURCE,SYNTHETIC_TARGET
149,213.57827758789062,330.5769958496094,222.58468627929688,324.56951904296875,213.57827758789062,330.5769958496094,222.58468627929688,324.56951904296875,SIFT:gradient,9.69536018371582,0.03114823373845303,ROBUST_MODEL_INLIER,HELD_OUT,0.009289081576675063,SYNTHETIC_SOURCE,SYNTHETIC_TARGET
150,191.0596923828125,433.9993896484375,200.0352325439453,428.0403137207031,191.0596923828125,433.9993896484375,200.0352325439453,428.0403137207031,SIFT:gradient,14.142135620117188,0.031151286678392415,ROBUST_MODEL_INLIER,HELD_OUT,0.0482791871684166,SYNTHETIC_SOURCE,SYNTHETIC_TARGET
151,565.6334228515625,264.7163391113281,574.6552734375,258.70196533203125,565.6334228515625,264.7163391113281,574.6552734375,258.70196533203125,SIFT:gradient,11.445523262023926,0.031158154651895618,ROBUST_MODEL_INLIER,FIT,0.02569503964273171,SYNTHETIC_SOURCE,SYNTHETIC_TARGET
152,168.24887084960938,223.32522583007812,177.24862670898438,217.31053161621094,168.24887084960938,223.32522583007812,177.24862670898438,217.31053161621094,SIFT:gradient,12.489995956420898,0.031162143508795814,ROBUST_MODEL_INLIER,FIT,0.014089448922243465,SYNTHETIC_SOURCE,SYNTHETIC_TARGET
153,40.19732666015625,353.7899169921875,49.203941345214844,347.81024169921875,40.19732666015625,353.7899169921875,49.203941345214844,347.81024169921875,SIFT:gradient,12.0,0.031183350481363472,ROBUST_MODEL_INLIER,FIT,0.02190970967703624,SYNTHETIC_SOURCE,SYNTHETIC_TARGET
154,510.96124267578125,370.23052978515625,519.9656372070312,364.2415771484375,510.96124267578125,370.23052978515625,519.9656372070312,364.2415771484375,SIFT:gradient,12.369317054748535,0.031199062241053562,ROBUST_MODEL_INLIER,FIT,0.012405498734123298,SYNTHETIC_SOURCE,SYNTHETIC_TARGET
155,468.5311584472656,319.32916259765625,477.53021240234375,313.31707763671875,468.5311584472656,319.32916259765625,477.53021240234375,313.31707763671875,SIFT:gradient,11.916375160217285,0.03120111538720309,ROBUST_MODEL_INLIER,FIT,0.011527083515162868,SYNTHETIC_SOURCE,SYNTHETIC_TARGET
156,174.13072204589844,88.89096069335938,183.16143798828125,82.85921478271484,174.13072204589844,88.89096069335938,183.16143798828125,82.85921478271484,SIFT:gradient,13.638181686401367,0.031216909443386058,ROBUST_MODEL_INLIER,FIT,0.04362959634429107,SYNTHETIC_SOURCE,SYNTHETIC_TARGET
157,540.5819702148438,120.94105529785156,549.5975952148438,114.94361877441406,540.5819702148438,120.94105529785156,549.5975952148438,114.94361877441406,SIFT:gradient,11.575837135314941,0.031249773443136244,ROBUST_MODEL_INLIER,FIT,0.015794578862678647,SYNTHETIC_SOURCE,SYNTHETIC_TARGET
158,564.9532470703125,284.5823059082031,573.9419555664062,278.6026916503906,564.9532470703125,284.5823059082031,573.9419555664062,278.6026916503906,SIFT:gradient,7.4833149909973145,0.03128985987443773,ROBUST_MODEL_INLIER,HELD_OUT,0.023912406608580634,SYNTHETIC_SOURCE,SYNTHETIC_TARGET
159,544.8972778320312,122.45883178710938,553.9190673828125,116.49481964111328,544.8972778320312,122.45883178710938,553.9190673828125,116.49481964111328,SIFT:gradient,9.165151596069336,0.031318343791771446,ROBUST_MODEL_INLIER,FIT,0.042515724312437775,SYNTHETIC_SOURCE,SYNTHETIC_TARGET
160,252.73020935058594,449.49017333984375,261.7087097167969,443.44940185546875,252.73020935058594,449.49017333984375,261.7087097167969,443.44940185546875,SIFT:gradient,12.449899673461914,0.03137647771969374,ROBUST_MODEL_INLIER,FIT,0.045626037439707536,SYNTHETIC_SOURCE,SYNTHETIC_TARGET
161,141.81076049804688,517.7236938476562,150.8426513671875,511.7844543457031,141.81076049804688,517.7236938476562,150.8426513671875,511.7844543457031,SIFT:gradient,13.114876747131348,0.03143915464073041,ROBUST_MODEL_INLIER,HELD_OUT,0.06909196536849002,SYNTHETIC_SOURCE,SYNTHETIC_TARGET
162,508.08795166015625,309.3796691894531,517.0274047851562,303.3667907714844,508.08795166015625,309.3796691894531,517.0274047851562,303.3667907714844,SIFT:gradient,8.0,0.031472900000270136,ROBUST_MODEL_INLIER,FIT,0.06192681364771258,SYNTHETIC_SOURCE,SYNTHETIC_TARGET
163,504.4377136230469,34.3632698059082,513.4193115234375,28.337587356567383,504.4377136230469,34.3632698059082,513.4193115234375,28.337587356567383,SIFT:gradient,11.090536117553711,0.03154822403438253,ROBUST_MODEL_INLIER,FIT,0.031191128790544125,SYNTHETIC_SOURCE,SYNTHETIC_TARGET
164,466.68914794921875,468.63055419921875,475.6993713378906,462.6289978027344,466.68914794921875,468.63055419921875,475.6993713378906,462.6289978027344,SIFT:gradient,13.56466007232666,0.031553572407202406,ROBUST_MODEL_INLIER,FIT,0.01011513862336207,SYNTHETIC_SOURCE,SYNTHETIC_TARGET
165,413.97845458984375,388.6925048828125,422.97674560546875,382.65118408203125,413.97845458984375,388.6925048828125,422.97674560546875,382.65118408203125,SIFT:gradient,14.696938514709473,0.031557683615123205,ROBUST_MODEL_INLIER,FIT,0.04075298917739123,SYNTHETIC_SOURCE,SYNTHETIC_TARGET
166,85.59257507324219,505.9356384277344,94.6023178100586,499.93585205078125,85.59257507324219,505.9356384277344,94.6023178100586,499.93585205078125,SIFT:gradient,11.747340202331543,0.031609722228951226,ROBUST_MODEL_INLIER,HELD_OUT,0.009625481316565834,SYNTHETIC_SOURCE,SYNTHETIC_TARGET
167,563.229248046875,181.5374298095703,572.245361328125,175.53469848632812,563.229248046875,181.5374298095703,572.245361328125,175.53469848632812,SIFT:gradient,10.392304420471191,0.03161575162639578,ROBUST_MODEL_INLIER,FIT,0.0161010016265459,SYNTHETIC_SOURCE,SYNTHETIC_TARGET
168,275.3541564941406,205.39215087890625,284.3761291503906,199.4144287109375,275.3541564941406,205.39215087890625,284.3761291503906,199.4144287109375,SIFT:gradient,11.0,0.03164003838433279,ROBUST_MODEL_INLIER,HELD_OUT,0.03162252885885322,SYNTHETIC_SOURCE,SYNTHETIC_TARGET
169,481.11968994140625,423.4800109863281,490.13922119140625,417.4475402832031,481.11968994140625,423.4800109863281,490.13922119140625,417.4475402832031,SIFT:gradient,11.090536117553711,0.03164580970769562,ROBUST_MODEL_INLIER,FIT,0.03729094456882827,SYNTHETIC_SOURCE,SYNTHETIC_TARGET
170,44.55699157714844,378.03314208984375,53.55762481689453,372.042724609375,44.55699157714844,378.03314208984375,53.55762481689453,372.042724609375,SIFT:gradient,14.387495040893555,0.031685444350158284,ROBUST_MODEL_INLIER,HELD_OUT,0.010204197535326816,SYNTHETIC_SOURCE,SYNTHETIC_TARGET
171,127.88017272949219,88.58367919921875,136.80906677246094,82.61526489257812,127.88017272949219,88.58367919921875,136.80906677246094,82.61526489257812,SIFT:gradient,14.247806549072266,0.03175326471480003,ROBUST_MODEL_INLIER,FIT,0.07819440857883811,SYNTHETIC_SOURCE,SYNTHETIC_TARGET
172,527.2296142578125,460.3096618652344,536.23486328125,454.3236083984375,527.2296142578125,460.3096618652344,536.23486328125,454.3236083984375,SIFT:gradient,12.449899673461914,0.031834929053137145,ROBUST_MODEL_INLIER,FIT,0.015423247043445044,SYNTHETIC_SOURCE,SYNTHETIC_TARGET
173,283.4342346191406,187.27491760253906,292.4544677734375,181.283203125,283.4342346191406,187.27491760253906,292.4544677734375,181.283203125,SIFT:gradient,11.832159996032715,0.03208751628102291,ROBUST_MODEL_INLIER,FIT,0.02196282590735277,SYNTHETIC_SOURCE,SYNTHETIC_TARGET
174,44.40431213378906,498.4427185058594,53.37957000732422,492.3706359863281,44.40431213378906,498.4427185058594,53.37957000732422,492.3706359863281,SIFT:gradient,12.489995956420898,0.03209364512053657,ROBUST_MODEL_INLIER,FIT,0.07568366796736001,SYNTHETIC_SOURCE,SYNTHETIC_TARGET
175,385.3255310058594,104.59554290771484,394.3919677734375,98.56944274902344,385.3255310058594,104.59554290771484,394.3919677734375,98.56944274902344,SIFT:gradient,13.114876747131348,0.032114994878020824,ROBUST_MODEL_INLIER,FIT,0.07101635547050854,SYNTHETIC_SOURCE,SYNTHETIC_TARGET
176,190.0958251953125,419.66778564453125,199.08413696289062,413.6666564941406,190.0958251953125,419.66778564453125,199.08413696289062,413.6666564941406,SIFT:gradient,14.247806549072266,0.03211687284192203,ROBUST_MODEL_INLIER,HELD_OUT,0.01185218030140347,SYNTHETIC_SOURCE,SYNTHETIC_TARGET
177,47.99724197387695,612.9365844726562,57.03546905517578,606.9362182617188,47.99724197387695,612.9365844726562,57.03546905517578,606.9362182617188,SIFT:gradient,11.747340202331543,0.032164340434268114,ROBUST_MODEL_INLIER,FIT,0.0380752761373582,SYNTHETIC_SOURCE,SYNTHETIC_TARGET
178,527.0318603515625,338.04754638671875,536.02783203125,332.04718017578125,527.0318603515625,338.04754638671875,536.02783203125,332.04718017578125,SIFT:gradient,10.198039054870605,0.032176553961044886,ROBUST_MODEL_INLIER,FIT,0.0041880303303263346,SYNTHETIC_SOURCE,SYNTHETIC_TARGET
179,501.8990173339844,302.4859313964844,510.89630126953125,296.4982604980469,501.8990173339844,302.4859313964844,510.89630126953125,296.4982604980469,SIFT:gradient,11.269427299499512,0.032191007003404375,ROBUST_MODEL_INLIER,FIT,0.01325362642612861,SYNTHETIC_SOURCE,SYNTHETIC_TARGET
180,81.95279693603516,499.622314453125,90.96073913574219,493.6240234375,81.95279693603516,499.622314453125,90.96073913574219,493.6240234375,SIFT:gradient,11.313708305358887,0.03220796244155194,ROBUST_MODEL_INLIER,HELD_OUT,0.008127568605756268,SYNTHETIC_SOURCE,SYNTHETIC_TARGET
181,199.4384307861328,276.5254821777344,208.50668334960938,270.51544189453125,199.4384307861328,276.5254821777344,208.50668334960938,270.51544189453125,SIFT:gradient,15.0,0.032218454123804155,ROBUST_MODEL_INLIER,FIT,0.0687497657127073,SYNTHETIC_SOURCE,SYNTHETIC_TARGET
182,213.71543884277344,311.1131896972656,222.68179321289062,305.05450439453125,213.71543884277344,311.1131896972656,222.68179321289062,305.05450439453125,SIFT:gradient,11.401754379272461,0.03234934018591927,ROBUST_MODEL_INLIER,FIT,0.06719389465030563,SYNTHETIC_SOURCE,SYNTHETIC_TARGET
183,195.0376739501953,398.69677734375,204.1070556640625,392.7183837890625,195.0376739501953,398.69677734375,204.1070556640625,392.7183837890625,SIFT:gradient,12.806248664855957,0.03236843893063206,ROBUST_MODEL_INLIER,HELD_OUT,0.07270665682634411,SYNTHETIC_SOURCE,SYNTHETIC_TARGET
184,229.5454864501953,30.487167358398438,238.55125427246094,24.492231369018555,229.5454864501953,30.487167358398438,238.55125427246094,24.492231369018555,SIFT:gradient,12.688577651977539,0.032494141893144445,ROBUST_MODEL_INLIER,HELD_OUT,0.007983059768390673,SYNTHETIC_SOURCE,SYNTHETIC_TARGET
185,507.31585693359375,46.974491119384766,516.3014526367188,41.02811813354492,507.31585693359375,46.974491119384766,516.3014526367188,41.02811813354492,SIFT:gradient,10.0,0.03253293006055446,ROBUST_MODEL_INLIER,FIT,0.05615687611159342,SYNTHETIC_SOURCE,SYNTHETIC_TARGET
186,547.9381713867188,132.09661865234375,556.9218139648438,126.07835388183594,547.9381713867188,132.09661865234375,556.9218139648438,126.07835388183594,SIFT:gradient,11.0,0.0326027898084805,ROBUST_MODEL_INLIER,FIT,0.024171448668990483,SYNTHETIC_SOURCE,SYNTHETIC_TARGET
187,156.08026123046875,47.90406799316406,165.0899200439453,41.93729782104492,156.08026123046875,47.90406799316406,165.0899200439453,41.93729782104492,SIFT:gradient,14.387495040893555,0.03261104317279785,ROBUST_MODEL_INLIER,HELD_OUT,0.035150050777338786,SYNTHETIC_SOURCE,SYNTHETIC_TARGET
188,439.2938232421875,476.04071044921875,448.3028564453125,470.04150390625,439.2938232421875,476.04071044921875,448.3028564453125,470.04150390625,SIFT:gradient,11.445523262023926,0.03265022852736809,ROBUST_MODEL_INLIER,FIT,0.008990884578777534,SYNTHETIC_SOURCE,SYNTHETIC_TARGET
189,253.06590270996094,188.17962646484375,262.0359191894531,182.20437622070312,253.06590270996094,188.17962646484375,262.0359191894531,182.20437622070312,SIFT:gradient,12.569805145263672,0.03272743283360558,ROBUST_MODEL_INLIER,FIT,0.039386800807521986,SYNTHETIC_SOURCE,SYNTHETIC_TARGET
190,217.1876678466797,145.51663208007812,226.2051544189453,139.46958923339844,217.1876678466797,145.51663208007812,226.2051544189453,139.46958923339844,SIFT:gradient,11.832159996032715,0.03277468391758505,ROBUST_MODEL_INLIER,HELD_OUT,0.04956252230385763,SYNTHETIC_SOURCE,SYNTHETIC_TARGET
191,50.82950973510742,178.10983276367188,59.8464469909668,172.1365966796875,50.82950973510742,178.10983276367188,59.8464469909668,172.1365966796875,SIFT:gradient,10.816654205322266,0.03281814721420843,ROBUST_MODEL_INLIER,FIT,0.032110365993865096,SYNTHETIC_SOURCE,SYNTHETIC_TARGET
192,518.8519897460938,70.58936309814453,527.8684692382812,64.67127227783203,518.8519897460938,70.58936309814453,527.8684692382812,64.67127227783203,SIFT:gradient,11.180339813232422,0.0328543762116685,ROBUST_MODEL_INLIER,FIT,0.08411920614009051,SYNTHETIC_SOURCE,SYNTHETIC_TARGET
193,509.7160949707031,321.9029235839844,518.7218017578125,315.8949279785156,509.7160949707031,321.9029235839844,518.7218017578125,315.8949279785156,SIFT:gradient,14.317821502685547,0.032854424649923344,ROBUST_MODEL_INLIER,HELD_OUT,0.009240730719014812,SYNTHETIC_SOURCE,SYNTHETIC_TARGET
194,495.41815185546875,71.71182250976562,504.4273376464844,65.66888427734375,495.41815185546875,71.71182250976562,504.4273376464844,65.66888427734375,SIFT:gradient,11.789826393127441,0.03285706204500152,ROBUST_MODEL_INLIER,FIT,0.043281038073767986,SYNTHETIC_SOURCE,SYNTHETIC_TARGET
195,132.9569091796875,508.4581604003906,141.947509765625,502.4648132324219,132.9569091796875,508.4581604003906,141.947509765625,502.4648132324219,SIFT:gradient,13.34166431427002,0.032864631429160795,ROBUST_MODEL_INLIER,FIT,0.011999774049082049,SYNTHETIC_SOURCE,SYNTHETIC_TARGET
196,226.35040283203125,31.637693405151367,235.35394287109375,25.606782913208008,226.35040283203125,31.637693405151367,235.35394287109375,25.606782913208008,SIFT:gradient,13.711309432983398,0.0328833912931785,ROBUST_MODEL_INLIER,HELD_OUT,0.030488905072855964,SYNTHETIC_SOURCE,SYNTHETIC_TARGET
197,512.408203125,454.6181640625,521.4114379882812,448.62774658203125,512.408203125,454.6181640625,521.4114379882812,448.62774658203125,SIFT:gradient,14.899664878845215,0.03292705424080835,ROBUST_MODEL_INLIER,HELD_OUT,0.010648710847678081,SYNTHETIC_SOURCE,SYNTHETIC_TARGET
198,152.37232971191406,62.18012237548828,161.39845275878906,56.14379119873047,152.37232971191406,62.18012237548828,161.39845275878906,56.14379119873047,SIFT:gradient,14.798648834228516,0.03299737012956304,ROBUST_MODEL_INLIER,FIT,0.04416380975972495,SYNTHETIC_SOURCE,SYNTHETIC_TARGET
199,50.82950973510742,178.10983276367188,59.8464469909668,172.1365966796875,50.82950973510742,178.10983276367188,59.8464469909668,172.1365966796875,SIFT:gradient,11.0,0.033044807338857424,ROBUST_MODEL_INLIER,FIT,0.032110365993865096,SYNTHETIC_SOURCE,SYNTHETIC_TARGET
200,464.776611328125,447.1453857421875,473.7723388671875,441.14703369140625,464.776611328125,447.1453857421875,473.7723388671875,441.14703369140625,SIFT:gradient,11.87434196472168,0.0330744942008899,ROBUST_MODEL_INLIER,HELD_OUT,0.0049679955263551515,SYNTHETIC_SOURCE,SYNTHETIC_TARGET
201,441.54217529296875,488.0810546875,450.5538024902344,482.1095275878906,441.54217529296875,488.0810546875,450.5538024902344,482.1095275878906,SIFT:gradient,12.328827857971191,0.033168025744378035,ROBUST_MODEL_INLIER,FIT,0.03126503165643347,SYNTHETIC_SOURCE,SYNTHETIC_TARGET
202,122.05558013916016,391.5601806640625,131.0885467529297,385.55303955078125,122.05558013916016,391.5601806640625,131.0885467529297,385.55303955078125,SIFT:gradient,13.856406211853027,0.033222774250111456,ROBUST_MODEL_INLIER,HELD_OUT,0.03345760217063709,SYNTHETIC_SOURCE,SYNTHETIC_TARGET
203,197.58306884765625,328.9215087890625,206.58323669433594,322.90496826171875,197.58306884765625,328.9215087890625,206.58323669433594,322.90496826171875,SIFT:gradient,12.727922439575195,0.03324498125155785,ROBUST_MODEL_INLIER,FIT,0.01593018308909749,SYNTHETIC_SOURCE,SYNTHETIC_TARGET
204,132.51734924316406,199.31881713867188,141.49339294433594,193.2864227294922,132.51734924316406,199.31881713867188,141.49339294433594,193.2864227294922,SIFT:gradient,8.426149368286133,0.03325121480506548,ROBUST_MODEL_INLIER,HELD_OUT,0.03989316655055368,SYNTHETIC_SOURCE,SYNTHETIC_TARGET
205,217.6038360595703,141.05580139160156,226.65261840820312,135.0747833251953,217.6038360595703,141.05580139160156,226.65261840820312,135.0747833251953,SIFT:gradient,11.224971771240234,0.03328317976361713,ROBUST_MODEL_INLIER,FIT,0.052428153386193325,SYNTHETIC_SOURCE,SYNTHETIC_TARGET
206,185.06625366210938,25.229116439819336,194.11871337890625,19.24162483215332,185.06625366210938,25.229116439819336,194.11871337890625,19.24162483215332,SIFT:gradient,15.231546401977539,0.033327268885353735,ROBUST_MODEL_INLIER,HELD_OUT,0.05392714692839406,SYNTHETIC_SOURCE,SYNTHETIC_TARGET
207,161.32666015625,211.20819091796875,170.29107666015625,205.17501831054688,161.32666015625,211.20819091796875,170.29107666015625,205.17501831054688,SIFT:gradient,10.72380542755127,0.03338563114750049,ROBUST_MODEL_INLIER,FIT,0.04834633600584128,SYNTHETIC_SOURCE,SYNTHETIC_TARGET
208,354.90771484375,405.36285400390625,363.9256896972656,399.4082946777344,354.90771484375,405.36285400390625,363.9256896972656,399.4082946777344,SIFT:gradient,10.58300495147705,0.03349236567035454,ROBUST_MODEL_INLIER,FIT,0.04937945009349583,SYNTHETIC_SOURCE,SYNTHETIC_TARGET
209,532.5174560546875,101.63685607910156,541.4876098632812,95.6267318725586,532.5174560546875,101.63685607910156,541.4876098632812,95.6267318725586,SIFT:gradient,12.609519958496094,0.03349723944263032,ROBUST_MODEL_INLIER,HELD_OUT,0.031471259839606136,SYNTHETIC_SOURCE,SYNTHETIC_TARGET
210,393.0457763671875,103.39189147949219,402.0501403808594,97.39395904541016,393.0457763671875,103.39189147949219,402.0501403808594,97.39395904541016,SIFT:gradient,14.071247100830078,0.033561811024854296,ROBUST_MODEL_INLIER,FIT,0.004990726314192882,SYNTHETIC_SOURCE,SYNTHETIC_TARGET
211,519.1051025390625,96.35709381103516,528.0852661132812,90.37435913085938,519.1051025390625,96.35709381103516,528.0852661132812,90.37435913085938,SIFT:gradient,12.767145156860352,0.03362908971341058,ROBUST_MODEL_INLIER,FIT,0.02681604547841387,SYNTHETIC_SOURCE,SYNTHETIC_TARGET
212,223.62240600585938,149.00143432617188,232.5279998779297,143.0594024658203,223.62240600585938,149.00143432617188,232.5279998779297,143.0594024658203,SIFT:gradient,12.806248664855957,0.03369190660303637,ROBUST_MODEL_INLIER,FIT,0.11123304531539402,SYNTHETIC_SOURCE,SYNTHETIC_TARGET
213,555.6113891601562,198.17628479003906,564.645263671875,192.16690063476562,555.6113891601562,198.17628479003906,564.645263671875,192.16690063476562,SIFT:gradient,12.206555366516113,0.03370305392328111,ROBUST_MODEL_INLIER,HELD_OUT,0.03484462337618137,SYNTHETIC_SOURCE,SYNTHETIC_TARGET
214,305.44281005859375,170.56605529785156,314.4546813964844,164.50645446777344,305.44281005859375,170.56605529785156,314.4546813964844,164.50645446777344,SIFT:gradient,13.784049034118652,0.03373684168167739,ROBUST_MODEL_INLIER,FIT,0.06014320956737273,SYNTHETIC_SOURCE,SYNTHETIC_TARGET
215,50.26594543457031,377.6265563964844,59.31559753417969,371.6423645019531,50.26594543457031,377.6265563964844,59.31559753417969,371.6423645019531,SIFT:gradient,13.601470947265625,0.03375959052162454,ROBUST_MODEL_INLIER,HELD_OUT,0.05215138916348894,SYNTHETIC_SOURCE,SYNTHETIC_TARGET
216,39.71820068359375,376.39251708984375,48.70534133911133,370.38525390625,39.71820068359375,376.39251708984375,48.70534133911133,370.38525390625,SIFT:gradient,13.304134368896484,0.03380344194273659,ROBUST_MODEL_INLIER,FIT,0.014614053445802478,SYNTHETIC_SOURCE,SYNTHETIC_TARGET
217,171.79884338378906,60.56455612182617,180.7772674560547,54.52641677856445,171.79884338378906,60.56455612182617,180.7772674560547,54.52641677856445,SIFT:gradient,12.165525436401367,0.03385653719013459,ROBUST_MODEL_INLIER,HELD_OUT,0.04336535032979555,SYNTHETIC_SOURCE,SYNTHETIC_TARGET
218,203.59246826171875,158.6022186279297,212.5369873046875,152.6085662841797,203.59246826171875,158.6022186279297,212.5369873046875,152.6085662841797,SIFT:gradient,13.964240074157715,0.03391197289281634,ROBUST_MODEL_INLIER,HELD_OUT,0.056066970609201766,SYNTHETIC_SOURCE,SYNTHETIC_TARGET
219,481.5861511230469,334.6373596191406,490.56927490234375,328.5956115722656,481.5861511230469,334.6373596191406,490.56927490234375,328.5956115722656,SIFT:gradient,13.114876747131348,0.033919498919978315,ROBUST_MODEL_INLIER,FIT,0.0445229187918611,SYNTHETIC_SOURCE,SYNTHETIC_TARGET
220,572.490966796875,282.47161865234375,581.4879760742188,276.4306945800781,572.490966796875,282.47161865234375,581.4879760742188,276.4306945800781,SIFT:gradient,10.535654067993164,0.034071000052108356,ROBUST_MODEL_INLIER,FIT,0.0404360789162805,SYNTHETIC_SOURCE,SYNTHETIC_TARGET
221,413.965087890625,83.60272979736328,422.91302490234375,77.57764434814453,413.965087890625,83.60272979736328,422.91302490234375,77.57764434814453,SIFT:gradient,11.445523262023926,0.0341376156619812,ROBUST_MODEL_INLIER,FIT,0.05766712061689793,SYNTHETIC_SOURCE,SYNTHETIC_TARGET
222,564.9532470703125,284.5823059082031,573.9419555664062,278.6026916503906,564.9532470703125,284.5823059082031,573.9419555664062,278.6026916503906,SIFT:gradient,9.433980941772461,0.03418266268607733,ROBUST_MODEL_INLIER,FIT,0.023912406608580634,SYNTHETIC_SOURCE,SYNTHETIC_TARGET
223,463.86138916015625,275.66644287109375,472.9013977050781,269.6381530761719,463.86138916015625,275.66644287109375,472.9013977050781,269.6381530761719,SIFT:gradient,11.48912525177002,0.03424923650649754,ROBUST_MODEL_INLIER,FIT,0.048524724579967426,SYNTHETIC_SOURCE,SYNTHETIC_TARGET
224,524.9033813476562,89.65451049804688,533.8834838867188,83.63794708251953,524.9033813476562,89.65451049804688,533.8834838867188,83.63794708251953,SIFT:gradient,12.041594505310059,0.0342505643701883,ROBUST_MODEL_INLIER,FIT,0.025622347821317875,SYNTHETIC_SOURCE,SYNTHETIC_TARGET
225,517.7799682617188,336.4701843261719,526.7679443359375,330.404541015625,517.7799682617188,336.4701843261719,526.7679443359375,330.404541015625,SIFT:gradient,12.12435531616211,0.03428312114214343,ROBUST_MODEL_INLIER,HELD_OUT,0.06616308063765441,SYNTHETIC_SOURCE,SYNTHETIC_TARGET
226,128.18994140625,217.96026611328125,137.19773864746094,211.9821014404297,128.18994140625,217.96026611328125,137.19773864746094,211.9821014404297,SIFT:gradient,12.569805145263672,0.03429933528532151,ROBUST_MODEL_INLIER,FIT,0.023711794895840296,SYNTHETIC_SOURCE,SYNTHETIC_TARGET
227,99.30056762695312,306.9568786621094,108.30384826660156,300.95794677734375,99.30056762695312,306.9568786621094,108.30384826660156,300.95794677734375,SIFT:gradient,11.224971771240234,0.03430083649232749,ROBUST_MODEL_INLIER,FIT,0.003549923743936719,SYNTHETIC_SOURCE,SYNTHETIC_TARGET
228,590.8480224609375,229.76187133789062,599.8505859375,223.79104614257812,590.8480224609375,229.76187133789062,599.8505859375,223.79104614257812,SIFT:gradient,9.380831718444824,0.034329332791091356,ROBUST_MODEL_INLIER,FIT,0.029882568782236395,SYNTHETIC_SOURCE,SYNTHETIC_TARGET
229,211.5196075439453,154.02896118164062,220.60281372070312,148.00135803222656,211.5196075439453,154.02896118164062,220.60281372070312,148.00135803222656,SIFT:gradient,12.961481094360352,0.03433471895278584,ROBUST_MODEL_INLIER,HELD_OUT,0.0873298904131634,SYNTHETIC_SOURCE,SYNTHETIC_TARGET
230,519.8895263671875,66.42339324951172,528.8464965820312,60.42717742919922,519.8895263671875,66.42339324951172,528.8464965820312,60.42717742919922,SIFT:gradient,10.535654067993164,0.03440049715624595,ROBUST_MODEL_INLIER,FIT,0.04340540573323446,SYNTHETIC_SOURCE,SYNTHETIC_TARGET
231,42.7050895690918,192.9066619873047,51.691673278808594,186.93954467773438,42.7050895690918,192.9066619873047,51.691673278808594,186.93954467773438,SIFT:gradient,13.711309432983398,0.03445814091377553,ROBUST_MODEL_INLIER,FIT,0.03613721512217875,SYNTHETIC_SOURCE,SYNTHETIC_TARGET
232,248.16366577148438,472.59564208984375,257.13299560546875,466.58734130859375,248.16366577148438,472.59564208984375,257.13299560546875,466.58734130859375,SIFT:gradient,13.964240074157715,0.034475191499659566,ROBUST_MODEL_INLIER,HELD_OUT,0.03176767015605065,SYNTHETIC_SOURCE,SYNTHETIC_TARGET
233,454.68017578125,578.3701782226562,463.67608642578125,572.3729858398438,454.68017578125,578.3701782226562,463.67608642578125,572.3729858398438,SIFT:gradient,12.247448921203613,0.034477292396479696,ROBUST_MODEL_INLIER,HELD_OUT,0.005447622769623666,SYNTHETIC_SOURCE,SYNTHETIC_TARGET
234,463.4230041503906,356.6536560058594,472.3704833984375,350.6633605957031,463.4230041503906,356.6536560058594,472.3704833984375,350.6633605957031,SIFT:gradient,11.401754379272461,0.03450880859151483,ROBUST_MODEL_INLIER,FIT,0.0536738180727769,SYNTHETIC_SOURCE,SYNTHETIC_TARGET
235,427.1376037597656,29.741621017456055,436.1457214355469,23.71919822692871,427.1376037597656,29.741621017456055,436.1457214355469,23.71919822692871,SIFT:gradient,13.379088401794434,0.03457867738911825,ROBUST_MODEL_INLIER,FIT,0.023221221300793266,SYNTHETIC_SOURCE,SYNTHETIC_TARGET
236,288.64276123046875,185.77230834960938,297.60003662109375,179.7672119140625,288.64276123046875,185.77230834960938,297.60003662109375,179.7672119140625,SIFT:gradient,14.106736183166504,0.03458291808227967,ROBUST_MODEL_INLIER,FIT,0.04311123977421881,SYNTHETIC_SOURCE,SYNTHETIC_TARGET
237,146.3413543701172,580.8493041992188,155.3353729248047,574.8406372070312,146.3413543701172,580.8493041992188,155.3353729248047,574.8406372070312,SIFT:gradient,10.535654067993164,0.0346790929654238,ROBUST_MODEL_INLIER,FIT,0.010125997308781014,SYNTHETIC_SOURCE,SYNTHETIC_TARGET
238,553.0682373046875,181.8419647216797,562.1015014648438,175.93994140625,553.0682373046875,181.8419647216797,562.1015014648438,175.93994140625,SIFT:gradient,13.304134368896484,0.03471298614816489,ROBUST_MODEL_INLIER,FIT,0.10399894187612768,SYNTHETIC_SOURCE,SYNTHETIC_TARGET
239,134.3820037841797,392.2409973144531,143.40025329589844,386.2341613769531,134.3820037841797,392.2409973144531,143.40025329589844,386.2341613769531,SIFT:gradient,12.12435531616211,0.03475554168101361,ROBUST_MODEL_INLIER,FIT,0.019137830919572787,SYNTHETIC_SOURCE,SYNTHETIC_TARGET
240,441.3066101074219,482.4435119628906,450.33984375,476.43206787109375,441.3066101074219,482.4435119628906,450.33984375,476.43206787109375,SIFT:gradient,12.489995956420898,0.03478028359287324,ROBUST_MODEL_INLIER,FIT,0.034809856459101944,SYNTHETIC_SOURCE,SYNTHETIC_TARGET
241,471.01165771484375,317.86407470703125,479.9730224609375,311.8404541015625,471.01165771484375,317.86407470703125,479.9730224609375,311.8404541015625,SIFT:gradient,13.266499519348145,0.034782967340709195,ROBUST_MODEL_INLIER,HELD_OUT,0.04509953942214373,SYNTHETIC_SOURCE,SYNTHETIC_TARGET
242,446.0748596191406,485.60601806640625,455.08203125,479.6568298339844,446.0748596191406,485.60601806640625,455.08203125,479.6568298339844,SIFT:gradient,14.798648834228516,0.034792526470064256,ROBUST_MODEL_INLIER,FIT,0.051898952793960985,SYNTHETIC_SOURCE,SYNTHETIC_TARGET
243,174.73904418945312,438.1886291503906,183.71896362304688,432.1737060546875,174.73904418945312,438.1886291503906,183.71896362304688,432.1737060546875,SIFT:gradient,16.093477249145508,0.03481642780803316,ROBUST_MODEL_INLIER,HELD_OUT,0.024783768430893364,SYNTHETIC_SOURCE,SYNTHETIC_TARGET
244,147.6395721435547,496.01922607421875,156.64369201660156,490.0025939941406,147.6395721435547,496.01922607421875,156.64369201660156,490.0025939941406,SIFT:gradient,13.82027530670166,0.03484606309848742,ROBUST_MODEL_INLIER,FIT,0.016505609232603104,SYNTHETIC_SOURCE,SYNTHETIC_TARGET
245,66.79241180419922,572.5081787109375,75.78062438964844,566.53076171875,66.79241180419922,572.5081787109375,75.78062438964844,566.53076171875,SIFT:gradient,9.32737922668457,0.03488315342377888,ROBUST_MODEL_INLIER,FIT,0.026086310153003386,SYNTHETIC_SOURCE,SYNTHETIC_TARGET
246,583.5062866210938,168.41978454589844,592.4697265625,162.44778442382812,583.5062866210938,168.41978454589844,592.4697265625,162.44778442382812,SIFT:gradient,11.401754379272461,0.034883738436867574,ROBUST_MODEL_INLIER,FIT,0.04654421170760471,SYNTHETIC_SOURCE,SYNTHETIC_TARGET
247,532.44189453125,383.8485107421875,541.4306640625,377.8331604003906,532.44189453125,383.8485107421875,541.4306640625,377.8331604003906,SIFT:gradient,14.696938514709473,0.034940064140676935,ROBUST_MODEL_INLIER,FIT,0.0186236755393007,SYNTHETIC_SOURCE,SYNTHETIC_TARGET
248,308.2466735839844,543.7300415039062,317.2181701660156,537.7421875,308.2466735839844,543.7300415039062,317.2181701660156,537.7421875,SIFT:gradient,13.747727394104004,0.034963276999385465,ROBUST_MODEL_INLIER,FIT,0.03136703807087385,SYNTHETIC_SOURCE,SYNTHETIC_TARGET
249,158.1439971923828,58.306583404541016,167.1396026611328,52.315162658691406,158.1439971923828,58.306583404541016,167.1396026611328,52.315162658691406,SIFT:gradient,12.449899673461914,0.03497052510694531,ROBUST_MODEL_INLIER,FIT,0.010253055429355205,SYNTHETIC_SOURCE,SYNTHETIC_TARGET
250,313.55657958984375,542.45263671875,322.57098388671875,536.4535522460938,313.55657958984375,542.45263671875,322.57098388671875,536.4535522460938,SIFT:gradient,14.966629981994629,0.034987005160232745,ROBUST_MODEL_INLIER,FIT,0.014333161389304657,SYNTHETIC_SOURCE,SYNTHETIC_TARGET
251,472.81317138671875,386.69830322265625,481.7977294921875,380.7156677246094,472.81317138671875,386.69830322265625,481.7977294921875,380.7156677246094,SIFT:gradient,9.591663360595703,0.03500327146778927,ROBUST_MODEL_INLIER,FIT,0.0237967065140188,SYNTHETIC_SOURCE,SYNTHETIC_TARGET
252,119.39750671386719,533.48193359375,128.47235107421875,527.517333984375,119.39750671386719,533.48193359375,128.47235107421875,527.517333984375,SIFT:gradient,12.247448921203613,0.0350977308068935,ROBUST_MODEL_INLIER,FIT,0.08291944540486902,SYNTHETIC_SOURCE,SYNTHETIC_TARGET
253,307.5735168457031,317.3328857421875,316.59796142578125,311.37603759765625,307.5735168457031,317.3328857421875,316.59796142578125,311.37603759765625,SIFT:gradient,12.369317054748535,0.035132874211972046,ROBUST_MODEL_INLIER,FIT,0.05005228914528833,SYNTHETIC_SOURCE,SYNTHETIC_TARGET
254,144.5642547607422,537.2685546875,153.58670043945312,531.2452392578125,144.5642547607422,537.2685546875,153.58670043945312,531.2452392578125,SIFT:gradient,13.601470947265625,0.03518305541019611,ROBUST_MODEL_INLIER,HELD_OUT,0.03181984398115514,SYNTHETIC_SOURCE,SYNTHETIC_TARGET
255,179.90518188476562,29.479244232177734,188.9033203125,23.495553970336914,179.90518188476562,29.479244232177734,188.9033203125,23.495553970336914,SIFT:gradient,15.264337539672852,0.03522256070144597,ROBUST_MODEL_INLIER,HELD_OUT,0.017039550385051703,SYNTHETIC_SOURCE,SYNTHETIC_TARGET
256,559.0557250976562,287.5511779785156,568.1093139648438,281.53289794921875,559.0557250976562,287.5511779785156,568.1093139648438,281.53289794921875,SIFT:gradient,9.539392471313477,0.035298897783246366,ROBUST_MODEL_INLIER,FIT,0.05628191056041274,SYNTHETIC_SOURCE,SYNTHETIC_TARGET
257,504.4377136230469,34.3632698059082,513.4193115234375,28.337587356567383,504.4377136230469,34.3632698059082,513.4193115234375,28.337587356567383,SIFT:gradient,13.67479419708252,0.03535084864159833,ROBUST_MODEL_INLIER,FIT,0.031191128790544125,SYNTHETIC_SOURCE,SYNTHETIC_TARGET
258,262.9841003417969,182.71527099609375,271.9847412109375,176.72203063964844,262.9841003417969,182.71527099609375,271.9847412109375,176.72203063964844,SIFT:gradient,9.797959327697754,0.03535925570012717,ROBUST_MODEL_INLIER,HELD_OUT,0.007386152354674872,SYNTHETIC_SOURCE,SYNTHETIC_TARGET
259,191.86770629882812,49.40376281738281,200.87191772460938,43.4206428527832,191.86770629882812,49.40376281738281,200.87191772460938,43.4206428527832,SIFT:gradient,12.922847747802734,0.035361160665039464,ROBUST_MODEL_INLIER,HELD_OUT,0.01795516084957268,SYNTHETIC_SOURCE,SYNTHETIC_TARGET
260,580.4141235351562,171.01437377929688,589.4132690429688,164.9786376953125,580.4141235351562,171.01437377929688,589.4132690429688,164.9786376953125,SIFT:gradient,11.618949890136719,0.03542725023855928,ROBUST_MODEL_INLIER,FIT,0.035140166312311566,SYNTHETIC_SOURCE,SYNTHETIC_TARGET
261,169.4165802001953,84.04186248779297,178.4185791015625,78.03887939453125,169.4165802001953,84.04186248779297,178.4185791015625,78.03887939453125,SIFT:gradient,13.379088401794434,0.03549928972022098,ROBUST_MODEL_INLIER,FIT,0.0030064558245462025,SYNTHETIC_SOURCE,SYNTHETIC_TARGET
262,363.02655029296875,411.5670166015625,371.9935607910156,405.6132507324219,363.02655029296875,411.5670166015625,371.9935607910156,405.6132507324219,SIFT:gradient,10.58300495147705,0.03552263943513514,ROBUST_MODEL_INLIER,FIT,0.057382956115771454,SYNTHETIC_SOURCE,SYNTHETIC_TARGET
263,488.0126647949219,442.0724182128906,496.99493408203125,436.0252380371094,488.0126647949219,442.0724182128906,496.99493408203125,436.0252380371094,SIFT:gradient,11.445523262023926,0.03556328721936609,ROBUST_MODEL_INLIER,FIT,0.04988547859445603,SYNTHETIC_SOURCE,SYNTHETIC_TARGET
264,244.77969360351562,221.72360229492188,253.81898498535156,215.6851806640625,244.77969360351562,221.72360229492188,253.81898498535156,215.6851806640625,SIFT:gradient,13.22875690460205,0.03556490027541718,ROBUST_MODEL_INLIER,FIT,0.05442001500881747,SYNTHETIC_SOURCE,SYNTHETIC_TARGET
265,567.9334106445312,156.6094970703125,576.9402465820312,150.61622619628906,567.9334106445312,156.6094970703125,576.9402465820312,150.61622619628906,SIFT:gradient,10.630146026611328,0.03560273970362516,ROBUST_MODEL_INLIER,HELD_OUT,0.009926484400206142,SYNTHETIC_SOURCE,SYNTHETIC_TARGET
266,491.26043701171875,55.75417709350586,500.3218994140625,49.80181121826172,491.26043701171875,55.75417709350586,500.3218994140625,49.80181121826172,SIFT:gradient,13.22875690460205,0.035610487026995236,ROBUST_MODEL_INLIER,HELD_OUT,0.07801552950220458,SYNTHETIC_SOURCE,SYNTHETIC_TARGET
267,589.3379516601562,159.999267578125,598.3439331054688,154.10903930664062,589.3379516601562,159.999267578125,598.3439331054688,154.10903930664062,SIFT:gradient,11.0,0.03563735808501403,ROBUST_MODEL_INLIER,FIT,0.11053587282515187,SYNTHETIC_SOURCE,SYNTHETIC_TARGET
268,267.9560852050781,515.8612060546875,276.9667663574219,509.8813171386719,267.9560852050781,515.8612060546875,276.9667663574219,509.8813171386719,SIFT:gradient,15.0,0.035703358783017544,ROBUST_MODEL_INLIER,FIT,0.02324281739735745,SYNTHETIC_SOURCE,SYNTHETIC_TARGET
269,562.5686645507812,254.45639038085938,571.555419921875,248.43797302246094,562.5686645507812,254.45639038085938,571.555419921875,248.43797302246094,SIFT:gradient,15.491933822631836,0.035728719689356175,ROBUST_MODEL_INLIER,FIT,0.02228396083189868,SYNTHETIC_SOURCE,SYNTHETIC_TARGET
270,357.0390930175781,246.54672241210938,365.91253662109375,240.62353515625,357.0390930175781,246.54672241210938,365.91253662109375,240.62353515625,SIFT:gradient,15.165750503540039,0.03574045861011229,ROBUST_MODEL_INLIER,FIT,0.14849074876772372,SYNTHETIC_SOURCE,SYNTHETIC_TARGET
271,291.836669921875,295.7228698730469,300.8119201660156,289.6995849609375,291.836669921875,295.7228698730469,300.8119201660156,289.6995849609375,SIFT:gradient,10.954451560974121,0.03574070029098929,ROBUST_MODEL_INLIER,FIT,0.03367881263104542,SYNTHETIC_SOURCE,SYNTHETIC_TARGET
272,53.581138610839844,196.50827026367188,62.5555534362793,190.5416717529297,53.581138610839844,196.50827026367188,62.5555534362793,190.5416717529297,SIFT:gradient,9.69536018371582,0.035772095715918065,ROBUST_MODEL_INLIER,FIT,0.04265252316076071,SYNTHETIC_SOURCE,SYNTHETIC_TARGET
273,162.36376953125,220.1210174560547,171.3599090576172,214.12985229492188,162.36376953125,220.1210174560547,171.3599090576172,214.12985229492188,SIFT:gradient,14.456831932067871,0.03578577287647465,ROBUST_MODEL_INLIER,FIT,0.010262372291237287,SYNTHETIC_SOURCE,SYNTHETIC_TARGET
274,166.40304565429688,238.87208557128906,175.39427185058594,232.8903350830078,166.40304565429688,238.87208557128906,175.39427185058594,232.8903350830078,SIFT:gradient,14.59451961517334,0.03590095019430734,ROBUST_MODEL_INLIER,FIT,0.02086563945849462,SYNTHETIC_SOURCE,SYNTHETIC_TARGET
275,448.1546630859375,501.8011474609375,457.1343078613281,495.793212890625,448.1546630859375,501.8011474609375,457.1343078613281,495.793212890625,SIFT:gradient,11.180339813232422,0.0359539217102554,ROBUST_MODEL_INLIER,FIT,0.021776467891579842,SYNTHETIC_SOURCE,SYNTHETIC_TARGET
276,461.5701599121094,258.83807373046875,470.6079406738281,252.862060546875,461.5701599121094,258.83807373046875,470.6079406738281,252.862060546875,SIFT:gradient,11.618949890136719,0.035955613633242865,ROBUST_MODEL_INLIER,FIT,0.04495442289388767,SYNTHETIC_SOURCE,SYNTHETIC_TARGET
277,294.1180419921875,349.27001953125,303.14129638671875,343.2696228027344,294.1180419921875,349.27001953125,303.14129638671875,343.2696228027344,SIFT:gradient,13.56466007232666,0.036009551625217316,ROBUST_MODEL_INLIER,FIT,0.023102794308632484,SYNTHETIC_SOURCE,SYNTHETIC_TARGET
278,192.33535766601562,338.9293212890625,201.272705078125,332.9606628417969,192.33535766601562,338.9293212890625,201.272705078125,332.9606628417969,SIFT:gradient,14.282856941223145,0.036010685795550196,ROBUST_MODEL_INLIER,HELD_OUT,0.07046569586054174,SYNTHETIC_SOURCE,SYNTHETIC_TARGET
279,521.3488159179688,340.68548583984375,530.3536987304688,334.6796569824219,521.3488159179688,340.68548583984375,530.3536987304688,334.6796569824219,SIFT:gradient,11.958260536193848,0.03601509959319349,ROBUST_MODEL_INLIER,FIT,0.007043282491812186,SYNTHETIC_SOURCE,SYNTHETIC_TARGET
280,426.62713623046875,405.3581237792969,435.5936279296875,399.3598327636719,426.62713623046875,405.3581237792969,435.5936279296875,399.3598327636719,SIFT:gradient,11.445523262023926,0.03602214520583601,ROBUST_MODEL_INLIER,FIT,0.033740698649721845,SYNTHETIC_SOURCE,SYNTHETIC_TARGET
281,490.9204406738281,75.43611907958984,499.83074951171875,69.507568359375,490.9204406738281,75.43611907958984,499.83074951171875,69.507568359375,SIFT:gradient,14.247806549072266,0.03602781715728721,ROBUST_MODEL_INLIER,FIT,0.1151715671683885,SYNTHETIC_SOURCE,SYNTHETIC_TARGET
282,584.980712890625,245.17564392089844,594.0162353515625,239.1262969970703,584.980712890625,245.17564392089844,594.0162353515625,239.1262969970703,SIFT:gradient,10.816654205322266,0.03603030116356362,ROBUST_MODEL_INLIER,FIT,0.06021861336459469,SYNTHETIC_SOURCE,SYNTHETIC_TARGET
283,252.82037353515625,388.393310546875,261.83050537109375,382.41473388671875,252.82037353515625,388.393310546875,261.83050537109375,382.41473388671875,SIFT:gradient,11.916375160217285,0.03611354407101371,ROBUST_MODEL_INLIER,FIT,0.02418819853909988,SYNTHETIC_SOURCE,SYNTHETIC_TARGET
284,147.85777282714844,583.8276977539062,156.8609619140625,577.849853515625,147.85777282714844,583.8276977539062,156.8609619140625,577.849853515625,SIFT:gradient,9.219544410705566,0.036129526400517406,ROBUST_MODEL_INLIER,FIT,0.022967721703600567,SYNTHETIC_SOURCE,SYNTHETIC_TARGET
285,401.20556640625,109.65859985351562,410.2212219238281,103.6903305053711,401.20556640625,109.65859985351562,410.2212219238281,103.6903305053711,SIFT:gradient,16.0623779296875,0.03616066478264317,ROBUST_MODEL_INLIER,FIT,0.03586476447680418,SYNTHETIC_SOURCE,SYNTHETIC_TARGET
286,373.4889221191406,268.588623046875,382.4826354980469,262.5847473144531,373.4889221191406,268.588623046875,382.4826354980469,262.5847473144531,SIFT:gradient,8.246211051940918,0.03618604351951031,ROBUST_MODEL_INLIER,HELD_OUT,0.007219842415262838,SYNTHETIC_SOURCE,SYNTHETIC_TARGET
287,97.72001647949219,391.3784484863281,106.70295715332031,385.4126892089844,97.72001647949219,391.3784484863281,106.70295715332031,385.4126892089844,SIFT:gradient,11.704699516296387,0.0361906591077673,ROBUST_MODEL_INLIER,FIT,0.03886962001223714,SYNTHETIC_SOURCE,SYNTHETIC_TARGET
288,183.58944702148438,413.1136779785156,192.57652282714844,407.0899963378906,183.58944702148438,413.1136779785156,192.57652282714844,407.0899963378906,SIFT:gradient,13.892443656921387,0.036252192758394496,ROBUST_MODEL_INLIER,FIT,0.026519551512165,SYNTHETIC_SOURCE,SYNTHETIC_TARGET
289,157.901123046875,505.3282470703125,166.8831787109375,499.3936462402344,157.901123046875,505.3282470703125,166.8831787109375,499.3936462402344,SIFT:gradient,11.704699516296387,0.03634912347001151,ROBUST_MODEL_INLIER,FIT,0.06844527433385832,SYNTHETIC_SOURCE,SYNTHETIC_TARGET
290,376.5779724121094,282.5216369628906,385.56976318359375,276.52655029296875,376.5779724121094,282.5216369628906,385.56976318359375,276.52655029296875,SIFT:gradient,10.677078247070312,0.03637408112602232,ROBUST_MODEL_INLIER,FIT,0.010021528450231998,SYNTHETIC_SOURCE,SYNTHETIC_TARGET
291,105.63941955566406,182.05397033691406,114.65990447998047,176.01480102539062,105.63941955566406,182.05397033691406,114.65990447998047,176.01480102539062,SIFT:gradient,13.747727394104004,0.036395512701189625,ROBUST_MODEL_INLIER,FIT,0.043591252537640304,SYNTHETIC_SOURCE,SYNTHETIC_TARGET
292,584.673828125,160.74029541015625,593.6605834960938,154.7317352294922,584.673828125,160.74029541015625,593.6605834960938,154.7317352294922,SIFT:gradient,12.165525436401367,0.0363963331126886,ROBUST_MODEL_INLIER,FIT,0.015578356801874827,SYNTHETIC_SOURCE,SYNTHETIC_TARGET
293,363.02655029296875,411.5670166015625,371.9935607910156,405.6132507324219,363.02655029296875,411.5670166015625,371.9935607910156,405.6132507324219,SIFT:gradient,10.099504470825195,0.03640956593872963,ROBUST_MODEL_INLIER,FIT,0.057382956115771454,SYNTHETIC_SOURCE,SYNTHETIC_TARGET
294,204.1420440673828,293.326416015625,213.13446044921875,287.4056396484375,204.1420440673828,293.326416015625,213.13446044921875,287.4056396484375,SIFT:gradient,9.899495124816895,0.03644573168546309,ROBUST_MODEL_INLIER,HELD_OUT,0.08020794190919206,SYNTHETIC_SOURCE,SYNTHETIC_TARGET
295,152.0108184814453,270.35528564453125,161.0177459716797,264.35833740234375,152.0108184814453,270.35528564453125,161.0177459716797,264.35833740234375,SIFT:gradient,14.21267032623291,0.03646072725845024,ROBUST_MODEL_INLIER,FIT,0.007701321110161044,SYNTHETIC_SOURCE,SYNTHETIC_TARGET
296,211.5196075439453,154.02896118164062,220.60281372070312,148.00135803222656,211.5196075439453,154.02896118164062,220.60281372070312,148.00135803222656,SIFT:gradient,13.892443656921387,0.03646247878323946,ROBUST_MODEL_INLIER,HELD_OUT,0.0873298904131634,SYNTHETIC_SOURCE,SYNTHETIC_TARGET
297,351.70538330078125,386.9215393066406,360.74420166015625,380.92913818359375,351.70538330078125,386.9215393066406,360.74420166015625,380.92913818359375,SIFT:gradient,15.329710006713867,0.03649217420735735,ROBUST_MODEL_INLIER,FIT,0.03952762726630145,SYNTHETIC_SOURCE,SYNTHETIC_TARGET
298,141.42991638183594,545.9234008789062,150.46205139160156,539.9720458984375,141.42991638183594,545.9234008789062,150.46205139160156,539.9720458984375,SIFT:gradient,16.248077392578125,0.036522126255236514,ROBUST_MODEL_INLIER,FIT,0.05872790555241606,SYNTHETIC_SOURCE,SYNTHETIC_TARGET
299,206.47727966308594,324.5111389160156,215.4899444580078,318.5668640136719,206.47727966308594,324.5111389160156,215.4899444580078,318.5668640136719,SIFT:gradient,13.490737915039062,0.03655019933488343,ROBUST_MODEL_INLIER,HELD_OUT,0.057708215736333605,SYNTHETIC_SOURCE,SYNTHETIC_TARGET
300,542.4144287109375,343.043212890625,551.4129028320312,337.0713806152344,542.4144287109375,343.043212890625,551.4129028320312,337.0713806152344,SIFT:gradient,12.247448921203613,0.0366065490679443,ROBUST_MODEL_INLIER,HELD_OUT,0.028826982480697688,SYNTHETIC_SOURCE,SYNTHETIC_TARGET
301,82.68753814697266,503.04461669921875,91.70032501220703,497.0541687011719,82.68753814697266,503.04461669921875,91.70032501220703,497.0541687011719,SIFT:gradient,11.789826393127441,0.03660818842220141,ROBUST_MODEL_INLIER,FIT,0.01621414175882678,SYNTHETIC_SOURCE,SYNTHETIC_TARGET
302,513.9453125,362.0049743652344,522.936279296875,355.9880065917969,513.9453125,362.0049743652344,522.936279296875,355.9880065917969,SIFT:gradient,16.5227108001709,0.03662708012627644,ROBUST_MODEL_INLIER,FIT,0.018760170760935665,SYNTHETIC_SOURCE,SYNTHETIC_TARGET
303,109.11424255371094,179.45433044433594,118.0991439819336,173.45945739746094,109.11424255371094,179.45433044433594,118.0991439819336,173.45945739746094,SIFT:gradient,14.560219764709473,0.03669028543425542,ROBUST_MODEL_INLIER,FIT,0.016294616788838152,SYNTHETIC_SOURCE,SYNTHETIC_TARGET
304,523.5684204101562,71.5583267211914,532.6069946289062,65.52411651611328,523.5684204101562,71.5583267211914,532.6069946289062,65.52411651611328,SIFT:gradient,12.922847747802734,0.03680782133403706,ROBUST_MODEL_INLIER,HELD_OUT,0.05104088433957169,SYNTHETIC_SOURCE,SYNTHETIC_TARGET
305,572.0223999023438,556.6278076171875,581.0145874023438,550.669677734375,572.0223999023438,556.6278076171875,581.0145874023438,550.669677734375,SIFT:gradient,11.48912525177002,0.036943670482561655,ROBUST_MODEL_INLIER,FIT,0.04322074560121687,SYNTHETIC_SOURCE,SYNTHETIC_TARGET
306,464.5270080566406,359.64031982421875,473.5546875,353.6484680175781,464.5270080566406,359.64031982421875,473.5546875,353.6484680175781,SIFT:gradient,14.317821502685547,0.03698127716253506,ROBUST_MODEL_INLIER,FIT,0.02888667307160785,SYNTHETIC_SOURCE,SYNTHETIC_TARGET
307,160.13961791992188,469.43792724609375,169.1354522705078,463.4401550292969,160.13961791992188,469.43792724609375,169.1354522705078,463.4401550292969,SIFT:gradient,12.247448921203613,0.03698228922851508,ROBUST_MODEL_INLIER,FIT,0.0051674154436665955,SYNTHETIC_SOURCE,SYNTHETIC_TARGET
308,584.673828125,160.74029541015625,593.6605834960938,154.7317352294922,584.673828125,160.74029541015625,593.6605834960938,154.7317352294922,SIFT:gradient,12.288206100463867,0.03698750966345458,ROBUST_MODEL_INLIER,FIT,0.015578356801874827,SYNTHETIC_SOURCE,SYNTHETIC_TARGET
309,71.47722625732422,506.5580749511719,80.50689697265625,500.5451354980469,71.47722625732422,506.5580749511719,80.50689697265625,500.5451354980469,SIFT:gradient,12.884099006652832,0.036987710097432784,ROBUST_MODEL_INLIER,FIT,0.03198947628495254,SYNTHETIC_SOURCE,SYNTHETIC_TARGET
310,157.901123046875,505.3282470703125,166.8831787109375,499.3936462402344,157.901123046875,505.3282470703125,166.8831787109375,499.3936462402344,SIFT:gradient,10.488088607788086,0.03705714693760746,ROBUST_MODEL_INLIER,FIT,0.06844527433385832,SYNTHETIC_SOURCE,SYNTHETIC_TARGET
311,290.00701904296875,315.666259765625,299.0108642578125,309.69097900390625,290.00701904296875,315.666259765625,299.0108642578125,309.69097900390625,SIFT:gradient,14.798648834228516,0.03710869673683352,ROBUST_MODEL_INLIER,HELD_OUT,0.025597336100999814,SYNTHETIC_SOURCE,SYNTHETIC_TARGET
312,384.5423583984375,107.22766876220703,393.50030517578125,101.20108032226562,384.5423583984375,107.22766876220703,393.50030517578125,101.20108032226562,SIFT:gradient,15.165750503540039,0.037153441063449116,ROBUST_MODEL_INLIER,FIT,0.0495599790127172,SYNTHETIC_SOURCE,SYNTHETIC_TARGET
313,518.6876831054688,433.5489807128906,527.6492919921875,427.52423095703125,518.6876831054688,433.5489807128906,527.6492919921875,427.52423095703125,SIFT:gradient,15.066518783569336,0.0371649338577429,ROBUST_MODEL_INLIER,HELD_OUT,0.045478871356210954,SYNTHETIC_SOURCE,SYNTHETIC_TARGET
314,353.8359069824219,544.62060546875,362.824462890625,538.6080322265625,353.8359069824219,544.62060546875,362.824462890625,538.6080322265625,SIFT:gradient,11.747340202331543,0.03725805092259294,ROBUST_MODEL_INLIER,FIT,0.01666114437486777,SYNTHETIC_SOURCE,SYNTHETIC_TARGET
315,156.43263244628906,470.2507629394531,165.42666625976562,464.2776184082031,156.43263244628906,470.2507629394531,165.42666625976562,464.2776184082031,SIFT:gradient,10.392304420471191,0.03728386274621651,ROBUST_MODEL_INLIER,HELD_OUT,0.028139130863776222,SYNTHETIC_SOURCE,SYNTHETIC_TARGET
316,474.6855163574219,317.1112976074219,483.6601257324219,311.10137939453125,474.6855163574219,317.1112976074219,483.6601257324219,311.10137939453125,SIFT:gradient,15.132745742797852,0.03729257421967363,ROBUST_MODEL_INLIER,HELD_OUT,0.027186246656708535,SYNTHETIC_SOURCE,SYNTHETIC_TARGET
317,139.69183349609375,501.6324768066406,148.65182495117188,495.6228332519531,139.69183349609375,501.6324768066406,148.65182495117188,495.6228332519531,SIFT:gradient,15.099668502807617,0.03731351479166959,ROBUST_MODEL_INLIER,FIT,0.04116449134242732,SYNTHETIC_SOURCE,SYNTHETIC_TARGET
318,460.49493408203125,353.6651306152344,469.5165100097656,347.6392822265625,460.49493408203125,353.6651306152344,469.5165100097656,347.6392822265625,SIFT:gradient,14.560219764709473,0.0373332833518392,ROBUST_MODEL_INLIER,FIT,0.033104652349707525,SYNTHETIC_SOURCE,SYNTHETIC_TARGET
319,148.12103271484375,38.851131439208984,157.08804321289062,32.843711853027344,148.12103271484375,38.851131439208984,157.08804321289062,32.843711853027344,SIFT:gradient,12.922847747802734,0.03735176815321907,ROBUST_MODEL_INLIER,HELD_OUT,0.03383435820744499,SYNTHETIC_SOURCE,SYNTHETIC_TARGET
320,338.8120422363281,61.804325103759766,347.82080078125,55.845550537109375,338.8120422363281,61.804325103759766,347.82080078125,55.845550537109375,SIFT:gradient,17.40689468383789,0.037384765522461734,ROBUST_MODEL_INLIER,FIT,0.042711771160138044,SYNTHETIC_SOURCE,SYNTHETIC_TARGET
321,150.81781005859375,501.91839599609375,159.8225860595703,495.89617919921875,150.81781005859375,501.91839599609375,159.8225860595703,495.89617919921875,SIFT:gradient,13.076696395874023,0.03741869458110872,ROBUST_MODEL_INLIER,FIT,0.022095574842154964,SYNTHETIC_SOURCE,SYNTHETIC_TARGET
322,353.34222412109375,191.8052978515625,362.42529296875,185.85560607910156,353.34222412109375,191.8052978515625,362.42529296875,185.85560607910156,SIFT:gradient,15.394804000854492,0.03744973919913373,ROBUST_MODEL_INLIER,FIT,0.09730266096691642,SYNTHETIC_SOURCE,SYNTHETIC_TARGET
323,280.29254150390625,205.4794464111328,289.3001708984375,199.49847412109375,280.29254150390625,205.4794464111328,289.3001708984375,199.49847412109375,SIFT:gradient,12.369317054748535,0.037462487742965185,ROBUST_MODEL_INLIER,HELD_OUT,0.021013236255741533,SYNTHETIC_SOURCE,SYNTHETIC_TARGET
324,258.45599365234375,468.1612854003906,267.4805908203125,462.08074951171875,258.45599365234375,468.1612854003906,267.4805908203125,462.08074951171875,SIFT:gradient,16.18641471862793,0.03746875375290519,ROBUST_MODEL_INLIER,FIT,0.0835800752417581,SYNTHETIC_SOURCE,SYNTHETIC_TARGET
325,471.0588073730469,370.63262939453125,480.0478515625,364.6702880859375,471.0588073730469,370.63262939453125,480.0478515625,364.6702880859375,SIFT:gradient,11.916375160217285,0.037476582281700484,ROBUST_MODEL_INLIER,FIT,0.03984866579435611,SYNTHETIC_SOURCE,SYNTHETIC_TARGET
326,481.11968994140625,423.4800109863281,490.13922119140625,417.4475402832031,481.11968994140625,423.4800109863281,490.13922119140625,417.4475402832031,SIFT:gradient,12.165525436401367,0.03753361775115181,ROBUST_MODEL_INLIER,FIT,0.03729094456882827,SYNTHETIC_SOURCE,SYNTHETIC_TARGET
327,40.50739669799805,260.590087890625,49.47036361694336,254.5501251220703,40.50739669799805,260.590087890625,49.47036361694336,254.5501251220703,SIFT:gradient,9.32737922668457,0.037559746337400286,ROBUST_MODEL_INLIER,HELD_OUT,0.05414228198032833,SYNTHETIC_SOURCE,SYNTHETIC_TARGET
328,461.5282287597656,485.526123046875,470.52288818359375,479.5385437011719,461.5282287597656,485.526123046875,470.52288818359375,479.5385437011719,SIFT:gradient,14.662878036499023,0.03759922386332495,ROBUST_MODEL_INLIER,HELD_OUT,0.01414149798022144,SYNTHETIC_SOURCE,SYNTHETIC_TARGET
329,133.73098754882812,193.0318145751953,142.67608642578125,187.00538635253906,133.73098754882812,193.0318145751953,142.67608642578125,187.00538635253906,SIFT:gradient,12.845232963562012,0.03764357668117721,ROBUST_MODEL_INLIER,HELD_OUT,0.060806854513313705,SYNTHETIC_SOURCE,SYNTHETIC_TARGET
330,183.58944702148438,413.1136779785156,192.57652282714844,407.0899963378906,183.58944702148438,413.1136779785156,192.57652282714844,407.0899963378906,SIFT:gradient,17.233688354492188,0.03766757819537593,ROBUST_MODEL_INLIER,FIT,0.026519551512165,SYNTHETIC_SOURCE,SYNTHETIC_TARGET
331,542.1671752929688,362.5713806152344,551.1881103515625,356.6258239746094,542.1671752929688,362.5713806152344,551.1881103515625,356.6258239746094,SIFT:gradient,9.0,0.03775584980619708,ROBUST_MODEL_INLIER,FIT,0.05884574900972929,SYNTHETIC_SOURCE,SYNTHETIC_TARGET
332,565.80419921875,254.14439392089844,574.8037719726562,248.13992309570312,565.80419921875,254.14439392089844,574.8037719726562,248.13992309570312,SIFT:gradient,12.845232963562012,0.03779170469068204,ROBUST_MODEL_INLIER,FIT,0.003903775623556857,SYNTHETIC_SOURCE,SYNTHETIC_TARGET
333,498.6665954589844,45.33985137939453,507.6800537109375,39.36626052856445,498.6665954589844,45.33985137939453,507.6800537109375,39.36626052856445,SIFT:gradient,13.964240074157715,0.03780157008454667,ROBUST_MODEL_INLIER,FIT,0.030118003187021715,SYNTHETIC_SOURCE,SYNTHETIC_TARGET
334,96.69808197021484,99.0283432006836,105.71095275878906,93.01606750488281,96.69808197021484,99.0283432006836,105.71095275878906,93.01606750488281,SIFT:gradient,13.928388595581055,0.03786202538019608,ROBUST_MODEL_INLIER,FIT,0.017257835461776953,SYNTHETIC_SOURCE,SYNTHETIC_TARGET
335,589.2161865234375,245.2957305908203,598.21240234375,239.29904174804688,589.2161865234375,245.2957305908203,598.21240234375,239.29904174804688,SIFT:gradient,8.485280990600586,0.037946571749407076,ROBUST_MODEL_INLIER,FIT,0.005556650982999617,SYNTHETIC_SOURCE,SYNTHETIC_TARGET
336,105.1641616821289,68.59627532958984,114.1573715209961,62.58765411376953,105.1641616821289,68.59627532958984,114.1573715209961,62.58765411376953,SIFT:gradient,15.132745742797852,0.03794754368250872,ROBUST_MODEL_INLIER,FIT,0.010600741019359929,SYNTHETIC_SOURCE,SYNTHETIC_TARGET
337,251.61260986328125,185.3672637939453,260.7354736328125,179.342041015625,251.61260986328125,185.3672637939453,260.7354736328125,179.342041015625,SIFT:gradient,14.560219764709473,0.037962318596400216,ROBUST_MODEL_INLIER,FIT,0.12515512634545636,SYNTHETIC_SOURCE,SYNTHETIC_TARGET
338,355.3011779785156,202.05882263183594,364.260986328125,196.0285186767578,355.3011779785156,202.05882263183594,364.260986328125,196.0285186767578,SIFT:gradient,15.29705810546875,0.0379758535350635,ROBUST_MODEL_INLIER,FIT,0.05009358893348943,SYNTHETIC_SOURCE,SYNTHETIC_TARGET
339,285.00140380859375,40.069393157958984,293.9935302734375,34.07453536987305,285.00140380859375,40.069393157958984,293.9935302734375,34.07453536987305,SIFT:gradient,11.532562255859375,0.0380221468775575,ROBUST_MODEL_INLIER,HELD_OUT,0.009874747476034963,SYNTHETIC_SOURCE,SYNTHETIC_TARGET
340,590.1920776367188,255.7124786376953,599.1866455078125,249.67710876464844,590.1920776367188,255.7124786376953,599.1866455078125,249.67710876464844,SIFT:gradient,9.05538558959961,0.03811113495071143,ROBUST_MODEL_INLIER,FIT,0.035205303514158556,SYNTHETIC_SOURCE,SYNTHETIC_TARGET
341,438.4482421875,501.49725341796875,447.4614562988281,495.5190734863281,438.4482421875,501.49725341796875,447.4614562988281,495.5190734863281,SIFT:gradient,14.491376876831055,0.0381163336839513,ROBUST_MODEL_INLIER,FIT,0.025956254205489835,SYNTHETIC_SOURCE,SYNTHETIC_TARGET
342,157.89149475097656,494.96826171875,166.87644958496094,488.9599304199219,157.89149475097656,494.96826171875,166.87644958496094,488.9599304199219,SIFT:gradient,15.394804000854492,0.038144180334463415,ROBUST_MODEL_INLIER,FIT,0.017046546584968444,SYNTHETIC_SOURCE,SYNTHETIC_TARGET
343,189.4935760498047,252.1262664794922,198.4355926513672,246.1776885986328,189.4935760498047,252.1262664794922,198.4355926513672,246.1776885986328,SIFT:gradient,14.560219764709473,0.03815539116552336,ROBUST_MODEL_INLIER,FIT,0.07802032372283198,SYNTHETIC_SOURCE,SYNTHETIC_TARGET
344,95.15971374511719,23.039569854736328,104.15657043457031,17.037132263183594,95.15971374511719,23.039569854736328,104.15657043457031,17.037132263183594,SIFT:gradient,12.961481094360352,0.03816378733717426,ROBUST_MODEL_INLIER,FIT,0.003768521260683912,SYNTHETIC_SOURCE,SYNTHETIC_TARGET
345,216.48370361328125,132.19749450683594,225.48619079589844,126.1832504272461,216.48370361328125,132.19749450683594,225.48619079589844,126.1832504272461,SIFT:gradient,14.282856941223145,0.03819847116958883,ROBUST_MODEL_INLIER,FIT,0.01383216803183333,SYNTHETIC_SOURCE,SYNTHETIC_TARGET
346,139.09701538085938,202.952392578125,148.1024627685547,196.96157836914062,139.09701538085938,202.952392578125,148.1024627685547,196.96157836914062,SIFT:gradient,14.106736183166504,0.03822191798316398,ROBUST_MODEL_INLIER,HELD_OUT,0.011135497940490686,SYNTHETIC_SOURCE,SYNTHETIC_TARGET
347,106.43012237548828,63.291778564453125,115.43534088134766,57.26842498779297,106.43012237548828,63.291778564453125,115.43534088134766,57.26842498779297,SIFT:gradient,9.433980941772461,0.03822810596487071,ROBUST_MODEL_INLIER,HELD_OUT,0.02330059683159994,SYNTHETIC_SOURCE,SYNTHETIC_TARGET
348,323.46142578125,68.69163513183594,332.4769592285156,62.71477127075195,323.46142578125,68.69163513183594,332.4769592285156,62.71477127075195,SIFT:gradient,14.628738403320312,0.03823007919338201,ROBUST_MODEL_INLIER,FIT,0.028292519243781716,SYNTHETIC_SOURCE,SYNTHETIC_TARGET
349,574.3339233398438,254.64303588867188,583.3009643554688,248.6311798095703,574.3339233398438,254.64303588867188,583.3009643554688,248.6311798095703,SIFT:gradient,13.0,0.038260621201581316,ROBUST_MODEL_INLIER,FIT,0.034969166501141194,SYNTHETIC_SOURCE,SYNTHETIC_TARGET
350,218.79293823242188,149.4851837158203,227.83657836914062,143.46519470214844,218.79293823242188,149.4851837158203,227.83657836914062,143.46519470214844,SIFT:gradient,12.165525436401367,0.03829482500076851,ROBUST_MODEL_INLIER,FIT,0.047609867130962276,SYNTHETIC_SOURCE,SYNTHETIC_TARGET
351,344.78045654296875,213.53565979003906,353.7574157714844,207.57350158691406,344.78045654296875,213.53565979003906,353.7574157714844,207.57350158691406,SIFT:gradient,14.142135620117188,0.038315018732964674,ROBUST_MODEL_INLIER,FIT,0.04490545221415139,SYNTHETIC_SOURCE,SYNTHETIC_TARGET
352,243.5305633544922,227.21670532226562,252.5225830078125,221.23345947265625,243.5305633544922,227.21670532226562,252.5225830078125,221.23345947265625,SIFT:gradient,10.535654067993164,0.038324900405659744,ROBUST_MODEL_INLIER,FIT,0.01917473735948073,SYNTHETIC_SOURCE,SYNTHETIC_TARGET
353,596.0044555664062,205.5823974609375,605.0172119140625,199.55465698242188,596.0044555664062,205.5823974609375,605.0172119140625,199.55465698242188,SIFT:gradient,14.352700233459473,0.03833894490256981,ROBUST_MODEL_INLIER,FIT,0.029914854984142362,SYNTHETIC_SOURCE,SYNTHETIC_TARGET
354,193.61819458007812,307.1197204589844,202.66473388671875,301.1523132324219,193.61819458007812,307.1197204589844,202.66473388671875,301.1523132324219,SIFT:gradient,14.73091983795166,0.03834603937425217,ROBUST_MODEL_INLIER,FIT,0.05704537830672373,SYNTHETIC_SOURCE,SYNTHETIC_TARGET
355,139.64437866210938,380.0002136230469,148.64486694335938,374.0169982910156,139.64437866210938,380.0002136230469,148.64486694335938,374.0169982910156,SIFT:gradient,12.247448921203613,0.03834637023466876,ROBUST_MODEL_INLIER,FIT,0.017398258376173675,SYNTHETIC_SOURCE,SYNTHETIC_TARGET
356,207.50892639160156,317.67742919921875,216.49267578125,311.70257568359375,207.50892639160156,317.67742919921875,216.49267578125,311.70257568359375,SIFT:gradient,14.491376876831055,0.038359936755234116,ROBUST_MODEL_INLIER,HELD_OUT,0.030536527472582644,SYNTHETIC_SOURCE,SYNTHETIC_TARGET
357,170.28541564941406,121.80905151367188,179.31561279296875,115.78062438964844,170.28541564941406,121.80905151367188,179.31561279296875,115.78062438964844,SIFT:gradient,13.784049034118652,0.03839493560405782,ROBUST_MODEL_INLIER,FIT,0.04094445206855895,SYNTHETIC_SOURCE,SYNTHETIC_TARGET
358,558.2761840820312,40.33060836791992,567.2880859375,34.310340881347656,558.2761840820312,40.33060836791992,567.2880859375,34.310340881347656,SIFT:gradient,12.165525436401367,0.03839768965580681,ROBUST_MODEL_INLIER,FIT,0.022900835037494436,SYNTHETIC_SOURCE,SYNTHETIC_TARGET
359,511.1826477050781,478.47601318359375,520.181396484375,472.4476623535156,511.1826477050781,478.47601318359375,520.181396484375,472.4476623535156,SIFT:gradient,11.789826393127441,0.03851979360306396,ROBUST_MODEL_INLIER,FIT,0.02777597571362235,SYNTHETIC_SOURCE,SYNTHETIC_TARGET
360,602.1338500976562,207.52857971191406,611.2174682617188,201.49920654296875,602.1338500976562,207.52857971191406,611.2174682617188,201.49920654296875,SIFT:gradient,14.899664878845215,0.03855620251916015,ROBUST_MODEL_INLIER,FIT,0.08828251281822515,SYNTHETIC_SOURCE,SYNTHETIC_TARGET
361,48.913692474365234,573.7649536132812,57.91014099121094,567.7667236328125,48.913692474365234,573.7649536132812,57.91014099121094,567.7667236328125,SIFT:gradient,16.94107437133789,0.038576236807207946,ROBUST_MODEL_INLIER,FIT,0.004402988627033824,SYNTHETIC_SOURCE,SYNTHETIC_TARGET
362,226.35040283203125,31.637693405151367,235.35394287109375,25.606782913208008,226.35040283203125,31.637693405151367,235.35394287109375,25.606782913208008,SIFT:gradient,13.45362377166748,0.03859440240740329,ROBUST_MODEL_INLIER,FIT,0.030488905072855964,SYNTHETIC_SOURCE,SYNTHETIC_TARGET
363,194.38735961914062,102.88237762451172,203.3853759765625,96.92597961425781,194.38735961914062,102.88237762451172,203.3853759765625,96.92597961425781,SIFT:gradient,9.05538558959961,0.038709188953525916,ROBUST_MODEL_INLIER,FIT,0.04426391989649359,SYNTHETIC_SOURCE,SYNTHETIC_TARGET
364,38.473934173583984,349.60711669921875,47.35943603515625,343.5702209472656,38.473934173583984,349.60711669921875,47.35943603515625,343.5702209472656,SIFT:gradient,17.14642906188965,0.038758222134936106,ROBUST_MODEL_INLIER,FIT,0.12025564155928532,SYNTHETIC_SOURCE,SYNTHETIC_TARGET
365,48.69817352294922,268.4819641113281,57.6952018737793,262.4783630371094,48.69817352294922,268.4819641113281,57.6952018737793,262.4783630371094,SIFT:gradient,12.12435531616211,0.038824830031192505,ROBUST_MODEL_INLIER,FIT,0.004324960024913714,SYNTHETIC_SOURCE,SYNTHETIC_TARGET
366,458.4247131347656,367.8793640136719,467.44329833984375,361.85504150390625,458.4247131347656,367.8793640136719,467.44329833984375,361.85504150390625,SIFT:gradient,14.560219764709473,0.0388251831669129,ROBUST_MODEL_INLIER,FIT,0.030033778034588798,SYNTHETIC_SOURCE,SYNTHETIC_TARGET
367,200.77511596679688,606.8807983398438,209.78323364257812,600.9043579101562,200.77511596679688,606.8807983398438,209.78323364257812,600.9043579101562,SIFT:gradient,14.142135620117188,0.03891418875110772,ROBUST_MODEL_INLIER,FIT,0.025448531363302374,SYNTHETIC_SOURCE,SYNTHETIC_TARGET
368,199.4384307861328,276.5254821777344,208.50668334960938,270.51544189453125,199.4384307861328,276.5254821777344,208.50668334960938,270.51544189453125,SIFT:gradient,16.34013557434082,0.03893025170821766,ROBUST_MODEL_INLIER,FIT,0.0687497657127073,SYNTHETIC_SOURCE,SYNTHETIC_TARGET
369,379.8811950683594,267.88970947265625,388.8800048828125,261.8871765136719,379.8811950683594,267.88970947265625,388.8800048828125,261.8871765136719,SIFT:gradient,13.638181686401367,0.03893620829326994,ROBUST_MODEL_INLIER,HELD_OUT,0.0023450927067185214,SYNTHETIC_SOURCE,SYNTHETIC_TARGET
370,165.7500457763672,56.11137771606445,174.79238891601562,50.16885757446289,165.7500457763672,56.11137771606445,174.79238891601562,50.16885757446289,SIFT:gradient,15.716233253479004,0.038937966267996796,ROBUST_MODEL_INLIER,FIT,0.07179495212711307,SYNTHETIC_SOURCE,SYNTHETIC_TARGET
371,377.6468811035156,164.58026123046875,386.6776428222656,158.62863159179688,377.6468811035156,164.58026123046875,386.6776428222656,158.62863159179688,SIFT:gradient,10.0,0.03899680342364514,ROBUST_MODEL_INLIER,FIT,0.05775836846068439,SYNTHETIC_SOURCE,SYNTHETIC_TARGET
372,296.60308837890625,311.3869934082031,305.580322265625,305.3555908203125,296.60308837890625,311.3869934082031,305.580322265625,305.3555908203125,SIFT:gradient,16.370704650878906,0.03901659405479711,ROBUST_MODEL_INLIER,FIT,0.038385266463746286,SYNTHETIC_SOURCE,SYNTHETIC_TARGET
373,300.6529541015625,325.6122131347656,309.66094970703125,319.6426086425781,300.6529541015625,325.6122131347656,309.66094970703125,319.6426086425781,SIFT:gradient,13.03840446472168,0.039047817537948795,ROBUST_MODEL_INLIER,HELD_OUT,0.03198243643490992,SYNTHETIC_SOURCE,SYNTHETIC_TARGET
374,373.4889221191406,268.588623046875,382.4826354980469,262.5847473144531,373.4889221191406,268.588623046875,382.4826354980469,262.5847473144531,SIFT:gradient,11.135528564453125,0.03906049034864224,ROBUST_MODEL_INLIER,FIT,0.007219842415262838,SYNTHETIC_SOURCE,SYNTHETIC_TARGET
375,301.13031005859375,311.3516845703125,310.1277160644531,305.3304138183594,301.13031005859375,311.3516845703125,310.1277160644531,305.3304138183594,SIFT:gradient,11.135528564453125,0.03906457593690897,ROBUST_MODEL_INLIER,FIT,0.020842165366279076,SYNTHETIC_SOURCE,SYNTHETIC_TARGET
376,49.93185043334961,274.4384460449219,58.91804122924805,268.3994445800781,49.93185043334961,274.4384460449219,58.91804122924805,268.3994445800781,SIFT:gradient,13.490737915039062,0.03907831592789812,ROBUST_MODEL_INLIER,FIT,0.040851061364509014,SYNTHETIC_SOURCE,SYNTHETIC_TARGET
377,587.6802978515625,175.1738739013672,596.67431640625,169.20321655273438,587.6802978515625,175.1738739013672,596.67431640625,169.20321655273438,SIFT:gradient,13.82027530670166,0.039116407978191825,ROBUST_MODEL_INLIER,FIT,0.03057464223573038,SYNTHETIC_SOURCE,SYNTHETIC_TARGET
378,246.69583129882812,400.4577941894531,255.69091796875,394.4746398925781,246.69583129882812,400.4577941894531,255.69091796875,394.4746398925781,SIFT:gradient,12.884099006652832,0.0391746075869098,ROBUST_MODEL_INLIER,FIT,0.018176285927523666,SYNTHETIC_SOURCE,SYNTHETIC_TARGET
379,179.03724670410156,255.39427185058594,188.02053833007812,249.40463256835938,179.03724670410156,255.39427185058594,188.02053833007812,249.40463256835938,SIFT:gradient,14.142135620117188,0.03919911107644863,ROBUST_MODEL_INLIER,HELD_OUT,0.020116073151622168,SYNTHETIC_SOURCE,SYNTHETIC_TARGET
380,541.3900756835938,111.51414489746094,550.408447265625,105.55003356933594,541.3900756835938,111.51414489746094,550.408447265625,105.55003356933594,SIFT:gradient,12.727922439575195,0.03925100708867707,ROBUST_MODEL_INLIER,FIT,0.040793510015531914,SYNTHETIC_SOURCE,SYNTHETIC_TARGET
381,271.3350830078125,508.3133850097656,280.3183288574219,502.2518615722656,271.3350830078125,508.3133850097656,280.3183288574219,502.2518615722656,SIFT:gradient,15.165750503540039,0.039303492271559486,ROBUST_MODEL_INLIER,FIT,0.06321583534004707,SYNTHETIC_SOURCE,SYNTHETIC_TARGET
382,246.351806640625,490.91943359375,255.341552734375,484.92938232421875,246.351806640625,490.91943359375,255.341552734375,484.92938232421875,SIFT:gradient,17.11724281311035,0.039381526649896866,ROBUST_MODEL_INLIER,FIT,0.014825293711813237,SYNTHETIC_SOURCE,SYNTHETIC_TARGET
383,256.39300537109375,464.88909912109375,265.3819885253906,458.8756408691406,256.39300537109375,464.88909912109375,265.3819885253906,458.8756408691406,SIFT:gradient,14.899664878845215,0.039389131088091264,ROBUST_MODEL_INLIER,HELD_OUT,0.017024241282730137,SYNTHETIC_SOURCE,SYNTHETIC_TARGET
384,525.1920166015625,419.47991943359375,534.16943359375,413.5337219238281,525.1920166015625,419.47991943359375,534.16943359375,413.5337219238281,SIFT:gradient,14.21267032623291,0.039394315633609456,ROBUST_MODEL_INLIER,FIT,0.05897172767002594,SYNTHETIC_SOURCE,SYNTHETIC_TARGET
385,584.27490234375,145.36070251464844,593.2777709960938,139.347900390625,584.27490234375,145.36070251464844,593.2777709960938,139.347900390625,SIFT:gradient,10.677078247070312,0.03953632859586489,ROBUST_MODEL_INLIER,HELD_OUT,0.01249064937674592,SYNTHETIC_SOURCE,SYNTHETIC_TARGET
386,590.8480224609375,229.76187133789062,599.8505859375,223.79104614257812,590.8480224609375,229.76187133789062,599.8505859375,223.79104614257812,SIFT:gradient,10.392304420471191,0.03955651902780659,ROBUST_MODEL_INLIER,FIT,0.029882568782236395,SYNTHETIC_SOURCE,SYNTHETIC_TARGET
387,161.69105529785156,206.8178253173828,170.68031311035156,200.858154296875,161.69105529785156,206.8178253173828,170.68031311035156,200.858154296875,SIFT:gradient,13.56466007232666,0.039615023323648677,ROBUST_MODEL_INLIER,FIT,0.04236419429208431,SYNTHETIC_SOURCE,SYNTHETIC_TARGET
388,168.80218505859375,67.43425750732422,177.7696075439453,61.36531066894531,168.80218505859375,67.43425750732422,177.7696075439453,61.36531066894531,SIFT:gradient,16.5227108001709,0.03962155502562517,ROBUST_MODEL_INLIER,FIT,0.07577027809521628,SYNTHETIC_SOURCE,SYNTHETIC_TARGET
389,144.4078826904297,575.4268798828125,153.4083251953125,569.3976440429688,144.4078826904297,575.4268798828125,153.4083251953125,569.3976440429688,SIFT:gradient,12.12435531616211,0.0396523680982036,ROBUST_MODEL_INLIER,FIT,0.02862695637336146,SYNTHETIC_SOURCE,SYNTHETIC_TARGET
390,295.1568908691406,464.24053955078125,304.1463928222656,458.1984558105469,295.1568908691406,464.24053955078125,304.1463928222656,458.1984558105469,SIFT:gradient,17.464248657226562,0.039655339199662284,ROBUST_MODEL_INLIER,FIT,0.04281913110794227,SYNTHETIC_SOURCE,SYNTHETIC_TARGET
391,617.1769409179688,201.4509735107422,626.1580810546875,195.34701538085938,617.1769409179688,201.4509735107422,626.1580810546875,195.34701538085938,SIFT:gradient,13.304134368896484,0.0396670275325373,ROBUST_MODEL_INLIER,HELD_OUT,0.10508204691243593,SYNTHETIC_SOURCE,SYNTHETIC_TARGET
392,194.12432861328125,50.56985855102539,203.1405029296875,44.556583404541016,194.12432861328125,50.56985855102539,203.1405029296875,44.556583404541016,SIFT:gradient,13.964240074157715,0.03969164252262049,ROBUST_MODEL_INLIER,FIT,0.02042285031628891,SYNTHETIC_SOURCE,SYNTHETIC_TARGET
393,443.4810791015625,337.3743591308594,452.47259521484375,331.3336181640625,443.4810791015625,337.3743591308594,452.47259521484375,331.3336181640625,SIFT:gradient,13.266499519348145,0.03972771757517225,ROBUST_MODEL_INLIER,FIT,0.0410494211014946,SYNTHETIC_SOURCE,SYNTHETIC_TARGET
394,603.555419921875,202.42437744140625,612.4927978515625,196.48135375976562,603.555419921875,202.42437744140625,612.4927978515625,196.48135375976562,SIFT:gradient,11.958260536193848,0.03973260566627872,ROBUST_MODEL_INLIER,FIT,0.08518733629601381,SYNTHETIC_SOURCE,SYNTHETIC_TARGET
395,442.96844482421875,484.4311828613281,451.9925842285156,478.3937072753906,442.96844482421875,484.4311828613281,451.9925842285156,478.3937072753906,SIFT:gradient,14.282856941223145,0.03974935707403288,ROBUST_MODEL_INLIER,FIT,0.04398196069789097,SYNTHETIC_SOURCE,SYNTHETIC_TARGET
396,279.4414978027344,211.78826904296875,288.469482421875,205.82351684570312,279.4414978027344,211.78826904296875,288.469482421875,205.82351684570312,SIFT:gradient,17.0,0.039813192694205954,ROBUST_MODEL_INLIER,FIT,0.045391950752082376,SYNTHETIC_SOURCE,SYNTHETIC_TARGET
397,52.92474365234375,202.3386993408203,61.899757385253906,196.31227111816406,52.92474365234375,202.3386993408203,61.899757385253906,196.31227111816406,SIFT:gradient,17.464248657226562,0.03983038130554236,ROBUST_MODEL_INLIER,HELD_OUT,0.03603504540780447,SYNTHETIC_SOURCE,SYNTHETIC_TARGET
398,495.64569091796875,24.68362045288086,504.6067810058594,18.668607711791992,495.64569091796875,24.68362045288086,504.6067810058594,18.668607711791992,SIFT:gradient,13.784049034118652,0.03987027550014199,ROBUST_MODEL_INLIER,FIT,0.04163301250593345,SYNTHETIC_SOURCE,SYNTHETIC_TARGET
399,87.30853271484375,374.008544921875,96.34921264648438,368.1192932128906,87.30853271484375,374.008544921875,96.34921264648438,368.1192932128906,SIFT:gradient,12.529964447021484,0.03987402466510556,ROBUST_MODEL_INLIER,HELD_OUT,0.11850406266568779,SYNTHETIC_SOURCE,SYNTHETIC_TARGET
400,588.50341796875,147.83815002441406,597.5112915039062,141.77980041503906,588.50341796875,147.83815002441406,597.5112915039062,141.77980041503906,SIFT:gradient,10.14889144897461,0.039986958142629814,ROBUST_MODEL_INLIER,FIT,0.0582531966454795,SYNTHETIC_SOURCE,SYNTHETIC_TARGET
401,130.867919921875,534.2476196289062,139.8717498779297,528.2778930664062,130.867919921875,534.2476196289062,139.8717498779297,528.2778930664062,SIFT:gradient,13.45362377166748,0.03999752345128436,ROBUST_MODEL_INLIER,FIT,0.03110195272761913,SYNTHETIC_SOURCE,SYNTHETIC_TARGET
402,92.38484954833984,326.7146301269531,101.45618438720703,320.7257080078125,92.38484954833984,326.7146301269531,101.45618438720703,320.7257080078125,SIFT:gradient,17.804492950439453,0.040012017301897115,ROBUST_MODEL_INLIER,HELD_OUT,0.07213548108412464,SYNTHETIC_SOURCE,SYNTHETIC_TARGET
403,146.6457061767578,588.9558715820312,155.67092895507812,582.93798828125,146.6457061767578,588.9558715820312,155.67092895507812,582.93798828125,SIFT:gradient,13.379088401794434,0.04001806710346985,ROBUST_MODEL_INLIER,HELD_OUT,0.03044452697767385,SYNTHETIC_SOURCE,SYNTHETIC_TARGET
404,152.09854125976562,470.43115234375,161.08082580566406,464.4286193847656,152.09854125976562,470.43115234375,161.08082580566406,464.4286193847656,SIFT:gradient,13.490737915039062,0.04012081136767137,ROBUST_MODEL_INLIER,HELD_OUT,0.017971180927619217,SYNTHETIC_SOURCE,SYNTHETIC_TARGET
405,179.1634521484375,118.42125701904297,188.16116333007812,112.45491790771484,179.1634521484375,118.42125701904297,188.16116333007812,112.45491790771484,SIFT:gradient,13.076696395874023,0.04015225417733769,ROBUST_MODEL_INLIER,FIT,0.034358090338081695,SYNTHETIC_SOURCE,SYNTHETIC_TARGET
406,54.37953186035156,578.9241943359375,63.404239654541016,572.9296264648438,54.37953186035156,578.9241943359375,63.404239654541016,572.9296264648438,SIFT:gradient,18.65475845336914,0.04019199483305156,ROBUST_MODEL_INLIER,HELD_OUT,0.02528773866112258,SYNTHETIC_SOURCE,SYNTHETIC_TARGET
407,95.00452423095703,406.1984558105469,103.97828674316406,400.23187255859375,95.00452423095703,406.1984558105469,103.97828674316406,400.23187255859375,SIFT:gradient,11.661903381347656,0.04022398290400005,ROBUST_MODEL_INLIER,FIT,0.04306134696467511,SYNTHETIC_SOURCE,SYNTHETIC_TARGET
408,131.14447021484375,207.71287536621094,140.17367553710938,201.68821716308594,131.14447021484375,207.71287536621094,140.17367553710938,201.68821716308594,SIFT:gradient,11.532562255859375,0.04023642341861866,ROBUST_MODEL_INLIER,FIT,0.03771419546319847,SYNTHETIC_SOURCE,SYNTHETIC_TARGET
409,490.3904724121094,153.5823516845703,499.3639221191406,147.58641052246094,490.3904724121094,153.5823516845703,499.3639221191406,147.58641052246094,SIFT:gradient,13.152946472167969,0.040254146264649245,ROBUST_MODEL_INLIER,HELD_OUT,0.027108027894687386,SYNTHETIC_SOURCE,SYNTHETIC_TARGET
410,147.6395721435547,496.01922607421875,156.64369201660156,490.0025939941406,147.6395721435547,496.01922607421875,156.64369201660156,490.0025939941406,SIFT:gradient,15.68438720703125,0.040324424465280395,ROBUST_MODEL_INLIER,FIT,0.016505609232603104,SYNTHETIC_SOURCE,SYNTHETIC_TARGET
411,371.2103271484375,196.26763916015625,380.2161560058594,190.2665252685547,371.2103271484375,196.26763916015625,380.2161560058594,190.2665252685547,SIFT:gradient,13.379088401794434,0.040345338952830004,ROBUST_MODEL_INLIER,HELD_OUT,0.005698560200817059,SYNTHETIC_SOURCE,SYNTHETIC_TARGET
412,570.6329956054688,184.86297607421875,579.6473999023438,178.86663818359375,570.6329956054688,184.86297607421875,579.6473999023438,178.86663818359375,SIFT:gradient,12.449899673461914,0.04041046493325698,ROBUST_MODEL_INLIER,HELD_OUT,0.014878344378249163,SYNTHETIC_SOURCE,SYNTHETIC_TARGET
413,491.26043701171875,55.75417709350586,500.3218994140625,49.80181121826172,491.26043701171875,55.75417709350586,500.3218994140625,49.80181121826172,SIFT:gradient,15.329710006713867,0.04042091898933045,ROBUST_MODEL_INLIER,FIT,0.07801552950220458,SYNTHETIC_SOURCE,SYNTHETIC_TARGET
414,450.5378723144531,572.8602905273438,459.57061767578125,566.8421630859375,450.5378723144531,572.8602905273438,459.57061767578125,566.8421630859375,SIFT:gradient,10.14889144897461,0.040430942468079344,ROBUST_MODEL_INLIER,FIT,0.03700185558782444,SYNTHETIC_SOURCE,SYNTHETIC_TARGET
415,354.1990661621094,497.83306884765625,363.2198486328125,491.8334655761719,354.1990661621094,497.83306884765625,363.2198486328125,491.8334655761719,SIFT:gradient,13.67479419708252,0.040465588722227726,ROBUST_MODEL_INLIER,FIT,0.020654449281964388,SYNTHETIC_SOURCE,SYNTHETIC_TARGET
416,140.92138671875,40.16885757446289,149.9404754638672,34.18985366821289,140.92138671875,40.16885757446289,149.9404754638672,34.18985366821289,SIFT:gradient,11.618949890136719,0.040506034789273365,ROBUST_MODEL_INLIER,HELD_OUT,0.02873006316650119,SYNTHETIC_SOURCE,SYNTHETIC_TARGET
417,165.7500457763672,56.11137771606445,174.79238891601562,50.16885757446289,165.7500457763672,56.11137771606445,174.79238891601562,50.16885757446289,SIFT:gradient,16.093477249145508,0.04051716676666285,ROBUST_MODEL_INLIER,FIT,0.07179495212711307,SYNTHETIC_SOURCE,SYNTHETIC_TARGET
418,85.42400360107422,498.977294921875,94.45603942871094,492.96759033203125,85.42400360107422,498.977294921875,94.45603942871094,492.96759033203125,SIFT:gradient,11.357816696166992,0.04054992590547476,ROBUST_MODEL_INLIER,FIT,0.03315488118849237,SYNTHETIC_SOURCE,SYNTHETIC_TARGET
419,181.76858520507812,271.5318298339844,190.78707885742188,265.50628662109375,181.76858520507812,271.5318298339844,190.78707885742188,265.50628662109375,SIFT:gradient,15.491933822631836,0.040559385531802154,ROBUST_MODEL_INLIER,FIT,0.030952257095100456,SYNTHETIC_SOURCE,SYNTHETIC_TARGET
420,108.55068969726562,506.3119812011719,117.55220031738281,500.3084716796875,108.55068969726562,506.3119812011719,117.55220031738281,500.3084716796875,SIFT:gradient,15.0,0.04056351195242106,ROBUST_MODEL_INLIER,FIT,0.0032014743110459275,SYNTHETIC_SOURCE,SYNTHETIC_TARGET
421,109.93048858642578,57.113460540771484,118.92646026611328,51.09235382080078,109.93048858642578,57.113460540771484,118.92646026611328,51.09235382080078,SIFT:gradient,10.29563045501709,0.040582442148010996,ROBUST_MODEL_INLIER,HELD_OUT,0.020918439505081276,SYNTHETIC_SOURCE,SYNTHETIC_TARGET
422,509.05108642578125,362.33697509765625,518.0789184570312,356.3480224609375,509.05108642578125,362.33697509765625,518.0789184570312,356.3480224609375,SIFT:gradient,15.0,0.040588895726373767,ROBUST_MODEL_INLIER,FIT,0.0300342121598526,SYNTHETIC_SOURCE,SYNTHETIC_TARGET
423,84.4537353515625,469.5749206542969,93.46341705322266,463.5804443359375,84.4537353515625,469.5749206542969,93.46341705322266,463.5804443359375,SIFT:gradient,15.132745742797852,0.0405989701283428,ROBUST_MODEL_INLIER,FIT,0.01133271249832581,SYNTHETIC_SOURCE,SYNTHETIC_TARGET
424,608.1337280273438,297.8180847167969,617.1361083984375,291.8288269042969,608.1337280273438,297.8180847167969,617.1361083984375,291.8288269042969,SIFT:gradient,22.24859619140625,0.04074001055491068,ROBUST_MODEL_INLIER,HELD_OUT,0.011569060513529794,SYNTHETIC_SOURCE,SYNTHETIC_TARGET
425,504.18060302734375,325.24127197265625,513.1776123046875,319.2291259765625,504.18060302734375,325.24127197265625,513.1776123046875,319.2291259765625,SIFT:gradient,14.933184623718262,0.040782178256398766,ROBUST_MODEL_INLIER,FIT,0.011956232514695155,SYNTHETIC_SOURCE,SYNTHETIC_TARGET
426,288.50494384765625,312.9651794433594,297.5029602050781,306.96923828125,288.50494384765625,312.9651794433594,297.5029602050781,306.96923828125,SIFT:gradient,17.464248657226562,0.04079007082381447,ROBUST_MODEL_INLIER,FIT,0.005134667541797578,SYNTHETIC_SOURCE,SYNTHETIC_TARGET
427,523.5241088867188,322.94305419921875,532.51953125,316.9447937011719,523.5241088867188,322.94305419921875,532.51953125,316.9447937011719,SIFT:gradient,12.12435531616211,0.04079616002073433,ROBUST_MODEL_INLIER,FIT,0.005281745582667916,SYNTHETIC_SOURCE,SYNTHETIC_TARGET
428,567.977294921875,223.81053161621094,577.0006103515625,217.80322265625,567.977294921875,223.81053161621094,577.0006103515625,217.80322265625,SIFT:gradient,12.288206100463867,0.04081019360064524,ROBUST_MODEL_INLIER,FIT,0.024112001048910828,SYNTHETIC_SOURCE,SYNTHETIC_TARGET
429,43.965911865234375,281.5927734375,52.967105865478516,275.5841064453125,43.965911865234375,281.5927734375,52.967105865478516,275.5841064453125,SIFT:gradient,11.916375160217285,0.04081812128093014,ROBUST_MODEL_INLIER,HELD_OUT,0.008123668989468697,SYNTHETIC_SOURCE,SYNTHETIC_TARGET
430,95.01239776611328,375.048828125,103.98480987548828,369.026611328125,95.01239776611328,375.048828125,103.98480987548828,369.026611328125,SIFT:gradient,15.748015403747559,0.04084789511000881,ROBUST_MODEL_INLIER,FIT,0.035162090770002645,SYNTHETIC_SOURCE,SYNTHETIC_TARGET
431,471.01165771484375,317.86407470703125,479.9730224609375,311.8404541015625,471.01165771484375,317.86407470703125,479.9730224609375,311.8404541015625,SIFT:gradient,15.329710006713867,0.04088795131089983,ROBUST_MODEL_INLIER,HELD_OUT,0.04509953942214373,SYNTHETIC_SOURCE,SYNTHETIC_TARGET
432,47.405879974365234,180.54141235351562,56.44415283203125,174.55606079101562,47.405879974365234,180.54141235351562,56.44415283203125,174.55606079101562,SIFT:gradient,14.247806549072266,0.040892535725077846,ROBUST_MODEL_INLIER,HELD_OUT,0.041060755124600785,SYNTHETIC_SOURCE,SYNTHETIC_TARGET
433,54.57992935180664,176.5615234375,63.58131790161133,170.5797119140625,54.57992935180664,176.5615234375,63.58131790161133,170.5797119140625,SIFT:gradient,10.954451560974121,0.040914145518325146,ROBUST_MODEL_INLIER,FIT,0.018839414553703734,SYNTHETIC_SOURCE,SYNTHETIC_TARGET
434,457.3984375,588.492431640625,466.4200744628906,582.5379028320312,457.3984375,588.492431640625,466.4200744628906,582.5379028320312,SIFT:gradient,15.779733657836914,0.04093856696971338,ROBUST_MODEL_INLIER,HELD_OUT,0.0508437505650535,SYNTHETIC_SOURCE,SYNTHETIC_TARGET
435,129.10269165039062,488.9100341796875,138.08775329589844,482.860595703125,129.10269165039062,488.9100341796875,138.08775329589844,482.860595703125,SIFT:gradient,15.588457107543945,0.04097687830273145,ROBUST_MODEL_INLIER,FIT,0.05110696951509639,SYNTHETIC_SOURCE,SYNTHETIC_TARGET
436,152.09854125976562,470.43115234375,161.08082580566406,464.4286193847656,152.09854125976562,470.43115234375,161.08082580566406,464.4286193847656,SIFT:gradient,11.789826393127441,0.04099848278278019,ROBUST_MODEL_INLIER,FIT,0.017971180927619217,SYNTHETIC_SOURCE,SYNTHETIC_TARGET
437,478.02471923828125,250.04840087890625,486.99981689453125,244.0614471435547,478.02471923828125,250.04840087890625,486.99981689453125,244.0614471435547,SIFT:gradient,14.142135620117188,0.04106230816125442,ROBUST_MODEL_INLIER,FIT,0.028535114610760418,SYNTHETIC_SOURCE,SYNTHETIC_TARGET
438,504.18060302734375,325.24127197265625,513.1776123046875,319.2291259765625,504.18060302734375,325.24127197265625,513.1776123046875,319.2291259765625,SIFT:gradient,14.933184623718262,0.04109180936423197,ROBUST_MODEL_INLIER,FIT,0.011956232514695155,SYNTHETIC_SOURCE,SYNTHETIC_TARGET
439,419.9172058105469,80.85529327392578,428.9010009765625,74.89165496826172,419.9172058105469,80.85529327392578,428.9010009765625,74.89165496826172,SIFT:gradient,13.964240074157715,0.04109369441817354,ROBUST_MODEL_INLIER,FIT,0.0404289182184349,SYNTHETIC_SOURCE,SYNTHETIC_TARGET
440,293.8839111328125,441.3325500488281,302.87933349609375,435.3011169433594,293.8839111328125,441.3325500488281,302.87933349609375,435.3011169433594,SIFT:gradient,17.11724281311035,0.04116292070885336,ROBUST_MODEL_INLIER,FIT,0.031183604397509702,SYNTHETIC_SOURCE,SYNTHETIC_TARGET
441,506.2469787597656,490.7944030761719,515.2427368164062,484.79010009765625,506.2469787597656,490.7944030761719,515.2427368164062,484.79010009765625,SIFT:gradient,15.29705810546875,0.041313686445427635,ROBUST_MODEL_INLIER,FIT,0.005739982467061357,SYNTHETIC_SOURCE,SYNTHETIC_TARGET
442,452.4824523925781,485.5406799316406,461.4527282714844,479.5433654785156,452.4824523925781,485.5406799316406,461.4527282714844,479.5433654785156,SIFT:gradient,15.68438720703125,0.041360291380873104,ROBUST_MODEL_INLIER,FIT,0.03005795545687279,SYNTHETIC_SOURCE,SYNTHETIC_TARGET
443,59.783531188964844,559.0052490234375,68.7882080078125,553.0049438476562,59.783531188964844,559.0052490234375,68.7882080078125,553.0049438476562,SIFT:gradient,13.928388595581055,0.04140405590714716,ROBUST_MODEL_INLIER,FIT,0.004534511882222986,SYNTHETIC_SOURCE,SYNTHETIC_TARGET
444,251.38009643554688,382.3233337402344,260.4292297363281,376.40264892578125,251.38009643554688,382.3233337402344,260.4292297363281,376.40264892578125,SIFT:gradient,14.0,0.04140598684184399,ROBUST_MODEL_INLIER,FIT,0.09374007530131347,SYNTHETIC_SOURCE,SYNTHETIC_TARGET
445,197.4325714111328,285.1063537597656,206.44029235839844,279.1295166015625,197.4325714111328,285.1063537597656,206.44029235839844,279.1295166015625,SIFT:gradient,14.866068840026855,0.041406290507936046,ROBUST_MODEL_INLIER,FIT,0.024948843382637642,SYNTHETIC_SOURCE,SYNTHETIC_TARGET
446,516.7637939453125,325.9413146972656,525.7706909179688,319.99127197265625,516.7637939453125,325.9413146972656,525.7706909179688,319.99127197265625,SIFT:gradient,17.83255386352539,0.04141721990664529,ROBUST_MODEL_INLIER,FIT,0.05101540572745853,SYNTHETIC_SOURCE,SYNTHETIC_TARGET
447,536.0671997070312,129.09031677246094,545.0863647460938,123.13509368896484,536.0671997070312,129.09031677246094,545.0863647460938,123.13509368896484,SIFT:gradient,14.560219764709473,0.04143890891503738,ROBUST_MODEL_INLIER,FIT,0.0492085094480086,SYNTHETIC_SOURCE,SYNTHETIC_TARGET
448,156.43263244628906,470.2507629394531,165.42666625976562,464.2776184082031,156.43263244628906,470.2507629394531,165.42666625976562,464.2776184082031,SIFT:gradient,11.575837135314941,0.041485659244023705,ROBUST_MODEL_INLIER,FIT,0.028139130863776222,SYNTHETIC_SOURCE,SYNTHETIC_TARGET
449,556.4508666992188,283.9862060546875,565.4981689453125,277.9947814941406,556.4508666992188,283.9862060546875,565.4981689453125,277.9947814941406,SIFT:gradient,15.842979431152344,0.04150122370962887,ROBUST_MODEL_INLIER,FIT,0.048036122088010495,SYNTHETIC_SOURCE,SYNTHETIC_TARGET
450,517.0579223632812,76.17969512939453,526.0578002929688,70.2017593383789,517.0579223632812,76.17969512939453,526.0578002929688,70.2017593383789,SIFT:gradient,13.416407585144043,0.04150664168909996,ROBUST_MODEL_INLIER,FIT,0.022676223960845954,SYNTHETIC_SOURCE,SYNTHETIC_TARGET
451,363.02655029296875,411.5670166015625,371.9935607910156,405.6132507324219,363.02655029296875,411.5670166015625,371.9935607910156,405.6132507324219,SIFT:gradient,9.05538558959961,0.0415424001758427,ROBUST_MODEL_INLIER,FIT,0.057382956115771454,SYNTHETIC_SOURCE,SYNTHETIC_TARGET
452,474.0746154785156,321.55126953125,483.0915222167969,315.5860900878906,474.0746154785156,321.55126953125,483.0915222167969,315.5860900878906,SIFT:gradient,12.247448921203613,0.04156073771777802,ROBUST_MODEL_INLIER,FIT,0.03919248411889645,SYNTHETIC_SOURCE,SYNTHETIC_TARGET
453,514.9710693359375,70.40585327148438,523.9609985351562,64.36277770996094,514.9710693359375,70.40585327148438,523.9609985351562,64.36277770996094,SIFT:gradient,15.231546401977539,0.041597153307892015,ROBUST_MODEL_INLIER,FIT,0.04367850424365202,SYNTHETIC_SOURCE,SYNTHETIC_TARGET
454,62.433692932128906,563.6392211914062,71.476318359375,557.6727294921875,62.433692932128906,563.6392211914062,71.476318359375,557.6727294921875,SIFT:gradient,15.491933822631836,0.04166576210496439,ROBUST_MODEL_INLIER,FIT,0.05447957893256089,SYNTHETIC_SOURCE,SYNTHETIC_TARGET
455,289.6098327636719,283.0637512207031,298.6568298339844,277.07513427734375,289.6098327636719,283.0637512207031,298.6568298339844,277.07513427734375,SIFT:gradient,13.638181686401367,0.04173371959242716,ROBUST_MODEL_INLIER,FIT,0.04835542755162177,SYNTHETIC_SOURCE,SYNTHETIC_TARGET
456,157.3291015625,519.3081665039062,166.33042907714844,513.2993774414062,157.3291015625,519.3081665039062,166.33042907714844,513.2993774414062,SIFT:gradient,11.704699516296387,0.04181583370529411,ROBUST_MODEL_INLIER,FIT,0.00826267302302384,SYNTHETIC_SOURCE,SYNTHETIC_TARGET
457,261.0278625488281,190.94036865234375,270.0099182128906,184.92881774902344,261.0278625488281,190.94036865234375,270.0099182128906,184.92881774902344,SIFT:gradient,14.73091983795166,0.041880651783951915,ROBUST_MODEL_INLIER,FIT,0.02114696963648297,SYNTHETIC_SOURCE,SYNTHETIC_TARGET
458,177.64785766601562,63.89349365234375,186.63063049316406,57.92229080200195,177.64785766601562,63.89349365234375,186.63063049316406,57.92229080200195,SIFT:gradient,16.94107437133789,0.041893715902522694,ROBUST_MODEL_INLIER,FIT,0.03415929173008916,SYNTHETIC_SOURCE,SYNTHETIC_TARGET
459,447.91961669921875,515.6515502929688,456.9179382324219,509.6426696777344,447.91961669921875,515.6515502929688,456.9179382324219,509.6426696777344,SIFT:gradient,16.5831241607666,0.041958798559151245,ROBUST_MODEL_INLIER,FIT,0.008470538499466907,SYNTHETIC_SOURCE,SYNTHETIC_TARGET
460,87.38877868652344,368.16326904296875,96.32333374023438,362.1123046875,87.38877868652344,368.16326904296875,96.32333374023438,362.1123046875,SIFT:gradient,15.459625244140625,0.041990786050412884,ROBUST_MODEL_INLIER,FIT,0.08269559964016168,SYNTHETIC_SOURCE,SYNTHETIC_TARGET
461,196.5497589111328,309.0234069824219,205.56312561035156,303.04998779296875,196.5497589111328,309.0234069824219,205.56312561035156,303.04998779296875,SIFT:gradient,14.832396507263184,0.041999921945995014,ROBUST_MODEL_INLIER,HELD_OUT,0.030231970412965017,SYNTHETIC_SOURCE,SYNTHETIC_TARGET
462,248.16366577148438,472.59564208984375,257.13299560546875,466.58734130859375,248.16366577148438,472.59564208984375,257.13299560546875,466.58734130859375,SIFT:gradient,18.30300521850586,0.042001692315180306,ROBUST_MODEL_INLIER,HELD_OUT,0.03176767015605065,SYNTHETIC_SOURCE,SYNTHETIC_TARGET
463,237.91806030273438,227.0708770751953,246.8539276123047,221.1720733642578,237.91806030273438,227.0708770751953,246.8539276123047,221.1720733642578,SIFT:gradient,14.21267032623291,0.0420390191029344,ROBUST_MODEL_INLIER,FIT,0.12040427352909007,SYNTHETIC_SOURCE,SYNTHETIC_TARGET
464,367.089599609375,280.1627502441406,376.0715637207031,274.10791015625,367.089599609375,280.1627502441406,376.0715637207031,274.10791015625,SIFT:gradient,13.266499519348145,0.04205277147327454,ROBUST_MODEL_INLIER,HELD_OUT,0.05719864493047516,SYNTHETIC_SOURCE,SYNTHETIC_TARGET
465,44.55699157714844,378.03314208984375,53.55762481689453,372.042724609375,44.55699157714844,378.03314208984375,53.55762481689453,372.042724609375,SIFT:gradient,15.779733657836914,0.04205477491433013,ROBUST_MODEL_INLIER,FIT,0.010204197535326816,SYNTHETIC_SOURCE,SYNTHETIC_TARGET
466,190.79103088378906,358.2857360839844,199.81265258789062,352.2919616699219,190.79103088378906,358.2857360839844,199.81265258789062,352.2919616699219,SIFT:gradient,18.275667190551758,0.04208269406597091,ROBUST_MODEL_INLIER,FIT,0.02253115603742173,SYNTHETIC_SOURCE,SYNTHETIC_TARGET
467,348.1578369140625,519.1886596679688,357.17559814453125,513.091796875,348.1578369140625,519.1886596679688,357.17559814453125,513.091796875,SIFT:gradient,14.696938514709473,0.042124714431639586,ROBUST_MODEL_INLIER,FIT,0.09784986852371211,SYNTHETIC_SOURCE,SYNTHETIC_TARGET
468,552.185302734375,293.5136413574219,561.2041625976562,287.5061950683594,552.185302734375,293.5136413574219,561.2041625976562,287.5061950683594,SIFT:gradient,17.916473388671875,0.04221816003561045,ROBUST_MODEL_INLIER,FIT,0.019917133178361537,SYNTHETIC_SOURCE,SYNTHETIC_TARGET
469,527.0318603515625,338.04754638671875,536.02783203125,332.04718017578125,527.0318603515625,338.04754638671875,536.02783203125,332.04718017578125,SIFT:gradient,13.56466007232666,0.04221860286272486,ROBUST_MODEL_INLIER,FIT,0.0041880303303263346,SYNTHETIC_SOURCE,SYNTHETIC_TARGET
470,399.60491943359375,518.0694580078125,408.6119384765625,512.0551147460938,399.60491943359375,518.0694580078125,408.6119384765625,512.0551147460938,SIFT:gradient,18.41195297241211,0.04222158690462419,ROBUST_MODEL_INLIER,FIT,0.01535386031913613,SYNTHETIC_SOURCE,SYNTHETIC_TARGET
471,359.9314270019531,393.31036376953125,368.9333190917969,387.3277282714844,359.9314270019531,393.31036376953125,368.9333190917969,387.3277282714844,SIFT:gradient,14.177447319030762,0.04224757950159368,ROBUST_MODEL_INLIER,FIT,0.01805882681552437,SYNTHETIC_SOURCE,SYNTHETIC_TARGET
472,423.08526611328125,274.6927185058594,432.06719970703125,268.7114562988281,423.08526611328125,274.6927185058594,432.06719970703125,268.7114562988281,SIFT:gradient,15.68438720703125,0.042285656457118126,ROBUST_MODEL_INLIER,FIT,0.026575974945395087,SYNTHETIC_SOURCE,SYNTHETIC_TARGET
473,145.3332977294922,518.6685791015625,154.27346801757812,512.59765625,145.3332977294922,518.6685791015625,154.27346801757812,512.59765625,SIFT:gradient,14.177447319030762,0.04237817530774733,ROBUST_MODEL_INLIER,FIT,0.09242144743569759,SYNTHETIC_SOURCE,SYNTHETIC_TARGET
474,248.88204956054688,387.8688659667969,257.876220703125,381.8337097167969,248.88204956054688,387.8688659667969,257.876220703125,381.8337097167969,SIFT:gradient,15.459625244140625,0.04238266438832477,ROBUST_MODEL_INLIER,FIT,0.035059902836153053,SYNTHETIC_SOURCE,SYNTHETIC_TARGET
475,141.38021850585938,426.84716796875,150.34017944335938,420.8822021484375,141.38021850585938,426.84716796875,150.34017944335938,420.8822021484375,SIFT:gradient,15.132745742797852,0.042429276811027115,ROBUST_MODEL_INLIER,FIT,0.05372058608349739,SYNTHETIC_SOURCE,SYNTHETIC_TARGET
476,539.6240844726562,51.049495697021484,548.6357421875,45.0323371887207,539.6240844726562,51.049495697021484,548.6357421875,45.0323371887207,SIFT:gradient,17.944358825683594,0.0424561907545553,ROBUST_MODEL_INLIER,HELD_OUT,0.020154638117372548,SYNTHETIC_SOURCE,SYNTHETIC_TARGET
477,350.2769775390625,521.8693237304688,359.3134460449219,515.8512573242188,350.2769775390625,521.8693237304688,359.3134460449219,515.8512573242188,SIFT:gradient,14.832396507263184,0.04249168148617207,ROBUST_MODEL_INLIER,FIT,0.04029342059401224,SYNTHETIC_SOURCE,SYNTHETIC_TARGET
478,451.85150146484375,578.88427734375,460.8797302246094,572.9696044921875,451.85150146484375,578.88427734375,460.8797302246094,572.9696044921875,SIFT:gradient,10.954451560974121,0.04253554543436846,ROBUST_MODEL_INLIER,FIT,0.09040755130742421,SYNTHETIC_SOURCE,SYNTHETIC_TARGET
479,605.3446044921875,210.85585021972656,614.3173217773438,204.91094970703125,605.3446044921875,210.85585021972656,614.3173217773438,204.91094970703125,SIFT:gradient,15.394804000854492,0.04255534544139776,ROBUST_MODEL_INLIER,FIT,0.06209896925662132,SYNTHETIC_SOURCE,SYNTHETIC_TARGET
480,234.78732299804688,236.46905517578125,243.77882385253906,230.45278930664062,234.78732299804688,236.46905517578125,243.77882385253906,230.45278930664062,SIFT:gradient,16.733200073242188,0.04259687559649112,ROBUST_MODEL_INLIER,FIT,0.017887082530044406,SYNTHETIC_SOURCE,SYNTHETIC_TARGET
481,129.9906005859375,528.8936767578125,138.99952697753906,522.8807373046875,129.9906005859375,528.8936767578125,138.99952697753906,522.8807373046875,SIFT:gradient,16.031219482421875,0.04263863414423504,ROBUST_MODEL_INLIER,FIT,0.015132295823717582,SYNTHETIC_SOURCE,SYNTHETIC_TARGET
482,30.415855407714844,288.3164367675781,39.43731689453125,282.3043212890625,30.415855407714844,288.3164367675781,39.43731689453125,282.3043212890625,SIFT:gradient,21.23676109313965,0.04274617253223487,ROBUST_MODEL_INLIER,FIT,0.02421646381362656,SYNTHETIC_SOURCE,SYNTHETIC_TARGET
483,380.9263916015625,182.23846435546875,389.88201904296875,176.2353973388672,380.9263916015625,182.23846435546875,389.88201904296875,176.2353973388672,SIFT:gradient,9.643651008605957,0.04279352186354718,ROBUST_MODEL_INLIER,HELD_OUT,0.04459286795631341,SYNTHETIC_SOURCE,SYNTHETIC_TARGET
484,266.1118469238281,170.15621948242188,275.0850830078125,164.1809844970703,266.1118469238281,170.15621948242188,275.0850830078125,164.1809844970703,SIFT:gradient,14.832396507263184,0.04281512153200955,ROBUST_MODEL_INLIER,FIT,0.03699199092877214,SYNTHETIC_SOURCE,SYNTHETIC_TARGET
485,537.443359375,347.5435485839844,546.4646606445312,341.5155944824219,537.443359375,347.5435485839844,546.4646606445312,341.5155944824219,SIFT:gradient,14.071247100830078,0.042955076871881624,ROBUST_MODEL_INLIER,FIT,0.034568011212666096,SYNTHETIC_SOURCE,SYNTHETIC_TARGET
486,475.946044921875,349.287353515625,484.9358825683594,343.3195495605469,475.946044921875,349.287353515625,484.9358825683594,343.3195495605469,SIFT:gradient,14.387495040893555,0.043023911312140055,ROBUST_MODEL_INLIER,FIT,0.0343897901491763,SYNTHETIC_SOURCE,SYNTHETIC_TARGET
487,141.42991638183594,545.9234008789062,150.46205139160156,539.9720458984375,141.42991638183594,545.9234008789062,150.46205139160156,539.9720458984375,SIFT:gradient,16.970561981201172,0.04305197439447787,ROBUST_MODEL_INLIER,FIT,0.05872790555241606,SYNTHETIC_SOURCE,SYNTHETIC_TARGET
488,226.06246948242188,138.77597045898438,235.05520629882812,132.81114196777344,226.06246948242188,138.77597045898438,235.05520629882812,132.81114196777344,SIFT:gradient,14.866068840026855,0.043133199407065136,ROBUST_MODEL_INLIER,FIT,0.03654223853196722,SYNTHETIC_SOURCE,SYNTHETIC_TARGET
489,183.5585174560547,56.11888885498047,192.5126190185547,50.113040924072266,183.5585174560547,56.11888885498047,192.5126190185547,50.113040924072266,SIFT:gradient,17.0,0.043136509688787045,ROBUST_MODEL_INLIER,FIT,0.04634791448307598,SYNTHETIC_SOURCE,SYNTHETIC_TARGET
490,386.9573059082031,179.336181640625,395.9606018066406,173.27664184570312,386.9573059082031,179.336181640625,395.9606018066406,173.27664184570312,SIFT:gradient,13.22875690460205,0.04314125342446462,ROBUST_MODEL_INLIER,FIT,0.05901321628109996,SYNTHETIC_SOURCE,SYNTHETIC_TARGET
491,415.1223449707031,237.82684326171875,424.117919921875,231.82940673828125,415.1223449707031,237.82684326171875,424.117919921875,231.82940673828125,SIFT:gradient,12.041594505310059,0.043150968170801204,ROBUST_MODEL_INLIER,FIT,0.005570273143741632,SYNTHETIC_SOURCE,SYNTHETIC_TARGET
492,173.78128051757812,278.3663635253906,182.7830047607422,272.33050537109375,173.78128051757812,278.3663635253906,182.7830047607422,272.33050537109375,SIFT:gradient,20.904544830322266,0.04315539087909405,ROBUST_MODEL_INLIER,FIT,0.03528282440366612,SYNTHETIC_SOURCE,SYNTHETIC_TARGET
493,171.97361755371094,136.78347778320312,180.96881103515625,130.779541015625,171.97361755371094,136.78347778320312,180.96881103515625,130.779541015625,SIFT:gradient,15.36229133605957,0.043234455475494225,ROBUST_MODEL_INLIER,HELD_OUT,0.005971413588502012,SYNTHETIC_SOURCE,SYNTHETIC_TARGET
494,580.0176391601562,144.78541564941406,589.0361938476562,138.77877807617188,580.0176391601562,144.78541564941406,589.0361938476562,138.77877807617188,SIFT:gradient,9.746794700622559,0.04326187096438616,ROBUST_MODEL_INLIER,FIT,0.019364004524102304,SYNTHETIC_SOURCE,SYNTHETIC_TARGET
495,122.7149887084961,487.5760192871094,131.66128540039062,481.6332092285156,122.7149887084961,487.5760192871094,131.66128540039062,481.6332092285156,SIFT:gradient,14.352700233459473,0.04327029788201454,ROBUST_MODEL_INLIER,FIT,0.07900209744567165,SYNTHETIC_SOURCE,SYNTHETIC_TARGET
496,293.4750061035156,179.516357421875,302.4949645996094,173.5161895751953,293.4750061035156,179.516357421875,302.4949645996094,173.5161895751953,SIFT:gradient,15.524174690246582,0.04327036580620054,ROBUST_MODEL_INLIER,FIT,0.019810850822766977,SYNTHETIC_SOURCE,SYNTHETIC_TARGET
497,217.6005859375,328.335205078125,226.55569458007812,322.318115234375,217.6005859375,328.335205078125,226.55569458007812,322.318115234375,SIFT:gradient,16.881942749023438,0.04328575235889989,ROBUST_MODEL_INLIER,FIT,0.047963847552853434,SYNTHETIC_SOURCE,SYNTHETIC_TARGET
498,288.64276123046875,185.77230834960938,297.60003662109375,179.7672119140625,288.64276123046875,185.77230834960938,297.60003662109375,179.7672119140625,SIFT:gradient,13.45362377166748,0.04330672937627761,ROBUST_MODEL_INLIER,FIT,0.04311123977421881,SYNTHETIC_SOURCE,SYNTHETIC_TARGET
499,280.7687683105469,39.53636932373047,289.7969055175781,33.47706604003906,280.7687683105469,39.53636932373047,289.7969055175781,33.47706604003906,SIFT:gradient,14.73091983795166,0.043314995045320756,ROBUST_MODEL_INLIER,FIT,0.06502306660204693,SYNTHETIC_SOURCE,SYNTHETIC_TARGET
500,363.70025634765625,502.0903625488281,372.70172119140625,496.10504150390625,363.70025634765625,502.0903625488281,372.70172119140625,496.10504150390625,SIFT:gradient,8.66025447845459,0.043320772556921835,ROBUST_MODEL_INLIER,FIT,0.015345517684051058,SYNTHETIC_SOURCE,SYNTHETIC_TARGET
501,607.95068359375,202.91098022460938,616.9464111328125,196.91189575195312,607.95068359375,202.91098022460938,616.9464111328125,196.91189575195312,SIFT:gradient,16.852298736572266,0.04333872043064339,ROBUST_MODEL_INLIER,HELD_OUT,0.004680743911797475,SYNTHETIC_SOURCE,SYNTHETIC_TARGET
502,127.63638305664062,207.4859161376953,136.68121337890625,201.44992065429688,127.63638305664062,207.4859161376953,136.68121337890625,201.44992065429688,SIFT:gradient,10.816654205322266,0.04334784110852244,ROBUST_MODEL_INLIER,HELD_OUT,0.05699304785611781,SYNTHETIC_SOURCE,SYNTHETIC_TARGET
503,98.39664459228516,322.42816162109375,107.39160919189453,316.4847717285156,98.39664459228516,322.42816162109375,107.39160919189453,316.4847717285156,SIFT:gradient,17.435596466064453,0.04338676432852762,ROBUST_MODEL_INLIER,FIT,0.05745516642382066,SYNTHETIC_SOURCE,SYNTHETIC_TARGET
504,456.8757629394531,580.5697631835938,465.8722839355469,574.5645141601562,456.8757629394531,580.5697631835938,465.8722839355469,574.5645141601562,SIFT:gradient,13.928388595581055,0.04342033604884787,ROBUST_MODEL_INLIER,FIT,0.005891157419645634,SYNTHETIC_SOURCE,SYNTHETIC_TARGET
505,197.8907928466797,591.4373779296875,206.8843231201172,585.4542236328125,197.8907928466797,591.4373779296875,206.8843231201172,585.4542236328125,SIFT:gradient,12.529964447021484,0.04342105263157895,ROBUST_MODEL_INLIER,HELD_OUT,0.018669999838485777,SYNTHETIC_SOURCE,SYNTHETIC_TARGET
506,146.6457061767578,588.9558715820312,155.67092895507812,582.93798828125,146.6457061767578,588.9558715820312,155.67092895507812,582.93798828125,SIFT:gradient,12.961481094360352,0.043429661978746835,ROBUST_MODEL_INLIER,FIT,0.03044452697767385,SYNTHETIC_SOURCE,SYNTHETIC_TARGET
507,450.5378723144531,572.8602905273438,459.57061767578125,566.8421630859375,450.5378723144531,572.8602905273438,459.57061767578125,566.8421630859375,SIFT:gradient,16.462078094482422,0.0434568969163315,ROBUST_MODEL_INLIER,FIT,0.03700185558782444,SYNTHETIC_SOURCE,SYNTHETIC_TARGET
508,76.00999450683594,420.1490783691406,84.98518371582031,414.1456604003906,76.00999450683594,420.1490783691406,84.98518371582031,414.1456604003906,SIFT:gradient,19.493589401245117,0.04348918839795274,ROBUST_MODEL_INLIER,FIT,0.025120768314057452,SYNTHETIC_SOURCE,SYNTHETIC_TARGET
509,580.5924682617188,257.3591613769531,589.5900268554688,251.38873291015625,580.5924682617188,257.3591613769531,589.5900268554688,251.38873291015625,SIFT:gradient,12.961481094360352,0.04359837076523683,ROBUST_MODEL_INLIER,FIT,0.03029315060549271,SYNTHETIC_SOURCE,SYNTHETIC_TARGET
510,58.99565505981445,591.7264404296875,68.00434112548828,585.7176513671875,58.99565505981445,591.7264404296875,68.00434112548828,585.7176513671875,SIFT:gradient,11.224971771240234,0.04360634572012261,ROBUST_MODEL_INLIER,FIT,0.01181996428402402,SYNTHETIC_SOURCE,SYNTHETIC_TARGET
511,571.8742065429688,154.58921813964844,580.8505249023438,148.5563201904297,571.8742065429688,154.58921813964844,580.8505249023438,148.5563201904297,SIFT:gradient,15.491933822631836,0.04362748133386526,ROBUST_MODEL_INLIER,FIT,0.04013177558178696,SYNTHETIC_SOURCE,SYNTHETIC_TARGET
512,349.8356018066406,499.8481750488281,358.8583679199219,493.8948059082031,349.8356018066406,499.8481750488281,358.8583679199219,493.8948059082031,SIFT:gradient,14.352700233459473,0.04363550949737858,ROBUST_MODEL_INLIER,FIT,0.05237464597907857,SYNTHETIC_SOURCE,SYNTHETIC_TARGET
513,223.62240600585938,149.00143432617188,232.5279998779297,143.0594024658203,223.62240600585938,149.00143432617188,232.5279998779297,143.0594024658203,SIFT:gradient,14.798648834228516,0.04364206080126372,ROBUST_MODEL_INLIER,HELD_OUT,0.11123304531539402,SYNTHETIC_SOURCE,SYNTHETIC_TARGET
514,114.64449310302734,185.11575317382812,123.65169525146484,179.1099395751953,114.64449310302734,185.11575317382812,123.65169525146484,179.1099395751953,SIFT:gradient,15.588457107543945,0.04368194185781411,ROBUST_MODEL_INLIER,HELD_OUT,0.008761853912202152,SYNTHETIC_SOURCE,SYNTHETIC_TARGET
515,84.94733428955078,377.4041748046875,93.92733764648438,371.3845520019531,84.94733428955078,377.4041748046875,93.92733764648438,371.3845520019531,SIFT:gradient,10.72380542755127,0.043689553470887134,ROBUST_MODEL_INLIER,FIT,0.027703155194358592,SYNTHETIC_SOURCE,SYNTHETIC_TARGET
516,288.78131103515625,37.08995819091797,297.7847900390625,31.034130096435547,288.78131103515625,37.08995819091797,297.7847900390625,31.034130096435547,SIFT:gradient,13.266499519348145,0.043705349387102965,ROBUST_MODEL_INLIER,FIT,0.05531784681890275,SYNTHETIC_SOURCE,SYNTHETIC_TARGET
517,133.05970764160156,551.5308837890625,142.0626678466797,545.5346069335938,133.05970764160156,551.5308837890625,142.0626678466797,545.5346069335938,SIFT:gradient,9.380831718444824,0.043707485187688494,ROBUST_MODEL_INLIER,HELD_OUT,0.005163516501967619,SYNTHETIC_SOURCE,SYNTHETIC_TARGET
518,126.49992370605469,548.30517578125,135.52870178222656,542.324462890625,126.49992370605469,548.30517578125,135.52870178222656,542.324462890625,SIFT:gradient,13.56466007232666,0.04378682278389236,ROBUST_MODEL_INLIER,FIT,0.03486154803073609,SYNTHETIC_SOURCE,SYNTHETIC_TARGET
519,197.8907928466797,591.4373779296875,206.8843231201172,585.4542236328125,197.8907928466797,591.4373779296875,206.8843231201172,585.4542236328125,SIFT:gradient,14.899664878845215,0.04381268886357098,ROBUST_MODEL_INLIER,FIT,0.018669999838485777,SYNTHETIC_SOURCE,SYNTHETIC_TARGET
520,252.10125732421875,132.50608825683594,261.06207275390625,126.5624771118164,252.10125732421875,132.50608825683594,261.06207275390625,126.5624771118164,SIFT:gradient,13.67479419708252,0.04381371921948833,ROBUST_MODEL_INLIER,FIT,0.06925548037538759,SYNTHETIC_SOURCE,SYNTHETIC_TARGET
521,417.6639709472656,267.3019714355469,426.70037841796875,261.28082275390625,417.6639709472656,267.3019714355469,426.70037841796875,261.28082275390625,SIFT:gradient,17.0880069732666,0.043825632289876355,ROBUST_MODEL_INLIER,FIT,0.04166820766659063,SYNTHETIC_SOURCE,SYNTHETIC_TARGET
522,305.4867858886719,349.4686584472656,314.4689025878906,343.5003662109375,305.4867858886719,349.4686584472656,314.4689025878906,343.5003662109375,SIFT:gradient,15.231546401977539,0.04389968751726145,ROBUST_MODEL_INLIER,HELD_OUT,0.03701018579373266,SYNTHETIC_SOURCE,SYNTHETIC_TARGET
523,105.41458892822266,35.916385650634766,114.44819641113281,29.938444137573242,105.41458892822266,35.916385650634766,114.44819641113281,29.938444137573242,SIFT:gradient,15.716233253479004,0.0439208309862218,ROBUST_MODEL_INLIER,HELD_OUT,0.04041170919116407,SYNTHETIC_SOURCE,SYNTHETIC_TARGET
524,170.28541564941406,121.80905151367188,179.31561279296875,115.78062438964844,170.28541564941406,121.80905151367188,179.31561279296875,115.78062438964844,SIFT:gradient,14.422204971313477,0.043930751128975584,ROBUST_MODEL_INLIER,HELD_OUT,0.04094445206855895,SYNTHETIC_SOURCE,SYNTHETIC_TARGET
525,195.45709228515625,595.15576171875,204.46141052246094,589.152099609375,195.45709228515625,595.15576171875,204.46141052246094,589.152099609375,SIFT:gradient,17.20465087890625,0.04393274952919901,ROBUST_MODEL_INLIER,FIT,0.00516389976539379,SYNTHETIC_SOURCE,SYNTHETIC_TARGET
526,609.8512573242188,205.388916015625,618.8377075195312,199.39260864257812,609.8512573242188,205.388916015625,618.8377075195312,199.39260864257812,SIFT:gradient,15.394804000854492,0.04404163485852916,ROBUST_MODEL_INLIER,FIT,0.014362144215645009,SYNTHETIC_SOURCE,SYNTHETIC_TARGET
527,161.39346313476562,478.8299560546875,170.3961944580078,472.8065185546875,161.39346313476562,478.8299560546875,170.3961944580078,472.8065185546875,SIFT:gradient,14.071247100830078,0.04412155136678388,ROBUST_MODEL_INLIER,FIT,0.02297234384648325,SYNTHETIC_SOURCE,SYNTHETIC_TARGET
528,137.88409423828125,51.20484924316406,146.8970489501953,45.20174789428711,137.88409423828125,51.20484924316406,146.8970489501953,45.20174789428711,SIFT:gradient,18.330303192138672,0.04420921032061588,ROBUST_MODEL_INLIER,FIT,0.013042217876269673,SYNTHETIC_SOURCE,SYNTHETIC_TARGET
529,148.47314453125,523.401123046875,157.46511840820312,517.4002685546875,148.47314453125,523.401123046875,157.46511840820312,517.4002685546875,SIFT:gradient,16.94107437133789,0.044273484740575186,ROBUST_MODEL_INLIER,HELD_OUT,0.008182354016049264,SYNTHETIC_SOURCE,SYNTHETIC_TARGET
530,367.5274658203125,188.5205841064453,376.5403137207031,182.51837158203125,367.5274658203125,188.5205841064453,376.5403137207031,182.51837158203125,SIFT:gradient,16.492422103881836,0.044354826630212604,ROBUST_MODEL_INLIER,FIT,0.012796011773945043,SYNTHETIC_SOURCE,SYNTHETIC_TARGET
531,255.14280700683594,221.7961883544922,264.1108093261719,215.80905151367188,255.14280700683594,221.7961883544922,264.1108093261719,215.80905151367188,SIFT:gradient,16.0,0.044395143603752206,ROBUST_MODEL_INLIER,FIT,0.03485936401970595,SYNTHETIC_SOURCE,SYNTHETIC_TARGET
532,110.68296813964844,478.3258361816406,119.66802978515625,472.34149169921875,110.68296813964844,478.3258361816406,119.66802978515625,472.34149169921875,SIFT:gradient,14.59451961517334,0.04442431533295068,ROBUST_MODEL_INLIER,FIT,0.022188173446710372,SYNTHETIC_SOURCE,SYNTHETIC_TARGET
533,170.72325134277344,64.62619018554688,179.72926330566406,58.63473892211914,170.72325134277344,64.62619018554688,179.72926330566406,58.63473892211914,SIFT:gradient,16.76305389404297,0.04443308142344926,ROBUST_MODEL_INLIER,FIT,0.010872955938981334,SYNTHETIC_SOURCE,SYNTHETIC_TARGET
534,102.37196350097656,25.700580596923828,111.38858795166016,19.705650329589844,102.37196350097656,25.700580596923828,111.38858795166016,19.705650329589844,SIFT:gradient,18.920886993408203,0.04444266534294347,ROBUST_MODEL_INLIER,HELD_OUT,0.017423708580937072,SYNTHETIC_SOURCE,SYNTHETIC_TARGET
535,363.6871337890625,154.32095336914062,372.6200866699219,148.32623291015625,363.6871337890625,154.32095336914062,372.6200866699219,148.32623291015625,SIFT:gradient,16.309507369995117,0.04444898591876122,ROBUST_MODEL_INLIER,FIT,0.06745733065922252,SYNTHETIC_SOURCE,SYNTHETIC_TARGET
536,607.834716796875,182.54483032226562,616.8200073242188,176.57574462890625,607.834716796875,182.54483032226562,616.8200073242188,176.57574462890625,SIFT:gradient,13.379088401794434,0.0444549329296345,ROBUST_MODEL_INLIER,HELD_OUT,0.034852330173502526,SYNTHETIC_SOURCE,SYNTHETIC_TARGET
537,358.4508972167969,295.98541259765625,367.3932800292969,290.0010070800781,358.4508972167969,295.98541259765625,367.3932800292969,290.0010070800781,SIFT:gradient,15.066518783569336,0.044463745678021215,ROBUST_MODEL_INLIER,FIT,0.05999952994102885,SYNTHETIC_SOURCE,SYNTHETIC_TARGET
538,561.4155883789062,40.33588790893555,570.411865234375,34.36138916015625,561.4155883789062,40.33588790893555,570.411865234375,34.36138916015625,SIFT:gradient,12.328827857971191,0.044511012671156355,ROBUST_MODEL_INLIER,FIT,0.02639767227832322,SYNTHETIC_SOURCE,SYNTHETIC_TARGET
539,377.036376953125,182.0257110595703,386.0533142089844,175.9916229248047,377.036376953125,182.0257110595703,386.0533142089844,175.9916229248047,SIFT:gradient,9.746794700622559,0.044522626025685096,ROBUST_MODEL_INLIER,HELD_OUT,0.037449793684566815,SYNTHETIC_SOURCE,SYNTHETIC_TARGET
540,443.5716552734375,496.87432861328125,452.5738525390625,490.7934875488281,443.5716552734375,496.87432861328125,452.5738525390625,490.7934875488281,SIFT:gradient,12.288206100463867,0.04455203297864454,ROBUST_MODEL_INLIER,FIT,0.08025676294229259,SYNTHETIC_SOURCE,SYNTHETIC_TARGET
541,343.4384765625,474.98468017578125,352.42486572265625,469.0235290527344,343.4384765625,474.98468017578125,352.42486572265625,469.0235290527344,SIFT:gradient,16.124515533447266,0.04456565058051021,ROBUST_MODEL_INLIER,FIT,0.04179070061685585,SYNTHETIC_SOURCE,SYNTHETIC_TARGET
542,234.78732299804688,236.46905517578125,243.77882385253906,230.45278930664062,234.78732299804688,236.46905517578125,243.77882385253906,230.45278930664062,SIFT:gradient,21.189620971679688,0.044571813912404896,ROBUST_MODEL_INLIER,FIT,0.017887082530044406,SYNTHETIC_SOURCE,SYNTHETIC_TARGET
543,248.42404174804688,141.49151611328125,257.4168701171875,135.5063934326172,248.42404174804688,141.49151611328125,257.4168701171875,135.5063934326172,SIFT:gradient,14.0,0.044573558487686724,ROBUST_MODEL_INLIER,HELD_OUT,0.017132195719059464,SYNTHETIC_SOURCE,SYNTHETIC_TARGET
544,545.94580078125,243.1403045654297,554.9155883789062,237.14974975585938,545.94580078125,243.1403045654297,554.9155883789062,237.14974975585938,SIFT:gradient,16.370704650878906,0.044573907182184375,ROBUST_MODEL_INLIER,FIT,0.03198666216863422,SYNTHETIC_SOURCE,SYNTHETIC_TARGET
545,308.9629821777344,175.3070526123047,317.9749755859375,169.36978149414062,308.9629821777344,175.3070526123047,317.9749755859375,169.36978149414062,SIFT:gradient,14.0,0.04457423411597412,ROBUST_MODEL_INLIER,FIT,0.06443650761156018,SYNTHETIC_SOURCE,SYNTHETIC_TARGET
546,417.64678955078125,31.932132720947266,426.6471252441406,25.946346282958984,417.64678955078125,31.932132720947266,426.6471252441406,25.946346282958984,SIFT:gradient,13.114876747131348,0.04463114804961363,ROBUST_MODEL_INLIER,FIT,0.014825044393477987,SYNTHETIC_SOURCE,SYNTHETIC_TARGET
547,61.43895721435547,583.5169067382812,70.42138671875,577.5508422851562,61.43895721435547,583.5169067382812,70.42138671875,577.5508422851562,SIFT:gradient,10.816654205322266,0.04465119635030391,ROBUST_MODEL_INLIER,FIT,0.03882688227843662,SYNTHETIC_SOURCE,SYNTHETIC_TARGET
548,49.44522476196289,385.2302551269531,58.43361282348633,379.2424011230469,49.44522476196289,385.2302551269531,58.43361282348633,379.2424011230469,SIFT:gradient,10.770329475402832,0.044714805645342755,ROBUST_MODEL_INLIER,HELD_OUT,0.017353054087720834,SYNTHETIC_SOURCE,SYNTHETIC_TARGET
549,132.23348999023438,51.521793365478516,141.19061279296875,45.47889709472656,132.23348999023438,51.521793365478516,141.19061279296875,45.47889709472656,SIFT:gradient,16.278820037841797,0.04473976385630084,ROBUST_MODEL_INLIER,FIT,0.06032960610090201,SYNTHETIC_SOURCE,SYNTHETIC_TARGET
550,301.13031005859375,311.3516845703125,310.1277160644531,305.3304138183594,301.13031005859375,311.3516845703125,310.1277160644531,305.3304138183594,SIFT:gradient,13.638181686401367,0.044821476462342795,ROBUST_MODEL_INLIER,FIT,0.020842165366279076,SYNTHETIC_SOURCE,SYNTHETIC_TARGET
551,306.621826171875,164.88607788085938,315.6311340332031,158.87237548828125,306.621826171875,164.88607788085938,315.6311340332031,158.87237548828125,SIFT:gradient,12.609519958496094,0.04485840014869249,ROBUST_MODEL_INLIER,HELD_OUT,0.01597562423413246,SYNTHETIC_SOURCE,SYNTHETIC_TARGET
552,248.41246032714844,54.66767501831055,257.44000244140625,48.60038757324219,248.41246032714844,54.66767501831055,257.44000244140625,48.60038757324219,SIFT:gradient,18.083141326904297,0.044858892259781506,ROBUST_MODEL_INLIER,FIT,0.07208343050249463,SYNTHETIC_SOURCE,SYNTHETIC_TARGET
553,565.80419921875,254.14439392089844,574.8037719726562,248.13992309570312,565.80419921875,254.14439392089844,574.8037719726562,248.13992309570312,SIFT:gradient,13.34166431427002,0.0448893809546399,ROBUST_MODEL_INLIER,FIT,0.003903775623556857,SYNTHETIC_SOURCE,SYNTHETIC_TARGET
554,476.8746337890625,342.0173645019531,485.8789367675781,336.0281677246094,476.8746337890625,342.0173645019531,485.8789367675781,336.0281677246094,SIFT:gradient,13.190905570983887,0.04492657783653337,ROBUST_MODEL_INLIER,FIT,0.012144769194472268,SYNTHETIC_SOURCE,SYNTHETIC_TARGET
555,144.30584716796875,38.79799270629883,153.30335998535156,32.82490539550781,144.30584716796875,38.79799270629883,153.30335998535156,32.82490539550781,SIFT:gradient,14.142135620117188,0.044937127614462474,ROBUST_MODEL_INLIER,HELD_OUT,0.027649342879039782,SYNTHETIC_SOURCE,SYNTHETIC_TARGET
556,262.655029296875,464.9893798828125,271.5756530761719,458.88037109375,262.655029296875,464.9893798828125,271.5756530761719,458.88037109375,SIFT:gradient,15.264337539672852,0.04494840966977713,ROBUST_MODEL_INLIER,FIT,0.13444349240027473,SYNTHETIC_SOURCE,SYNTHETIC_TARGET
557,350.2769775390625,521.8693237304688,359.3134460449219,515.8512573242188,350.2769775390625,521.8693237304688,359.3134460449219,515.8512573242188,SIFT:gradient,15.68438720703125,0.044957181220969394,ROBUST_MODEL_INLIER,FIT,0.04029342059401224,SYNTHETIC_SOURCE,SYNTHETIC_TARGET
558,336.3006591796875,386.5990905761719,345.3026428222656,380.54949951171875,336.3006591796875,386.5990905761719,345.3026428222656,380.54949951171875,SIFT:gradient,15.842979431152344,0.04498269379004005,ROBUST_MODEL_INLIER,HELD_OUT,0.04901492626274627,SYNTHETIC_SOURCE,SYNTHETIC_TARGET
559,171.79884338378906,60.56455612182617,180.7772674560547,54.52641677856445,171.79884338378906,60.56455612182617,180.7772674560547,54.52641677856445,SIFT:gradient,18.055469512939453,0.04498849475102719,ROBUST_MODEL_INLIER,HELD_OUT,0.04336535032979555,SYNTHETIC_SOURCE,SYNTHETIC_TARGET
560,260.326171875,169.5846710205078,269.34130859375,163.55555725097656,260.326171875,169.5846710205078,269.34130859375,163.55555725097656,SIFT:gradient,19.94993782043457,0.04503337533199668,ROBUST_MODEL_INLIER,FIT,0.0322020032530918,SYNTHETIC_SOURCE,SYNTHETIC_TARGET
561,585.4581909179688,260.77789306640625,594.4066162109375,254.81878662109375,585.4581909179688,260.77789306640625,594.4066162109375,254.81878662109375,SIFT:gradient,11.832159996032715,0.045074979067808905,ROBUST_MODEL_INLIER,FIT,0.06631958439211923,SYNTHETIC_SOURCE,SYNTHETIC_TARGET
562,58.006935119628906,173.9009246826172,66.95594024658203,167.8660430908203,58.006935119628906,173.9009246826172,66.95594024658203,167.8660430908203,SIFT:gradient,17.0,0.04508443335980665,ROBUST_MODEL_INLIER,FIT,0.061567691751074544,SYNTHETIC_SOURCE,SYNTHETIC_TARGET
563,516.0625610351562,490.428955078125,525.0841064453125,484.40264892578125,516.0625610351562,490.428955078125,525.0841064453125,484.40264892578125,SIFT:gradient,12.806248664855957,0.04509550195546128,ROBUST_MODEL_INLIER,FIT,0.03343541568873205,SYNTHETIC_SOURCE,SYNTHETIC_TARGET
564,146.55950927734375,224.19921875,155.5594024658203,218.17221069335938,146.55950927734375,224.19921875,155.5594024658203,218.17221069335938,SIFT:gradient,18.89444351196289,0.04509593389876865,ROBUST_MODEL_INLIER,FIT,0.02639897955315096,SYNTHETIC_SOURCE,SYNTHETIC_TARGET
565,198.6484375,118.13575744628906,207.58322143554688,112.07282257080078,198.6484375,118.13575744628906,207.58322143554688,112.07282257080078,SIFT:gradient,17.83255386352539,0.045104241065346516,ROBUST_MODEL_INLIER,FIT,0.0903183646431518,SYNTHETIC_SOURCE,SYNTHETIC_TARGET
566,582.073486328125,150.61419677734375,591.0670166015625,144.6105194091797,582.073486328125,150.61419677734375,591.0670166015625,144.6105194091797,SIFT:gradient,14.899664878845215,0.04511840107223523,ROBUST_MODEL_INLIER,FIT,0.007298057244933631,SYNTHETIC_SOURCE,SYNTHETIC_TARGET
567,154.0576629638672,498.8338317871094,163.0074005126953,492.8245849609375,154.0576629638672,498.8338317871094,163.0074005126953,492.8245849609375,SIFT:gradient,18.055469512939453,0.0452093686080162,ROBUST_MODEL_INLIER,HELD_OUT,0.05114943653014938,SYNTHETIC_SOURCE,SYNTHETIC_TARGET
568,201.87274169921875,155.50767517089844,210.89266967773438,149.52706909179688,201.87274169921875,155.50767517089844,210.89266967773438,149.52706909179688,SIFT:gradient,20.14944076538086,0.04522554864475117,ROBUST_MODEL_INLIER,HELD_OUT,0.028128935121379203,SYNTHETIC_SOURCE,SYNTHETIC_TARGET
569,368.70233154296875,262.96197509765625,377.7079772949219,256.9664001464844,368.70233154296875,262.96197509765625,377.7079772949219,256.9664001464844,SIFT:gradient,13.114876747131348,0.045227744177384815,ROBUST_MODEL_INLIER,FIT,0.007451852689864978,SYNTHETIC_SOURCE,SYNTHETIC_TARGET
570,189.0177459716797,84.59953308105469,197.99427795410156,78.58567810058594,189.0177459716797,84.59953308105469,197.99427795410156,78.58567810058594,SIFT:gradient,8.83176040649414,0.045319693901656126,ROBUST_MODEL_INLIER,FIT,0.027080494780831008,SYNTHETIC_SOURCE,SYNTHETIC_TARGET
571,602.3485717773438,166.85861206054688,611.339599609375,160.86810302734375,602.3485717773438,166.85861206054688,611.339599609375,160.86810302734375,SIFT:gradient,17.860570907592773,0.04537511943571451,ROBUST_MODEL_INLIER,HELD_OUT,0.013612413529225625,SYNTHETIC_SOURCE,SYNTHETIC_TARGET
572,219.76036071777344,36.620521545410156,228.80825805664062,30.600101470947266,219.76036071777344,36.620521545410156,228.80825805664062,30.600101470947266,SIFT:gradient,13.56466007232666,0.04538071635361379,ROBUST_MODEL_INLIER,FIT,0.05169126006593597,SYNTHETIC_SOURCE,SYNTHETIC_TARGET
573,442.96844482421875,484.4311828613281,451.9925842285156,478.3937072753906,442.96844482421875,484.4311828613281,451.9925842285156,478.3937072753906,SIFT:gradient,19.209373474121094,0.04543623212027653,ROBUST_MODEL_INLIER,HELD_OUT,0.04398196069789097,SYNTHETIC_SOURCE,SYNTHETIC_TARGET
574,285.4457702636719,47.86838150024414,294.44921875,41.848270416259766,285.4457702636719,47.86838150024414,294.44921875,41.848270416259766,SIFT:gradient,10.908712387084961,0.04544429180092632,ROBUST_MODEL_INLIER,HELD_OUT,0.019777297881659207,SYNTHETIC_SOURCE,SYNTHETIC_TARGET
575,542.0324096679688,115.8248291015625,551.0114135742188,109.81017303466797,542.0324096679688,115.8248291015625,551.0114135742188,109.81017303466797,SIFT:gradient,15.779733657836914,0.04545020991274043,ROBUST_MODEL_INLIER,FIT,0.0253879667229372,SYNTHETIC_SOURCE,SYNTHETIC_TARGET
576,584.980712890625,245.17564392089844,594.0162353515625,239.1262969970703,584.980712890625,245.17564392089844,594.0162353515625,239.1262969970703,SIFT:gradient,11.445523262023926,0.045452754771124315,ROBUST_MODEL_INLIER,HELD_OUT,0.06021861336459469,SYNTHETIC_SOURCE,SYNTHETIC_TARGET
577,221.63662719726562,137.74459838867188,230.6376190185547,131.66819763183594,221.63662719726562,137.74459838867188,230.6376190185547,131.66819763183594,SIFT:gradient,14.832396507263184,0.04549921787507102,ROBUST_MODEL_INLIER,FIT,0.0757950515812804,SYNTHETIC_SOURCE,SYNTHETIC_TARGET
578,255.71792602539062,389.6160888671875,264.7279052734375,383.6053161621094,255.71792602539062,389.6160888671875,264.7279052734375,383.6053161621094,SIFT:gradient,11.618949890136719,0.045515536746381174,ROBUST_MODEL_INLIER,HELD_OUT,0.014136360168125566,SYNTHETIC_SOURCE,SYNTHETIC_TARGET
579,111.860107421875,498.47149658203125,120.8096694946289,492.4492492675781,111.860107421875,498.47149658203125,120.8096694946289,492.4492492675781,SIFT:gradient,19.02629852294922,0.045538053573085054,ROBUST_MODEL_INLIER,FIT,0.05502325312928028,SYNTHETIC_SOURCE,SYNTHETIC_TARGET
580,95.01239776611328,375.048828125,103.98480987548828,369.026611328125,95.01239776611328,375.048828125,103.98480987548828,369.026611328125,SIFT:gradient,14.422204971313477,0.04557103102947311,ROBUST_MODEL_INLIER,FIT,0.035162090770002645,SYNTHETIC_SOURCE,SYNTHETIC_TARGET
581,188.1688232421875,243.62278747558594,197.15032958984375,237.61961364746094,188.1688232421875,243.62278747558594,197.15032958984375,237.61961364746094,SIFT:gradient,11.916375160217285,0.04565526990368771,ROBUST_MODEL_INLIER,FIT,0.01882162816986118,SYNTHETIC_SOURCE,SYNTHETIC_TARGET
582,86.8447265625,29.08447265625,95.8563461303711,23.0917911529541,86.8447265625,29.08447265625,95.8563461303711,23.0917911529541,SIFT:gradient,17.52141571044922,0.04566462570733863,ROBUST_MODEL_INLIER,FIT,0.013941243298474555,SYNTHETIC_SOURCE,SYNTHETIC_TARGET
583,531.51123046875,346.9832763671875,540.5101318359375,340.9312744140625,531.51123046875,346.9832763671875,540.5101318359375,340.9312744140625,SIFT:gradient,21.095022201538086,0.04568098445440058,ROBUST_MODEL_INLIER,HELD_OUT,0.051406830911919485,SYNTHETIC_SOURCE,SYNTHETIC_TARGET
584,235.9153594970703,371.2278137207031,244.90565490722656,365.24066162109375,235.9153594970703,371.2278137207031,244.90565490722656,365.24066162109375,SIFT:gradient,22.494443893432617,0.04574479937705972,ROBUST_MODEL_INLIER,HELD_OUT,0.016681981252862358,SYNTHETIC_SOURCE,SYNTHETIC_TARGET
585,142.50975036621094,594.4046630859375,151.61036682128906,588.362548828125,142.50975036621094,594.4046630859375,151.61036682128906,588.362548828125,SIFT:gradient,13.82027530670166,0.04577279255983928,ROBUST_MODEL_INLIER,FIT,0.10869941510549368,SYNTHETIC_SOURCE,SYNTHETIC_TARGET
586,566.904296875,166.87445068359375,575.9624633789062,160.8043975830078,566.904296875,166.87445068359375,575.9624633789062,160.8043975830078,SIFT:gradient,14.966629981994629,0.04579178444683641,ROBUST_MODEL_INLIER,FIT,0.09048707003434314,SYNTHETIC_SOURCE,SYNTHETIC_TARGET
587,463.83087158203125,471.69464111328125,472.8194580078125,465.705322265625,463.83087158203125,471.69464111328125,472.8194580078125,465.705322265625,SIFT:gradient,14.0,0.0458128349877312,ROBUST_MODEL_INLIER,FIT,0.016163977431474005,SYNTHETIC_SOURCE,SYNTHETIC_TARGET
588,353.34222412109375,191.8052978515625,362.42529296875,185.85560607910156,353.34222412109375,191.8052978515625,362.42529296875,185.85560607910156,SIFT:gradient,16.552946090698242,0.045844944095916135,ROBUST_MODEL_INLIER,FIT,0.09730266096691642,SYNTHETIC_SOURCE,SYNTHETIC_TARGET
589,347.9373779296875,52.21962356567383,356.93255615234375,46.21585464477539,347.9373779296875,52.21962356567383,356.93255615234375,46.21585464477539,SIFT:gradient,13.22875690460205,0.04585474576834166,ROBUST_MODEL_INLIER,HELD_OUT,0.005892441746414071,SYNTHETIC_SOURCE,SYNTHETIC_TARGET
590,349.946044921875,380.94439697265625,358.91900634765625,374.9552001953125,349.946044921875,380.94439697265625,358.91900634765625,374.9552001953125,SIFT:gradient,17.40689468383789,0.045944796966683424,ROBUST_MODEL_INLIER,FIT,0.029489472245281458,SYNTHETIC_SOURCE,SYNTHETIC_TARGET
591,564.8660888671875,168.3426513671875,573.9182739257812,162.33421325683594,564.8660888671875,168.3426513671875,573.9182739257812,162.33421325683594,SIFT:gradient,16.492422103881836,0.0459616529157708,ROBUST_MODEL_INLIER,FIT,0.05261797996057343,SYNTHETIC_SOURCE,SYNTHETIC_TARGET
592,463.2760009765625,370.1020812988281,472.2774353027344,364.1231689453125,463.2760009765625,370.1020812988281,472.2774353027344,364.1231689453125,SIFT:gradient,12.409673690795898,0.04596490797245046,ROBUST_MODEL_INLIER,FIT,0.021735822327756844,SYNTHETIC_SOURCE,SYNTHETIC_TARGET
593,214.6349639892578,314.65093994140625,223.63633728027344,308.6612243652344,214.6349639892578,314.65093994140625,223.63633728027344,308.6612243652344,SIFT:gradient,16.155494689941406,0.04596571651349341,ROBUST_MODEL_INLIER,HELD_OUT,0.010962948824634406,SYNTHETIC_SOURCE,SYNTHETIC_TARGET
594,222.00328063964844,142.75668334960938,231.00376892089844,136.7626953125,222.00328063964844,142.75668334960938,231.00376892089844,136.7626953125,SIFT:gradient,14.59451961517334,0.04600860006189853,ROBUST_MODEL_INLIER,FIT,0.006630817351397695,SYNTHETIC_SOURCE,SYNTHETIC_TARGET
595,501.4397888183594,37.38194274902344,510.4268493652344,31.36269187927246,501.4397888183594,37.38194274902344,510.4268493652344,31.36269187927246,SIFT:gradient,14.73091983795166,0.04602064188367208,ROBUST_MODEL_INLIER,FIT,0.022778728153471012,SYNTHETIC_SOURCE,SYNTHETIC_TARGET
596,185.36903381347656,437.50311279296875,194.37100219726562,431.5182189941406,185.36903381347656,437.50311279296875,194.37100219726562,431.5182189941406,SIFT:gradient,20.32240104675293,0.046045503478282034,ROBUST_MODEL_INLIER,FIT,0.015821098084430572,SYNTHETIC_SOURCE,SYNTHETIC_TARGET
597,273.098876953125,517.8905029296875,282.09405517578125,511.8766784667969,273.098876953125,517.8905029296875,282.09405517578125,511.8766784667969,SIFT:gradient,14.628738403320312,0.0460947173843871,ROBUST_MODEL_INLIER,FIT,0.014119385527601409,SYNTHETIC_SOURCE,SYNTHETIC_TARGET
598,355.143798828125,509.30743408203125,364.1604919433594,503.3101501464844,355.143798828125,509.30743408203125,364.1604919433594,503.3101501464844,SIFT:gradient,11.532562255859375,0.046102228638136074,ROBUST_MODEL_INLIER,HELD_OUT,0.01687169488576497,SYNTHETIC_SOURCE,SYNTHETIC_TARGET
599,156.11378479003906,491.3166198730469,165.12840270996094,485.2701110839844,156.11378479003906,491.3166198730469,165.12840270996094,485.2701110839844,SIFT:gradient,15.491933822631836,0.04613188047142805,ROBUST_MODEL_INLIER,FIT,0.04812392747600422,SYNTHETIC_SOURCE,SYNTHETIC_TARGET
600,247.5642852783203,532.5225219726562,256.5557861328125,526.4937744140625,247.5642852783203,532.5225219726562,256.5557861328125,526.4937744140625,SIFT:gradient,17.804492950439453,0.04613693342904178,ROBUST_MODEL_INLIER,FIT,0.029437304739344996,SYNTHETIC_SOURCE,SYNTHETIC_TARGET
601,148.51126098632812,489.6372985839844,157.48995971679688,483.67584228515625,148.51126098632812,489.6372985839844,157.48995971679688,483.67584228515625,SIFT:gradient,15.716233253479004,0.0461687356582648,ROBUST_MODEL_INLIER,HELD_OUT,0.04464647627533845,SYNTHETIC_SOURCE,SYNTHETIC_TARGET
602,485.1513977050781,440.5208740234375,494.156982421875,434.4797668457031,485.1513977050781,440.5208740234375,494.156982421875,434.4797668457031,SIFT:gradient,12.449899673461914,0.04629719235577944,ROBUST_MODEL_INLIER,FIT,0.0408595270952709,SYNTHETIC_SOURCE,SYNTHETIC_TARGET
603,100.4123764038086,90.6710205078125,109.41597747802734,84.71515655517578,100.4123764038086,90.6710205078125,109.41597747802734,84.71515655517578,SIFT:gradient,16.6433162689209,0.046317464995958665,ROBUST_MODEL_INLIER,FIT,0.044879085048387765,SYNTHETIC_SOURCE,SYNTHETIC_TARGET
604,256.57476806640625,225.81703186035156,265.5106201171875,219.85499572753906,256.57476806640625,225.81703186035156,265.5106201171875,219.85499572753906,SIFT:gradient,16.462078094482422,0.046322270808056336,ROBUST_MODEL_INLIER,FIT,0.07498352768926628,SYNTHETIC_SOURCE,SYNTHETIC_TARGET
605,124.86196899414062,51.892093658447266,133.92108154296875,45.916297912597656,124.86196899414062,51.892093658447266,133.92108154296875,45.916297912597656,SIFT:gradient,19.26136016845703,0.04636421542225361,ROBUST_MODEL_INLIER,FIT,0.0639690679190947,SYNTHETIC_SOURCE,SYNTHETIC_TARGET
606,502.31219482421875,384.4515686035156,511.2621765136719,378.44049072265625,502.31219482421875,384.4515686035156,511.2621765136719,378.44049072265625,SIFT:gradient,21.863210678100586,0.04642435831895452,ROBUST_MODEL_INLIER,FIT,0.05125122651807346,SYNTHETIC_SOURCE,SYNTHETIC_TARGET
607,184.439697265625,268.76458740234375,193.42868041992188,262.77581787109375,184.439697265625,268.76458740234375,193.42868041992188,262.77581787109375,SIFT:gradient,17.77638816833496,0.04642953176527359,ROBUST_MODEL_INLIER,FIT,0.01627763104625804,SYNTHETIC_SOURCE,SYNTHETIC_TARGET
608,593.51123046875,172.1913299560547,602.4686889648438,166.23178100585938,593.51123046875,172.1913299560547,602.4686889648438,166.23178100585938,SIFT:gradient,15.459625244140625,0.04644624745446039,ROBUST_MODEL_INLIER,FIT,0.059235328618969074,SYNTHETIC_SOURCE,SYNTHETIC_TARGET
609,125.61858367919922,217.17730712890625,134.6300811767578,211.16024780273438,125.61858367919922,217.17730712890625,134.6300811767578,211.16024780273438,SIFT:gradient,13.601470947265625,0.04648045548015993,ROBUST_MODEL_INLIER,HELD_OUT,0.019981885323318075,SYNTHETIC_SOURCE,SYNTHETIC_TARGET
610,200.70021057128906,315.94207763671875,209.68231201171875,309.9399719238281,200.70021057128906,315.94207763671875,209.68231201171875,309.9399719238281,SIFT:gradient,21.748563766479492,0.04648668014494388,ROBUST_MODEL_INLIER,FIT,0.018112979604641588,SYNTHETIC_SOURCE,SYNTHETIC_TARGET
611,567.1364135742188,259.49444580078125,576.1324462890625,253.4886474609375,567.1364135742188,259.49444580078125,576.1324462890625,253.4886474609375,SIFT:gradient,20.124610900878906,0.04651575806648778,ROBUST_MODEL_INLIER,HELD_OUT,0.006624845381497928,SYNTHETIC_SOURCE,SYNTHETIC_TARGET
612,45.43536376953125,617.0044555664062,54.55204772949219,610.9963989257812,45.43536376953125,617.0044555664062,54.55204772949219,610.9963989257812,SIFT:gradient,11.313708305358887,0.04653050577480673,ROBUST_MODEL_INLIER,FIT,0.11676903655246931,SYNTHETIC_SOURCE,SYNTHETIC_TARGET
613,348.2265930175781,217.3817138671875,357.1753234863281,211.39295959472656,348.2265930175781,217.3817138671875,357.1753234863281,211.39295959472656,SIFT:gradient,14.0,0.04654631878818367,ROBUST_MODEL_INLIER,HELD_OUT,0.052771213256615004,SYNTHETIC_SOURCE,SYNTHETIC_TARGET
614,470.5502624511719,338.0928649902344,479.4677429199219,332.2288513183594,470.5502624511719,338.0928649902344,479.4677429199219,332.2288513183594,SIFT:gradient,14.525838851928711,0.04656961579158752,ROBUST_MODEL_INLIER,FIT,0.15966631512266816,SYNTHETIC_SOURCE,SYNTHETIC_TARGET
615,593.51123046875,172.1913299560547,602.4686889648438,166.23178100585938,593.51123046875,172.1913299560547,602.4686889648438,166.23178100585938,SIFT:gradient,17.972200393676758,0.04659342026728475,ROBUST_MODEL_INLIER,FIT,0.059235328618969074,SYNTHETIC_SOURCE,SYNTHETIC_TARGET
616,93.13727569580078,66.77730560302734,102.11873626708984,60.81264877319336,93.13727569580078,66.77730560302734,102.11873626708984,60.81264877319336,SIFT:gradient,17.8885440826416,0.04660577351812433,ROBUST_MODEL_INLIER,HELD_OUT,0.04052218169491782,SYNTHETIC_SOURCE,SYNTHETIC_TARGET
617,495.40557861328125,313.15380859375,504.417724609375,307.1737976074219,495.40557861328125,313.15380859375,504.417724609375,307.1737976074219,SIFT:gradient,22.427661895751953,0.04664570874303299,ROBUST_MODEL_INLIER,HELD_OUT,0.023836436151110415,SYNTHETIC_SOURCE,SYNTHETIC_TARGET
618,614.3729248046875,178.6553497314453,623.36376953125,172.63482666015625,614.3729248046875,178.6553497314453,623.36376953125,172.63482666015625,SIFT:gradient,14.317821502685547,0.04671996513476868,ROBUST_MODEL_INLIER,FIT,0.02198073450574926,SYNTHETIC_SOURCE,SYNTHETIC_TARGET
619,370.2712097167969,272.7252502441406,379.2782897949219,266.6869201660156,370.2712097167969,272.7252502441406,379.2782897949219,266.6869201660156,SIFT:gradient,11.045360565185547,0.046768378120344324,ROBUST_MODEL_INLIER,FIT,0.038350591819385646,SYNTHETIC_SOURCE,SYNTHETIC_TARGET
620,190.22767639160156,126.36185455322266,199.259521484375,120.28205871582031,190.22767639160156,126.36185455322266,199.259521484375,120.28205871582031,SIFT:gradient,18.84144401550293,0.046781920092927885,ROBUST_MODEL_INLIER,FIT,0.08529218037686215,SYNTHETIC_SOURCE,SYNTHETIC_TARGET
621,545.0398559570312,49.90180969238281,554.0655517578125,43.88706588745117,545.0398559570312,49.90180969238281,554.0655517578125,43.88706588745117,SIFT:gradient,18.055469512939453,0.04678807552658386,ROBUST_MODEL_INLIER,FIT,0.029192639978485393,SYNTHETIC_SOURCE,SYNTHETIC_TARGET
622,614.742919921875,198.283447265625,623.7398071289062,192.3206787109375,614.742919921875,198.283447265625,623.7398071289062,192.3206787109375,SIFT:gradient,15.36229133605957,0.046790825470363034,ROBUST_MODEL_INLIER,FIT,0.03798242097188557,SYNTHETIC_SOURCE,SYNTHETIC_TARGET
623,352.2378845214844,402.34954833984375,361.2430114746094,396.3424072265625,352.2378845214844,402.34954833984375,361.2430114746094,396.3424072265625,SIFT:gradient,13.076696395874023,0.046805284859270276,ROBUST_MODEL_INLIER,FIT,0.008209455408981103,SYNTHETIC_SOURCE,SYNTHETIC_TARGET
624,525.1920166015625,419.47991943359375,534.16943359375,413.5337219238281,525.1920166015625,419.47991943359375,534.16943359375,413.5337219238281,SIFT:gradient,14.525838851928711,0.046845360743065306,ROBUST_MODEL_INLIER,FIT,0.05897172767002594,SYNTHETIC_SOURCE,SYNTHETIC_TARGET
625,422.3272705078125,244.18434143066406,431.3543395996094,238.1193084716797,422.3272705078125,244.18434143066406,431.3543395996094,238.1193084716797,SIFT:gradient,15.0,0.04686379104729208,ROBUST_MODEL_INLIER,HELD_OUT,0.06981955692761302,SYNTHETIC_SOURCE,SYNTHETIC_TARGET
626,123.42313385009766,396.9384460449219,132.4490509033203,390.933349609375,123.42313385009766,396.9384460449219,132.4490509033203,390.933349609375,SIFT:gradient,17.17556381225586,0.04689871903018845,ROBUST_MODEL_INLIER,FIT,0.026152105524418223,SYNTHETIC_SOURCE,SYNTHETIC_TARGET
627,132.9569091796875,508.4581604003906,141.947509765625,502.4648132324219,132.9569091796875,508.4581604003906,141.947509765625,502.4648132324219,SIFT:gradient,16.370704650878906,0.04692287432528746,ROBUST_MODEL_INLIER,FIT,0.011999774049082049,SYNTHETIC_SOURCE,SYNTHETIC_TARGET
628,143.03346252441406,571.554443359375,152.02061462402344,565.5499877929688,143.03346252441406,571.554443359375,152.02061462402344,565.5499877929688,SIFT:gradient,15.748015403747559,0.04693336759900209,ROBUST_MODEL_INLIER,FIT,0.013557225849911696,SYNTHETIC_SOURCE,SYNTHETIC_TARGET
629,444.1104431152344,506.1498107910156,453.1223449707031,500.1263427734375,444.1104431152344,506.1498107910156,453.1223449707031,500.1263427734375,SIFT:gradient,12.884099006652832,0.046959752020575764,ROBUST_MODEL_INLIER,FIT,0.025700548326917802,SYNTHETIC_SOURCE,SYNTHETIC_TARGET
630,214.0478057861328,145.60855102539062,223.02548217773438,139.58424377441406,214.0478057861328,145.60855102539062,223.02548217773438,139.58424377441406,SIFT:gradient,18.30300521850586,0.046969399670906437,ROBUST_MODEL_INLIER,HELD_OUT,0.03266071709966979,SYNTHETIC_SOURCE,SYNTHETIC_TARGET
631,181.61605834960938,120.41677856445312,190.65106201171875,114.39922332763672,181.61605834960938,120.41677856445312,190.65106201171875,114.39922332763672,SIFT:gradient,15.132745742797852,0.046999049109366406,ROBUST_MODEL_INLIER,FIT,0.03875211620632956,SYNTHETIC_SOURCE,SYNTHETIC_TARGET
632,530.2891845703125,382.24261474609375,539.267578125,376.2134704589844,530.2891845703125,382.24261474609375,539.267578125,376.2134704589844,SIFT:gradient,16.309507369995117,0.04700536463529961,ROBUST_MODEL_INLIER,FIT,0.03588371502127271,SYNTHETIC_SOURCE,SYNTHETIC_TARGET
633,449.4404602050781,334.41326904296875,458.4297790527344,328.4234619140625,449.4404602050781,334.41326904296875,458.4297790527344,328.4234619140625,SIFT:gradient,12.961481094360352,0.04702427704302351,ROBUST_MODEL_INLIER,FIT,0.015299658402279084,SYNTHETIC_SOURCE,SYNTHETIC_TARGET
634,368.2190856933594,184.62767028808594,377.1697998046875,178.6150360107422,368.2190856933594,184.62767028808594,377.1697998046875,178.6150360107422,SIFT:gradient,17.69180679321289,0.04703986847583394,ROBUST_MODEL_INLIER,FIT,0.05087963989666073,SYNTHETIC_SOURCE,SYNTHETIC_TARGET
635,557.8971557617188,200.27528381347656,566.8941040039062,194.2761993408203,557.8971557617188,200.27528381347656,566.8941040039062,194.2761993408203,SIFT:gradient,16.093477249145508,0.047054335178057044,ROBUST_MODEL_INLIER,FIT,0.0035491038054238913,SYNTHETIC_SOURCE,SYNTHETIC_TARGET
636,217.6005859375,328.335205078125,226.55569458007812,322.318115234375,217.6005859375,328.335205078125,226.55569458007812,322.318115234375,SIFT:gradient,20.928449630737305,0.04708959224152422,ROBUST_MODEL_INLIER,FIT,0.047963847552853434,SYNTHETIC_SOURCE,SYNTHETIC_TARGET
637,194.72531127929688,292.46600341796875,203.70858764648438,286.4241638183594,194.72531127929688,292.46600341796875,203.70858764648438,286.4241638183594,SIFT:gradient,20.32240104675293,0.047125111872919866,ROBUST_MODEL_INLIER,HELD_OUT,0.044549497412780435,SYNTHETIC_SOURCE,SYNTHETIC_TARGET
638,258.537353515625,455.9397888183594,267.5251770019531,449.93267822265625,258.537353515625,455.9397888183594,267.5251770019531,449.93267822265625,SIFT:gradient,14.866068840026855,0.04713855576893898,ROBUST_MODEL_INLIER,FIT,0.013937715710480308,SYNTHETIC_SOURCE,SYNTHETIC_TARGET
639,80.79438018798828,477.75421142578125,89.80455780029297,471.78118896484375,80.79438018798828,477.75421142578125,89.80455780029297,471.78118896484375,SIFT:gradient,17.32050895690918,0.04715198027480585,ROBUST_MODEL_INLIER,HELD_OUT,0.029352901451807318,SYNTHETIC_SOURCE,SYNTHETIC_TARGET
640,44.076576232910156,611.516845703125,53.09577941894531,605.5072631835938,44.076576232910156,611.516845703125,53.09577941894531,605.5072631835938,SIFT:gradient,14.071247100830078,0.047185221642916116,ROBUST_MODEL_INLIER,FIT,0.021057661022152507,SYNTHETIC_SOURCE,SYNTHETIC_TARGET
641,481.4359130859375,153.95327758789062,490.44818115234375,147.96011352539062,481.4359130859375,153.95327758789062,490.44818115234375,147.96011352539062,SIFT:gradient,18.41195297241211,0.04721199777823269,ROBUST_MODEL_INLIER,FIT,0.014220831215680681,SYNTHETIC_SOURCE,SYNTHETIC_TARGET
642,243.33139038085938,478.1376037597656,252.33180236816406,472.10186767578125,243.33139038085938,478.1376037597656,252.33180236816406,472.10186767578125,SIFT:gradient,16.031219482421875,0.04722321107515282,ROBUST_MODEL_INLIER,FIT,0.035126690225940393,SYNTHETIC_SOURCE,SYNTHETIC_TARGET
643,211.46131896972656,157.90963745117188,220.45098876953125,151.91253662109375,211.46131896972656,157.90963745117188,220.45098876953125,151.91253662109375,SIFT:gradient,18.055469512939453,0.04730616690370058,ROBUST_MODEL_INLIER,HELD_OUT,0.011054663590718756,SYNTHETIC_SOURCE,SYNTHETIC_TARGET
644,37.869537353515625,366.0554504394531,46.82577133178711,360.056640625,37.869537353515625,366.0554504394531,46.82577133178711,360.056640625,SIFT:gradient,19.748416900634766,0.047324850492740995,ROBUST_MODEL_INLIER,FIT,0.043955502553840835,SYNTHETIC_SOURCE,SYNTHETIC_TARGET
645,139.81033325195312,56.17741012573242,148.78173828125,50.17619323730469,139.81033325195312,56.17741012573242,148.78173828125,50.17619323730469,SIFT:gradient,17.944358825683594,0.04738636333415507,ROBUST_MODEL_INLIER,FIT,0.02875395645941577,SYNTHETIC_SOURCE,SYNTHETIC_TARGET
646,570.800537109375,249.36097717285156,579.798095703125,243.38185119628906,570.800537109375,249.36097717285156,579.798095703125,243.38185119628906,SIFT:gradient,12.688577651977539,0.04739462634693271,ROBUST_MODEL_INLIER,FIT,0.02164040606694389,SYNTHETIC_SOURCE,SYNTHETIC_TARGET
647,180.6057891845703,416.212890625,189.59576416015625,410.1974792480469,180.6057891845703,416.212890625,189.59576416015625,410.1974792480469,SIFT:gradient,23.130067825317383,0.04745460489811855,ROBUST_MODEL_INLIER,FIT,0.017962576230553688,SYNTHETIC_SOURCE,SYNTHETIC_TARGET
648,204.32662963867188,57.14457321166992,213.35195922851562,51.1196174621582,204.32662963867188,57.14457321166992,213.35195922851562,51.1196174621582,SIFT:gradient,17.0880069732666,0.047463024660539324,ROBUST_MODEL_INLIER,FIT,0.0350225617088968,SYNTHETIC_SOURCE,SYNTHETIC_TARGET
649,88.639404296875,397.9471130371094,97.67121124267578,391.8965148925781,88.639404296875,397.9471130371094,97.67121124267578,391.8965148925781,SIFT:gradient,12.328827857971191,0.04746845143193995,ROBUST_MODEL_INLIER,FIT,0.05916737124962443,SYNTHETIC_SOURCE,SYNTHETIC_TARGET
650,226.20362854003906,302.8027648925781,235.18814086914062,296.7873840332031,226.20362854003906,302.8027648925781,235.18814086914062,296.7873840332031,SIFT:gradient,13.490737915039062,0.04747200151200963,ROBUST_MODEL_INLIER,FIT,0.021512452115646192,SYNTHETIC_SOURCE,SYNTHETIC_TARGET
651,347.85968017578125,37.049415588378906,356.82635498046875,31.054536819458008,347.85968017578125,37.049415588378906,356.82635498046875,31.054536819458008,SIFT:gradient,13.304134368896484,0.04747783913094238,ROBUST_MODEL_INLIER,HELD_OUT,0.03396487903368635,SYNTHETIC_SOURCE,SYNTHETIC_TARGET
652,613.9537353515625,202.99171447753906,622.9556884765625,197.00685119628906,613.9537353515625,202.99171447753906,622.9556884765625,197.00685119628906,SIFT:gradient,17.11724281311035,0.047509056528628704,ROBUST_MODEL_INLIER,FIT,0.01584967372878872,SYNTHETIC_SOURCE,SYNTHETIC_TARGET
653,285.4457702636719,47.86838150024414,294.44921875,41.848270416259766,285.4457702636719,47.86838150024414,294.44921875,41.848270416259766,SIFT:gradient,13.527749061584473,0.04752110860646775,ROBUST_MODEL_INLIER,FIT,0.019777297881659207,SYNTHETIC_SOURCE,SYNTHETIC_TARGET
654,152.46168518066406,211.08468627929688,161.45751953125,205.1193389892578,152.46168518066406,211.08468627929688,161.45751953125,205.1193389892578,SIFT:gradient,15.394804000854492,0.047536793745075114,ROBUST_MODEL_INLIER,FIT,0.03552647859590552,SYNTHETIC_SOURCE,SYNTHETIC_TARGET
655,132.1558380126953,567.0319213867188,141.19473266601562,561.0173950195312,132.1558380126953,567.0319213867188,141.19473266601562,561.0173950195312,SIFT:gradient,17.492855072021484,0.04756321311934643,ROBUST_MODEL_INLIER,FIT,0.04116555750422228,SYNTHETIC_SOURCE,SYNTHETIC_TARGET
656,447.95849609375,435.13623046875,457.0055236816406,429.1690673828125,447.95849609375,435.13623046875,457.0055236816406,429.1690673828125,SIFT:gradient,19.67231559753418,0.04767313060311733,ROBUST_MODEL_INLIER,FIT,0.05758459171331604,SYNTHETIC_SOURCE,SYNTHETIC_TARGET
657,440.2062683105469,345.8586120605469,449.2402648925781,339.8507385253906,440.2062683105469,345.8586120605469,449.2402648925781,339.8507385253906,SIFT:gradient,13.22875690460205,0.04774324839524034,ROBUST_MODEL_INLIER,FIT,0.03461458905298716,SYNTHETIC_SOURCE,SYNTHETIC_TARGET
658,461.5282287597656,485.526123046875,470.52288818359375,479.5385437011719,461.5282287597656,485.526123046875,470.52288818359375,479.5385437011719,SIFT:gradient,15.55634880065918,0.047771930999303595,ROBUST_MODEL_INLIER,FIT,0.01414149798022144,SYNTHETIC_SOURCE,SYNTHETIC_TARGET
659,210.45556640625,306.07830810546875,219.4365234375,300.0811767578125,210.45556640625,306.07830810546875,219.4365234375,300.0811767578125,SIFT:gradient,14.071247100830078,0.047774412956556246,ROBUST_MODEL_INLIER,FIT,0.01950827677995023,SYNTHETIC_SOURCE,SYNTHETIC_TARGET
660,98.7623062133789,471.67352294921875,107.78448486328125,465.67718505859375,98.7623062133789,471.67352294921875,107.78448486328125,465.67718505859375,SIFT:gradient,17.944358825683594,0.04778794904868375,ROBUST_MODEL_INLIER,FIT,0.022436606922762257,SYNTHETIC_SOURCE,SYNTHETIC_TARGET
661,50.31833267211914,393.4903869628906,59.32555389404297,387.46746826171875,50.31833267211914,393.4903869628906,59.32555389404297,387.46746826171875,SIFT:gradient,14.866068840026855,0.04780506755576474,ROBUST_MODEL_INLIER,HELD_OUT,0.023401454001609798,SYNTHETIC_SOURCE,SYNTHETIC_TARGET
662,49.526344299316406,552.3322143554688,58.503299713134766,546.3295288085938,49.526344299316406,552.3322143554688,58.503299713134766,546.3295288085938,SIFT:gradient,14.966629981994629,0.04781963721153273,ROBUST_MODEL_INLIER,FIT,0.02328981151757168,SYNTHETIC_SOURCE,SYNTHETIC_TARGET
663,216.8480987548828,116.43656921386719,225.86473083496094,110.41867065429688,216.8480987548828,116.43656921386719,225.86473083496094,110.41867065429688,SIFT:gradient,20.663978576660156,0.04784033351020123,ROBUST_MODEL_INLIER,FIT,0.023884216522198624,SYNTHETIC_SOURCE,SYNTHETIC_TARGET
664,525.6262817382812,407.2084045410156,534.6323852539062,401.1578369140625,525.6262817382812,407.2084045410156,534.6323852539062,401.1578369140625,SIFT:gradient,15.394804000854492,0.04784734374777697,ROBUST_MODEL_INLIER,HELD_OUT,0.05031046516734366,SYNTHETIC_SOURCE,SYNTHETIC_TARGET
665,587.2470092773438,141.3578338623047,596.20166015625,135.38589477539062,587.2470092773438,141.3578338623047,596.20166015625,135.38589477539062,SIFT:gradient,16.0,0.0478499607006205,ROBUST_MODEL_INLIER,FIT,0.05378147392029615,SYNTHETIC_SOURCE,SYNTHETIC_TARGET
666,312.4845886230469,450.0653076171875,321.48699951171875,444.0591735839844,312.4845886230469,450.0653076171875,321.48699951171875,444.0591735839844,SIFT:gradient,18.547237396240234,0.047856865848521,ROBUST_MODEL_INLIER,FIT,0.005967493718938634,SYNTHETIC_SOURCE,SYNTHETIC_TARGET
667,291.1529541015625,353.3108215332031,300.1576843261719,347.3045959472656,291.1529541015625,353.3108215332031,300.1576843261719,347.3045959472656,SIFT:gradient,17.860570907592773,0.04787393259050118,ROBUST_MODEL_INLIER,FIT,0.00724469564681843,SYNTHETIC_SOURCE,SYNTHETIC_TARGET
668,133.05970764160156,551.5308837890625,142.0626678466797,545.5346069335938,133.05970764160156,551.5308837890625,142.0626678466797,545.5346069335938,SIFT:gradient,10.29563045501709,0.04789183325861633,ROBUST_MODEL_INLIER,HELD_OUT,0.005163516501967619,SYNTHETIC_SOURCE,SYNTHETIC_TARGET
669,507.5027770996094,107.98091125488281,516.5849609375,101.88937377929688,507.5027770996094,107.98091125488281,516.5849609375,101.88937377929688,SIFT:gradient,16.733200073242188,0.04789386184913272,ROBUST_MODEL_INLIER,FIT,0.12246169956250029,SYNTHETIC_SOURCE,SYNTHETIC_TARGET
670,350.1543884277344,44.4134635925293,359.15911865234375,38.43977355957031,350.1543884277344,44.4134635925293,359.15911865234375,38.43977355957031,SIFT:gradient,13.856406211853027,0.04790505211776045,ROBUST_MODEL_INLIER,HELD_OUT,0.027306744801305734,SYNTHETIC_SOURCE,SYNTHETIC_TARGET
671,347.5257873535156,46.014739990234375,356.5569763183594,40.02864074707031,347.5257873535156,46.014739990234375,356.5569763183594,40.02864074707031,SIFT:gradient,13.711309432983398,0.04792494474348722,ROBUST_MODEL_INLIER,FIT,0.034261187389342945,SYNTHETIC_SOURCE,SYNTHETIC_TARGET
672,141.2917022705078,562.6474609375,150.1998291015625,556.6740112304688,141.2917022705078,562.6474609375,150.1998291015625,556.6740112304688,SIFT:gradient,18.973665237426758,0.04795704681860711,ROBUST_MODEL_INLIER,HELD_OUT,0.09595019818937331,SYNTHETIC_SOURCE,SYNTHETIC_TARGET
673,569.2680053710938,220.73599243164062,578.3115234375,214.73025512695312,569.2680053710938,220.73599243164062,578.3115234375,214.73025512695312,SIFT:gradient,18.193405151367188,0.04806347400426117,ROBUST_MODEL_INLIER,FIT,0.04366749792734959,SYNTHETIC_SOURCE,SYNTHETIC_TARGET
674,300.5582580566406,186.94979858398438,309.53668212890625,180.94825744628906,300.5582580566406,186.94979858398438,309.53668212890625,180.94825744628906,SIFT:gradient,13.928388595581055,0.04817060862691126,ROBUST_MODEL_INLIER,HELD_OUT,0.021748442567018567,SYNTHETIC_SOURCE,SYNTHETIC_TARGET
675,221.63662719726562,137.74459838867188,230.6376190185547,131.66819763183594,221.63662719726562,137.74459838867188,230.6376190185547,131.66819763183594,SIFT:gradient,11.445523262023926,0.048295495701240476,ROBUST_MODEL_INLIER,FIT,0.0757950515812804,SYNTHETIC_SOURCE,SYNTHETIC_TARGET
676,128.34365844726562,569.1991577148438,137.3631134033203,563.1804809570312,128.34365844726562,569.1991577148438,137.3631134033203,563.1804809570312,SIFT:gradient,16.552946090698242,0.04833043709349245,ROBUST_MODEL_INLIER,FIT,0.026438162786605515,SYNTHETIC_SOURCE,SYNTHETIC_TARGET
677,498.6665954589844,45.33985137939453,507.6800537109375,39.36626052856445,498.6665954589844,45.33985137939453,507.6800537109375,39.36626052856445,SIFT:gradient,17.69180679321289,0.048334840205540484,ROBUST_MODEL_INLIER,FIT,0.030118003187021715,SYNTHETIC_SOURCE,SYNTHETIC_TARGET
678,366.1124267578125,253.91427612304688,375.13043212890625,247.94883728027344,366.1124267578125,253.91427612304688,375.13043212890625,247.94883728027344,SIFT:gradient,14.59451961517334,0.048335499326513535,ROBUST_MODEL_INLIER,FIT,0.03944308429366145,SYNTHETIC_SOURCE,SYNTHETIC_TARGET
679,86.14604187011719,324.1480407714844,95.11565399169922,318.1567687988281,86.14604187011719,324.1480407714844,95.11565399169922,318.1567687988281,SIFT:gradient,20.832666397094727,0.04834866865034762,ROBUST_MODEL_INLIER,FIT,0.03193627096176141,SYNTHETIC_SOURCE,SYNTHETIC_TARGET
680,544.09814453125,352.38800048828125,553.0888671875,346.3819580078125,544.09814453125,352.38800048828125,553.0888671875,346.3819580078125,SIFT:gradient,9.110433578491211,0.04843851537014336,ROBUST_MODEL_INLIER,FIT,0.010882629976296049,SYNTHETIC_SOURCE,SYNTHETIC_TARGET
681,90.39759063720703,502.4048767089844,99.38969421386719,496.387939453125,90.39759063720703,502.4048767089844,99.38969421386719,496.387939453125,SIFT:gradient,13.22875690460205,0.048471620228105604,ROBUST_MODEL_INLIER,HELD_OUT,0.018203142193245852,SYNTHETIC_SOURCE,SYNTHETIC_TARGET
682,604.0820922851562,164.70321655273438,613.0799560546875,158.68896484375,604.0820922851562,164.70321655273438,613.0799560546875,158.68896484375,SIFT:gradient,18.493242263793945,0.048533344468485624,ROBUST_MODEL_INLIER,HELD_OUT,0.013832039683053118,SYNTHETIC_SOURCE,SYNTHETIC_TARGET
683,611.3618774414062,178.56088256835938,620.369384765625,172.5743865966797,611.3618774414062,178.56088256835938,620.369384765625,172.5743865966797,SIFT:gradient,16.248077392578125,0.04855865477485793,ROBUST_MODEL_INLIER,FIT,0.015915648460951372,SYNTHETIC_SOURCE,SYNTHETIC_TARGET
684,528.6233520507812,405.369140625,537.6129150390625,399.3710632324219,528.6233520507812,405.369140625,537.6129150390625,399.3710632324219,SIFT:gradient,15.81138801574707,0.048612240939053565,ROBUST_MODEL_INLIER,FIT,0.010888319480222886,SYNTHETIC_SOURCE,SYNTHETIC_TARGET
685,431.9335021972656,471.6146545410156,440.9688720703125,465.6079406738281,431.9335021972656,471.6146545410156,440.9688720703125,465.6079406738281,SIFT:gradient,16.18641471862793,0.04862056886630996,ROBUST_MODEL_INLIER,FIT,0.03574227296579284,SYNTHETIC_SOURCE,SYNTHETIC_TARGET
686,429.76922607421875,406.67431640625,438.75189208984375,400.7176818847656,429.76922607421875,406.67431640625,438.75189208984375,400.7176818847656,SIFT:gradient,18.16590118408203,0.04862392376749563,ROBUST_MODEL_INLIER,HELD_OUT,0.04732498114802634,SYNTHETIC_SOURCE,SYNTHETIC_TARGET
687,95.01239776611328,375.048828125,103.98480987548828,369.026611328125,95.01239776611328,375.048828125,103.98480987548828,369.026611328125,SIFT:gradient,17.492855072021484,0.04863218503050171,ROBUST_MODEL_INLIER,FIT,0.035162090770002645,SYNTHETIC_SOURCE,SYNTHETIC_TARGET
688,530.6282348632812,351.6069641113281,539.5343017578125,345.6278991699219,530.6282348632812,351.6069641113281,539.5343017578125,345.6278991699219,SIFT:gradient,20.074859619140625,0.04865092497425686,ROBUST_MODEL_INLIER,FIT,0.09652109817918247,SYNTHETIC_SOURCE,SYNTHETIC_TARGET
689,47.824737548828125,616.758544921875,56.78343200683594,610.7518920898438,47.824737548828125,616.758544921875,56.78343200683594,610.7518920898438,SIFT:gradient,11.916375160217285,0.048680050656573166,ROBUST_MODEL_INLIER,FIT,0.04189615857802927,SYNTHETIC_SOURCE,SYNTHETIC_TARGET
690,108.42556762695312,186.96954345703125,117.45259857177734,180.95118713378906,108.42556762695312,186.96954345703125,117.45259857177734,180.95118713378906,SIFT:gradient,20.248456954956055,0.04869823960832462,ROBUST_MODEL_INLIER,FIT,0.032208160181946714,SYNTHETIC_SOURCE,SYNTHETIC_TARGET
691,138.00381469726562,532.6873779296875,147.02676391601562,526.6573486328125,138.00381469726562,532.6873779296875,147.02676391601562,526.6573486328125,SIFT:gradient,18.76166343688965,0.04872403505505825,ROBUST_MODEL_INLIER,FIT,0.0372177474041414,SYNTHETIC_SOURCE,SYNTHETIC_TARGET
692,581.7817993164062,181.09732055664062,590.8229370117188,175.08180236816406,581.7817993164062,181.09732055664062,590.8229370117188,175.08180236816406,SIFT:gradient,14.59451961517334,0.048815745990996966,ROBUST_MODEL_INLIER,FIT,0.04361218444241148,SYNTHETIC_SOURCE,SYNTHETIC_TARGET
693,146.405517578125,529.3499755859375,155.4000244140625,523.3489379882812,146.405517578125,529.3499755859375,155.4000244140625,523.3489379882812,SIFT:gradient,18.601076126098633,0.04883333139715614,ROBUST_MODEL_INLIER,FIT,0.005661894942582331,SYNTHETIC_SOURCE,SYNTHETIC_TARGET
694,443.2872314453125,595.5842895507812,452.2821350097656,589.6185302734375,443.2872314453125,595.5842895507812,452.2821350097656,589.6185302734375,SIFT:gradient,17.916473388671875,0.04885465298240087,ROBUST_MODEL_INLIER,FIT,0.0352441430772298,SYNTHETIC_SOURCE,SYNTHETIC_TARGET
695,529.8682250976562,104.45874786376953,538.85302734375,98.44921112060547,529.8682250976562,104.45874786376953,538.85302734375,98.44921112060547,SIFT:gradient,16.431676864624023,0.048886483529793315,ROBUST_MODEL_INLIER,FIT,0.017757067897187676,SYNTHETIC_SOURCE,SYNTHETIC_TARGET
696,100.94574737548828,469.33880615234375,109.93853759765625,463.35455322265625,100.94574737548828,469.33880615234375,109.93853759765625,463.35455322265625,SIFT:gradient,16.217275619506836,0.04894589507474549,ROBUST_MODEL_INLIER,FIT,0.017937939665158654,SYNTHETIC_SOURCE,SYNTHETIC_TARGET
697,518.5880737304688,497.783447265625,527.4715576171875,491.8453369140625,518.5880737304688,497.783447265625,527.4715576171875,491.8453369140625,SIFT:gradient,18.220867156982422,0.04897746267533996,ROBUST_MODEL_INLIER,FIT,0.13235496149798187,SYNTHETIC_SOURCE,SYNTHETIC_TARGET
698,171.9408721923828,266.91741943359375,181.0000762939453,260.91064453125,171.9408721923828,266.91741943359375,181.0000762939453,260.91064453125,SIFT:gradient,16.852298736572266,0.04900042104347795,ROBUST_MODEL_INLIER,FIT,0.05937240902367235,SYNTHETIC_SOURCE,SYNTHETIC_TARGET
699,180.0381622314453,239.67071533203125,189.07778930664062,233.64303588867188,180.0381622314453,239.67071533203125,189.07778930664062,233.64303588867188,SIFT:gradient,20.46949005126953,0.049049581709332796,ROBUST_MODEL_INLIER,FIT,0.047864087567565515,SYNTHETIC_SOURCE,SYNTHETIC_TARGET
700,189.5540008544922,346.005859375,198.56944274902344,340.01007080078125,189.5540008544922,346.005859375,198.56944274902344,340.01007080078125,SIFT:gradient,19.26136016845703,0.04910210514973796,ROBUST_MODEL_INLIER,FIT,0.0160316073524697,SYNTHETIC_SOURCE,SYNTHETIC_TARGET
701,522.1405639648438,64.09320831298828,531.1532592773438,58.11691665649414,522.1405639648438,64.09320831298828,531.1532592773438,58.11691665649414,SIFT:gradient,14.142135620117188,0.049133970556271236,ROBUST_MODEL_INLIER,FIT,0.027362727759755016,SYNTHETIC_SOURCE,SYNTHETIC_TARGET
702,58.15562438964844,599.828857421875,67.16023254394531,593.8203125,58.15562438964844,599.828857421875,67.16023254394531,593.8203125,SIFT:gradient,18.275667190551758,0.04920286000934666,ROBUST_MODEL_INLIER,FIT,0.009099971321081726,SYNTHETIC_SOURCE,SYNTHETIC_TARGET
703,92.91502380371094,323.3812561035156,101.93766784667969,317.4126892089844,92.91502380371094,323.3812561035156,101.93766784667969,317.4126892089844,SIFT:gradient,16.248077392578125,0.04926804951484458,ROBUST_MODEL_INLIER,FIT,0.03914905733277469,SYNTHETIC_SOURCE,SYNTHETIC_TARGET
704,77.1189193725586,503.6472473144531,86.1010971069336,497.62969970703125,77.1189193725586,503.6472473144531,86.1010971069336,497.62969970703125,SIFT:gradient,18.788293838500977,0.04932959173060941,ROBUST_MODEL_INLIER,HELD_OUT,0.024697489648830895,SYNTHETIC_SOURCE,SYNTHETIC_TARGET
705,131.92105102539062,364.5713806152344,140.87725830078125,358.5581359863281,131.92105102539062,364.5713806152344,140.87725830078125,358.5581359863281,SIFT:gradient,14.177447319030762,0.049433289867713344,ROBUST_MODEL_INLIER,FIT,0.04572543553342549,SYNTHETIC_SOURCE,SYNTHETIC_TARGET
706,350.8061218261719,392.5843505859375,359.841552734375,386.5919189453125,350.8061218261719,392.5843505859375,359.841552734375,386.5919189453125,SIFT:gradient,15.874507904052734,0.049436507446232215,ROBUST_MODEL_INLIER,FIT,0.036213964111521016,SYNTHETIC_SOURCE,SYNTHETIC_TARGET
707,516.549072265625,107.1082534790039,525.5076293945312,101.08683776855469,516.549072265625,107.1082534790039,525.5076293945312,101.08683776855469,SIFT:gradient,12.449899673461914,0.049443697023633715,ROBUST_MODEL_INLIER,FIT,0.04650854939176226,SYNTHETIC_SOURCE,SYNTHETIC_TARGET
708,361.0827331542969,252.4706573486328,370.0686340332031,246.4623565673828,361.0827331542969,252.4706573486328,370.0686340332031,246.4623565673828,SIFT:gradient,18.84144401550293,0.04945243863845293,ROBUST_MODEL_INLIER,FIT,0.016194255702368553,SYNTHETIC_SOURCE,SYNTHETIC_TARGET
709,160.13961791992188,469.43792724609375,169.1354522705078,463.4401550292969,160.13961791992188,469.43792724609375,169.1354522705078,463.4401550292969,SIFT:gradient,15.874507904052734,0.0494655367930068,ROBUST_MODEL_INLIER,FIT,0.0051674154436665955,SYNTHETIC_SOURCE,SYNTHETIC_TARGET
710,288.78131103515625,37.08995819091797,297.7847900390625,31.034130096435547,288.78131103515625,37.08995819091797,297.7847900390625,31.034130096435547,SIFT:gradient,15.066518783569336,0.049482005907776384,ROBUST_MODEL_INLIER,FIT,0.05531784681890275,SYNTHETIC_SOURCE,SYNTHETIC_TARGET
711,373.94842529296875,255.7084503173828,383.01434326171875,249.6720733642578,373.94842529296875,255.7084503173828,383.01434326171875,249.6720733642578,SIFT:gradient,21.540658950805664,0.04956619051561542,ROBUST_MODEL_INLIER,FIT,0.07486210728338653,SYNTHETIC_SOURCE,SYNTHETIC_TARGET
712,445.03515625,501.7382507324219,454.03680419921875,495.73388671875,445.03515625,501.7382507324219,454.03680419921875,495.73388671875,SIFT:gradient,12.165525436401367,0.04957680345226926,ROBUST_MODEL_INLIER,FIT,0.0040405550030916965,SYNTHETIC_SOURCE,SYNTHETIC_TARGET
713,516.0625610351562,490.428955078125,525.0841064453125,484.40264892578125,516.0625610351562,490.428955078125,525.0841064453125,484.40264892578125,SIFT:gradient,12.961481094360352,0.04957722180809476,ROBUST_MODEL_INLIER,FIT,0.03343541568873205,SYNTHETIC_SOURCE,SYNTHETIC_TARGET
714,67.13793182373047,591.3232421875,76.11637878417969,585.4124145507812,67.13793182373047,591.3232421875,76.11637878417969,585.4124145507812,SIFT:gradient,18.16590118408203,0.04960898955249753,ROBUST_MODEL_INLIER,FIT,0.09236920562254097,SYNTHETIC_SOURCE,SYNTHETIC_TARGET
715,44.12699890136719,205.5679473876953,53.14181137084961,199.56427001953125,44.12699890136719,205.5679473876953,53.14181137084961,199.56427001953125,SIFT:gradient,17.804492950439453,0.04960951121822194,ROBUST_MODEL_INLIER,HELD_OUT,0.014977273420745342,SYNTHETIC_SOURCE,SYNTHETIC_TARGET
716,522.5252075195312,355.3846435546875,531.5169677734375,349.4163513183594,522.5252075195312,355.3846435546875,531.5169677734375,349.4163513183594,SIFT:gradient,13.03840446472168,0.04963419762067626,ROBUST_MODEL_INLIER,FIT,0.03338999613668197,SYNTHETIC_SOURCE,SYNTHETIC_TARGET
717,113.2195816040039,187.77296447753906,122.22245788574219,181.79904174804688,113.2195816040039,187.77296447753906,122.22245788574219,181.79904174804688,SIFT:gradient,17.944358825683594,0.04969726123644769,ROBUST_MODEL_INLIER,FIT,0.02682624983003758,SYNTHETIC_SOURCE,SYNTHETIC_TARGET
718,304.139404296875,315.4471130371094,313.0837707519531,309.4331970214844,304.139404296875,315.4471130371094,313.0837707519531,309.4331970214844,SIFT:gradient,10.392304420471191,0.04972565088269648,ROBUST_MODEL_INLIER,FIT,0.0573509660800757,SYNTHETIC_SOURCE,SYNTHETIC_TARGET
719,200.7280731201172,283.4100646972656,209.73995971679688,277.4732666015625,200.7280731201172,283.4100646972656,209.73995971679688,277.4732666015625,SIFT:gradient,17.291616439819336,0.04972572759235644,ROBUST_MODEL_INLIER,FIT,0.06488213128530948,SYNTHETIC_SOURCE,SYNTHETIC_TARGET
720,258.38543701171875,122.69959259033203,267.39178466796875,116.743896484375,258.38543701171875,122.69959259033203,267.39178466796875,116.743896484375,SIFT:gradient,18.493242263793945,0.049749519775133755,ROBUST_MODEL_INLIER,FIT,0.04533947871651921,SYNTHETIC_SOURCE,SYNTHETIC_TARGET
721,504.155517578125,70.71881103515625,513.0947265625,64.73076629638672,504.155517578125,70.71881103515625,513.0947265625,64.73076629638672,SIFT:gradient,17.233688354492188,0.04979067607896911,ROBUST_MODEL_INLIER,FIT,0.0622255368344261,SYNTHETIC_SOURCE,SYNTHETIC_TARGET
722,556.4508666992188,283.9862060546875,565.4981689453125,277.9947814941406,556.4508666992188,283.9862060546875,565.4981689453125,277.9947814941406,SIFT:gradient,16.0,0.049803654359097414,ROBUST_MODEL_INLIER,HELD_OUT,0.048036122088010495,SYNTHETIC_SOURCE,SYNTHETIC_TARGET
723,354.1990661621094,497.83306884765625,363.2198486328125,491.8334655761719,354.1990661621094,497.83306884765625,363.2198486328125,491.8334655761719,SIFT:gradient,14.142135620117188,0.04985810527806191,ROBUST_MODEL_INLIER,FIT,0.020654449281964388,SYNTHETIC_SOURCE,SYNTHETIC_TARGET
724,153.25892639160156,91.18656921386719,162.27212524414062,85.18292999267578,153.25892639160156,91.18656921386719,162.27212524414062,85.18292999267578,SIFT:gradient,24.95996856689453,0.04991594300529297,ROBUST_MODEL_INLIER,FIT,0.01339324727263634,SYNTHETIC_SOURCE,SYNTHETIC_TARGET
725,540.8162841796875,354.4864807128906,549.8197021484375,348.48968505859375,540.8162841796875,354.4864807128906,549.8197021484375,348.48968505859375,SIFT:gradient,11.575837135314941,0.04992229111180295,ROBUST_MODEL_INLIER,FIT,0.005021416870280684,SYNTHETIC_SOURCE,SYNTHETIC_TARGET
726,443.8698425292969,320.8500671386719,452.8614501953125,314.8642883300781,443.8698425292969,320.8500671386719,452.8614501953125,314.8642883300781,SIFT:gradient,17.464248657226562,0.04996111060329506,ROBUST_MODEL_INLIER,FIT,0.017116961082030042,SYNTHETIC_SOURCE,SYNTHETIC_TARGET
727,375.8713684082031,262.505126953125,384.8592834472656,256.5368957519531,375.8713684082031,262.505126953125,384.8592834472656,256.5368957519531,SIFT:gradient,14.798648834228516,0.049978611387698116,ROBUST_MODEL_INLIER,HELD_OUT,0.034614548694724516,SYNTHETIC_SOURCE,SYNTHETIC_TARGET
728,199.62875366210938,109.65242767333984,208.6978302001953,103.6640625,199.62875366210938,109.65242767333984,208.6978302001953,103.6640625,SIFT:gradient,18.81488800048828,0.05000406341753854,ROBUST_MODEL_INLIER,FIT,0.07000325206896128,SYNTHETIC_SOURCE,SYNTHETIC_TARGET
729,546.8721923828125,364.2696533203125,555.868408203125,358.2588195800781,546.8721923828125,364.2696533203125,555.868408203125,358.2588195800781,SIFT:gradient,12.922847747802734,0.05006148983622217,ROBUST_MODEL_INLIER,FIT,0.010955172974462715,SYNTHETIC_SOURCE,SYNTHETIC_TARGET
730,542.1671752929688,362.5713806152344,551.1881103515625,356.6258239746094,542.1671752929688,362.5713806152344,551.1881103515625,356.6258239746094,SIFT:gradient,10.908712387084961,0.05008160964003562,ROBUST_MODEL_INLIER,HELD_OUT,0.05884574900972929,SYNTHETIC_SOURCE,SYNTHETIC_TARGET
731,118.2263412475586,50.76199722290039,127.2066879272461,44.7584228515625,118.2263412475586,50.76199722290039,127.2066879272461,44.7584228515625,SIFT:gradient,21.307275772094727,0.05021085220258151,ROBUST_MODEL_INLIER,FIT,0.020026467810862723,SYNTHETIC_SOURCE,SYNTHETIC_TARGET
732,252.11720275878906,120.18133544921875,261.1588439941406,114.17919158935547,252.11720275878906,120.18133544921875,261.1588439941406,114.17919158935547,SIFT:gradient,15.231546401977539,0.050221289661005725,ROBUST_MODEL_INLIER,FIT,0.04151697864544722,SYNTHETIC_SOURCE,SYNTHETIC_TARGET
733,352.07525634765625,379.4550476074219,361.0640869140625,373.5094299316406,352.07525634765625,379.4550476074219,361.0640869140625,373.5094299316406,SIFT:gradient,19.36491584777832,0.05022686701122746,ROBUST_MODEL_INLIER,HELD_OUT,0.05614608232169302,SYNTHETIC_SOURCE,SYNTHETIC_TARGET
734,200.93521118164062,308.4165954589844,210.02108764648438,302.4136657714844,200.93521118164062,308.4165954589844,210.02108764648438,302.4136657714844,SIFT:gradient,17.972200393676758,0.05022931596421814,ROBUST_MODEL_INLIER,HELD_OUT,0.08575524706433708,SYNTHETIC_SOURCE,SYNTHETIC_TARGET
735,182.32818603515625,276.2102966308594,191.32369995117188,270.20989990234375,182.32818603515625,276.2102966308594,191.32369995117188,270.20989990234375,SIFT:gradient,14.0,0.05028396753516793,ROBUST_MODEL_INLIER,FIT,0.004643588221415867,SYNTHETIC_SOURCE,SYNTHETIC_TARGET
736,141.2917022705078,562.6474609375,150.1998291015625,556.6740112304688,141.2917022705078,562.6474609375,150.1998291015625,556.6740112304688,SIFT:gradient,19.87460708618164,0.05028903694710823,ROBUST_MODEL_INLIER,HELD_OUT,0.09595019818937331,SYNTHETIC_SOURCE,SYNTHETIC_TARGET
737,339.020751953125,29.246549606323242,348.0420227050781,23.24128532409668,339.020751953125,29.246549606323242,348.0420227050781,23.24128532409668,SIFT:gradient,17.11724281311035,0.050332859750335836,ROBUST_MODEL_INLIER,FIT,0.021624891306005856,SYNTHETIC_SOURCE,SYNTHETIC_TARGET
738,575.1900024414062,136.61009216308594,584.17529296875,130.597412109375,575.1900024414062,136.61009216308594,584.17529296875,130.597412109375,SIFT:gradient,17.0587215423584,0.050444207901756105,ROBUST_MODEL_INLIER,HELD_OUT,0.019145718937949946,SYNTHETIC_SOURCE,SYNTHETIC_TARGET
739,327.91119384765625,481.69134521484375,336.8843078613281,475.7207336425781,327.91119384765625,481.69134521484375,336.8843078613281,475.7207336425781,SIFT:gradient,15.588457107543945,0.050459971998214746,ROBUST_MODEL_INLIER,FIT,0.0403857803575153,SYNTHETIC_SOURCE,SYNTHETIC_TARGET
740,341.6158142089844,221.57135009765625,350.6265563964844,215.56053161621094,341.6158142089844,221.57135009765625,350.6265563964844,215.56053161621094,SIFT:gradient,15.198683738708496,0.05053944705007726,ROBUST_MODEL_INLIER,FIT,0.014708689118723146,SYNTHETIC_SOURCE,SYNTHETIC_TARGET
741,182.48707580566406,410.284423828125,191.38931274414062,404.2701110839844,182.48707580566406,410.284423828125,191.38931274414062,404.2701110839844,SIFT:gradient,20.074859619140625,0.050568002433488975,ROBUST_MODEL_INLIER,FIT,0.09886976263015226,SYNTHETIC_SOURCE,SYNTHETIC_TARGET
742,347.9195251464844,197.6190643310547,356.9237365722656,191.6151885986328,347.9195251464844,197.6190643310547,356.9237365722656,191.6151885986328,SIFT:gradient,17.0,0.05056993486575395,ROBUST_MODEL_INLIER,HELD_OUT,0.005209306784894303,SYNTHETIC_SOURCE,SYNTHETIC_TARGET
743,189.83493041992188,336.3793029785156,198.81129455566406,330.4292297363281,189.83493041992188,336.3793029785156,198.81129455566406,330.4292297363281,SIFT:gradient,18.574174880981445,0.05058417130741077,ROBUST_MODEL_INLIER,FIT,0.055855974430666,SYNTHETIC_SOURCE,SYNTHETIC_TARGET
744,405.9804992675781,229.03094482421875,414.98797607421875,223.0164337158203,405.9804992675781,229.03094482421875,414.98797607421875,223.0164337158203,SIFT:gradient,21.071308135986328,0.05058616470409644,ROBUST_MODEL_INLIER,FIT,0.015712263392322404,SYNTHETIC_SOURCE,SYNTHETIC_TARGET
745,186.98707580566406,278.04608154296875,196.02662658691406,272.0439758300781,186.98707580566406,278.04608154296875,196.02662658691406,272.0439758300781,SIFT:gradient,13.82027530670166,0.050617947526703747,ROBUST_MODEL_INLIER,HELD_OUT,0.039426561421005916,SYNTHETIC_SOURCE,SYNTHETIC_TARGET
746,291.836669921875,295.7228698730469,300.8119201660156,289.6995849609375,291.836669921875,295.7228698730469,300.8119201660156,289.6995849609375,SIFT:gradient,10.440306663513184,0.05073193589951959,ROBUST_MODEL_INLIER,FIT,0.03367881263104542,SYNTHETIC_SOURCE,SYNTHETIC_TARGET
747,113.42820739746094,474.9521484375,122.47868347167969,469.04058837890625,113.42820739746094,474.9521484375,122.47868347167969,469.04058837890625,SIFT:gradient,13.076696395874023,0.0507661578722952,ROBUST_MODEL_INLIER,FIT,0.10228591278390778,SYNTHETIC_SOURCE,SYNTHETIC_TARGET
748,183.58944702148438,413.1136779785156,192.57652282714844,407.0899963378906,183.58944702148438,413.1136779785156,192.57652282714844,407.0899963378906,SIFT:gradient,21.656408309936523,0.05076758973323659,ROBUST_MODEL_INLIER,FIT,0.026519551512165,SYNTHETIC_SOURCE,SYNTHETIC_TARGET
749,249.90985107421875,228.95101928710938,258.8697204589844,222.9673614501953,249.90985107421875,228.95101928710938,258.8697204589844,222.9673614501953,SIFT:gradient,14.03566837310791,0.050783916442313996,ROBUST_MODEL_INLIER,FIT,0.0437049677601471,SYNTHETIC_SOURCE,SYNTHETIC_TARGET
750,286.0322265625,285.5899353027344,295.0628356933594,279.66534423828125,286.0322265625,285.5899353027344,295.0628356933594,279.66534423828125,SIFT:gradient,14.525838851928711,0.05080051475813967,ROBUST_MODEL_INLIER,FIT,0.0818934247801672,SYNTHETIC_SOURCE,SYNTHETIC_TARGET
751,158.49795532226562,214.4431610107422,167.537353515625,208.44728088378906,158.49795532226562,214.4431610107422,167.537353515625,208.44728088378906,SIFT:gradient,16.881942749023438,0.050808448463941946,ROBUST_MODEL_INLIER,FIT,0.03952964170674858,SYNTHETIC_SOURCE,SYNTHETIC_TARGET
752,224.4530792236328,39.42795944213867,233.44522094726562,33.444644927978516,224.4530792236328,39.42795944213867,233.44522094726562,33.444644927978516,SIFT:gradient,15.066518783569336,0.0508537017799837,ROBUST_MODEL_INLIER,FIT,0.01906095321869845,SYNTHETIC_SOURCE,SYNTHETIC_TARGET
753,153.66331481933594,214.19149780273438,162.73509216308594,208.23765563964844,153.66331481933594,214.19149780273438,162.73509216308594,208.23765563964844,SIFT:gradient,16.492422103881836,0.05085701584789111,ROBUST_MODEL_INLIER,HELD_OUT,0.08554162206373192,SYNTHETIC_SOURCE,SYNTHETIC_TARGET
754,276.4737854003906,25.807903289794922,285.5307312011719,19.82720184326172,276.4737854003906,25.807903289794922,285.5307312011719,19.82720184326172,SIFT:gradient,21.610183715820312,0.0509922395748271,ROBUST_MODEL_INLIER,FIT,0.06018167104613677,SYNTHETIC_SOURCE,SYNTHETIC_TARGET
755,355.78656005859375,419.7269287109375,364.78546142578125,413.7429504394531,355.78656005859375,419.7269287109375,364.78546142578125,413.7429504394531,SIFT:gradient,10.954451560974121,0.05099674329771359,ROBUST_MODEL_INLIER,FIT,0.0166790779413339,SYNTHETIC_SOURCE,SYNTHETIC_TARGET
756,172.17080688476562,600.716064453125,181.17459106445312,594.6826782226562,172.17080688476562,600.716064453125,181.17459106445312,594.6826782226562,SIFT:gradient,25.63201141357422,0.05102436341026386,ROBUST_MODEL_INLIER,HELD_OUT,0.032976456708632196,SYNTHETIC_SOURCE,SYNTHETIC_TARGET
757,349.1815490722656,211.94143676757812,358.1617126464844,205.99655151367188,349.1815490722656,211.94143676757812,358.1617126464844,205.99655151367188,SIFT:gradient,14.282856941223145,0.05111429780190917,ROBUST_MODEL_INLIER,FIT,0.05920174977458863,SYNTHETIC_SOURCE,SYNTHETIC_TARGET
758,250.5789031982422,207.92898559570312,259.58251953125,201.90623474121094,250.5789031982422,207.92898559570312,259.58251953125,201.90623474121094,SIFT:gradient,12.288206100463867,0.051131222602883886,ROBUST_MODEL_INLIER,FIT,0.022409805894213833,SYNTHETIC_SOURCE,SYNTHETIC_TARGET
759,213.71543884277344,311.1131896972656,222.68179321289062,305.05450439453125,213.71543884277344,311.1131896972656,222.68179321289062,305.05450439453125,SIFT:gradient,17.0587215423584,0.051148576738120434,ROBUST_MODEL_INLIER,FIT,0.06719389465030563,SYNTHETIC_SOURCE,SYNTHETIC_TARGET
760,374.48455810546875,158.2254180908203,383.4770812988281,152.222412109375,374.48455810546875,158.2254180908203,383.4770812988281,152.222412109375,SIFT:gradient,11.575837135314941,0.05118295475659637,ROBUST_MODEL_INLIER,FIT,0.00799666827177992,SYNTHETIC_SOURCE,SYNTHETIC_TARGET
761,364.76934814453125,195.8157501220703,373.7539978027344,189.81967163085938,364.76934814453125,195.8157501220703,373.7539978027344,189.81967163085938,SIFT:gradient,14.317821502685547,0.05121450777824232,ROBUST_MODEL_INLIER,FIT,0.016151736350672425,SYNTHETIC_SOURCE,SYNTHETIC_TARGET
762,41.413475036621094,203.37738037109375,50.435794830322266,197.3771209716797,41.413475036621094,203.37738037109375,50.435794830322266,197.3771209716797,SIFT:gradient,17.262676239013672,0.05122320410159893,ROBUST_MODEL_INLIER,FIT,0.02216998378117666,SYNTHETIC_SOURCE,SYNTHETIC_TARGET
763,516.549072265625,107.1082534790039,525.5076293945312,101.08683776855469,516.549072265625,107.1082534790039,525.5076293945312,101.08683776855469,SIFT:gradient,13.076696395874023,0.051303259508436116,ROBUST_MODEL_INLIER,FIT,0.04650854939176226,SYNTHETIC_SOURCE,SYNTHETIC_TARGET
764,224.71925354003906,307.99761962890625,233.72027587890625,301.9423522949219,224.71925354003906,307.99761962890625,233.72027587890625,301.9423522949219,SIFT:gradient,15.524174690246582,0.051324706666541556,ROBUST_MODEL_INLIER,HELD_OUT,0.05466390211306164,SYNTHETIC_SOURCE,SYNTHETIC_TARGET
765,511.6246032714844,365.910400390625,520.611083984375,359.8979187011719,511.6246032714844,365.910400390625,520.611083984375,359.8979187011719,SIFT:gradient,21.908903121948242,0.051328617152048006,ROBUST_MODEL_INLIER,FIT,0.01810659629331294,SYNTHETIC_SOURCE,SYNTHETIC_TARGET
766,114.64449310302734,185.11575317382812,123.65169525146484,179.1099395751953,114.64449310302734,185.11575317382812,123.65169525146484,179.1099395751953,SIFT:gradient,17.804492950439453,0.05134988059797128,ROBUST_MODEL_INLIER,FIT,0.008761853912202152,SYNTHETIC_SOURCE,SYNTHETIC_TARGET
767,518.6104125976562,342.0714111328125,527.614501953125,336.066162109375,518.6104125976562,342.0714111328125,527.614501953125,336.066162109375,SIFT:gradient,18.30300521850586,0.05138922246144242,ROBUST_MODEL_INLIER,FIT,0.006084029563380851,SYNTHETIC_SOURCE,SYNTHETIC_TARGET
768,153.67144775390625,94.7545394897461,162.6650390625,88.75679016113281,153.67144775390625,94.7545394897461,162.6650390625,88.75679016113281,SIFT:gradient,14.933184623718262,0.05139483604517883,ROBUST_MODEL_INLIER,HELD_OUT,0.007157921369193493,SYNTHETIC_SOURCE,SYNTHETIC_TARGET
769,234.78732299804688,236.46905517578125,243.77882385253906,230.45278930664062,234.78732299804688,236.46905517578125,243.77882385253906,230.45278930664062,SIFT:gradient,19.54482078552246,0.05139531162854151,ROBUST_MODEL_INLIER,HELD_OUT,0.017887082530044406,SYNTHETIC_SOURCE,SYNTHETIC_TARGET
770,112.94422149658203,485.46002197265625,121.94255065917969,479.4583740234375,112.94422149658203,485.46002197265625,121.94255065917969,479.4583740234375,SIFT:gradient,20.074859619140625,0.051413189981582126,ROBUST_MODEL_INLIER,FIT,0.002097972520147408,SYNTHETIC_SOURCE,SYNTHETIC_TARGET
771,449.0552062988281,592.708251953125,458.0559387207031,586.6995239257812,449.0552062988281,592.708251953125,458.0559387207031,586.6995239257812,SIFT:gradient,15.231546401977539,0.05145645750522831,ROBUST_MODEL_INLIER,HELD_OUT,0.008138357791282526,SYNTHETIC_SOURCE,SYNTHETIC_TARGET
772,559.4605712890625,202.55963134765625,568.4677734375,196.56222534179688,559.4605712890625,202.55963134765625,568.4677734375,196.56222534179688,SIFT:gradient,15.394804000854492,0.05155515554174275,ROBUST_MODEL_INLIER,HELD_OUT,0.00774365128922992,SYNTHETIC_SOURCE,SYNTHETIC_TARGET
773,559.1134643554688,548.4996337890625,568.1029663085938,542.5040283203125,559.1134643554688,548.4996337890625,568.1029663085938,542.5040283203125,SIFT:gradient,21.40093421936035,0.05157495608229508,ROBUST_MODEL_INLIER,HELD_OUT,0.011767959588543708,SYNTHETIC_SOURCE,SYNTHETIC_TARGET
774,280.8845520019531,277.5765686035156,289.8834533691406,271.5806579589844,280.8845520019531,277.5765686035156,289.8834533691406,271.5806579589844,SIFT:gradient,14.696938514709473,0.051636590533524214,ROBUST_MODEL_INLIER,HELD_OUT,0.00486341437958039,SYNTHETIC_SOURCE,SYNTHETIC_TARGET
775,160.69285583496094,464.0299377441406,169.701171875,458.0489196777344,160.69285583496094,464.0299377441406,169.701171875,458.0489196777344,SIFT:gradient,16.462078094482422,0.05163901631212008,ROBUST_MODEL_INLIER,HELD_OUT,0.0212249755859375,SYNTHETIC_SOURCE,SYNTHETIC_TARGET
776,123.44992065429688,567.0537719726562,132.4666290283203,561.0556030273438,123.44992065429688,567.0537719726562,132.4666290283203,561.0556030273438,SIFT:gradient,16.462078094482422,0.051651981029032595,ROBUST_MODEL_INLIER,FIT,0.016734829516698572,SYNTHETIC_SOURCE,SYNTHETIC_TARGET
777,100.80845642089844,398.08673095703125,109.79507446289062,392.0583801269531,100.80845642089844,398.08673095703125,109.79507446289062,392.0583801269531,SIFT:gradient,18.0,0.05169810586478787,ROBUST_MODEL_INLIER,FIT,0.03086613161626775,SYNTHETIC_SOURCE,SYNTHETIC_TARGET
778,444.1701354980469,345.5639953613281,453.19549560546875,339.56005859375,444.1701354980469,345.5639953613281,453.19549560546875,339.56005859375,SIFT:gradient,14.662878036499023,0.05175222983236081,ROBUST_MODEL_INLIER,FIT,0.0254260512944373,SYNTHETIC_SOURCE,SYNTHETIC_TARGET
779,84.94733428955078,377.4041748046875,93.92733764648438,371.3845520019531,84.94733428955078,377.4041748046875,93.92733764648438,371.3845520019531,SIFT:gradient,12.288206100463867,0.05181669394488006,ROBUST_MODEL_INLIER,HELD_OUT,0.027703155194358592,SYNTHETIC_SOURCE,SYNTHETIC_TARGET
780,243.65675354003906,451.0772399902344,252.68173217773438,445.05792236328125,243.65675354003906,451.0772399902344,252.68173217773438,445.05792236328125,SIFT:gradient,18.493242263793945,0.05184106703429585,ROBUST_MODEL_INLIER,FIT,0.031085284323060455,SYNTHETIC_SOURCE,SYNTHETIC_TARGET
781,347.2324523925781,203.9117889404297,356.27972412109375,197.819580078125,347.2324523925781,203.9117889404297,356.27972412109375,197.819580078125,SIFT:gradient,16.278820037841797,0.051950714231244914,ROBUST_MODEL_INLIER,HELD_OUT,0.10300728412799341,SYNTHETIC_SOURCE,SYNTHETIC_TARGET
782,193.75953674316406,277.7642517089844,202.75013732910156,271.77777099609375,193.75953674316406,277.7642517089844,202.75013732910156,271.77777099609375,SIFT:gradient,17.464248657226562,0.051962432081008834,ROBUST_MODEL_INLIER,FIT,0.017055422314039875,SYNTHETIC_SOURCE,SYNTHETIC_TARGET
783,418.62652587890625,87.02057647705078,427.6195068359375,81.00173950195312,418.62652587890625,87.02057647705078,427.6195068359375,81.00173950195312,SIFT:gradient,19.54482078552246,0.05200077260903466,ROBUST_MODEL_INLIER,HELD_OUT,0.0195867836735757,SYNTHETIC_SOURCE,SYNTHETIC_TARGET
784,519.5106201171875,401.82232666015625,528.5430297851562,395.83392333984375,519.5106201171875,401.82232666015625,528.5430297851562,395.83392333984375,SIFT:gradient,15.68438720703125,0.05200867158628644,ROBUST_MODEL_INLIER,FIT,0.034489575629529645,SYNTHETIC_SOURCE,SYNTHETIC_TARGET
785,147.86940002441406,515.5138549804688,156.86695861816406,509.5240783691406,147.86940002441406,515.5138549804688,156.86695861816406,509.5240783691406,SIFT:gradient,23.452077865600586,0.05201666988071558,ROBUST_MODEL_INLIER,FIT,0.011139961089138171,SYNTHETIC_SOURCE,SYNTHETIC_TARGET
786,581.880615234375,230.00779724121094,590.889404296875,223.98355102539062,581.880615234375,230.00779724121094,590.889404296875,223.98355102539062,SIFT:gradient,13.076696395874023,0.05209508570518486,ROBUST_MODEL_INLIER,FIT,0.025164315466392435,SYNTHETIC_SOURCE,SYNTHETIC_TARGET
787,574.4657592773438,154.1321258544922,583.4368286132812,148.13482666015625,574.4657592773438,154.1321258544922,583.4368286132812,148.13482666015625,SIFT:gradient,18.193405151367188,0.05213266723035146,ROBUST_MODEL_INLIER,FIT,0.02927113435362501,SYNTHETIC_SOURCE,SYNTHETIC_TARGET
788,243.6432342529297,96.05674743652344,252.64793395996094,90.04568481445312,243.6432342529297,96.05674743652344,252.64793395996094,90.04568481445312,SIFT:gradient,15.968719482421875,0.05219371751875885,ROBUST_MODEL_INLIER,FIT,0.011398519695448407,SYNTHETIC_SOURCE,SYNTHETIC_TARGET
789,289.6131286621094,152.60678100585938,298.6455993652344,146.46939086914062,289.6131286621094,152.60678100585938,298.6455993652344,146.46939086914062,SIFT:gradient,24.020824432373047,0.05226378359908627,ROBUST_MODEL_INLIER,FIT,0.140545971837304,SYNTHETIC_SOURCE,SYNTHETIC_TARGET
790,297.0450134277344,469.6783447265625,306.10894775390625,463.6876220703125,297.0450134277344,469.6783447265625,306.10894775390625,463.6876220703125,SIFT:gradient,23.66431999206543,0.05227645100352902,ROBUST_MODEL_INLIER,FIT,0.06454360275635926,SYNTHETIC_SOURCE,SYNTHETIC_TARGET
791,585.5579223632812,154.43084716796875,594.5460815429688,148.44515991210938,585.5579223632812,154.43084716796875,594.5460815429688,148.44515991210938,SIFT:gradient,13.56466007232666,0.05229219337863497,ROBUST_MODEL_INLIER,FIT,0.019145250734618594,SYNTHETIC_SOURCE,SYNTHETIC_TARGET
792,128.55125427246094,213.91561889648438,137.57337951660156,207.90542602539062,128.55125427246094,213.91561889648438,137.57337951660156,207.90542602539062,SIFT:gradient,13.56466007232666,0.05229374987573247,ROBUST_MODEL_INLIER,FIT,0.02397128080114727,SYNTHETIC_SOURCE,SYNTHETIC_TARGET
793,444.1104431152344,506.1498107910156,453.1223449707031,500.1263427734375,444.1104431152344,506.1498107910156,453.1223449707031,500.1263427734375,SIFT:gradient,12.083045959472656,0.05243842210560918,ROBUST_MODEL_INLIER,FIT,0.025700548326917802,SYNTHETIC_SOURCE,SYNTHETIC_TARGET
794,252.10125732421875,132.50608825683594,261.06207275390625,126.5624771118164,252.10125732421875,132.50608825683594,261.06207275390625,126.5624771118164,SIFT:gradient,10.58300495147705,0.05243997155438049,ROBUST_MODEL_INLIER,HELD_OUT,0.06925548037538759,SYNTHETIC_SOURCE,SYNTHETIC_TARGET
795,88.639404296875,397.9471130371094,97.67121124267578,391.8965148925781,88.639404296875,397.9471130371094,97.67121124267578,391.8965148925781,SIFT:gradient,12.489995956420898,0.052441953556438416,ROBUST_MODEL_INLIER,HELD_OUT,0.05916737124962443,SYNTHETIC_SOURCE,SYNTHETIC_TARGET
796,269.5553894042969,55.84939956665039,278.57122802734375,49.7976188659668,269.5553894042969,55.84939956665039,278.57122802734375,49.7976188659668,SIFT:gradient,17.972200393676758,0.05247251646958056,ROBUST_MODEL_INLIER,FIT,0.05352061591665151,SYNTHETIC_SOURCE,SYNTHETIC_TARGET
797,83.95741271972656,27.805225372314453,92.97734832763672,21.81182289123535,83.95741271972656,27.805225372314453,92.97734832763672,21.81182289123535,SIFT:gradient,26.172504425048828,0.052480055947191746,ROBUST_MODEL_INLIER,FIT,0.021055195985756597,SYNTHETIC_SOURCE,SYNTHETIC_TARGET
798,91.96446228027344,482.86041259765625,100.95933532714844,476.8594665527344,91.96446228027344,482.86041259765625,100.95933532714844,476.8594665527344,SIFT:gradient,17.63519287109375,0.05250918617712734,ROBUST_MODEL_INLIER,FIT,0.005290202582812414,SYNTHETIC_SOURCE,SYNTHETIC_TARGET
799,304.636962890625,327.582275390625,313.6253662109375,321.55328369140625,304.636962890625,327.582275390625,313.6253662109375,321.55328369140625,SIFT:gradient,15.459625244140625,0.052609633303541556,ROBUST_MODEL_INLIER,FIT,0.030717196867671808,SYNTHETIC_SOURCE,SYNTHETIC_TARGET
800,85.42400360107422,498.977294921875,94.45603942871094,492.96759033203125,85.42400360107422,498.977294921875,94.45603942871094,492.96759033203125,SIFT:gradient,13.56466007232666,0.05263236946132927,ROBUST_MODEL_INLIER,FIT,0.03315488118849237,SYNTHETIC_SOURCE,SYNTHETIC_TARGET
801,576.9087524414062,138.96006774902344,585.8828125,132.96762084960938,576.9087524414062,138.96006774902344,585.8828125,132.96762084960938,SIFT:gradient,16.703292846679688,0.05265092180128432,ROBUST_MODEL_INLIER,FIT,0.02733975193903758,SYNTHETIC_SOURCE,SYNTHETIC_TARGET
802,43.55939483642578,372.9083251953125,52.554893493652344,366.89947509765625,43.55939483642578,372.9083251953125,52.554893493652344,366.89947509765625,SIFT:gradient,13.03840446472168,0.052668924001989435,ROBUST_MODEL_INLIER,FIT,0.009463217545600948,SYNTHETIC_SOURCE,SYNTHETIC_TARGET
803,286.3021240234375,359.3141174316406,295.2934265136719,353.3528137207031,286.3021240234375,359.3141174316406,295.2934265136719,353.3528137207031,SIFT:gradient,15.874507904052734,0.052732829229250947,ROBUST_MODEL_INLIER,FIT,0.04029064687676362,SYNTHETIC_SOURCE,SYNTHETIC_TARGET
804,158.39662170410156,480.9773254394531,167.37335205078125,475.0039978027344,158.39662170410156,480.9773254394531,167.37335205078125,475.0039978027344,SIFT:gradient,21.118711471557617,0.052818075640087725,ROBUST_MODEL_INLIER,HELD_OUT,0.03595758491040125,SYNTHETIC_SOURCE,SYNTHETIC_TARGET
805,142.99432373046875,514.8551025390625,151.9685516357422,508.8049621582031,142.99432373046875,514.8551025390625,151.9685516357422,508.8049621582031,SIFT:gradient,18.70828628540039,0.05287401080055034,ROBUST_MODEL_INLIER,FIT,0.055904498664697815,SYNTHETIC_SOURCE,SYNTHETIC_TARGET
806,69.9482650756836,572.25537109375,78.94564819335938,566.34814453125,69.9482650756836,572.25537109375,78.94564819335938,566.34814453125,SIFT:gradient,13.964240074157715,0.05287816150192489,ROBUST_MODEL_INLIER,FIT,0.0934248469356006,SYNTHETIC_SOURCE,SYNTHETIC_TARGET
807,358.9007568359375,421.9939880371094,367.8146667480469,416.0733642578125,358.9007568359375,421.9939880371094,367.8146667480469,416.0733642578125,SIFT:gradient,14.696938514709473,0.05288756280537866,ROBUST_MODEL_INLIER,FIT,0.11762504354394032,SYNTHETIC_SOURCE,SYNTHETIC_TARGET
808,468.5644226074219,378.633544921875,477.5868835449219,372.7216491699219,468.5644226074219,378.633544921875,477.5868835449219,372.7216491699219,SIFT:gradient,15.459625244140625,0.05291104156774633,ROBUST_MODEL_INLIER,FIT,0.09147645951907966,SYNTHETIC_SOURCE,SYNTHETIC_TARGET
809,429.63958740234375,390.1341552734375,438.6401062011719,384.1419677734375,429.63958740234375,390.1341552734375,438.6401062011719,384.1419677734375,SIFT:gradient,16.911535263061523,0.0529887087178228,ROBUST_MODEL_INLIER,FIT,0.008430808911050785,SYNTHETIC_SOURCE,SYNTHETIC_TARGET
810,73.6412124633789,414.033935546875,82.65636444091797,408.0198669433594,73.6412124633789,414.033935546875,82.65636444091797,408.0198669433594,SIFT:gradient,21.14237403869629,0.05298923695450599,ROBUST_MODEL_INLIER,HELD_OUT,0.020152077695846822,SYNTHETIC_SOURCE,SYNTHETIC_TARGET
811,540.8162841796875,354.4864807128906,549.8197021484375,348.48968505859375,540.8162841796875,354.4864807128906,549.8197021484375,348.48968505859375,SIFT:gradient,11.357816696166992,0.05306985331863278,ROBUST_MODEL_INLIER,FIT,0.005021416870280684,SYNTHETIC_SOURCE,SYNTHETIC_TARGET
812,140.337890625,458.1757507324219,149.4309539794922,452.1661376953125,140.337890625,458.1757507324219,149.4309539794922,452.1661376953125,SIFT:gradient,17.66352081298828,0.0530869494035267,ROBUST_MODEL_INLIER,FIT,0.0933459099133215,SYNTHETIC_SOURCE,SYNTHETIC_TARGET
813,24.48699951171875,349.6160888671875,33.52653884887695,343.611328125,24.48699951171875,349.6160888671875,33.52653884887695,343.611328125,SIFT:gradient,25.922962188720703,0.05313544150225332,ROBUST_MODEL_INLIER,FIT,0.039604819911308195,SYNTHETIC_SOURCE,SYNTHETIC_TARGET
814,574.6435546875,126.50353240966797,583.5986328125,120.50447845458984,574.6435546875,126.50353240966797,583.5986328125,120.50447845458984,SIFT:gradient,19.287302017211914,0.05314012208148452,ROBUST_MODEL_INLIER,HELD_OUT,0.0451013256445407,SYNTHETIC_SOURCE,SYNTHETIC_TARGET
815,558.03125,193.4183349609375,567.0272216796875,187.3606719970703,558.03125,193.4183349609375,567.0272216796875,187.3606719970703,SIFT:gradient,22.405357360839844,0.0531556833266024,ROBUST_MODEL_INLIER,FIT,0.05720559906330793,SYNTHETIC_SOURCE,SYNTHETIC_TARGET
816,200.77511596679688,606.8807983398438,209.78323364257812,600.9043579101562,200.77511596679688,606.8807983398438,209.78323364257812,600.9043579101562,SIFT:gradient,14.03566837310791,0.05318029354450009,ROBUST_MODEL_INLIER,HELD_OUT,0.025448531363302374,SYNTHETIC_SOURCE,SYNTHETIC_TARGET
817,476.4654235839844,134.5975341796875,485.46661376953125,128.59078979492188,476.4654235839844,134.5975341796875,485.46661376953125,128.59078979492188,SIFT:gradient,20.663978576660156,0.053181601943611975,ROBUST_MODEL_INLIER,FIT,0.006221171291107121,SYNTHETIC_SOURCE,SYNTHETIC_TARGET
818,181.7927703857422,27.091419219970703,190.81776428222656,21.112329483032227,181.7927703857422,27.091419219970703,190.81776428222656,21.112329483032227,SIFT:gradient,18.439088821411133,0.05321465426754159,ROBUST_MODEL_INLIER,FIT,0.03286681405986362,SYNTHETIC_SOURCE,SYNTHETIC_TARGET
819,146.79420471191406,271.05712890625,155.80474853515625,265.1201477050781,146.79420471191406,271.05712890625,155.80474853515625,265.1201477050781,SIFT:gradient,25.0,0.053232472353976705,ROBUST_MODEL_INLIER,FIT,0.0644720602397995,SYNTHETIC_SOURCE,SYNTHETIC_TARGET
820,203.641357421875,328.66925048828125,212.6775360107422,322.67730712890625,203.641357421875,328.66925048828125,212.6775360107422,322.67730712890625,SIFT:gradient,20.39607810974121,0.053244940071640295,ROBUST_MODEL_INLIER,HELD_OUT,0.03705387294118481,SYNTHETIC_SOURCE,SYNTHETIC_TARGET
821,104.93091583251953,505.0970153808594,113.92154693603516,499.10858154296875,104.93091583251953,505.0970153808594,113.92154693603516,499.10858154296875,SIFT:gradient,14.177447319030762,0.053286624514137515,ROBUST_MODEL_INLIER,HELD_OUT,0.01545723616642794,SYNTHETIC_SOURCE,SYNTHETIC_TARGET
822,351.8473815917969,197.52772521972656,360.8394775390625,191.5112762451172,351.8473815917969,197.52772521972656,360.8394775390625,191.5112762451172,SIFT:gradient,19.94993782043457,0.05329675551747995,ROBUST_MODEL_INLIER,FIT,0.017769958868309187,SYNTHETIC_SOURCE,SYNTHETIC_TARGET
823,347.5257873535156,46.014739990234375,356.5569763183594,40.02864074707031,347.5257873535156,46.014739990234375,356.5569763183594,40.02864074707031,SIFT:gradient,12.961481094360352,0.05331144908440688,ROBUST_MODEL_INLIER,FIT,0.034261187389342945,SYNTHETIC_SOURCE,SYNTHETIC_TARGET
824,258.96923828125,118.17803955078125,267.96990966796875,112.19413757324219,258.96923828125,118.17803955078125,267.96990966796875,112.19413757324219,SIFT:gradient,15.65247631072998,0.053371396067418364,ROBUST_MODEL_INLIER,FIT,0.01671642649405503,SYNTHETIC_SOURCE,SYNTHETIC_TARGET
825,421.806884765625,255.06788635253906,430.8003234863281,249.10934448242188,421.806884765625,255.06788635253906,430.8003234863281,249.10934448242188,SIFT:gradient,15.42724895477295,0.05343364864274942,ROBUST_MODEL_INLIER,FIT,0.042600858485786305,SYNTHETIC_SOURCE,SYNTHETIC_TARGET
826,550.63720703125,45.83805465698242,559.61669921875,39.855140686035156,550.63720703125,45.83805465698242,559.61669921875,39.855140686035156,SIFT:gradient,21.02379608154297,0.05345224779342231,ROBUST_MODEL_INLIER,FIT,0.027203198914469245,SYNTHETIC_SOURCE,SYNTHETIC_TARGET
827,331.13397216796875,527.1009521484375,340.0299377441406,521.0775146484375,331.13397216796875,527.1009521484375,340.0299377441406,521.0775146484375,SIFT:gradient,20.760540008544922,0.053468558204394445,ROBUST_MODEL_INLIER,FIT,0.1066583898091032,SYNTHETIC_SOURCE,SYNTHETIC_TARGET
828,499.0172119140625,108.36089324951172,508.0119323730469,102.36251068115234,499.0172119140625,108.36089324951172,508.0119323730469,102.36251068115234,SIFT:gradient,17.8885440826416,0.053468720890436576,ROBUST_MODEL_INLIER,HELD_OUT,0.005871204514768899,SYNTHETIC_SOURCE,SYNTHETIC_TARGET
829,575.16552734375,226.15834045410156,584.1998291015625,220.1496124267578,575.16552734375,226.15834045410156,584.1998291015625,220.1496124267578,SIFT:gradient,16.462078094482422,0.053502478347008255,ROBUST_MODEL_INLIER,FIT,0.03510074737726513,SYNTHETIC_SOURCE,SYNTHETIC_TARGET
830,525.1648559570312,345.1160583496094,534.1657104492188,339.077392578125,525.1648559570312,345.1160583496094,534.1657104492188,339.077392578125,SIFT:gradient,17.83255386352539,0.053524670575804775,ROBUST_MODEL_INLIER,FIT,0.03806189242631286,SYNTHETIC_SOURCE,SYNTHETIC_TARGET
831,209.46446228027344,39.071781158447266,218.4771728515625,33.10835266113281,209.46446228027344,39.071781158447266,218.4771728515625,33.10835266113281,SIFT:gradient,19.183326721191406,0.05360269644226388,ROBUST_MODEL_INLIER,FIT,0.03924529567169081,SYNTHETIC_SOURCE,SYNTHETIC_TARGET
832,616.9193725585938,165.9924774169922,625.9429931640625,160.0670623779297,616.9193725585938,165.9924774169922,625.9429931640625,160.0670623779297,SIFT:gradient,21.23676109313965,0.05365779200781435,ROBUST_MODEL_INLIER,FIT,0.07877234839091596,SYNTHETIC_SOURCE,SYNTHETIC_TARGET
833,292.09014892578125,444.69342041015625,301.12640380859375,438.6844177246094,292.09014892578125,444.69342041015625,301.12640380859375,438.6844177246094,SIFT:gradient,17.916473388671875,0.053692696113462654,ROBUST_MODEL_INLIER,FIT,0.037064902108751574,SYNTHETIC_SOURCE,SYNTHETIC_TARGET
834,354.90771484375,405.36285400390625,363.9256896972656,399.4082946777344,354.90771484375,405.36285400390625,363.9256896972656,399.4082946777344,SIFT:gradient,11.224971771240234,0.053756633718758384,ROBUST_MODEL_INLIER,FIT,0.04937945009349583,SYNTHETIC_SOURCE,SYNTHETIC_TARGET
835,359.9314270019531,393.31036376953125,368.9333190917969,387.3277282714844,359.9314270019531,393.31036376953125,368.9333190917969,387.3277282714844,SIFT:gradient,17.435596466064453,0.053770818406265894,ROBUST_MODEL_INLIER,FIT,0.01805882681552437,SYNTHETIC_SOURCE,SYNTHETIC_TARGET
836,407.6380310058594,41.8047981262207,416.64410400390625,35.856773376464844,407.6380310058594,41.8047981262207,416.64410400390625,35.856773376464844,SIFT:gradient,20.976177215576172,0.05381621529825423,ROBUST_MODEL_INLIER,HELD_OUT,0.05291783039566904,SYNTHETIC_SOURCE,SYNTHETIC_TARGET
837,269.9112548828125,524.4772338867188,278.9260559082031,518.457275390625,269.9112548828125,524.4772338867188,278.9260559082031,518.457275390625,SIFT:gradient,18.330303192138672,0.05382032088216072,ROBUST_MODEL_INLIER,FIT,0.024267826808215553,SYNTHETIC_SOURCE,SYNTHETIC_TARGET
838,327.0021057128906,213.84315490722656,336.02984619140625,207.90428161621094,327.0021057128906,213.84315490722656,336.02984619140625,207.90428161621094,SIFT:gradient,23.895606994628906,0.05383245477004384,ROBUST_MODEL_INLIER,FIT,0.06762067992933428,SYNTHETIC_SOURCE,SYNTHETIC_TARGET
839,276.9941711425781,284.1634216308594,285.93994140625,278.09442138671875,276.9941711425781,284.1634216308594,285.93994140625,278.09442138671875,SIFT:gradient,13.82027530670166,0.05409410152036149,ROBUST_MODEL_INLIER,FIT,0.08737628164599773,SYNTHETIC_SOURCE,SYNTHETIC_TARGET
840,545.5487060546875,357.0749816894531,554.5253295898438,350.9957275390625,545.5487060546875,357.0749816894531,554.5253295898438,350.9957275390625,SIFT:gradient,10.198039054870605,0.05412252308435336,ROBUST_MODEL_INLIER,HELD_OUT,0.08208814419083668,SYNTHETIC_SOURCE,SYNTHETIC_TARGET
841,44.353511810302734,260.9189453125,53.35762405395508,254.9296112060547,44.353511810302734,260.9189453125,53.35762405395508,254.9296112060547,SIFT:gradient,16.278820037841797,0.0541719234084221,ROBUST_MODEL_INLIER,FIT,0.011951258414669454,SYNTHETIC_SOURCE,SYNTHETIC_TARGET
842,592.1897583007812,250.43296813964844,601.1104736328125,244.33645629882812,592.1897583007812,250.43296813964844,601.1104736328125,244.33645629882812,SIFT:gradient,14.899664878845215,0.05425669934892923,ROBUST_MODEL_INLIER,FIT,0.12452860418528,SYNTHETIC_SOURCE,SYNTHETIC_TARGET
843,129.10269165039062,488.9100341796875,138.08775329589844,482.860595703125,129.10269165039062,488.9100341796875,138.08775329589844,482.860595703125,SIFT:gradient,21.118711471557617,0.05427432461981115,ROBUST_MODEL_INLIER,HELD_OUT,0.05110696951509639,SYNTHETIC_SOURCE,SYNTHETIC_TARGET
844,464.4317626953125,392.9984130859375,473.40911865234375,387.0106201171875,464.4317626953125,392.9984130859375,473.40911865234375,387.0106201171875,SIFT:gradient,21.071308135986328,0.054289108441465006,ROBUST_MODEL_INLIER,FIT,0.02615285224790556,SYNTHETIC_SOURCE,SYNTHETIC_TARGET
845,46.87623977661133,368.82568359375,55.873050689697266,362.8624267578125,46.87623977661133,368.82568359375,55.873050689697266,362.8624267578125,SIFT:gradient,13.114876747131348,0.05436711788286828,ROBUST_MODEL_INLIER,FIT,0.03750269217066159,SYNTHETIC_SOURCE,SYNTHETIC_TARGET
846,192.96629333496094,24.716411590576172,201.9039764404297,18.67937660217285,192.96629333496094,24.716411590576172,201.9039764404297,18.67937660217285,SIFT:gradient,24.041629791259766,0.05437932985809189,ROBUST_MODEL_INLIER,FIT,0.07231314128872147,SYNTHETIC_SOURCE,SYNTHETIC_TARGET
847,350.3805847167969,53.9150276184082,359.3398742675781,47.91636276245117,350.3805847167969,53.9150276184082,359.3398742675781,47.91636276245117,SIFT:gradient,16.093477249145508,0.05438351406821897,ROBUST_MODEL_INLIER,FIT,0.040909323569976765,SYNTHETIC_SOURCE,SYNTHETIC_TARGET
848,356.31744384765625,577.3119506835938,365.2972717285156,571.2606811523438,356.31744384765625,577.3119506835938,365.2972717285156,571.2606811523438,SIFT:gradient,25.119712829589844,0.0544485108998527,ROBUST_MODEL_INLIER,FIT,0.05458430362765981,SYNTHETIC_SOURCE,SYNTHETIC_TARGET
849,287.6458740234375,348.33172607421875,296.630615234375,342.35345458984375,287.6458740234375,348.33172607421875,296.630615234375,342.35345458984375,SIFT:gradient,23.34523582458496,0.05449543225313209,ROBUST_MODEL_INLIER,FIT,0.027139188027869892,SYNTHETIC_SOURCE,SYNTHETIC_TARGET
850,283.7022705078125,275.6550598144531,292.6649169921875,269.6307678222656,283.7022705078125,275.6550598144531,292.6649169921875,269.6307678222656,SIFT:gradient,15.033296585083008,0.05457315934938202,ROBUST_MODEL_INLIER,FIT,0.044356824769323025,SYNTHETIC_SOURCE,SYNTHETIC_TARGET
851,188.40093994140625,268.3578796386719,197.3446502685547,262.35845947265625,188.40093994140625,268.3578796386719,197.3446502685547,262.35845947265625,SIFT:gradient,21.63330841064453,0.05457929501512156,ROBUST_MODEL_INLIER,FIT,0.05645480793807619,SYNTHETIC_SOURCE,SYNTHETIC_TARGET
852,132.4925079345703,492.0018005371094,141.49267578125,486.0179138183594,132.4925079345703,492.0018005371094,141.49267578125,486.0179138183594,SIFT:gradient,21.840330123901367,0.05458496272102323,ROBUST_MODEL_INLIER,HELD_OUT,0.016723639773624947,SYNTHETIC_SOURCE,SYNTHETIC_TARGET
853,258.8331298828125,526.8538818359375,267.8276672363281,520.88134765625,258.8331298828125,526.8538818359375,267.8276672363281,520.88134765625,SIFT:gradient,17.291616439819336,0.05470989652260411,ROBUST_MODEL_INLIER,FIT,0.028632189651521985,SYNTHETIC_SOURCE,SYNTHETIC_TARGET
854,541.2801513671875,371.8230895996094,550.3302001953125,365.8226013183594,541.2801513671875,371.8230895996094,550.3302001953125,365.8226013183594,SIFT:gradient,16.462078094482422,0.05474327876116029,ROBUST_MODEL_INLIER,FIT,0.049896389555634746,SYNTHETIC_SOURCE,SYNTHETIC_TARGET
855,69.81932067871094,460.6151428222656,78.795654296875,454.6391296386719,69.81932067871094,460.6151428222656,78.795654296875,454.6391296386719,SIFT:gradient,18.055469512939453,0.05477569791050414,ROBUST_MODEL_INLIER,FIT,0.034239801268666874,SYNTHETIC_SOURCE,SYNTHETIC_TARGET
856,81.55660247802734,471.61083984375,90.59465789794922,465.6294250488281,81.55660247802734,471.61083984375,90.59465789794922,465.6294250488281,SIFT:gradient,16.733200073242188,0.05481671393737872,ROBUST_MODEL_INLIER,FIT,0.04248639865571797,SYNTHETIC_SOURCE,SYNTHETIC_TARGET
857,538.5654907226562,341.0086364746094,547.5174560546875,335.0220947265625,538.5654907226562,341.0086364746094,547.5174560546875,335.0220947265625,SIFT:gradient,15.968719482421875,0.05484327737169665,ROBUST_MODEL_INLIER,FIT,0.05019897640526873,SYNTHETIC_SOURCE,SYNTHETIC_TARGET
858,133.03663635253906,210.5611572265625,142.03773498535156,204.4639434814453,133.03663635253906,210.5611572265625,142.03773498535156,204.4639434814453,SIFT:gradient,17.17556381225586,0.054871764135471846,ROBUST_MODEL_INLIER,FIT,0.0966080257912149,SYNTHETIC_SOURCE,SYNTHETIC_TARGET
859,501.4397888183594,37.38194274902344,510.4268493652344,31.36269187927246,501.4397888183594,37.38194274902344,510.4268493652344,31.36269187927246,SIFT:gradient,16.0623779296875,0.054994280441030864,ROBUST_MODEL_INLIER,FIT,0.022778728153471012,SYNTHETIC_SOURCE,SYNTHETIC_TARGET
860,570.800537109375,249.36097717285156,579.798095703125,243.38185119628906,570.800537109375,249.36097717285156,579.798095703125,243.38185119628906,SIFT:gradient,15.68438720703125,0.05500213503479732,ROBUST_MODEL_INLIER,FIT,0.02164040606694389,SYNTHETIC_SOURCE,SYNTHETIC_TARGET
861,523.5241088867188,322.94305419921875,532.51953125,316.9447937011719,523.5241088867188,322.94305419921875,532.51953125,316.9447937011719,SIFT:gradient,14.0,0.055007804779081224,ROBUST_MODEL_INLIER,FIT,0.005281745582667916,SYNTHETIC_SOURCE,SYNTHETIC_TARGET
862,182.48707580566406,410.284423828125,191.38931274414062,404.2701110839844,182.48707580566406,410.284423828125,191.38931274414062,404.2701110839844,SIFT:gradient,23.452077865600586,0.05505061131950798,ROBUST_MODEL_INLIER,HELD_OUT,0.09886976263015226,SYNTHETIC_SOURCE,SYNTHETIC_TARGET
863,308.47979736328125,168.04306030273438,317.4580078125,162.0554656982422,308.47979736328125,168.04306030273438,317.4580078125,162.0554656982422,SIFT:gradient,15.066518783569336,0.05509675278259982,ROBUST_MODEL_INLIER,FIT,0.02551209754791128,SYNTHETIC_SOURCE,SYNTHETIC_TARGET
864,244.39083862304688,204.6087646484375,253.4292449951172,198.5420684814453,244.39083862304688,204.6087646484375,253.4292449951172,198.5420684814453,SIFT:gradient,16.5227108001709,0.055099585656176855,ROBUST_MODEL_INLIER,FIT,0.07635893533223752,SYNTHETIC_SOURCE,SYNTHETIC_TARGET
865,303.3988342285156,187.7638702392578,312.39874267578125,181.751953125,303.3988342285156,187.7638702392578,312.39874267578125,181.751953125,SIFT:gradient,17.0,0.05511961237689871,ROBUST_MODEL_INLIER,HELD_OUT,0.011309398184381245,SYNTHETIC_SOURCE,SYNTHETIC_TARGET
866,608.1337280273438,297.8180847167969,617.1361083984375,291.8288269042969,608.1337280273438,297.8180847167969,617.1361083984375,291.8288269042969,SIFT:gradient,24.413110733032227,0.055168371987525666,ROBUST_MODEL_INLIER,FIT,0.011569060513529794,SYNTHETIC_SOURCE,SYNTHETIC_TARGET
867,254.8332977294922,475.0184326171875,263.86248779296875,469.02117919921875,254.8332977294922,475.0184326171875,263.86248779296875,469.02117919921875,SIFT:gradient,17.52141571044922,0.055188367434175524,ROBUST_MODEL_INLIER,FIT,0.02923087394445749,SYNTHETIC_SOURCE,SYNTHETIC_TARGET
868,199.55943298339844,398.2213134765625,208.5558624267578,392.17926025390625,199.55943298339844,398.2213134765625,208.5558624267578,392.17926025390625,SIFT:gradient,17.6068172454834,0.05528240668210327,ROBUST_MODEL_INLIER,FIT,0.04160977492962148,SYNTHETIC_SOURCE,SYNTHETIC_TARGET
869,137.19081115722656,558.4464111328125,146.19590759277344,552.4736938476562,137.19081115722656,558.4464111328125,146.19590759277344,552.4736938476562,SIFT:gradient,17.17556381225586,0.055323068156394706,ROBUST_MODEL_INLIER,HELD_OUT,0.028327809360973906,SYNTHETIC_SOURCE,SYNTHETIC_TARGET
870,267.16448974609375,523.0069580078125,276.1866760253906,517.0081176757812,267.16448974609375,523.0069580078125,276.1866760253906,517.0081176757812,SIFT:gradient,15.905973434448242,0.055356696780719555,ROBUST_MODEL_INLIER,HELD_OUT,0.022104672042960998,SYNTHETIC_SOURCE,SYNTHETIC_TARGET
871,240.95774841308594,375.2433166503906,249.89024353027344,369.2327880859375,240.95774841308594,375.2433166503906,249.89024353027344,369.2327880859375,SIFT:gradient,19.157243728637695,0.05539228245358479,ROBUST_MODEL_INLIER,FIT,0.06838058415140937,SYNTHETIC_SOURCE,SYNTHETIC_TARGET
872,337.96478271484375,186.68515014648438,347.0054626464844,180.71971130371094,337.96478271484375,186.68515014648438,347.0054626464844,180.71971130371094,SIFT:gradient,17.029386520385742,0.055500354772485605,ROBUST_MODEL_INLIER,FIT,0.05366097857782473,SYNTHETIC_SOURCE,SYNTHETIC_TARGET
873,243.486328125,140.868896484375,252.548583984375,134.8458251953125,243.486328125,140.868896484375,252.548583984375,134.8458251953125,SIFT:gradient,16.5831241607666,0.055590506625336635,ROBUST_MODEL_INLIER,FIT,0.06604021534217534,SYNTHETIC_SOURCE,SYNTHETIC_TARGET
874,571.3386840820312,257.15814208984375,580.336181640625,251.1836700439453,571.3386840820312,257.15814208984375,580.336181640625,251.1836700439453,SIFT:gradient,21.02379608154297,0.05561753376916731,ROBUST_MODEL_INLIER,HELD_OUT,0.026272803496300623,SYNTHETIC_SOURCE,SYNTHETIC_TARGET
875,449.521484375,438.4115905761719,458.5256652832031,432.40625,449.521484375,438.4115905761719,458.5256652832031,432.40625,SIFT:gradient,24.95996856689453,0.05573643789093669,ROBUST_MODEL_INLIER,FIT,0.006213082117213402,SYNTHETIC_SOURCE,SYNTHETIC_TARGET
876,198.41192626953125,103.41803741455078,207.34645080566406,97.4365463256836,198.41192626953125,103.41803741455078,207.34645080566406,97.4365463256836,SIFT:gradient,17.8885440826416,0.05574134586353554,ROBUST_MODEL_INLIER,FIT,0.06835632658019654,SYNTHETIC_SOURCE,SYNTHETIC_TARGET
877,343.5728454589844,46.20038986206055,352.5802917480469,40.21168518066406,343.5728454589844,46.20038986206055,352.5802917480469,40.21168518066406,SIFT:gradient,12.165525436401367,0.055741862657197,ROBUST_MODEL_INLIER,FIT,0.013962201075996767,SYNTHETIC_SOURCE,SYNTHETIC_TARGET
878,424.3000793457031,269.7366943359375,433.3172912597656,263.7244873046875,424.3000793457031,269.7366943359375,433.3172912597656,263.7244873046875,SIFT:gradient,16.401220321655273,0.05575132465561755,ROBUST_MODEL_INLIER,FIT,0.020627738344590626,SYNTHETIC_SOURCE,SYNTHETIC_TARGET
879,301.3856506347656,352.2312927246094,310.4132385253906,346.1841735839844,301.3856506347656,352.2312927246094,310.4132385253906,346.1841735839844,SIFT:gradient,13.076696395874023,0.05578509014233233,ROBUST_MODEL_INLIER,FIT,0.053997808253547885,SYNTHETIC_SOURCE,SYNTHETIC_TARGET
880,307.21728515625,527.9893798828125,316.1929931640625,521.9877319335938,307.21728515625,527.9893798828125,316.1929931640625,521.9877319335938,SIFT:gradient,20.808652877807617,0.05579308868448981,ROBUST_MODEL_INLIER,FIT,0.024466591591231525,SYNTHETIC_SOURCE,SYNTHETIC_TARGET
881,515.68115234375,61.2798957824707,524.6679077148438,55.29206085205078,515.68115234375,61.2798957824707,524.6679077148438,55.29206085205078,SIFT:gradient,19.078784942626953,0.055802382769439496,ROBUST_MODEL_INLIER,HELD_OUT,0.018512071825506238,SYNTHETIC_SOURCE,SYNTHETIC_TARGET
882,58.99565505981445,591.7264404296875,68.00434112548828,585.7176513671875,58.99565505981445,591.7264404296875,68.00434112548828,585.7176513671875,SIFT:gradient,13.416407585144043,0.055804417049974235,ROBUST_MODEL_INLIER,FIT,0.01181996428402402,SYNTHETIC_SOURCE,SYNTHETIC_TARGET
883,86.20956420898438,480.3421325683594,95.22372436523438,474.41717529296875,86.20956420898438,480.3421325683594,95.22372436523438,474.41717529296875,SIFT:gradient,14.491376876831055,0.05598173011708037,ROBUST_MODEL_INLIER,FIT,0.07693893621314299,SYNTHETIC_SOURCE,SYNTHETIC_TARGET
884,212.48971557617188,128.0045166015625,221.50088500976562,121.99427032470703,212.48971557617188,128.0045166015625,221.50088500976562,121.99427032470703,SIFT:gradient,22.56102752685547,0.05598959260302163,ROBUST_MODEL_INLIER,FIT,0.014636322813402916,SYNTHETIC_SOURCE,SYNTHETIC_TARGET
885,297.4009094238281,351.71343994140625,306.4397277832031,345.6698913574219,297.4009094238281,351.71343994140625,306.4397277832031,345.6698913574219,SIFT:gradient,15.0,0.05599276486718293,ROBUST_MODEL_INLIER,FIT,0.05778177643510854,SYNTHETIC_SOURCE,SYNTHETIC_TARGET
886,277.19537353515625,516.0288696289062,286.220947265625,510.0748291015625,277.19537353515625,516.0288696289062,286.220947265625,510.0748291015625,SIFT:gradient,16.970561981201172,0.05599534298006783,ROBUST_MODEL_INLIER,HELD_OUT,0.05305641354014266,SYNTHETIC_SOURCE,SYNTHETIC_TARGET
887,480.0655517578125,460.7188720703125,488.9731140136719,454.5660095214844,480.0655517578125,460.7188720703125,488.9731140136719,454.5660095214844,SIFT:gradient,22.538854598999023,0.05599979099213641,ROBUST_MODEL_INLIER,FIT,0.1781956822088232,SYNTHETIC_SOURCE,SYNTHETIC_TARGET
888,173.952392578125,134.13015747070312,182.91168212890625,128.14593505859375,173.952392578125,134.13015747070312,182.91168212890625,128.14593505859375,SIFT:gradient,27.147743225097656,0.05600199549983248,ROBUST_MODEL_INLIER,FIT,0.044026723263507234,SYNTHETIC_SOURCE,SYNTHETIC_TARGET
889,301.38818359375,348.18572998046875,310.36175537109375,342.21728515625,301.38818359375,348.18572998046875,310.36175537109375,342.21728515625,SIFT:gradient,16.822603225708008,0.05601313955235869,ROBUST_MODEL_INLIER,FIT,0.041727217000782475,SYNTHETIC_SOURCE,SYNTHETIC_TARGET
890,437.4949951171875,357.7904968261719,446.492919921875,351.8224182128906,437.4949951171875,357.7904968261719,446.492919921875,351.8224182128906,SIFT:gradient,17.262676239013672,0.05605385392967714,ROBUST_MODEL_INLIER,HELD_OUT,0.03260792869226552,SYNTHETIC_SOURCE,SYNTHETIC_TARGET
891,175.5205535888672,242.79136657714844,184.54920959472656,236.8559112548828,175.5205535888672,242.79136657714844,184.54920959472656,236.8559112548828,SIFT:gradient,21.702533721923828,0.05609613269997129,ROBUST_MODEL_INLIER,FIT,0.07111696477337809,SYNTHETIC_SOURCE,SYNTHETIC_TARGET
892,255.60165405273438,107.17034149169922,264.55218505859375,101.21141052246094,255.60165405273438,107.17034149169922,264.55218505859375,101.21141052246094,SIFT:gradient,16.970561981201172,0.0561702104986287,ROBUST_MODEL_INLIER,HELD_OUT,0.06480333567195805,SYNTHETIC_SOURCE,SYNTHETIC_TARGET
893,206.3336181640625,123.48387908935547,215.30503845214844,117.46741485595703,206.3336181640625,123.48387908935547,215.30503845214844,117.46741485595703,SIFT:gradient,17.804492950439453,0.05626141238494797,ROBUST_MODEL_INLIER,FIT,0.03281601166099126,SYNTHETIC_SOURCE,SYNTHETIC_TARGET
894,563.4607543945312,42.42469024658203,572.4474487304688,36.409820556640625,563.4607543945312,42.42469024658203,572.4474487304688,36.409820556640625,SIFT:gradient,22.135944366455078,0.056270754841251214,ROBUST_MODEL_INLIER,FIT,0.019607480119534525,SYNTHETIC_SOURCE,SYNTHETIC_TARGET
895,312.4845886230469,450.0653076171875,321.48699951171875,444.0591735839844,312.4845886230469,450.0653076171875,321.48699951171875,444.0591735839844,SIFT:gradient,21.79449462890625,0.05634945464286376,ROBUST_MODEL_INLIER,HELD_OUT,0.005967493718938634,SYNTHETIC_SOURCE,SYNTHETIC_TARGET
896,492.5042724609375,303.5025634765625,501.4548645019531,297.5361328125,492.5042724609375,303.5025634765625,501.4548645019531,297.5361328125,SIFT:gradient,20.02498435974121,0.05645478807128883,ROBUST_MODEL_INLIER,FIT,0.06020381087727528,SYNTHETIC_SOURCE,SYNTHETIC_TARGET
897,34.8018798828125,488.8146667480469,43.77980422973633,482.82916259765625,34.8018798828125,488.8146667480469,43.77980422973633,482.82916259765625,SIFT:gradient,23.66431999206543,0.05648887021303441,ROBUST_MODEL_INLIER,HELD_OUT,0.02687549088524979,SYNTHETIC_SOURCE,SYNTHETIC_TARGET
898,342.1884765625,184.27322387695312,351.2118225097656,178.2835235595703,342.1884765625,184.27322387695312,351.2118225097656,178.2835235595703,SIFT:gradient,13.964240074157715,0.05649974141237185,ROBUST_MODEL_INLIER,HELD_OUT,0.02563124587100381,SYNTHETIC_SOURCE,SYNTHETIC_TARGET
899,249.54872131347656,58.22260665893555,258.5213928222656,52.247703552246094,249.54872131347656,58.22260665893555,258.5213928222656,52.247703552246094,SIFT:gradient,21.354156494140625,0.056527499408254384,ROBUST_MODEL_INLIER,FIT,0.037630734081985834,SYNTHETIC_SOURCE,SYNTHETIC_TARGET
900,514.3724975585938,430.6692199707031,523.3516845703125,424.6852111816406,514.3724975585938,430.6692199707031,523.3516845703125,424.6852111816406,SIFT:gradient,23.55843734741211,0.05653635861828748,ROBUST_MODEL_INLIER,FIT,0.02674261134706368,SYNTHETIC_SOURCE,SYNTHETIC_TARGET
901,255.78750610351562,120.39591217041016,264.816650390625,114.42916107177734,255.78750610351562,120.39591217041016,264.816650390625,114.42916107177734,SIFT:gradient,11.661903381347656,0.05654858620118147,ROBUST_MODEL_INLIER,FIT,0.044575415113569286,SYNTHETIC_SOURCE,SYNTHETIC_TARGET
902,442.2881164550781,352.5762634277344,451.33465576171875,346.52532958984375,442.2881164550781,352.5762634277344,451.33465576171875,346.52532958984375,SIFT:gradient,16.031219482421875,0.056597268498262306,ROBUST_MODEL_INLIER,FIT,0.06844107650094777,SYNTHETIC_SOURCE,SYNTHETIC_TARGET
903,201.59068298339844,120.01139068603516,210.6547088623047,114.0200424194336,201.59068298339844,120.01139068603516,210.6547088623047,114.0200424194336,SIFT:gradient,21.494184494018555,0.056770618097386975,ROBUST_MODEL_INLIER,FIT,0.06454133189662532,SYNTHETIC_SOURCE,SYNTHETIC_TARGET
904,263.2890930175781,518.4526977539062,272.3579406738281,512.425537109375,263.2890930175781,518.4526977539062,272.3579406738281,512.425537109375,SIFT:gradient,21.283796310424805,0.05678466030161776,ROBUST_MODEL_INLIER,FIT,0.07364733853728633,SYNTHETIC_SOURCE,SYNTHETIC_TARGET
905,171.97361755371094,136.78347778320312,180.96881103515625,130.779541015625,171.97361755371094,136.78347778320312,180.96881103515625,130.779541015625,SIFT:gradient,20.29778289794922,0.0568389216326615,ROBUST_MODEL_INLIER,FIT,0.005971413588502012,SYNTHETIC_SOURCE,SYNTHETIC_TARGET
906,354.81048583984375,484.80303955078125,363.8243103027344,478.82586669921875,354.81048583984375,484.80303955078125,363.8243103027344,478.82586669921875,SIFT:gradient,20.02498435974121,0.05686048421541725,ROBUST_MODEL_INLIER,FIT,0.02713367966689415,SYNTHETIC_SOURCE,SYNTHETIC_TARGET
907,183.86370849609375,429.9404602050781,192.80886840820312,423.97021484375,183.86370849609375,429.9404602050781,192.80886840820312,423.97021484375,SIFT:gradient,17.0,0.056885780852455464,ROBUST_MODEL_INLIER,FIT,0.06281900207353958,SYNTHETIC_SOURCE,SYNTHETIC_TARGET
908,291.1529541015625,353.3108215332031,300.1576843261719,347.3045959472656,291.1529541015625,353.3108215332031,300.1576843261719,347.3045959472656,SIFT:gradient,17.72004508972168,0.05688947954468856,ROBUST_MODEL_INLIER,FIT,0.00724469564681843,SYNTHETIC_SOURCE,SYNTHETIC_TARGET
909,557.8971557617188,200.27528381347656,566.8941040039062,194.2761993408203,557.8971557617188,200.27528381347656,566.8941040039062,194.2761993408203,SIFT:gradient,19.46792221069336,0.056914018574355414,ROBUST_MODEL_INLIER,FIT,0.0035491038054238913,SYNTHETIC_SOURCE,SYNTHETIC_TARGET
910,557.9127197265625,221.6815185546875,566.9541625976562,215.6859893798828,557.9127197265625,221.6815185546875,566.9541625976562,215.6859893798828,SIFT:gradient,22.516660690307617,0.05695512733670498,ROBUST_MODEL_INLIER,HELD_OUT,0.04160175289862676,SYNTHETIC_SOURCE,SYNTHETIC_TARGET
911,121.30754089355469,474.4707946777344,130.361328125,468.4740295410156,121.30754089355469,474.4707946777344,130.361328125,468.4740295410156,SIFT:gradient,18.84144401550293,0.05696205925767509,ROBUST_MODEL_INLIER,HELD_OUT,0.05377230389738733,SYNTHETIC_SOURCE,SYNTHETIC_TARGET
912,425.1643981933594,255.89695739746094,434.1609802246094,249.89569091796875,425.1643981933594,255.89695739746094,434.1609802246094,249.89569091796875,SIFT:gradient,13.67479419708252,0.05697435356813454,ROBUST_MODEL_INLIER,FIT,0.0036303413867055656,SYNTHETIC_SOURCE,SYNTHETIC_TARGET
913,216.1062469482422,158.42935180664062,225.1591796875,152.39288330078125,216.1062469482422,158.42935180664062,225.1591796875,152.39288330078125,SIFT:gradient,22.360679626464844,0.056979179027978256,ROBUST_MODEL_INLIER,FIT,0.06380871106613673,SYNTHETIC_SOURCE,SYNTHETIC_TARGET
914,449.3825378417969,483.02496337890625,458.47137451171875,476.9432678222656,449.3825378417969,483.02496337890625,458.47137451171875,476.9432678222656,SIFT:gradient,17.83255386352539,0.057015225015321316,ROBUST_MODEL_INLIER,HELD_OUT,0.12016520664604655,SYNTHETIC_SOURCE,SYNTHETIC_TARGET
915,328.1812438964844,66.87533569335938,337.165283203125,60.86471939086914,328.1812438964844,66.87533569335938,337.165283203125,60.86471939086914,SIFT:gradient,21.954498291015625,0.057063950841263054,ROBUST_MODEL_INLIER,HELD_OUT,0.01896725827867143,SYNTHETIC_SOURCE,SYNTHETIC_TARGET
916,253.18507385253906,532.0083618164062,262.19580078125,525.9932861328125,253.18507385253906,532.0083618164062,262.19580078125,525.9932861328125,SIFT:gradient,22.158519744873047,0.05708873433518143,ROBUST_MODEL_INLIER,FIT,0.017918217393436058,SYNTHETIC_SOURCE,SYNTHETIC_TARGET
917,545.0398559570312,49.90180969238281,554.0655517578125,43.88706588745117,545.0398559570312,49.90180969238281,554.0655517578125,43.88706588745117,SIFT:gradient,22.44994354248047,0.057091093556660547,ROBUST_MODEL_INLIER,HELD_OUT,0.029192639978485393,SYNTHETIC_SOURCE,SYNTHETIC_TARGET
918,109.20849609375,510.43341064453125,118.17898559570312,504.4332580566406,109.20849609375,510.43341064453125,118.17898559570312,504.4332580566406,SIFT:gradient,15.033296585083008,0.05712408188668047,ROBUST_MODEL_INLIER,FIT,0.02966661785432911,SYNTHETIC_SOURCE,SYNTHETIC_TARGET
919,361.0827331542969,252.4706573486328,370.0686340332031,246.4623565673828,361.0827331542969,252.4706573486328,370.0686340332031,246.4623565673828,SIFT:gradient,24.919872283935547,0.05720127733914228,ROBUST_MODEL_INLIER,FIT,0.016194255702368553,SYNTHETIC_SOURCE,SYNTHETIC_TARGET
920,562.1449584960938,28.42428970336914,571.1235961914062,22.449365615844727,562.1449584960938,28.42428970336914,571.1235961914062,22.449365615844727,SIFT:gradient,15.842979431152344,0.05721649939024424,ROBUST_MODEL_INLIER,HELD_OUT,0.03350633914474282,SYNTHETIC_SOURCE,SYNTHETIC_TARGET
921,93.20855712890625,511.42279052734375,102.20547485351562,505.4466247558594,93.20855712890625,511.42279052734375,102.20547485351562,505.4466247558594,SIFT:gradient,18.65475845336914,0.057381061181301714,ROBUST_MODEL_INLIER,FIT,0.02465769323445008,SYNTHETIC_SOURCE,SYNTHETIC_TARGET
922,407.0869140625,226.3722686767578,416.09832763671875,220.35806274414062,407.0869140625,226.3722686767578,416.09832763671875,220.35806274414062,SIFT:gradient,23.579652786254883,0.05741136569710967,ROBUST_MODEL_INLIER,HELD_OUT,0.01765360125574371,SYNTHETIC_SOURCE,SYNTHETIC_TARGET
923,256.1569519042969,133.26634216308594,265.1488952636719,127.26589965820312,256.1569519042969,133.26634216308594,265.1488952636719,127.26589965820312,SIFT:gradient,12.449899673461914,0.057433213868018924,ROBUST_MODEL_INLIER,FIT,0.008210944241050037,SYNTHETIC_SOURCE,SYNTHETIC_TARGET
924,269.8718566894531,498.369384765625,278.8605041503906,492.3546447753906,269.8718566894531,498.369384765625,278.8605041503906,492.3546447753906,SIFT:gradient,10.770329475402832,0.05745667311907958,ROBUST_MODEL_INLIER,FIT,0.01822126875948184,SYNTHETIC_SOURCE,SYNTHETIC_TARGET
925,170.72325134277344,64.62619018554688,179.72926330566406,58.63473892211914,170.72325134277344,64.62619018554688,179.72926330566406,58.63473892211914,SIFT:gradient,22.068077087402344,0.05755997326756143,ROBUST_MODEL_INLIER,FIT,0.010872955938981334,SYNTHETIC_SOURCE,SYNTHETIC_TARGET
926,451.5653991699219,276.08612060546875,460.5475158691406,270.0715637207031,451.5653991699219,276.08612060546875,460.5475158691406,270.0715637207031,SIFT:gradient,27.073972702026367,0.05756551114084396,ROBUST_MODEL_INLIER,FIT,0.022799102363254064,SYNTHETIC_SOURCE,SYNTHETIC_TARGET
927,145.39109802246094,26.349576950073242,154.41494750976562,20.35875129699707,145.39109802246094,26.349576950073242,154.41494750976562,20.35875129699707,SIFT:gradient,21.63330841064453,0.05756899945231182,ROBUST_MODEL_INLIER,HELD_OUT,0.02563753822636931,SYNTHETIC_SOURCE,SYNTHETIC_TARGET
928,35.50197982788086,375.1129150390625,44.42314147949219,369.1402587890625,35.50197982788086,375.1129150390625,44.42314147949219,369.1402587890625,SIFT:gradient,18.384777069091797,0.05757992967482756,ROBUST_MODEL_INLIER,FIT,0.08379140653101906,SYNTHETIC_SOURCE,SYNTHETIC_TARGET
929,574.1636962890625,168.46401977539062,583.1381225585938,162.50750732421875,574.1636962890625,168.46401977539062,583.1381225585938,162.50750732421875,SIFT:gradient,25.690465927124023,0.057643249597457695,ROBUST_MODEL_INLIER,HELD_OUT,0.051053582393299296,SYNTHETIC_SOURCE,SYNTHETIC_TARGET
930,154.9169921875,523.9309692382812,163.89447021484375,517.94287109375,154.9169921875,523.9309692382812,163.89447021484375,517.94287109375,SIFT:gradient,17.57839584350586,0.05769769268879326,ROBUST_MODEL_INLIER,HELD_OUT,0.025897703002134422,SYNTHETIC_SOURCE,SYNTHETIC_TARGET
931,577.487060546875,231.6405792236328,586.5366821289062,225.62481689453125,577.487060546875,231.6405792236328,586.5366821289062,225.62481689453125,SIFT:gradient,17.20465087890625,0.0577311264452187,ROBUST_MODEL_INLIER,FIT,0.051737450697047736,SYNTHETIC_SOURCE,SYNTHETIC_TARGET
932,346.55364990234375,559.1705322265625,355.5348815917969,553.1472778320312,346.55364990234375,559.1705322265625,355.5348815917969,553.1472778320312,SIFT:gradient,17.916473388671875,0.057738326588030915,ROBUST_MODEL_INLIER,HELD_OUT,0.0295085255418292,SYNTHETIC_SOURCE,SYNTHETIC_TARGET
933,347.3161315917969,424.5729064941406,356.2693176269531,418.6208190917969,347.3161315917969,424.5729064941406,356.2693176269531,418.6208190917969,SIFT:gradient,12.165525436401367,0.057745432976378894,ROBUST_MODEL_INLIER,FIT,0.06753024268160317,SYNTHETIC_SOURCE,SYNTHETIC_TARGET
934,495.56201171875,445.4062805175781,504.5489807128906,439.3796691894531,495.56201171875,445.4062805175781,504.5489807128906,439.3796691894531,SIFT:gradient,20.2237491607666,0.05784521195552314,ROBUST_MODEL_INLIER,FIT,0.029152322829728565,SYNTHETIC_SOURCE,SYNTHETIC_TARGET
935,295.2848815917969,183.40762329101562,304.29144287109375,177.41168212890625,295.2848815917969,183.40762329101562,304.29144287109375,177.41168212890625,SIFT:gradient,18.027755737304688,0.057855310575394114,ROBUST_MODEL_INLIER,FIT,0.00792922793780809,SYNTHETIC_SOURCE,SYNTHETIC_TARGET
936,421.135986328125,88.69371795654297,430.05169677734375,82.68878936767578,421.135986328125,88.69371795654297,430.05169677734375,82.68878936767578,SIFT:gradient,21.3775577545166,0.05790740141107272,ROBUST_MODEL_INLIER,FIT,0.08455248048933728,SYNTHETIC_SOURCE,SYNTHETIC_TARGET
937,578.4133911132812,280.0135192871094,587.4468994140625,274.0853271484375,578.4133911132812,280.0135192871094,587.4468994140625,274.0853271484375,SIFT:gradient,14.352700233459473,0.05794354986006903,ROBUST_MODEL_INLIER,FIT,0.07973080421464274,SYNTHETIC_SOURCE,SYNTHETIC_TARGET
938,476.8746337890625,342.0173645019531,485.8789367675781,336.0281677246094,476.8746337890625,342.0173645019531,485.8789367675781,336.0281677246094,SIFT:gradient,17.37814712524414,0.05798194572895062,ROBUST_MODEL_INLIER,FIT,0.012144769194472268,SYNTHETIC_SOURCE,SYNTHETIC_TARGET
939,467.8792724609375,345.9675598144531,476.8378601074219,339.9559631347656,467.8792724609375,345.9675598144531,476.8378601074219,339.9559631347656,SIFT:gradient,23.021728515625,0.05799365847152174,ROBUST_MODEL_INLIER,FIT,0.04299236862252604,SYNTHETIC_SOURCE,SYNTHETIC_TARGET
940,295.43682861328125,295.1732177734375,304.39117431640625,289.2088623046875,295.43682861328125,295.1732177734375,304.39117431640625,289.2088623046875,SIFT:gradient,14.662878036499023,0.057996373304318644,ROBUST_MODEL_INLIER,FIT,0.05841820965828511,SYNTHETIC_SOURCE,SYNTHETIC_TARGET
941,539.4804077148438,345.0371398925781,548.4503784179688,339.0343017578125,539.4804077148438,345.0371398925781,548.4503784179688,339.0343017578125,SIFT:gradient,15.198683738708496,0.058055509882704734,ROBUST_MODEL_INLIER,FIT,0.030263991574238723,SYNTHETIC_SOURCE,SYNTHETIC_TARGET
942,483.6404113769531,146.61766052246094,492.5964050292969,140.6212158203125,483.6404113769531,146.61766052246094,492.5964050292969,140.6212158203125,SIFT:gradient,26.324893951416016,0.05813700340802888,ROBUST_MODEL_INLIER,FIT,0.04435497969421178,SYNTHETIC_SOURCE,SYNTHETIC_TARGET
943,109.88261413574219,466.52764892578125,118.9190902709961,460.5288391113281,109.88261413574219,466.52764892578125,118.9190902709961,460.5288391113281,SIFT:gradient,18.330303192138672,0.05813814405468697,ROBUST_MODEL_INLIER,FIT,0.036368145772568236,SYNTHETIC_SOURCE,SYNTHETIC_TARGET
944,539.4804077148438,345.0371398925781,548.4503784179688,339.0343017578125,539.4804077148438,345.0371398925781,548.4503784179688,339.0343017578125,SIFT:gradient,14.696938514709473,0.058177529160081884,ROBUST_MODEL_INLIER,HELD_OUT,0.030263991574238723,SYNTHETIC_SOURCE,SYNTHETIC_TARGET
945,424.03765869140625,470.4188232421875,433.0808410644531,464.4327087402344,424.03765869140625,470.4188232421875,433.0808410644531,464.4327087402344,SIFT:gradient,19.899747848510742,0.05817794046992916,ROBUST_MODEL_INLIER,FIT,0.045405859385002835,SYNTHETIC_SOURCE,SYNTHETIC_TARGET
946,350.5809631347656,425.9090881347656,359.5716247558594,419.9141845703125,350.5809631347656,425.9090881347656,359.5716247558594,419.9141845703125,SIFT:gradient,13.076696395874023,0.05819168623434374,ROBUST_MODEL_INLIER,FIT,0.011074559578200497,SYNTHETIC_SOURCE,SYNTHETIC_TARGET
947,205.51190185546875,349.4395751953125,214.4562225341797,343.4374694824219,205.51190185546875,349.4395751953125,214.4562225341797,343.4374694824219,SIFT:gradient,23.021728515625,0.05826866726729176,ROBUST_MODEL_INLIER,FIT,0.055851930925891226,SYNTHETIC_SOURCE,SYNTHETIC_TARGET
948,519.2603149414062,437.7711486816406,528.3077392578125,431.7688293457031,519.2603149414062,437.7711486816406,528.3077392578125,431.7688293457031,SIFT:gradient,18.466184616088867,0.058272375328065035,ROBUST_MODEL_INLIER,FIT,0.04730261033440911,SYNTHETIC_SOURCE,SYNTHETIC_TARGET
949,538.5654907226562,341.0086364746094,547.5174560546875,335.0220947265625,538.5654907226562,341.0086364746094,547.5174560546875,335.0220947265625,SIFT:gradient,16.792856216430664,0.058284287629768915,ROBUST_MODEL_INLIER,FIT,0.05019897640526873,SYNTHETIC_SOURCE,SYNTHETIC_TARGET
950,239.04185485839844,145.69046020507812,248.013671875,139.70301818847656,239.04185485839844,145.69046020507812,248.013671875,139.70301818847656,SIFT:gradient,20.736440658569336,0.05829766900846849,ROBUST_MODEL_INLIER,FIT,0.031245954072823445,SYNTHETIC_SOURCE,SYNTHETIC_TARGET
951,233.6597900390625,197.32952880859375,242.69212341308594,191.3339080810547,233.6597900390625,197.32952880859375,242.69212341308594,191.3339080810547,SIFT:gradient,18.81488800048828,0.05830970070380075,ROBUST_MODEL_INLIER,FIT,0.032565308904124984,SYNTHETIC_SOURCE,SYNTHETIC_TARGET
952,247.16062927246094,210.14794921875,256.1748962402344,204.1512451171875,247.16062927246094,210.14794921875,256.1748962402344,204.1512451171875,SIFT:gradient,15.29705810546875,0.05835682237326251,ROBUST_MODEL_INLIER,HELD_OUT,0.014644948225884658,SYNTHETIC_SOURCE,SYNTHETIC_TARGET
953,424.03765869140625,470.4188232421875,433.0808410644531,464.4327087402344,424.03765869140625,470.4188232421875,433.0808410644531,464.4327087402344,SIFT:gradient,20.074859619140625,0.058378119624502456,ROBUST_MODEL_INLIER,FIT,0.045405859385002835,SYNTHETIC_SOURCE,SYNTHETIC_TARGET
954,120.4392318725586,574.473388671875,129.43560791015625,568.4672241210938,120.4392318725586,574.473388671875,129.43560791015625,568.4672241210938,SIFT:gradient,22.405357360839844,0.058408515988541035,ROBUST_MODEL_INLIER,FIT,0.006716506612584064,SYNTHETIC_SOURCE,SYNTHETIC_TARGET
955,399.60491943359375,518.0694580078125,408.6119384765625,512.0551147460938,399.60491943359375,518.0694580078125,408.6119384765625,512.0551147460938,SIFT:gradient,20.099750518798828,0.05848043299211463,ROBUST_MODEL_INLIER,FIT,0.01535386031913613,SYNTHETIC_SOURCE,SYNTHETIC_TARGET
956,297.5716857910156,152.9938201904297,306.5575866699219,147.0270233154297,297.5716857910156,152.9938201904297,306.5575866699219,147.0270233154297,SIFT:gradient,18.6279354095459,0.058503539300104664,ROBUST_MODEL_INLIER,FIT,0.03669417400920822,SYNTHETIC_SOURCE,SYNTHETIC_TARGET
957,194.6661834716797,53.477298736572266,203.66390991210938,47.44477844238281,194.6661834716797,53.477298736572266,203.66390991210938,47.44477844238281,SIFT:gradient,23.237899780273438,0.05852242950093122,ROBUST_MODEL_INLIER,HELD_OUT,0.03200204102799779,SYNTHETIC_SOURCE,SYNTHETIC_TARGET
958,144.37486267089844,541.1090698242188,153.44720458984375,535.0755004882812,144.37486267089844,541.1090698242188,153.44720458984375,535.0755004882812,SIFT:gradient,25.298221588134766,0.05866941398325282,ROBUST_MODEL_INLIER,FIT,0.07935738257499905,SYNTHETIC_SOURCE,SYNTHETIC_TARGET
959,279.42462158203125,58.4943962097168,288.3927917480469,52.50322341918945,279.42462158203125,58.4943962097168,288.3927917480469,52.50322341918945,SIFT:gradient,19.595918655395508,0.0588994740756905,ROBUST_MODEL_INLIER,FIT,0.03334580734189499,SYNTHETIC_SOURCE,SYNTHETIC_TARGET
960,233.2750701904297,546.3321533203125,242.26669311523438,540.2653198242188,233.2750701904297,546.3321533203125,242.26669311523438,540.2653198242188,SIFT:gradient,22.56102752685547,0.058924961035768664,ROBUST_MODEL_INLIER,HELD_OUT,0.06677020311461117,SYNTHETIC_SOURCE,SYNTHETIC_TARGET
961,133.5142059326172,380.45428466796875,142.5229034423828,374.4980163574219,133.5142059326172,380.45428466796875,142.5229034423828,374.4980163574219,SIFT:gradient,20.44504737854004,0.05892751921947327,ROBUST_MODEL_INLIER,FIT,0.04515785968445829,SYNTHETIC_SOURCE,SYNTHETIC_TARGET
962,253.18507385253906,532.0083618164062,262.19580078125,525.9932861328125,253.18507385253906,532.0083618164062,262.19580078125,525.9932861328125,SIFT:gradient,22.538854598999023,0.059134699263860044,ROBUST_MODEL_INLIER,HELD_OUT,0.017918217393436058,SYNTHETIC_SOURCE,SYNTHETIC_TARGET
963,83.56791687011719,494.2433166503906,92.54803466796875,488.1896057128906,83.56791687011719,494.2433166503906,92.54803466796875,488.1896057128906,SIFT:gradient,21.095022201538086,0.05918147905220139,ROBUST_MODEL_INLIER,FIT,0.05675442748204884,SYNTHETIC_SOURCE,SYNTHETIC_TARGET
964,522.5252075195312,355.3846435546875,531.5169677734375,349.4163513183594,522.5252075195312,355.3846435546875,531.5169677734375,349.4163513183594,SIFT:gradient,16.6433162689209,0.059208641046597114,ROBUST_MODEL_INLIER,HELD_OUT,0.03338999613668197,SYNTHETIC_SOURCE,SYNTHETIC_TARGET
965,119.00666809082031,489.06439208984375,128.01539611816406,483.0937805175781,119.00666809082031,489.06439208984375,128.01539611816406,483.0937805175781,SIFT:gradient,17.492855072021484,0.05923658292747251,ROBUST_MODEL_INLIER,HELD_OUT,0.031200399374316172,SYNTHETIC_SOURCE,SYNTHETIC_TARGET
966,563.1697387695312,149.0591583251953,572.1373291015625,143.0658416748047,563.1697387695312,149.0591583251953,572.1373291015625,143.0658416748047,SIFT:gradient,15.099668502807617,0.05923990190177702,ROBUST_MODEL_INLIER,HELD_OUT,0.033369126201265926,SYNTHETIC_SOURCE,SYNTHETIC_TARGET
967,532.1441040039062,413.5553283691406,541.1013793945312,407.58575439453125,532.1441040039062,413.5553283691406,541.1013793945312,407.58575439453125,SIFT:gradient,25.219039916992188,0.059264810904677875,ROBUST_MODEL_INLIER,FIT,0.052931188723963005,SYNTHETIC_SOURCE,SYNTHETIC_TARGET
968,364.8163757324219,288.7129821777344,373.8238525390625,282.683837890625,364.8163757324219,288.7129821777344,373.8238525390625,282.683837890625,SIFT:gradient,19.209373474121094,0.05930627181459251,ROBUST_MODEL_INLIER,HELD_OUT,0.02945894869290261,SYNTHETIC_SOURCE,SYNTHETIC_TARGET
969,245.42282104492188,93.3622055053711,254.42474365234375,87.31242370605469,245.42282104492188,93.3622055053711,254.42474365234375,87.31242370605469,SIFT:gradient,18.734994888305664,0.059325697777785506,ROBUST_MODEL_INLIER,FIT,0.04920329504571964,SYNTHETIC_SOURCE,SYNTHETIC_TARGET
970,123.18864440917969,538.0769653320312,132.1884765625,532.059814453125,123.18864440917969,538.0769653320312,132.1884765625,532.059814453125,SIFT:gradient,17.464248657226562,0.05935484586960154,ROBUST_MODEL_INLIER,FIT,0.016543630892980922,SYNTHETIC_SOURCE,SYNTHETIC_TARGET
971,473.6177062988281,341.3544006347656,482.6007080078125,335.3745422363281,473.6177062988281,341.3544006347656,482.6007080078125,335.3745422363281,SIFT:gradient,18.439088821411133,0.05937691476162984,ROBUST_MODEL_INLIER,FIT,0.026922039405644003,SYNTHETIC_SOURCE,SYNTHETIC_TARGET
972,369.6081237792969,287.3621826171875,378.6101989746094,281.324951171875,369.6081237792969,287.3621826171875,378.6101989746094,281.324951171875,SIFT:gradient,13.266499519348145,0.05939912527310663,ROBUST_MODEL_INLIER,FIT,0.03667152746675461,SYNTHETIC_SOURCE,SYNTHETIC_TARGET
973,186.0717010498047,274.8310241699219,195.0403594970703,268.8231201171875,186.0717010498047,274.8310241699219,195.0403594970703,268.8231201171875,SIFT:gradient,21.23676109313965,0.059410556651852006,ROBUST_MODEL_INLIER,FIT,0.03232768118024994,SYNTHETIC_SOURCE,SYNTHETIC_TARGET
974,97.68899536132812,210.0759735107422,106.62830352783203,204.09400939941406,97.68899536132812,210.0759735107422,106.62830352783203,204.09400939941406,SIFT:gradient,30.16620635986328,0.059472357633769846,ROBUST_MODEL_INLIER,FIT,0.06363745664907282,SYNTHETIC_SOURCE,SYNTHETIC_TARGET
975,184.043701171875,260.21441650390625,193.077392578125,254.22889709472656,184.043701171875,260.21441650390625,193.077392578125,254.22889709472656,SIFT:gradient,20.44504737854004,0.059479284275817945,ROBUST_MODEL_INLIER,HELD_OUT,0.03677755944790948,SYNTHETIC_SOURCE,SYNTHETIC_TARGET
976,354.63330078125,255.29397583007812,363.64501953125,249.27993774414062,354.63330078125,255.29397583007812,363.64501953125,249.27993774414062,SIFT:gradient,24.515300750732422,0.059503857963592845,ROBUST_MODEL_INLIER,FIT,0.017722306745621422,SYNTHETIC_SOURCE,SYNTHETIC_TARGET
977,592.1897583007812,250.43296813964844,601.1104736328125,244.33645629882812,592.1897583007812,250.43296813964844,601.1104736328125,244.33645629882812,SIFT:gradient,13.964240074157715,0.05954317877115836,ROBUST_MODEL_INLIER,FIT,0.12452860418528,SYNTHETIC_SOURCE,SYNTHETIC_TARGET
978,204.5577392578125,316.58856201171875,213.55923461914062,310.6002197265625,204.5577392578125,316.58856201171875,213.55923461914062,310.6002197265625,SIFT:gradient,18.788293838500977,0.059566789121185564,ROBUST_MODEL_INLIER,FIT,0.012341332742156147,SYNTHETIC_SOURCE,SYNTHETIC_TARGET
979,29.5414981842041,371.9802551269531,38.519378662109375,365.983154296875,29.5414981842041,371.9802551269531,38.519378662109375,365.983154296875,SIFT:gradient,21.931713104248047,0.05957110094632936,ROBUST_MODEL_INLIER,FIT,0.022546920504780393,SYNTHETIC_SOURCE,SYNTHETIC_TARGET
980,352.5929260253906,527.8591918945312,361.6011657714844,521.8722534179688,352.5929260253906,527.8591918945312,361.6011657714844,521.8722534179688,SIFT:gradient,19.02629852294922,0.05966174781984012,ROBUST_MODEL_INLIER,HELD_OUT,0.01588465592381519,SYNTHETIC_SOURCE,SYNTHETIC_TARGET
981,459.94183349609375,397.5093994140625,468.95013427734375,391.512451171875,459.94183349609375,397.5093994140625,468.95013427734375,391.512451171875,SIFT:gradient,20.39607810974121,0.059698426287653476,ROBUST_MODEL_INLIER,HELD_OUT,0.008933314060091346,SYNTHETIC_SOURCE,SYNTHETIC_TARGET
982,424.9434509277344,319.9703063964844,433.9066467285156,313.95416259765625,424.9434509277344,319.9703063964844,433.9066467285156,313.95416259765625,SIFT:gradient,23.216373443603516,0.05971831516059057,ROBUST_MODEL_INLIER,HELD_OUT,0.04008855319666225,SYNTHETIC_SOURCE,SYNTHETIC_TARGET
983,48.442317962646484,544.0759887695312,57.41134262084961,538.0758666992188,48.442317962646484,544.0759887695312,57.41134262084961,538.0758666992188,SIFT:gradient,24.041629791259766,0.05979357869364733,ROBUST_MODEL_INLIER,FIT,0.03113175910881114,SYNTHETIC_SOURCE,SYNTHETIC_TARGET
984,430.58197021484375,521.4413452148438,439.58135986328125,515.412109375,430.58197021484375,521.4413452148438,439.58135986328125,515.412109375,SIFT:gradient,20.904544830322266,0.05982600200019686,ROBUST_MODEL_INLIER,FIT,0.02863565357991879,SYNTHETIC_SOURCE,SYNTHETIC_TARGET
985,129.56846618652344,373.6190185546875,138.5160675048828,367.6187438964844,129.56846618652344,373.6190185546875,138.5160675048828,367.6187438964844,SIFT:gradient,20.784608840942383,0.059830965699826856,ROBUST_MODEL_INLIER,FIT,0.05255234171164605,SYNTHETIC_SOURCE,SYNTHETIC_TARGET
986,191.12203979492188,282.07305908203125,200.14163208007812,276.1070251464844,191.12203979492188,282.07305908203125,200.14163208007812,276.1070251464844,SIFT:gradient,16.431676864624023,0.05984222670270316,ROBUST_MODEL_INLIER,FIT,0.03966648931106353,SYNTHETIC_SOURCE,SYNTHETIC_TARGET
987,104.99925231933594,308.0702209472656,114.01760864257812,302.0427551269531,104.99925231933594,308.0702209472656,114.01760864257812,302.0427551269531,SIFT:gradient,19.87460708618164,0.05984617148276272,ROBUST_MODEL_INLIER,FIT,0.03244367708093447,SYNTHETIC_SOURCE,SYNTHETIC_TARGET
988,565.6110229492188,152.1440887451172,574.6419677734375,146.16444396972656,565.6110229492188,152.1440887451172,574.6419677734375,146.16444396972656,SIFT:gradient,18.083141326904297,0.05987335923760407,ROBUST_MODEL_INLIER,FIT,0.03725207648314109,SYNTHETIC_SOURCE,SYNTHETIC_TARGET
989,468.0818786621094,393.1649169921875,477.11309814453125,387.15887451171875,468.0818786621094,393.1649169921875,477.11309814453125,387.15887451171875,SIFT:gradient,18.083141326904297,0.059919682327230016,ROBUST_MODEL_INLIER,FIT,0.031538230138514874,SYNTHETIC_SOURCE,SYNTHETIC_TARGET
990,87.52620697021484,297.89215087890625,96.64635467529297,291.84967041015625,87.52620697021484,297.89215087890625,96.64635467529297,291.84967041015625,SIFT:gradient,27.80287742614746,0.05993252149472139,ROBUST_MODEL_INLIER,FIT,0.1270902626566522,SYNTHETIC_SOURCE,SYNTHETIC_TARGET
991,370.04620361328125,292.3403625488281,379.024169921875,286.35089111328125,370.04620361328125,292.3403625488281,379.024169921875,286.35089111328125,SIFT:gradient,18.220867156982422,0.0601925960031184,ROBUST_MODEL_INLIER,FIT,0.024825519914839476,SYNTHETIC_SOURCE,SYNTHETIC_TARGET
992,149.70584106445312,31.877716064453125,158.6776580810547,25.913162231445312,149.70584106445312,31.877716064453125,158.6776580810547,25.913162231445312,SIFT:gradient,27.58622932434082,0.06030011000763269,ROBUST_MODEL_INLIER,HELD_OUT,0.04585822860253182,SYNTHETIC_SOURCE,SYNTHETIC_TARGET
993,148.83961486816406,221.71029663085938,157.83726501464844,215.7074737548828,148.83961486816406,221.71029663085938,157.83726501464844,215.7074737548828,SIFT:gradient,23.173259735107422,0.06035480579854643,ROBUST_MODEL_INLIER,FIT,0.003340281017300354,SYNTHETIC_SOURCE,SYNTHETIC_TARGET
994,287.6635437011719,306.1976623535156,296.6576843261719,300.18316650390625,287.6635437011719,306.1976623535156,296.6576843261719,300.18316650390625,SIFT:gradient,15.132745742797852,0.06035548275427877,ROBUST_MODEL_INLIER,FIT,0.015131118722950447,SYNTHETIC_SOURCE,SYNTHETIC_TARGET
995,384.2889404296875,110.22850036621094,393.32763671875,104.21940612792969,384.2889404296875,110.22850036621094,393.32763671875,104.21940612792969,SIFT:gradient,26.419689178466797,0.0603986295966273,ROBUST_MODEL_INLIER,FIT,0.03946635572083367,SYNTHETIC_SOURCE,SYNTHETIC_TARGET
996,331.9198913574219,434.85845947265625,340.9227600097656,428.8813171386719,331.9198913574219,434.85845947265625,340.9227600097656,428.8813171386719,SIFT:gradient,24.535688400268555,0.06042631670126462,ROBUST_MODEL_INLIER,FIT,0.023624666244430062,SYNTHETIC_SOURCE,SYNTHETIC_TARGET
997,535.4734497070312,380.3840637207031,544.478271484375,374.3725891113281,535.4734497070312,380.3840637207031,544.478271484375,374.3725891113281,SIFT:gradient,18.601076126098633,0.060492985476206546,ROBUST_MODEL_INLIER,FIT,0.011825118518037822,SYNTHETIC_SOURCE,SYNTHETIC_TARGET
998,563.3118286132812,222.05982971191406,572.2800903320312,216.1085968017578,563.3118286132812,222.05982971191406,572.2800903320312,216.1085968017578,SIFT:gradient,24.919872283935547,0.060498315129061564,ROBUST_MODEL_INLIER,FIT,0.05878060270507712,SYNTHETIC_SOURCE,SYNTHETIC_TARGET
999,463.51312255859375,389.07037353515625,472.4928894042969,383.1062316894531,463.51312255859375,389.07037353515625,472.4928894042969,383.1062316894531,SIFT:gradient,16.031219482421875,0.060520599902924826,ROBUST_MODEL_INLIER,HELD_OUT,0.04177954528415174,SYNTHETIC_SOURCE,SYNTHETIC_TARGET
1000,366.5695495605469,250.3944091796875,375.5516357421875,244.36717224121094,366.5695495605469,250.3944091796875,375.5516357421875,244.36717224121094,SIFT:gradient,18.16590118408203,0.0605934143498207,ROBUST_MODEL_INLIER,FIT,0.03217716838819357,SYNTHETIC_SOURCE,SYNTHETIC_TARGET
1001,370.7234191894531,437.4996337890625,379.73388671875,431.52532958984375,370.7234191894531,437.4996337890625,379.73388671875,431.52532958984375,SIFT:gradient,31.09662437438965,0.060623188100134194,ROBUST_MODEL_INLIER,FIT,0.028256179277229863,SYNTHETIC_SOURCE,SYNTHETIC_TARGET
1002,237.06561279296875,602.9918823242188,246.05963134765625,596.9815063476562,237.06561279296875,602.9918823242188,246.05963134765625,596.9815063476562,SIFT:gradient,33.25657653808594,0.060648619606482136,ROBUST_MODEL_INLIER,FIT,0.011532293569696574,SYNTHETIC_SOURCE,SYNTHETIC_TARGET
1003,128.34365844726562,569.1991577148438,137.3631134033203,563.1804809570312,128.34365844726562,569.1991577148438,137.3631134033203,563.1804809570312,SIFT:gradient,22.068077087402344,0.0606590978276525,ROBUST_MODEL_INLIER,FIT,0.026438162786605515,SYNTHETIC_SOURCE,SYNTHETIC_TARGET
1004,104.9368896484375,508.7207946777344,113.96045684814453,502.72125244140625,104.9368896484375,508.7207946777344,113.96045684814453,502.72125244140625,SIFT:gradient,16.970561981201172,0.06071184017155482,ROBUST_MODEL_INLIER,FIT,0.023438961509992185,SYNTHETIC_SOURCE,SYNTHETIC_TARGET
1005,355.3207702636719,206.0332489013672,364.2901306152344,199.99951171875,355.3207702636719,206.0332489013672,364.2901306152344,199.99951171875,SIFT:gradient,18.027755737304688,0.06072223808633931,ROBUST_MODEL_INLIER,FIT,0.04522774318726183,SYNTHETIC_SOURCE,SYNTHETIC_TARGET
1006,354.81048583984375,484.80303955078125,363.8243103027344,478.82586669921875,354.81048583984375,484.80303955078125,363.8243103027344,478.82586669921875,SIFT:gradient,14.933184623718262,0.06072407457884692,ROBUST_MODEL_INLIER,FIT,0.02713367966689415,SYNTHETIC_SOURCE,SYNTHETIC_TARGET
1007,518.5723876953125,359.94195556640625,527.5638427734375,353.9455871582031,518.5723876953125,359.94195556640625,527.5638427734375,353.9455871582031,SIFT:gradient,17.944358825683594,0.060771100567361576,ROBUST_MODEL_INLIER,FIT,0.009676815570593867,SYNTHETIC_SOURCE,SYNTHETIC_TARGET
1008,221.34596252441406,316.59613037109375,230.3101348876953,310.6156921386719,221.34596252441406,316.59613037109375,230.3101348876953,310.6156921386719,SIFT:gradient,18.41195297241211,0.060821860904982476,ROBUST_MODEL_INLIER,FIT,0.04124913276136413,SYNTHETIC_SOURCE,SYNTHETIC_TARGET
1009,256.825439453125,214.21893310546875,265.8202819824219,208.2122039794922,256.825439453125,214.21893310546875,265.8202819824219,208.2122039794922,SIFT:gradient,17.52141571044922,0.06084265237718938,ROBUST_MODEL_INLIER,FIT,0.008101612345653432,SYNTHETIC_SOURCE,SYNTHETIC_TARGET
1010,430.58197021484375,521.4413452148438,439.58135986328125,515.412109375,430.58197021484375,521.4413452148438,439.58135986328125,515.412109375,SIFT:gradient,22.649503707885742,0.060885762655606836,ROBUST_MODEL_INLIER,FIT,0.02863565357991879,SYNTHETIC_SOURCE,SYNTHETIC_TARGET
1011,124.49636840820312,213.5618896484375,133.5189666748047,207.57479858398438,124.49636840820312,213.5618896484375,133.5189666748047,207.57479858398438,SIFT:gradient,15.165750503540039,0.060917435671412994,ROBUST_MODEL_INLIER,FIT,0.026202664306141578,SYNTHETIC_SOURCE,SYNTHETIC_TARGET
1012,337.986083984375,40.64985656738281,346.9907531738281,34.623451232910156,337.986083984375,40.64985656738281,346.9907531738281,34.623451232910156,SIFT:gradient,14.696938514709473,0.0609176290510698,ROBUST_MODEL_INLIER,FIT,0.02618741745590104,SYNTHETIC_SOURCE,SYNTHETIC_TARGET
1013,192.6480255126953,603.0662231445312,201.6190643310547,597.0501708984375,192.6480255126953,603.0662231445312,201.6190643310547,597.0501708984375,SIFT:gradient,23.53720474243164,0.060994410623997915,ROBUST_MODEL_INLIER,FIT,0.03295548031865094,SYNTHETIC_SOURCE,SYNTHETIC_TARGET
1014,532.7001342773438,335.04022216796875,541.7095336914062,329.0572509765625,532.7001342773438,335.04022216796875,541.7095336914062,329.0572509765625,SIFT:gradient,20.420578002929688,0.06100780169454593,ROBUST_MODEL_INLIER,FIT,0.01991591738461249,SYNTHETIC_SOURCE,SYNTHETIC_TARGET
1015,280.87530517578125,290.7259826660156,289.9014587402344,284.7174072265625,280.87530517578125,290.7259826660156,289.9014587402344,284.7174072265625,SIFT:gradient,15.81138801574707,0.061081073537544626,ROBUST_MODEL_INLIER,FIT,0.027193628064475974,SYNTHETIC_SOURCE,SYNTHETIC_TARGET
1016,38.208335876464844,253.98965454101562,47.19801712036133,247.99391174316406,38.208335876464844,253.98965454101562,47.19801712036133,247.99391174316406,SIFT:gradient,22.847318649291992,0.06116083700852595,ROBUST_MODEL_INLIER,FIT,0.011547386032019817,SYNTHETIC_SOURCE,SYNTHETIC_TARGET
1017,76.93740844726562,513.4776611328125,85.90095520019531,507.43548583984375,76.93740844726562,513.4776611328125,85.90095520019531,507.43548583984375,SIFT:gradient,21.095022201538086,0.06119823264461438,ROBUST_MODEL_INLIER,FIT,0.05538620322149181,SYNTHETIC_SOURCE,SYNTHETIC_TARGET
1018,226.4557647705078,301.62188720703125,235.43177795410156,295.61865234375,226.4557647705078,301.62188720703125,235.43177795410156,295.61865234375,SIFT:gradient,16.970561981201172,0.06120178743687539,ROBUST_MODEL_INLIER,FIT,0.02428165771873583,SYNTHETIC_SOURCE,SYNTHETIC_TARGET
1019,40.18956756591797,175.89932250976562,49.200374603271484,169.8884735107422,40.18956756591797,175.89932250976562,49.200374603271484,169.8884735107422,SIFT:gradient,23.06512451171875,0.06125098870605931,ROBUST_MODEL_INLIER,FIT,0.014776575895201576,SYNTHETIC_SOURCE,SYNTHETIC_TARGET
1020,227.71669006347656,309.5426940917969,236.71705627441406,303.531005859375,227.71669006347656,309.5426940917969,236.71705627441406,303.531005859375,SIFT:gradient,16.370704650878906,0.061254668734389735,ROBUST_MODEL_INLIER,HELD_OUT,0.011079940394273931,SYNTHETIC_SOURCE,SYNTHETIC_TARGET
1021,547.2933349609375,190.0731658935547,556.3280029296875,184.08522033691406,547.2933349609375,190.0731658935547,556.3280029296875,184.08522033691406,SIFT:gradient,21.771541595458984,0.06129886624444299,ROBUST_MODEL_INLIER,HELD_OUT,0.03676558915998574,SYNTHETIC_SOURCE,SYNTHETIC_TARGET
1022,356.7910461425781,543.6605834960938,365.7710876464844,537.6201171875,356.7910461425781,543.6605834960938,365.7710876464844,537.6201171875,SIFT:gradient,13.747727394104004,0.06135911205950268,ROBUST_MODEL_INLIER,FIT,0.044642502280936615,SYNTHETIC_SOURCE,SYNTHETIC_TARGET
1023,587.2470092773438,141.3578338623047,596.20166015625,135.38589477539062,587.2470092773438,141.3578338623047,596.20166015625,135.38589477539062,SIFT:gradient,22.494443893432617,0.061394039014434264,ROBUST_MODEL_INLIER,FIT,0.05378147392029615,SYNTHETIC_SOURCE,SYNTHETIC_TARGET
1024,190.52175903320312,121.7307357788086,199.49679565429688,115.74701690673828,190.52175903320312,121.7307357788086,199.49679565429688,115.74701690673828,SIFT:gradient,20.760540008544922,0.06142816631226138,ROBUST_MODEL_INLIER,HELD_OUT,0.030267703374665188,SYNTHETIC_SOURCE,SYNTHETIC_TARGET
1025,509.1175537109375,510.80035400390625,518.1172485351562,504.92156982421875,509.1175537109375,510.80035400390625,518.1172485351562,504.92156982421875,SIFT:gradient,30.886890411376953,0.06148498826465415,ROBUST_MODEL_INLIER,HELD_OUT,0.121827031898903,SYNTHETIC_SOURCE,SYNTHETIC_TARGET
1026,112.32205963134766,502.0646057128906,121.39291381835938,496.04888916015625,112.32205963134766,502.0646057128906,121.39291381835938,496.04888916015625,SIFT:gradient,17.291616439819336,0.061567200364831924,ROBUST_MODEL_INLIER,FIT,0.0722973957492592,SYNTHETIC_SOURCE,SYNTHETIC_TARGET
1027,238.90701293945312,237.6930389404297,247.88677978515625,231.70565795898438,238.90701293945312,237.6930389404297,247.88677978515625,231.70565795898438,SIFT:gradient,23.66431999206543,0.06159346751314823,ROBUST_MODEL_INLIER,FIT,0.024302154600626482,SYNTHETIC_SOURCE,SYNTHETIC_TARGET
1028,338.5738220214844,527.5103149414062,347.5892639160156,521.4874877929688,338.5738220214844,527.5103149414062,347.5892639160156,521.4874877929688,SIFT:gradient,19.84943389892578,0.06164272073771152,ROBUST_MODEL_INLIER,FIT,0.026969407871439623,SYNTHETIC_SOURCE,SYNTHETIC_TARGET
1029,53.7391357421875,549.4813842773438,62.705780029296875,543.459228515625,53.7391357421875,549.4813842773438,62.705780029296875,543.459228515625,SIFT:gradient,17.57839584350586,0.061671370642224624,ROBUST_MODEL_INLIER,FIT,0.03983730563238132,SYNTHETIC_SOURCE,SYNTHETIC_TARGET
1030,148.51126098632812,489.6372985839844,157.48995971679688,483.67584228515625,148.51126098632812,489.6372985839844,157.48995971679688,483.67584228515625,SIFT:gradient,16.881942749023438,0.06167704247661889,ROBUST_MODEL_INLIER,HELD_OUT,0.04464647627533845,SYNTHETIC_SOURCE,SYNTHETIC_TARGET
1031,583.6887817382812,236.52224731445312,592.7240600585938,230.6262969970703,583.6887817382812,236.52224731445312,592.7240600585938,230.6262969970703,SIFT:gradient,18.947296142578125,0.06168192210472291,ROBUST_MODEL_INLIER,FIT,0.1103971912354047,SYNTHETIC_SOURCE,SYNTHETIC_TARGET
1032,437.8032531738281,512.6450805664062,446.8086853027344,506.57269287109375,437.8032531738281,512.6450805664062,446.8086853027344,506.57269287109375,SIFT:gradient,18.89444351196289,0.061683996076187166,ROBUST_MODEL_INLIER,FIT,0.07197124862847198,SYNTHETIC_SOURCE,SYNTHETIC_TARGET
1033,384.4097900390625,183.9811553955078,393.4005126953125,177.98219299316406,384.4097900390625,183.9811553955078,393.4005126953125,177.98219299316406,SIFT:gradient,18.973665237426758,0.06175336623050321,ROBUST_MODEL_INLIER,FIT,0.009572844267741914,SYNTHETIC_SOURCE,SYNTHETIC_TARGET
1034,150.62615966796875,593.9434814453125,159.61822509765625,587.9386596679688,150.62615966796875,593.9434814453125,159.61822509765625,587.9386596679688,SIFT:gradient,14.560219764709473,0.06176130751361334,ROBUST_MODEL_INLIER,FIT,0.009118017049410971,SYNTHETIC_SOURCE,SYNTHETIC_TARGET
1035,267.1515808105469,226.2475128173828,276.1009826660156,220.2077178955078,267.1515808105469,226.2475128173828,276.1009826660156,220.2077178955078,SIFT:gradient,21.63330841064453,0.06179104265548673,ROBUST_MODEL_INLIER,FIT,0.06411760594354729,SYNTHETIC_SOURCE,SYNTHETIC_TARGET
1036,376.7347412109375,268.63909912109375,385.73577880859375,262.639404296875,376.7347412109375,268.63909912109375,385.73577880859375,262.639404296875,SIFT:gradient,12.328827857971191,0.06180426586643664,ROBUST_MODEL_INLIER,FIT,0.0012733548611465494,SYNTHETIC_SOURCE,SYNTHETIC_TARGET
1037,114.9780502319336,218.64805603027344,124.02104949951172,212.61245727539062,114.9780502319336,218.64805603027344,124.02104949951172,212.61245727539062,SIFT:gradient,26.664583206176758,0.06182336640692805,ROBUST_MODEL_INLIER,FIT,0.0553175047082574,SYNTHETIC_SOURCE,SYNTHETIC_TARGET
1038,349.0163269042969,59.983516693115234,357.99249267578125,54.00497055053711,349.0163269042969,59.983516693115234,357.99249267578125,54.00497055053711,SIFT:gradient,17.262676239013672,0.0618749820198715,ROBUST_MODEL_INLIER,FIT,0.03259135896849529,SYNTHETIC_SOURCE,SYNTHETIC_TARGET
1039,296.6177673339844,301.40069580078125,305.6214294433594,295.4498596191406,296.6177673339844,301.40069580078125,305.6214294433594,295.4498596191406,SIFT:gradient,15.36229133605957,0.061999685008239665,ROBUST_MODEL_INLIER,HELD_OUT,0.04989774275917675,SYNTHETIC_SOURCE,SYNTHETIC_TARGET
1040,189.5402374267578,327.2052307128906,198.55714416503906,321.1816101074219,189.5402374267578,327.2052307128906,198.55714416503906,321.1816101074219,SIFT:gradient,18.493242263793945,0.06202678577643085,ROBUST_MODEL_INLIER,FIT,0.028463544054487897,SYNTHETIC_SOURCE,SYNTHETIC_TARGET
1041,258.96923828125,118.17803955078125,267.96990966796875,112.19413757324219,258.96923828125,118.17803955078125,267.96990966796875,112.19413757324219,SIFT:gradient,13.56466007232666,0.06206213997739586,ROBUST_MODEL_INLIER,FIT,0.01671642649405503,SYNTHETIC_SOURCE,SYNTHETIC_TARGET
1042,436.15643310546875,350.8988037109375,445.2076721191406,344.8862609863281,436.15643310546875,350.8988037109375,445.2076721191406,344.8862609863281,SIFT:gradient,19.54482078552246,0.06209024051987738,ROBUST_MODEL_INLIER,HELD_OUT,0.052461456571781855,SYNTHETIC_SOURCE,SYNTHETIC_TARGET
1043,253.6897735595703,219.53465270996094,262.63848876953125,213.44615173339844,253.6897735595703,219.53465270996094,262.63848876953125,213.44615173339844,SIFT:gradient,21.470911026000977,0.06211123580874693,ROBUST_MODEL_INLIER,FIT,0.10183597503422907,SYNTHETIC_SOURCE,SYNTHETIC_TARGET
1044,363.6871337890625,154.32095336914062,372.6200866699219,148.32623291015625,363.6871337890625,154.32095336914062,372.6200866699219,148.32623291015625,SIFT:gradient,17.0,0.06212162727135155,ROBUST_MODEL_INLIER,FIT,0.06745733065922252,SYNTHETIC_SOURCE,SYNTHETIC_TARGET
1045,78.33351135253906,363.4625244140625,87.32134246826172,357.4199523925781,78.33351135253906,363.4625244140625,87.32134246826172,357.4199523925781,SIFT:gradient,15.937376976013184,0.06217053419048635,ROBUST_MODEL_INLIER,HELD_OUT,0.0437332873109079,SYNTHETIC_SOURCE,SYNTHETIC_TARGET
1046,94.14457702636719,388.9755554199219,103.10269165039062,382.9320068359375,94.14457702636719,388.9755554199219,103.10269165039062,382.9320068359375,SIFT:gradient,13.892443656921387,0.062181152241705014,ROBUST_MODEL_INLIER,FIT,0.06009061665196921,SYNTHETIC_SOURCE,SYNTHETIC_TARGET
1047,455.6731262207031,251.4908905029297,464.6926574707031,245.48287963867188,455.6731262207031,251.4908905029297,464.6926574707031,245.48287963867188,SIFT:gradient,18.76166343688965,0.062251456541999484,ROBUST_MODEL_INLIER,HELD_OUT,0.020743676947513615,SYNTHETIC_SOURCE,SYNTHETIC_TARGET
1048,292.4547424316406,356.0483093261719,301.50701904296875,350.02093505859375,292.4547424316406,356.0483093261719,301.50701904296875,350.02093505859375,SIFT:gradient,16.792856216430664,0.062293682040307455,ROBUST_MODEL_INLIER,FIT,0.0585936943689718,SYNTHETIC_SOURCE,SYNTHETIC_TARGET
1049,259.0684509277344,164.13352966308594,267.9741516113281,158.1067352294922,259.0684509277344,164.13352966308594,267.9741516113281,158.1067352294922,SIFT:gradient,19.313207626342773,0.06233830687847366,ROBUST_MODEL_INLIER,FIT,0.09801412335538824,SYNTHETIC_SOURCE,SYNTHETIC_TARGET
1050,470.9568176269531,462.87811279296875,479.95684814453125,456.8324890136719,470.9568176269531,462.87811279296875,479.95684814453125,456.8324890136719,SIFT:gradient,18.89444351196289,0.062346018808941576,ROBUST_MODEL_INLIER,FIT,0.04501359325313848,SYNTHETIC_SOURCE,SYNTHETIC_TARGET
1051,120.885986328125,540.5637817382812,129.88958740234375,534.6118774414062,120.885986328125,540.5637817382812,129.88958740234375,534.6118774414062,SIFT:gradient,19.209373474121094,0.06236480831017224,ROBUST_MODEL_INLIER,HELD_OUT,0.04882798194864299,SYNTHETIC_SOURCE,SYNTHETIC_TARGET
1052,127.00912475585938,185.6815643310547,135.98751831054688,179.66754150390625,127.00912475585938,185.6815643310547,135.98751831054688,179.66754150390625,SIFT:gradient,18.867961883544922,0.06238271685035099,ROBUST_MODEL_INLIER,FIT,0.025560712573754,SYNTHETIC_SOURCE,SYNTHETIC_TARGET
1053,162.02752685546875,215.05918884277344,171.02296447753906,209.07815551757812,162.02752685546875,215.05918884277344,171.02296447753906,209.07815551757812,SIFT:gradient,19.84943389892578,0.06243164615355377,ROBUST_MODEL_INLIER,FIT,0.02013680372025982,SYNTHETIC_SOURCE,SYNTHETIC_TARGET
1054,440.3673095703125,325.5528869628906,449.3687438964844,319.52288818359375,440.3673095703125,325.5528869628906,449.3687438964844,319.52288818359375,SIFT:gradient,17.291616439819336,0.062438035715230246,ROBUST_MODEL_INLIER,FIT,0.02941636513439761,SYNTHETIC_SOURCE,SYNTHETIC_TARGET
1055,292.86566162109375,157.28591918945312,301.84429931640625,151.29403686523438,292.86566162109375,157.28591918945312,301.84429931640625,151.29403686523438,SIFT:gradient,22.38302993774414,0.06254805503738742,ROBUST_MODEL_INLIER,HELD_OUT,0.023217860882551303,SYNTHETIC_SOURCE,SYNTHETIC_TARGET
1056,218.79293823242188,149.4851837158203,227.83657836914062,143.46519470214844,218.79293823242188,149.4851837158203,227.83657836914062,143.46519470214844,SIFT:gradient,14.832396507263184,0.06256168117376981,ROBUST_MODEL_INLIER,HELD_OUT,0.047609867130962276,SYNTHETIC_SOURCE,SYNTHETIC_TARGET
1057,236.513671875,101.43424987792969,245.53350830078125,95.41983795166016,236.513671875,101.43424987792969,245.53350830078125,95.41983795166016,SIFT:gradient,19.79899024963379,0.06257674720056884,ROBUST_MODEL_INLIER,FIT,0.024040319018227882,SYNTHETIC_SOURCE,SYNTHETIC_TARGET
1058,525.6262817382812,407.2084045410156,534.6323852539062,401.1578369140625,525.6262817382812,407.2084045410156,534.6323852539062,401.1578369140625,SIFT:gradient,22.338308334350586,0.06258555496949006,ROBUST_MODEL_INLIER,HELD_OUT,0.05031046516734366,SYNTHETIC_SOURCE,SYNTHETIC_TARGET
1059,583.312744140625,254.1599578857422,592.2821044921875,248.19876098632812,583.312744140625,254.1599578857422,592.2821044921875,248.19876098632812,SIFT:gradient,17.72004508972168,0.06265255802761933,ROBUST_MODEL_INLIER,FIT,0.05001581778142065,SYNTHETIC_SOURCE,SYNTHETIC_TARGET
1060,297.4009094238281,351.71343994140625,306.4397277832031,345.6698913574219,297.4009094238281,351.71343994140625,306.4397277832031,345.6698913574219,SIFT:gradient,15.29705810546875,0.06268286132942254,ROBUST_MODEL_INLIER,FIT,0.05778177643510854,SYNTHETIC_SOURCE,SYNTHETIC_TARGET
1061,521.6395263671875,325.9758605957031,530.6696166992188,320.0401306152344,521.6395263671875,325.9758605957031,530.6696166992188,320.0401306152344,SIFT:gradient,18.574174880981445,0.06268337923575203,ROBUST_MODEL_INLIER,HELD_OUT,0.07145439858743644,SYNTHETIC_SOURCE,SYNTHETIC_TARGET
1062,101.3385238647461,83.8389892578125,110.3247299194336,77.80790710449219,101.3385238647461,83.8389892578125,110.3247299194336,77.80790710449219,SIFT:gradient,26.248809814453125,0.0627909834028086,ROBUST_MODEL_INLIER,FIT,0.03351173661201838,SYNTHETIC_SOURCE,SYNTHETIC_TARGET
1063,305.9147033691406,530.0703735351562,314.8217468261719,524.077880859375,305.9147033691406,530.0703735351562,314.8217468261719,524.077880859375,SIFT:gradient,22.97825050354004,0.06285417235528143,ROBUST_MODEL_INLIER,HELD_OUT,0.09346232882545626,SYNTHETIC_SOURCE,SYNTHETIC_TARGET
1064,290.00701904296875,315.666259765625,299.0108642578125,309.69097900390625,290.00701904296875,315.666259765625,299.0108642578125,309.69097900390625,SIFT:gradient,22.671567916870117,0.06290671958697938,ROBUST_MODEL_INLIER,FIT,0.025597336100999814,SYNTHETIC_SOURCE,SYNTHETIC_TARGET
1065,46.13237762451172,282.8888854980469,55.09867477416992,276.93377685546875,46.13237762451172,282.8888854980469,55.09867477416992,276.93377685546875,SIFT:gradient,20.32240104675293,0.0629435971300134,ROBUST_MODEL_INLIER,FIT,0.0567150440219179,SYNTHETIC_SOURCE,SYNTHETIC_TARGET
1066,555.6929931640625,295.29522705078125,564.6389770507812,289.31854248046875,555.6929931640625,295.29522705078125,564.6389770507812,289.31854248046875,SIFT:gradient,23.76972770690918,0.06295937134106443,ROBUST_MODEL_INLIER,FIT,0.05921732174854536,SYNTHETIC_SOURCE,SYNTHETIC_TARGET
1067,210.45556640625,306.07830810546875,219.4365234375,300.0811767578125,210.45556640625,306.07830810546875,219.4365234375,300.0811767578125,SIFT:gradient,18.520259857177734,0.06297623509809867,ROBUST_MODEL_INLIER,FIT,0.01950827677995023,SYNTHETIC_SOURCE,SYNTHETIC_TARGET
1068,121.97117614746094,563.940673828125,130.96453857421875,557.9133911132812,121.97117614746094,563.940673828125,130.96453857421875,557.9133911132812,SIFT:gradient,22.068077087402344,0.06297715009457545,ROBUST_MODEL_INLIER,HELD_OUT,0.02752310395316144,SYNTHETIC_SOURCE,SYNTHETIC_TARGET
1069,258.45599365234375,468.1612854003906,267.4805908203125,462.08074951171875,258.45599365234375,468.1612854003906,267.4805908203125,462.08074951171875,SIFT:gradient,20.59126091003418,0.06299526177877514,ROBUST_MODEL_INLIER,FIT,0.0835800752417581,SYNTHETIC_SOURCE,SYNTHETIC_TARGET
1070,227.71669006347656,309.5426940917969,236.71705627441406,303.531005859375,227.71669006347656,309.5426940917969,236.71705627441406,303.531005859375,SIFT:gradient,15.394804000854492,0.06303155395289997,ROBUST_MODEL_INLIER,FIT,0.011079940394273931,SYNTHETIC_SOURCE,SYNTHETIC_TARGET
1071,57.26347351074219,560.77685546875,66.25191497802734,554.8018188476562,57.26347351074219,560.77685546875,66.25191497802734,554.8018188476562,SIFT:gradient,24.26932144165039,0.06303337128379893,ROBUST_MODEL_INLIER,FIT,0.02812767384488285,SYNTHETIC_SOURCE,SYNTHETIC_TARGET
1072,256.0340576171875,205.4887237548828,265.04388427734375,199.49822998046875,256.0340576171875,205.4887237548828,265.04388427734375,199.49822998046875,SIFT:gradient,23.388031005859375,0.06305356960530625,ROBUST_MODEL_INLIER,FIT,0.013997600058610856,SYNTHETIC_SOURCE,SYNTHETIC_TARGET
1073,305.0304260253906,174.46058654785156,314.0343017578125,168.40953063964844,305.0304260253906,174.46058654785156,314.0343017578125,168.40953063964844,SIFT:gradient,15.165750503540039,0.06309157719195042,ROBUST_MODEL_INLIER,HELD_OUT,0.05058276376378699,SYNTHETIC_SOURCE,SYNTHETIC_TARGET
1074,361.9180908203125,497.6412353515625,370.8983459472656,491.6754455566406,361.9180908203125,497.6412353515625,370.8983459472656,491.6754455566406,SIFT:gradient,13.22875690460205,0.06310866837376126,ROBUST_MODEL_INLIER,FIT,0.04010461465370677,SYNTHETIC_SOURCE,SYNTHETIC_TARGET
1075,321.9512023925781,32.91175842285156,330.9435119628906,26.954753875732422,321.9512023925781,32.91175842285156,330.9435119628906,26.954753875732422,SIFT:gradient,23.0867919921875,0.06313808223504278,ROBUST_MODEL_INLIER,FIT,0.04430552003851527,SYNTHETIC_SOURCE,SYNTHETIC_TARGET
1076,520.6981201171875,102.03809356689453,529.6793212890625,96.05437469482422,520.6981201171875,102.03809356689453,529.6793212890625,96.05437469482422,SIFT:gradient,23.979158401489258,0.06323345768121447,ROBUST_MODEL_INLIER,FIT,0.02538657614630769,SYNTHETIC_SOURCE,SYNTHETIC_TARGET
1077,342.71380615234375,180.7270050048828,351.71673583984375,174.7230224609375,342.71380615234375,180.7270050048828,351.71673583984375,174.7230224609375,SIFT:gradient,17.66352081298828,0.06330320005862235,ROBUST_MODEL_INLIER,FIT,0.004368519624207888,SYNTHETIC_SOURCE,SYNTHETIC_TARGET
1078,125.440185546875,220.3473358154297,134.41342163085938,214.31419372558594,125.440185546875,220.3473358154297,134.41342163085938,214.31419372558594,SIFT:gradient,27.12932014465332,0.06333614750593856,ROBUST_MODEL_INLIER,FIT,0.04222336057367909,SYNTHETIC_SOURCE,SYNTHETIC_TARGET
1079,408.6894226074219,84.1224365234375,417.639404296875,78.11917114257812,408.6894226074219,84.1224365234375,417.639404296875,78.11917114257812,SIFT:gradient,26.96293830871582,0.06335527988654124,ROBUST_MODEL_INLIER,FIT,0.050241101008966796,SYNTHETIC_SOURCE,SYNTHETIC_TARGET
1080,29.5414981842041,371.9802551269531,38.519378662109375,365.983154296875,29.5414981842041,371.9802551269531,38.519378662109375,365.983154296875,SIFT:gradient,25.729360580444336,0.06338030796180551,ROBUST_MODEL_INLIER,HELD_OUT,0.022546920504780393,SYNTHETIC_SOURCE,SYNTHETIC_TARGET
1081,523.6328735351562,483.4247131347656,532.6292724609375,477.3950500488281,523.6328735351562,483.4247131347656,532.6292724609375,477.3950500488281,SIFT:gradient,12.328827857971191,0.06338582281056938,ROBUST_MODEL_INLIER,FIT,0.029294220486226704,SYNTHETIC_SOURCE,SYNTHETIC_TARGET
1082,491.14111328125,442.64678955078125,500.15814208984375,436.62506103515625,491.14111328125,442.64678955078125,500.15814208984375,436.62506103515625,SIFT:gradient,25.19920539855957,0.06350933652994784,ROBUST_MODEL_INLIER,FIT,0.02703301090502594,SYNTHETIC_SOURCE,SYNTHETIC_TARGET
1083,605.6339721679688,197.00579833984375,614.5985107421875,190.9676513671875,605.6339721679688,197.00579833984375,614.5985107421875,190.9676513671875,SIFT:gradient,22.912878036499023,0.06352909872959434,ROBUST_MODEL_INLIER,FIT,0.05174317242841085,SYNTHETIC_SOURCE,SYNTHETIC_TARGET
1084,111.20765686035156,572.218505859375,120.20263671875,566.2086791992188,111.20765686035156,572.218505859375,120.20263671875,566.2086791992188,SIFT:gradient,21.97726058959961,0.06353481604877886,ROBUST_MODEL_INLIER,FIT,0.010568702592777245,SYNTHETIC_SOURCE,SYNTHETIC_TARGET
1085,536.9840698242188,49.30672836303711,545.95263671875,43.34185028076172,536.9840698242188,49.30672836303711,545.95263671875,43.34185028076172,SIFT:gradient,24.85960578918457,0.06354361234631366,ROBUST_MODEL_INLIER,HELD_OUT,0.04769120561905482,SYNTHETIC_SOURCE,SYNTHETIC_TARGET
1086,569.0321044921875,128.4385528564453,577.8605346679688,122.37617492675781,569.0321044921875,128.4385528564453,577.8605346679688,122.37617492675781,SIFT:gradient,16.492422103881836,0.06361095806098192,ROBUST_MODEL_INLIER,HELD_OUT,0.18249334379119148,SYNTHETIC_SOURCE,SYNTHETIC_TARGET
1087,516.9901733398438,368.2272644042969,525.9310302734375,362.1839294433594,516.9901733398438,368.2272644042969,525.9310302734375,362.1839294433594,SIFT:gradient,23.021728515625,0.06361171201056676,ROBUST_MODEL_INLIER,FIT,0.07308465546707359,SYNTHETIC_SOURCE,SYNTHETIC_TARGET
1088,111.53472900390625,489.406005859375,120.60606384277344,483.3785705566406,111.53472900390625,489.406005859375,120.60606384277344,483.3785705566406,SIFT:gradient,21.0,0.0636211782503011,ROBUST_MODEL_INLIER,FIT,0.07606898750124003,SYNTHETIC_SOURCE,SYNTHETIC_TARGET
1089,585.2127685546875,223.87191772460938,594.212158203125,217.86546325683594,585.2127685546875,223.87191772460938,594.212158203125,217.86546325683594,SIFT:gradient,18.734994888305664,0.06370604923241424,ROBUST_MODEL_INLIER,HELD_OUT,0.005893706040860636,SYNTHETIC_SOURCE,SYNTHETIC_TARGET
1090,368.4407043457031,344.55902099609375,377.4743347167969,338.5648193359375,368.4407043457031,344.55902099609375,377.4743347167969,338.5648193359375,SIFT:gradient,27.312999725341797,0.06371584392318666,ROBUST_MODEL_INLIER,FIT,0.03408567578523244,SYNTHETIC_SOURCE,SYNTHETIC_TARGET
1091,27.868427276611328,497.8678894042969,36.88226318359375,491.8868713378906,27.868427276611328,497.8678894042969,36.88226318359375,491.8868713378906,SIFT:gradient,25.139610290527344,0.0637209988243974,ROBUST_MODEL_INLIER,FIT,0.023897507380723767,SYNTHETIC_SOURCE,SYNTHETIC_TARGET
1092,195.45709228515625,595.15576171875,204.46141052246094,589.152099609375,195.45709228515625,595.15576171875,204.46141052246094,589.152099609375,SIFT:gradient,24.494897842407227,0.0637397515158513,ROBUST_MODEL_INLIER,FIT,0.00516389976539379,SYNTHETIC_SOURCE,SYNTHETIC_TARGET
1093,191.89358520507812,298.3238220214844,200.87953186035156,292.3398132324219,191.89358520507812,298.3238220214844,200.87953186035156,292.3398132324219,SIFT:gradient,23.34523582458496,0.06379384532414807,ROBUST_MODEL_INLIER,FIT,0.021849951921353923,SYNTHETIC_SOURCE,SYNTHETIC_TARGET
1094,264.8445739746094,61.82676315307617,273.9378356933594,55.804630279541016,264.8445739746094,61.82676315307617,273.9378356933594,55.804630279541016,SIFT:gradient,21.02379608154297,0.06387586191805493,ROBUST_MODEL_INLIER,FIT,0.09556426738824345,SYNTHETIC_SOURCE,SYNTHETIC_TARGET
1095,468.41790771484375,382.89666748046875,477.42486572265625,376.8681945800781,468.41790771484375,382.89666748046875,477.42486572265625,376.8681945800781,SIFT:gradient,14.03566837310791,0.0639148059622218,ROBUST_MODEL_INLIER,HELD_OUT,0.028681620726742466,SYNTHETIC_SOURCE,SYNTHETIC_TARGET
1096,93.62266540527344,310.4267578125,102.62337493896484,304.5286560058594,93.62266540527344,310.4267578125,102.62337493896484,304.5286560058594,SIFT:gradient,29.42787742614746,0.06395929175441542,ROBUST_MODEL_INLIER,HELD_OUT,0.10251005789982304,SYNTHETIC_SOURCE,SYNTHETIC_TARGET
1097,550.7164306640625,233.4068145751953,559.6924438476562,227.38836669921875,550.7164306640625,233.4068145751953,559.6924438476562,227.38836669921875,SIFT:gradient,22.89104652404785,0.0640560251461042,ROBUST_MODEL_INLIER,FIT,0.030014798300676,SYNTHETIC_SOURCE,SYNTHETIC_TARGET
1098,521.6395263671875,325.9758605957031,530.6696166992188,320.0401306152344,521.6395263671875,325.9758605957031,530.6696166992188,320.0401306152344,SIFT:gradient,19.339078903198242,0.06407392799769954,ROBUST_MODEL_INLIER,FIT,0.07145439858743644,SYNTHETIC_SOURCE,SYNTHETIC_TARGET
1099,158.39662170410156,480.9773254394531,167.37335205078125,475.0039978027344,158.39662170410156,480.9773254394531,167.37335205078125,475.0039978027344,SIFT:gradient,20.952327728271484,0.06409387886102896,ROBUST_MODEL_INLIER,FIT,0.03595758491040125,SYNTHETIC_SOURCE,SYNTHETIC_TARGET
1100,200.7280731201172,283.4100646972656,209.73995971679688,277.4732666015625,200.7280731201172,283.4100646972656,209.73995971679688,277.4732666015625,SIFT:gradient,18.6279354095459,0.06412341900208275,ROBUST_MODEL_INLIER,FIT,0.06488213128530948,SYNTHETIC_SOURCE,SYNTHETIC_TARGET
1101,535.8754272460938,99.30181121826172,544.8978271484375,93.46214294433594,535.8754272460938,99.30181121826172,544.8978271484375,93.46214294433594,SIFT:gradient,21.260292053222656,0.06412784915600474,ROBUST_MODEL_INLIER,FIT,0.1624724449080515,SYNTHETIC_SOURCE,SYNTHETIC_TARGET
1102,145.66964721679688,598.36376953125,154.6844940185547,592.3631591796875,145.66964721679688,598.36376953125,154.6844940185547,592.3631591796875,SIFT:gradient,18.734994888305664,0.06425671949343909,ROBUST_MODEL_INLIER,FIT,0.0146942138671875,SYNTHETIC_SOURCE,SYNTHETIC_TARGET
1103,222.0525360107422,128.9588623046875,231.0497283935547,122.9782943725586,222.0525360107422,128.9588623046875,231.0497283935547,122.9782943725586,SIFT:gradient,21.88606834411621,0.06431656440380815,ROBUST_MODEL_INLIER,FIT,0.020259846762911447,SYNTHETIC_SOURCE,SYNTHETIC_TARGET
1104,591.9672241210938,164.92886352539062,600.9619750976562,158.90489196777344,591.9672241210938,164.92886352539062,600.9619750976562,158.90489196777344,SIFT:gradient,26.038433074951172,0.06432518360209773,ROBUST_MODEL_INLIER,FIT,0.023977559368494872,SYNTHETIC_SOURCE,SYNTHETIC_TARGET
1105,176.86566162109375,263.36859130859375,185.8609619140625,257.4231872558594,176.86566162109375,263.36859130859375,185.8609619140625,257.4231872558594,SIFT:gradient,20.856653213500977,0.06433531898722285,ROBUST_MODEL_INLIER,FIT,0.05541913204218458,SYNTHETIC_SOURCE,SYNTHETIC_TARGET
1106,351.3351135253906,48.631309509277344,360.3116760253906,42.59733581542969,351.3351135253906,48.631309509277344,360.3116760253906,42.59733581542969,SIFT:gradient,13.114876747131348,0.06434894460944976,ROBUST_MODEL_INLIER,FIT,0.04086079851304802,SYNTHETIC_SOURCE,SYNTHETIC_TARGET
1107,231.91197204589844,315.57952880859375,240.81797790527344,309.65032958984375,231.91197204589844,315.57952880859375,240.81797790527344,309.65032958984375,SIFT:gradient,17.464248657226562,0.06434916340920685,ROBUST_MODEL_INLIER,HELD_OUT,0.1181658003813257,SYNTHETIC_SOURCE,SYNTHETIC_TARGET
1108,199.8831329345703,416.90997314453125,208.87002563476562,410.8928527832031,199.8831329345703,416.90997314453125,208.87002563476562,410.8928527832031,SIFT:gradient,18.193405151367188,0.0645294200419977,ROBUST_MODEL_INLIER,FIT,0.021175576595534127,SYNTHETIC_SOURCE,SYNTHETIC_TARGET
1109,428.62518310546875,358.1501159667969,437.552978515625,352.1336364746094,428.62518310546875,358.1501159667969,437.552978515625,352.1336364746094,SIFT:gradient,20.760540008544922,0.06454472945074566,ROBUST_MODEL_INLIER,FIT,0.07407692484073539,SYNTHETIC_SOURCE,SYNTHETIC_TARGET
1110,28.954883575439453,163.88546752929688,37.98960494995117,157.87416076660156,28.954883575439453,163.88546752929688,37.98960494995117,157.87416076660156,SIFT:gradient,25.079872131347656,0.0645828880157171,ROBUST_MODEL_INLIER,FIT,0.036185828988388055,SYNTHETIC_SOURCE,SYNTHETIC_TARGET
1111,460.5638122558594,373.0698547363281,469.45623779296875,367.0362854003906,460.5638122558594,373.0698547363281,469.45623779296875,367.0362854003906,SIFT:gradient,19.442222595214844,0.0647797054156934,ROBUST_MODEL_INLIER,FIT,0.11265616770091867,SYNTHETIC_SOURCE,SYNTHETIC_TARGET
1112,506.8492736816406,383.95294189453125,515.7982177734375,377.9930419921875,506.8492736816406,383.95294189453125,515.7982177734375,377.9930419921875,SIFT:gradient,21.587032318115234,0.06488006618214784,ROBUST_MODEL_INLIER,FIT,0.06541903964272199,SYNTHETIC_SOURCE,SYNTHETIC_TARGET
1113,131.33554077148438,576.7212524414062,140.3690185546875,570.6845703125,131.33554077148438,576.7212524414062,140.3690185546875,570.6845703125,SIFT:gradient,21.748563766479492,0.06492658056397796,ROBUST_MODEL_INLIER,FIT,0.04910948750855936,SYNTHETIC_SOURCE,SYNTHETIC_TARGET
1114,470.1269226074219,394.9954528808594,479.15484619140625,389.0179748535156,470.1269226074219,394.9954528808594,479.15484619140625,389.0179748535156,SIFT:gradient,20.420578002929688,0.06505843617814192,ROBUST_MODEL_INLIER,FIT,0.03614322409249686,SYNTHETIC_SOURCE,SYNTHETIC_TARGET
1115,318.4544677734375,68.67037963867188,327.4697265625,62.68647766113281,318.4544677734375,68.67037963867188,327.4697265625,62.68647766113281,SIFT:gradient,28.12472152709961,0.06507545678430711,ROBUST_MODEL_INLIER,FIT,0.022524810240093892,SYNTHETIC_SOURCE,SYNTHETIC_TARGET
1116,344.17462158203125,379.9394226074219,353.1966247558594,373.92852783203125,344.17462158203125,379.9394226074219,353.1966247558594,373.92852783203125,SIFT:gradient,27.23967742919922,0.0651769516873036,ROBUST_MODEL_INLIER,HELD_OUT,0.024149896051299642,SYNTHETIC_SOURCE,SYNTHETIC_TARGET
1117,494.5104675292969,49.350067138671875,503.4606628417969,43.30921173095703,494.5104675292969,49.350067138671875,503.4606628417969,43.30921173095703,SIFT:gradient,30.70830535888672,0.06521676925280522,ROBUST_MODEL_INLIER,FIT,0.06415133598889464,SYNTHETIC_SOURCE,SYNTHETIC_TARGET
1118,340.41253662109375,38.46369171142578,349.4186706542969,32.439945220947266,340.41253662109375,38.46369171142578,349.4186706542969,32.439945220947266,SIFT:gradient,14.352700233459473,0.06525302895794023,ROBUST_MODEL_INLIER,FIT,0.023896832676478297,SYNTHETIC_SOURCE,SYNTHETIC_TARGET
1119,148.54132080078125,431.9575500488281,157.54405212402344,425.97979736328125,148.54132080078125,431.9575500488281,157.54405212402344,425.97979736328125,SIFT:gradient,14.142135620117188,0.0652557224849585,ROBUST_MODEL_INLIER,FIT,0.023002668795060632,SYNTHETIC_SOURCE,SYNTHETIC_TARGET
1120,459.3768615722656,446.2044982910156,468.39801025390625,440.1778564453125,459.3768615722656,446.2044982910156,468.39801025390625,440.1778564453125,SIFT:gradient,25.573423385620117,0.06526848705362985,ROBUST_MODEL_INLIER,FIT,0.0334436038720737,SYNTHETIC_SOURCE,SYNTHETIC_TARGET
1121,37.567569732666016,266.90472412109375,46.58733367919922,260.8905334472656,37.567569732666016,266.90472412109375,46.58733367919922,260.8905334472656,SIFT:gradient,20.124610900878906,0.06526984599246764,ROBUST_MODEL_INLIER,FIT,0.023854361040406297,SYNTHETIC_SOURCE,SYNTHETIC_TARGET
1122,338.6534729003906,216.9647216796875,347.6301574707031,210.96249389648438,338.6534729003906,216.9647216796875,347.6301574707031,210.96249389648438,SIFT:gradient,21.307275772094727,0.06528637186116475,ROBUST_MODEL_INLIER,FIT,0.02352368878724761,SYNTHETIC_SOURCE,SYNTHETIC_TARGET
1123,328.05902099609375,529.4224243164062,337.08575439453125,523.4237060546875,328.05902099609375,529.4224243164062,337.08575439453125,523.4237060546875,SIFT:gradient,24.26932144165039,0.06535710836937428,ROBUST_MODEL_INLIER,FIT,0.026648067346539094,SYNTHETIC_SOURCE,SYNTHETIC_TARGET
1124,458.047607421875,283.380615234375,467.18756103515625,277.32855224609375,458.047607421875,283.380615234375,467.18756103515625,277.32855224609375,SIFT:gradient,26.248809814453125,0.06539516808337532,ROBUST_MODEL_INLIER,FIT,0.14896879044142716,SYNTHETIC_SOURCE,SYNTHETIC_TARGET
1125,434.42535400390625,347.5484313964844,443.4749755859375,341.48773193359375,434.42535400390625,347.5484313964844,443.4749755859375,341.48773193359375,SIFT:gradient,16.61324691772461,0.06546485749972296,ROBUST_MODEL_INLIER,FIT,0.07783240123167852,SYNTHETIC_SOURCE,SYNTHETIC_TARGET
1126,52.103275299072266,383.97613525390625,61.07961654663086,377.9894104003906,52.103275299072266,383.97613525390625,61.07961654663086,377.9894104003906,SIFT:gradient,21.908903121948242,0.0655599723974713,ROBUST_MODEL_INLIER,HELD_OUT,0.027564233789778875,SYNTHETIC_SOURCE,SYNTHETIC_TARGET
1127,439.724853515625,518.4067993164062,448.70947265625,512.4479370117188,439.724853515625,518.4067993164062,448.70947265625,512.4479370117188,SIFT:gradient,20.71231460571289,0.06556335755319154,ROBUST_MODEL_INLIER,FIT,0.04454421850062194,SYNTHETIC_SOURCE,SYNTHETIC_TARGET
1128,75.41895294189453,500.79388427734375,84.41361236572266,494.7897033691406,75.41895294189453,500.79388427734375,84.41361236572266,494.7897033691406,SIFT:gradient,28.635643005371094,0.06561322413794309,ROBUST_MODEL_INLIER,FIT,0.00655162011577692,SYNTHETIC_SOURCE,SYNTHETIC_TARGET
1129,606.582763671875,173.7744140625,615.5615844726562,167.7889404296875,606.582763671875,173.7744140625,615.5615844726562,167.7889404296875,SIFT:gradient,28.47806167602539,0.06565112245887207,ROBUST_MODEL_INLIER,FIT,0.026156555503282518,SYNTHETIC_SOURCE,SYNTHETIC_TARGET
1130,121.41268157958984,399.5120849609375,130.43014526367188,393.526611328125,121.41268157958984,399.5120849609375,130.43014526367188,393.526611328125,SIFT:gradient,26.381811141967773,0.06566989251984065,ROBUST_MODEL_INLIER,FIT,0.022995527953598317,SYNTHETIC_SOURCE,SYNTHETIC_TARGET
1131,345.3553161621094,492.34246826171875,354.36492919921875,486.2906494140625,345.3553161621094,492.34246826171875,354.36492919921875,486.2906494140625,SIFT:gradient,23.473388671875,0.06567942369033047,ROBUST_MODEL_INLIER,FIT,0.052075043654366306,SYNTHETIC_SOURCE,SYNTHETIC_TARGET
1132,184.3319549560547,422.7696228027344,193.3029022216797,416.79937744140625,184.3319549560547,422.7696228027344,193.3029022216797,416.79937744140625,SIFT:gradient,19.697715759277344,0.06573762016798437,ROBUST_MODEL_INLIER,FIT,0.04213055281589242,SYNTHETIC_SOURCE,SYNTHETIC_TARGET
1133,279.4414978027344,211.78826904296875,288.469482421875,205.82351684570312,279.4414978027344,211.78826904296875,288.469482421875,205.82351684570312,SIFT:gradient,23.706539154052734,0.06587462766077432,ROBUST_MODEL_INLIER,FIT,0.045391950752082376,SYNTHETIC_SOURCE,SYNTHETIC_TARGET
1134,458.3475341796875,255.6024169921875,467.3553771972656,249.592529296875,458.3475341796875,255.6024169921875,467.3553771972656,249.592529296875,SIFT:gradient,27.276363372802734,0.06587705915589626,ROBUST_MODEL_INLIER,HELD_OUT,0.012050386542930704,SYNTHETIC_SOURCE,SYNTHETIC_TARGET
1135,328.05902099609375,529.4224243164062,337.08575439453125,523.4237060546875,328.05902099609375,529.4224243164062,337.08575439453125,523.4237060546875,SIFT:gradient,23.64318084716797,0.06596935490270978,ROBUST_MODEL_INLIER,FIT,0.026648067346539094,SYNTHETIC_SOURCE,SYNTHETIC_TARGET
1136,573.2696533203125,549.937744140625,582.3137817382812,543.9884033203125,573.2696533203125,549.937744140625,582.3137817382812,543.9884033203125,SIFT:gradient,17.492855072021484,0.06597085791390132,ROBUST_MODEL_INLIER,HELD_OUT,0.06754582493133716,SYNTHETIC_SOURCE,SYNTHETIC_TARGET
1137,572.197265625,164.39913940429688,581.2134399414062,158.5065155029297,572.197265625,164.39913940429688,581.2134399414062,158.5065155029297,SIFT:gradient,25.079872131347656,0.06603465404690403,ROBUST_MODEL_INLIER,FIT,0.10916853580777337,SYNTHETIC_SOURCE,SYNTHETIC_TARGET
1138,428.62518310546875,358.1501159667969,437.552978515625,352.1336364746094,428.62518310546875,358.1501159667969,437.552978515625,352.1336364746094,SIFT:gradient,28.600698471069336,0.06607321868224357,ROBUST_MODEL_INLIER,FIT,0.07407692484073539,SYNTHETIC_SOURCE,SYNTHETIC_TARGET
1139,308.47979736328125,168.04306030273438,317.4580078125,162.0554656982422,308.47979736328125,168.04306030273438,317.4580078125,162.0554656982422,SIFT:gradient,13.56466007232666,0.06613053190167756,ROBUST_MODEL_INLIER,FIT,0.02551209754791128,SYNTHETIC_SOURCE,SYNTHETIC_TARGET
1140,465.4901428222656,280.4342041015625,474.4857482910156,274.4498596191406,465.4901428222656,280.4342041015625,474.4857482910156,274.4498596191406,SIFT:gradient,22.516660690307617,0.06625183986510888,ROBUST_MODEL_INLIER,HELD_OUT,0.016889487599657218,SYNTHETIC_SOURCE,SYNTHETIC_TARGET
1141,499.0172119140625,108.36089324951172,508.0119323730469,102.36251068115234,499.0172119140625,108.36089324951172,508.0119323730469,102.36251068115234,SIFT:gradient,23.494680404663086,0.06631018270332918,ROBUST_MODEL_INLIER,FIT,0.005871204514768899,SYNTHETIC_SOURCE,SYNTHETIC_TARGET
1142,350.1543884277344,44.4134635925293,359.15911865234375,38.43977355957031,350.1543884277344,44.4134635925293,359.15911865234375,38.43977355957031,SIFT:gradient,14.491376876831055,0.06645114050308684,ROBUST_MODEL_INLIER,FIT,0.027306744801305734,SYNTHETIC_SOURCE,SYNTHETIC_TARGET
1143,141.1403350830078,26.841989517211914,150.22125244140625,20.91419792175293,141.1403350830078,26.841989517211914,150.22125244140625,20.91419792175293,SIFT:gradient,21.40093421936035,0.06647471311535239,ROBUST_MODEL_INLIER,HELD_OUT,0.10874520401214444,SYNTHETIC_SOURCE,SYNTHETIC_TARGET
1144,55.37638854980469,603.858154296875,64.37188720703125,597.8504028320312,55.37638854980469,603.858154296875,64.37188720703125,597.8504028320312,SIFT:gradient,19.748416900634766,0.06648997327212833,ROBUST_MODEL_INLIER,FIT,0.008523764985119331,SYNTHETIC_SOURCE,SYNTHETIC_TARGET
1145,295.622314453125,315.69293212890625,304.65362548828125,309.71588134765625,295.622314453125,315.69293212890625,304.65362548828125,309.71588134765625,SIFT:gradient,23.579652786254883,0.06660918866173696,ROBUST_MODEL_INLIER,FIT,0.039062798022087016,SYNTHETIC_SOURCE,SYNTHETIC_TARGET
1146,168.0596466064453,207.48025512695312,177.1435089111328,201.54566955566406,168.0596466064453,207.48025512695312,177.1435089111328,201.54566955566406,SIFT:gradient,23.130067825317383,0.06662268634987742,ROBUST_MODEL_INLIER,FIT,0.10661420307055115,SYNTHETIC_SOURCE,SYNTHETIC_TARGET
1147,355.8704833984375,154.630859375,364.866455078125,148.67788696289062,355.8704833984375,154.630859375,364.866455078125,148.67788696289062,SIFT:gradient,27.604347229003906,0.06668144849264078,ROBUST_MODEL_INLIER,FIT,0.04782105465945478,SYNTHETIC_SOURCE,SYNTHETIC_TARGET
1148,457.677001953125,481.93328857421875,466.66339111328125,475.9559020996094,457.677001953125,481.93328857421875,466.66339111328125,475.9559020996094,SIFT:gradient,21.470911026000977,0.06670268840085543,ROBUST_MODEL_INLIER,FIT,0.026995933096176792,SYNTHETIC_SOURCE,SYNTHETIC_TARGET
1149,236.37478637695312,313.8922424316406,245.34063720703125,307.8365478515625,236.37478637695312,313.8922424316406,245.34063720703125,307.8365478515625,SIFT:gradient,19.493589401245117,0.0667064689405721,ROBUST_MODEL_INLIER,FIT,0.06489131544505011,SYNTHETIC_SOURCE,SYNTHETIC_TARGET
1150,246.5174102783203,135.81446838378906,255.4649658203125,129.86610412597656,246.5174102783203,135.81446838378906,255.4649658203125,129.86610412597656,SIFT:gradient,18.493242263793945,0.06676956634078135,ROBUST_MODEL_INLIER,HELD_OUT,0.07413571035186842,SYNTHETIC_SOURCE,SYNTHETIC_TARGET
1151,585.5579223632812,154.43084716796875,594.5460815429688,148.44515991210938,585.5579223632812,154.43084716796875,594.5460815429688,148.44515991210938,SIFT:gradient,17.804492950439453,0.06683036882284507,ROBUST_MODEL_INLIER,FIT,0.019145250734618594,SYNTHETIC_SOURCE,SYNTHETIC_TARGET
1152,470.1162109375,347.95709228515625,479.0723876953125,341.9883728027344,470.1162109375,347.95709228515625,479.0723876953125,341.9883728027344,SIFT:gradient,21.610183715820312,0.06684951124751423,ROBUST_MODEL_INLIER,FIT,0.054322197724361185,SYNTHETIC_SOURCE,SYNTHETIC_TARGET
1153,567.5445556640625,547.560546875,576.549560546875,541.5521850585938,567.5445556640625,547.560546875,576.549560546875,541.5521850585938,SIFT:gradient,23.366641998291016,0.06687329171064531,ROBUST_MODEL_INLIER,FIT,0.009144942494775246,SYNTHETIC_SOURCE,SYNTHETIC_TARGET
1154,107.11205291748047,528.9194946289062,116.10553741455078,522.9186401367188,107.11205291748047,528.9194946289062,116.10553741455078,522.9186401367188,SIFT:gradient,29.171903610229492,0.06687971917099801,ROBUST_MODEL_INLIER,HELD_OUT,0.00667255871706733,SYNTHETIC_SOURCE,SYNTHETIC_TARGET
1155,429.6341857910156,352.1085205078125,438.58001708984375,346.0837707519531,429.6341857910156,352.1085205078125,438.58001708984375,346.0837707519531,SIFT:gradient,21.908903121948242,0.06698216919649026,ROBUST_MODEL_INLIER,FIT,0.05944336199458834,SYNTHETIC_SOURCE,SYNTHETIC_TARGET
1156,562.9114990234375,195.42788696289062,571.92431640625,189.4097137451172,562.9114990234375,195.42788696289062,571.92431640625,189.4097137451172,SIFT:gradient,21.1660099029541,0.06717574599919648,ROBUST_MODEL_INLIER,FIT,0.02165297439051829,SYNTHETIC_SOURCE,SYNTHETIC_TARGET
1157,578.6594848632812,493.0451354980469,587.645263671875,487.0615539550781,578.6594848632812,493.0451354980469,587.645263671875,487.0615539550781,SIFT:gradient,32.38827133178711,0.06718184885428967,ROBUST_MODEL_INLIER,FIT,0.02228420636679364,SYNTHETIC_SOURCE,SYNTHETIC_TARGET
1158,55.57444763183594,545.8145751953125,64.61813354492188,539.783447265625,55.57444763183594,545.8145751953125,64.61813354492188,539.783447265625,SIFT:gradient,19.67231559753418,0.06721346565423869,ROBUST_MODEL_INLIER,FIT,0.05316458386159256,SYNTHETIC_SOURCE,SYNTHETIC_TARGET
1159,518.1566162109375,59.42206954956055,527.149169921875,53.433189392089844,518.1566162109375,59.42206954956055,527.149169921875,53.433189392089844,SIFT:gradient,18.330303192138672,0.06723786075091803,ROBUST_MODEL_INLIER,FIT,0.013976422445674737,SYNTHETIC_SOURCE,SYNTHETIC_TARGET
1160,251.38009643554688,382.3233337402344,260.4292297363281,376.40264892578125,251.38009643554688,382.3233337402344,260.4292297363281,376.40264892578125,SIFT:gradient,23.64318084716797,0.06729315928516738,ROBUST_MODEL_INLIER,HELD_OUT,0.09374007530131347,SYNTHETIC_SOURCE,SYNTHETIC_TARGET
1161,252.0268096923828,213.04977416992188,261.01531982421875,207.0258026123047,252.0268096923828,213.04977416992188,261.01531982421875,207.0258026123047,SIFT:gradient,18.41195297241211,0.067309968671315,ROBUST_MODEL_INLIER,HELD_OUT,0.026101584842972612,SYNTHETIC_SOURCE,SYNTHETIC_TARGET
1162,243.6432342529297,96.05674743652344,252.64793395996094,90.04568481445312,243.6432342529297,96.05674743652344,252.64793395996094,90.04568481445312,SIFT:gradient,20.808652877807617,0.06733663168876253,ROBUST_MODEL_INLIER,FIT,0.011398519695448407,SYNTHETIC_SOURCE,SYNTHETIC_TARGET
1163,337.96478271484375,186.68515014648438,347.0054626464844,180.71971130371094,337.96478271484375,186.68515014648438,347.0054626464844,180.71971130371094,SIFT:gradient,21.095022201538086,0.06738110710464214,ROBUST_MODEL_INLIER,FIT,0.05366097857782473,SYNTHETIC_SOURCE,SYNTHETIC_TARGET
1164,269.9112548828125,524.4772338867188,278.9260559082031,518.457275390625,269.9112548828125,524.4772338867188,278.9260559082031,518.457275390625,SIFT:gradient,22.89104652404785,0.0674009890981303,ROBUST_MODEL_INLIER,FIT,0.024267826808215553,SYNTHETIC_SOURCE,SYNTHETIC_TARGET
1165,133.03663635253906,210.5611572265625,142.03773498535156,204.4639434814453,133.03663635253906,210.5611572265625,142.03773498535156,204.4639434814453,SIFT:gradient,16.970561981201172,0.06758820376123674,ROBUST_MODEL_INLIER,FIT,0.0966080257912149,SYNTHETIC_SOURCE,SYNTHETIC_TARGET
1166,575.1900024414062,136.61009216308594,584.17529296875,130.597412109375,575.1900024414062,136.61009216308594,584.17529296875,130.597412109375,SIFT:gradient,16.792856216430664,0.06760111112749127,ROBUST_MODEL_INLIER,HELD_OUT,0.019145718937949946,SYNTHETIC_SOURCE,SYNTHETIC_TARGET
1167,67.33256530761719,467.8554992675781,76.30326080322266,461.83966064453125,67.33256530761719,467.8554992675781,76.30326080322266,461.83966064453125,SIFT:gradient,24.59674835205078,0.06760129568564693,ROBUST_MODEL_INLIER,HELD_OUT,0.03316052680971822,SYNTHETIC_SOURCE,SYNTHETIC_TARGET
1168,100.4782943725586,98.91900634765625,109.41316986083984,92.89293670654297,100.4782943725586,98.91900634765625,109.41316986083984,92.89293670654297,SIFT:gradient,26.153392791748047,0.06760804518929311,ROBUST_MODEL_INLIER,FIT,0.0700662198055724,SYNTHETIC_SOURCE,SYNTHETIC_TARGET
1169,483.6684875488281,499.05633544921875,492.6898193359375,493.0498962402344,483.6684875488281,499.05633544921875,492.6898193359375,493.0498962402344,SIFT:gradient,29.96664810180664,0.06767550350494592,ROBUST_MODEL_INLIER,FIT,0.02196665787943282,SYNTHETIC_SOURCE,SYNTHETIC_TARGET
1170,523.6328735351562,483.4247131347656,532.6292724609375,477.3950500488281,523.6328735351562,483.4247131347656,532.6292724609375,477.3950500488281,SIFT:gradient,12.727922439575195,0.06772854647009996,ROBUST_MODEL_INLIER,FIT,0.029294220486226704,SYNTHETIC_SOURCE,SYNTHETIC_TARGET
1171,110.00236511230469,470.4720764160156,119.01499938964844,464.4383239746094,110.00236511230469,470.4720764160156,119.01499938964844,464.4383239746094,SIFT:gradient,20.420578002929688,0.06774680566437918,ROBUST_MODEL_INLIER,FIT,0.03541455478776274,SYNTHETIC_SOURCE,SYNTHETIC_TARGET
1172,23.291074752807617,300.6531677246094,32.33498764038086,294.655029296875,23.291074752807617,300.6531677246094,32.33498764038086,294.655029296875,SIFT:gradient,27.712812423706055,0.06786447375619013,ROBUST_MODEL_INLIER,FIT,0.04383006086836428,SYNTHETIC_SOURCE,SYNTHETIC_TARGET
1173,585.2127685546875,223.87191772460938,594.212158203125,217.86546325683594,585.2127685546875,223.87191772460938,594.212158203125,217.86546325683594,SIFT:gradient,18.466184616088867,0.06794459303699786,ROBUST_MODEL_INLIER,FIT,0.005893706040860636,SYNTHETIC_SOURCE,SYNTHETIC_TARGET
1174,485.3013610839844,227.4650421142578,494.308837890625,221.474853515625,485.3013610839844,227.4650421142578,494.308837890625,221.474853515625,SIFT:gradient,15.132745742797852,0.06798436668823726,ROBUST_MODEL_INLIER,FIT,0.012738018465416886,SYNTHETIC_SOURCE,SYNTHETIC_TARGET
1175,253.3080291748047,230.32264709472656,262.2725524902344,224.37359619140625,253.3080291748047,230.32264709472656,262.2725524902344,224.37359619140625,SIFT:gradient,24.474475860595703,0.06804506029522464,ROBUST_MODEL_INLIER,FIT,0.06267233647419355,SYNTHETIC_SOURCE,SYNTHETIC_TARGET
1176,394.100341796875,304.7931213378906,403.1230773925781,298.8125,394.100341796875,304.7931213378906,403.1230773925781,298.8125,SIFT:gradient,26.739484786987305,0.06819633251843256,ROBUST_MODEL_INLIER,FIT,0.030158794893593504,SYNTHETIC_SOURCE,SYNTHETIC_TARGET
1177,421.1310119628906,238.6679229736328,430.10894775390625,232.67930603027344,421.1310119628906,238.6679229736328,430.10894775390625,232.67930603027344,SIFT:gradient,21.40093421936035,0.06844384149612863,ROBUST_MODEL_INLIER,HELD_OUT,0.025247334586284465,SYNTHETIC_SOURCE,SYNTHETIC_TARGET
1178,377.316162109375,188.92442321777344,386.280029296875,182.91229248046875,377.316162109375,188.92442321777344,386.280029296875,182.91229248046875,SIFT:gradient,17.549928665161133,0.0686744986439476,ROBUST_MODEL_INLIER,FIT,0.038070323995952095,SYNTHETIC_SOURCE,SYNTHETIC_TARGET
1179,508.0092468261719,63.81351089477539,516.974365234375,57.77937316894531,508.0092468261719,63.81351089477539,516.974365234375,57.77937316894531,SIFT:gradient,24.576412200927734,0.06867787104024664,ROBUST_MODEL_INLIER,FIT,0.04849204647830711,SYNTHETIC_SOURCE,SYNTHETIC_TARGET
1180,240.5832977294922,403.08599853515625,249.5052490234375,397.1258544921875,240.5832977294922,403.08599853515625,249.5052490234375,397.1258544921875,SIFT:gradient,24.899799346923828,0.06871270312742118,ROBUST_MODEL_INLIER,HELD_OUT,0.08805091996070101,SYNTHETIC_SOURCE,SYNTHETIC_TARGET
1181,273.6562805175781,275.7977600097656,282.7053527832031,269.7655944824219,273.6562805175781,275.7977600097656,282.7053527832031,269.7655944824219,SIFT:gradient,21.540658950805664,0.06871976174685611,ROBUST_MODEL_INLIER,FIT,0.058213950116966735,SYNTHETIC_SOURCE,SYNTHETIC_TARGET
1182,65.89066314697266,564.9722290039062,74.89474487304688,558.8907470703125,65.89066314697266,564.9722290039062,74.89474487304688,558.8907470703125,SIFT:gradient,19.442222595214844,0.06890507509190927,ROBUST_MODEL_INLIER,FIT,0.08096697417529553,SYNTHETIC_SOURCE,SYNTHETIC_TARGET
1183,326.33282470703125,532.3403930664062,335.37237548828125,526.3609619140625,326.33282470703125,532.3403930664062,335.37237548828125,526.3609619140625,SIFT:gradient,28.160255432128906,0.06892775172734839,ROBUST_MODEL_INLIER,FIT,0.04473003598847424,SYNTHETIC_SOURCE,SYNTHETIC_TARGET
1184,202.5623321533203,39.24306106567383,211.5006866455078,33.2553596496582,202.5623321533203,39.24306106567383,211.5006866455078,33.2553596496582,SIFT:gradient,21.954498291015625,0.06893134355587444,ROBUST_MODEL_INLIER,FIT,0.06313196693819993,SYNTHETIC_SOURCE,SYNTHETIC_TARGET
1185,501.8990173339844,302.4859313964844,510.89630126953125,296.4982604980469,501.8990173339844,302.4859313964844,510.89630126953125,296.4982604980469,SIFT:gradient,23.83275032043457,0.06898573483507191,ROBUST_MODEL_INLIER,FIT,0.01325362642612861,SYNTHETIC_SOURCE,SYNTHETIC_TARGET
1186,27.868427276611328,497.8678894042969,36.88226318359375,491.8868713378906,27.868427276611328,497.8678894042969,36.88226318359375,491.8868713378906,SIFT:gradient,31.62277603149414,0.068995054294693,ROBUST_MODEL_INLIER,FIT,0.023897507380723767,SYNTHETIC_SOURCE,SYNTHETIC_TARGET
1187,364.720947265625,150.0585479736328,373.6839294433594,144.0250244140625,364.720947265625,150.0585479736328,373.6839294433594,144.0250244140625,SIFT:gradient,15.620499610900879,0.06899780609360105,ROBUST_MODEL_INLIER,FIT,0.04964794711314241,SYNTHETIC_SOURCE,SYNTHETIC_TARGET
1188,465.5644836425781,380.3253479003906,474.594482421875,374.3345642089844,465.5644836425781,380.3253479003906,474.594482421875,374.3345642089844,SIFT:gradient,21.424285888671875,0.06903091366737969,ROBUST_MODEL_INLIER,FIT,0.03142225948726384,SYNTHETIC_SOURCE,SYNTHETIC_TARGET
1189,65.89066314697266,564.9722290039062,74.89474487304688,558.8907470703125,65.89066314697266,564.9722290039062,74.89474487304688,558.8907470703125,SIFT:gradient,18.520259857177734,0.06910592724946005,ROBUST_MODEL_INLIER,FIT,0.08096697417529553,SYNTHETIC_SOURCE,SYNTHETIC_TARGET
1190,162.9518280029297,513.0534057617188,171.9292449951172,507.0997314453125,162.9518280029297,513.0534057617188,171.9292449951172,507.0997314453125,SIFT:gradient,15.937376976013184,0.06911678207836075,ROBUST_MODEL_INLIER,HELD_OUT,0.05215264814143853,SYNTHETIC_SOURCE,SYNTHETIC_TARGET
1191,301.800537109375,360.98419189453125,310.7907409667969,354.96160888671875,301.800537109375,360.98419189453125,310.7907409667969,354.96160888671875,SIFT:gradient,29.257476806640625,0.06927607220280883,ROBUST_MODEL_INLIER,FIT,0.02412000954851591,SYNTHETIC_SOURCE,SYNTHETIC_TARGET
1192,182.32818603515625,276.2102966308594,191.32369995117188,270.20989990234375,182.32818603515625,276.2102966308594,191.32369995117188,270.20989990234375,SIFT:gradient,22.86919403076172,0.0693161839595516,ROBUST_MODEL_INLIER,FIT,0.004643588221415867,SYNTHETIC_SOURCE,SYNTHETIC_TARGET
1193,141.1403350830078,26.841989517211914,150.22125244140625,20.91419792175293,141.1403350830078,26.841989517211914,150.22125244140625,20.91419792175293,SIFT:gradient,24.474475860595703,0.0694152898590427,ROBUST_MODEL_INLIER,FIT,0.10874520401214444,SYNTHETIC_SOURCE,SYNTHETIC_TARGET
1194,190.60919189453125,591.3938598632812,199.5243377685547,585.4544067382812,190.60919189453125,591.3938598632812,199.5243377685547,585.4544067382812,SIFT:gradient,23.043437957763672,0.06950069437426147,ROBUST_MODEL_INLIER,FIT,0.10472033118413465,SYNTHETIC_SOURCE,SYNTHETIC_TARGET
1195,184.0828857421875,70.08197021484375,193.08277893066406,64.17123413085938,184.0828857421875,70.08197021484375,193.08277893066406,64.17123413085938,SIFT:gradient,27.40437889099121,0.06952448707317004,ROBUST_MODEL_INLIER,FIT,0.08987464192284955,SYNTHETIC_SOURCE,SYNTHETIC_TARGET
1196,609.8743286132812,307.03729248046875,618.9287109375,301.01910400390625,609.8743286132812,307.03729248046875,618.9287109375,301.01910400390625,SIFT:gradient,30.5941162109375,0.06952885129544567,ROBUST_MODEL_INLIER,HELD_OUT,0.057007497583507254,SYNTHETIC_SOURCE,SYNTHETIC_TARGET
1197,362.7376403808594,403.44073486328125,371.7156677246094,397.4460144042969,362.7376403808594,403.44073486328125,371.7156677246094,397.4460144042969,SIFT:gradient,14.798648834228516,0.06972896814535232,ROBUST_MODEL_INLIER,HELD_OUT,0.02289579137885635,SYNTHETIC_SOURCE,SYNTHETIC_TARGET
1198,253.06845092773438,161.84547424316406,262.1009521484375,155.85975646972656,253.06845092773438,161.84547424316406,262.1009521484375,155.85975646972656,SIFT:gradient,19.79899024963379,0.06974935134090259,ROBUST_MODEL_INLIER,FIT,0.035612117713598276,SYNTHETIC_SOURCE,SYNTHETIC_TARGET
1199,257.115234375,331.4857482910156,266.10333251953125,325.4428405761719,257.115234375,331.4857482910156,266.10333251953125,325.4428405761719,SIFT:gradient,27.221315383911133,0.06989896193166956,ROBUST_MODEL_INLIER,FIT,0.04398154778143234,SYNTHETIC_SOURCE,SYNTHETIC_TARGET
1200,262.376220703125,390.54144287109375,271.3004455566406,384.54168701171875,262.376220703125,390.54144287109375,271.3004455566406,384.54168701171875,SIFT:gradient,30.049959182739258,0.06995820047572969,ROBUST_MODEL_INLIER,FIT,0.07593254245854708,SYNTHETIC_SOURCE,SYNTHETIC_TARGET
1201,337.30255126953125,436.05804443359375,346.301025390625,430.0876770019531,337.30255126953125,436.05804443359375,346.301025390625,430.0876770019531,SIFT:gradient,28.618175506591797,0.0699733917509242,ROBUST_MODEL_INLIER,HELD_OUT,0.03028946114062044,SYNTHETIC_SOURCE,SYNTHETIC_TARGET
1202,32.86260223388672,202.44232177734375,41.89141082763672,196.29368591308594,32.86260223388672,202.44232177734375,41.89141082763672,196.29368591308594,SIFT:gradient,31.064449310302734,0.06999995908324744,ROBUST_MODEL_INLIER,FIT,0.15077373471703437,SYNTHETIC_SOURCE,SYNTHETIC_TARGET
1203,578.7905883789062,150.6025848388672,587.7785034179688,144.5909423828125,578.7905883789062,150.6025848388672,587.7785034179688,144.5909423828125,SIFT:gradient,22.29349708557129,0.07008731756402223,ROBUST_MODEL_INLIER,FIT,0.01647619285051274,SYNTHETIC_SOURCE,SYNTHETIC_TARGET
1204,191.0596923828125,433.9993896484375,200.0352325439453,428.0403137207031,191.0596923828125,433.9993896484375,200.0352325439453,428.0403137207031,SIFT:gradient,12.206555366516113,0.07010516206184866,ROBUST_MODEL_INLIER,FIT,0.0482791871684166,SYNTHETIC_SOURCE,SYNTHETIC_TARGET
1205,283.3694152832031,354.0229797363281,292.4059753417969,348.05010986328125,283.3694152832031,354.0229797363281,292.4059753417969,348.05010986328125,SIFT:gradient,24.75883674621582,0.07011387749056035,ROBUST_MODEL_INLIER,HELD_OUT,0.04577158585055534,SYNTHETIC_SOURCE,SYNTHETIC_TARGET
1206,569.2680053710938,220.73599243164062,578.3115234375,214.73025512695312,569.2680053710938,220.73599243164062,578.3115234375,214.73025512695312,SIFT:gradient,21.908903121948242,0.07014702290076336,ROBUST_MODEL_INLIER,HELD_OUT,0.04366749792734959,SYNTHETIC_SOURCE,SYNTHETIC_TARGET
1207,435.4534912109375,355.4190368652344,444.4383239746094,349.4290466308594,435.4534912109375,355.4190368652344,444.4383239746094,349.4290466308594,SIFT:gradient,20.248456954956055,0.07018160309877286,ROBUST_MODEL_INLIER,HELD_OUT,0.018640920126689883,SYNTHETIC_SOURCE,SYNTHETIC_TARGET
1208,192.33274841308594,431.0470886230469,201.32403564453125,425.04876708984375,192.33274841308594,431.0470886230469,201.32403564453125,425.04876708984375,SIFT:gradient,11.87434196472168,0.07023779180232685,ROBUST_MODEL_INLIER,FIT,0.009156049059755849,SYNTHETIC_SOURCE,SYNTHETIC_TARGET
1209,487.8601379394531,250.52635192871094,496.8180236816406,244.58229064941406,487.8601379394531,250.52635192871094,496.8180236816406,244.58229064941406,SIFT:gradient,19.287302017211914,0.07024672944720155,ROBUST_MODEL_INLIER,FIT,0.07059946047807061,SYNTHETIC_SOURCE,SYNTHETIC_TARGET
1210,48.36031723022461,402.4629211425781,57.366756439208984,396.4542541503906,48.36031723022461,402.4629211425781,57.366756439208984,396.4542541503906,SIFT:gradient,15.905973434448242,0.0702834666952903,ROBUST_MODEL_INLIER,HELD_OUT,0.010219151771883166,SYNTHETIC_SOURCE,SYNTHETIC_TARGET
1211,114.18041229248047,222.95094299316406,123.1546401977539,216.96731567382812,114.18041229248047,222.95094299316406,123.1546401977539,216.96731567382812,SIFT:gradient,25.768198013305664,0.07028852391507263,ROBUST_MODEL_INLIER,FIT,0.030992136944882717,SYNTHETIC_SOURCE,SYNTHETIC_TARGET
1212,476.7977294921875,418.68402099609375,485.78546142578125,412.6528625488281,476.7977294921875,418.68402099609375,485.78546142578125,412.6528625488281,SIFT:gradient,26.34387969970703,0.0703068637044004,ROBUST_MODEL_INLIER,FIT,0.032976640281413803,SYNTHETIC_SOURCE,SYNTHETIC_TARGET
1213,338.5738220214844,527.5103149414062,347.5892639160156,521.4874877929688,338.5738220214844,527.5103149414062,347.5892639160156,521.4874877929688,SIFT:gradient,23.280893325805664,0.07031577069709798,ROBUST_MODEL_INLIER,FIT,0.026969407871439623,SYNTHETIC_SOURCE,SYNTHETIC_TARGET
1214,158.89996337890625,82.21913146972656,167.94635009765625,76.21904754638672,158.89996337890625,82.21913146972656,167.94635009765625,76.21904754638672,SIFT:gradient,10.049875259399414,0.07033907224382355,ROBUST_MODEL_INLIER,FIT,0.04623712775460237,SYNTHETIC_SOURCE,SYNTHETIC_TARGET
1215,44.12699890136719,205.5679473876953,53.14181137084961,199.56427001953125,44.12699890136719,205.5679473876953,53.14181137084961,199.56427001953125,SIFT:gradient,25.05992889404297,0.07038945033973067,ROBUST_MODEL_INLIER,FIT,0.014977273420745342,SYNTHETIC_SOURCE,SYNTHETIC_TARGET
1216,364.6186828613281,516.2459106445312,373.5934143066406,510.2059326171875,364.6186828613281,516.2459106445312,373.5934143066406,510.2059326171875,SIFT:gradient,22.912878036499023,0.07042852319347608,ROBUST_MODEL_INLIER,FIT,0.046862014322849775,SYNTHETIC_SOURCE,SYNTHETIC_TARGET
1217,82.83454895019531,39.94620895385742,91.86509704589844,33.98448181152344,82.83454895019531,39.94620895385742,91.86509704589844,33.98448181152344,SIFT:gradient,30.133037567138672,0.07043852647417358,ROBUST_MODEL_INLIER,HELD_OUT,0.04935373192665648,SYNTHETIC_SOURCE,SYNTHETIC_TARGET
1218,260.51666259765625,531.6347045898438,269.5486755371094,525.6221923828125,260.51666259765625,531.6347045898438,269.5486755371094,525.6221923828125,SIFT:gradient,23.958297729492188,0.07052906399479943,ROBUST_MODEL_INLIER,HELD_OUT,0.034010824237073564,SYNTHETIC_SOURCE,SYNTHETIC_TARGET
1219,41.51457214355469,514.6201171875,50.433597564697266,508.70025634765625,41.51457214355469,514.6201171875,50.433597564697266,508.70025634765625,SIFT:gradient,20.952327728271484,0.07060180852857942,ROBUST_MODEL_INLIER,HELD_OUT,0.11446440856170946,SYNTHETIC_SOURCE,SYNTHETIC_TARGET
1220,340.6079406738281,26.4681453704834,349.651611328125,20.4639892578125,340.6079406738281,26.4681453704834,349.651611328125,20.4639892578125,SIFT:gradient,28.17800521850586,0.0707068948300491,ROBUST_MODEL_INLIER,FIT,0.04366227806215127,SYNTHETIC_SOURCE,SYNTHETIC_TARGET
1221,472.8283386230469,258.7976379394531,481.7603454589844,252.78746032714844,472.8283386230469,258.7976379394531,481.7603454589844,252.78746032714844,SIFT:gradient,23.021728515625,0.07076443688749269,ROBUST_MODEL_INLIER,HELD_OUT,0.06881406823728592,SYNTHETIC_SOURCE,SYNTHETIC_TARGET
1222,531.5975952148438,150.54014587402344,540.6006469726562,144.5658721923828,531.5975952148438,150.54014587402344,540.6006469726562,144.5658721923828,SIFT:gradient,28.94822883605957,0.07110226738574303,ROBUST_MODEL_INLIER,HELD_OUT,0.02649576133666855,SYNTHETIC_SOURCE,SYNTHETIC_TARGET
1223,144.4078826904297,575.4268798828125,153.4083251953125,569.3976440429688,144.4078826904297,575.4268798828125,153.4083251953125,569.3976440429688,SIFT:gradient,17.69180679321289,0.0711088002740704,ROBUST_MODEL_INLIER,FIT,0.02862695637336146,SYNTHETIC_SOURCE,SYNTHETIC_TARGET
1224,548.5000610351562,201.85409545898438,557.5264282226562,195.86666870117188,548.5000610351562,201.85409545898438,557.5264282226562,195.86666870117188,SIFT:gradient,26.019224166870117,0.07141780838269182,ROBUST_MODEL_INLIER,FIT,0.029343012402357108,SYNTHETIC_SOURCE,SYNTHETIC_TARGET
1225,552.185302734375,293.5136413574219,561.2041625976562,287.5061950683594,552.185302734375,293.5136413574219,561.2041625976562,287.5061950683594,SIFT:gradient,30.446674346923828,0.07143643622858047,ROBUST_MODEL_INLIER,HELD_OUT,0.019917133178361537,SYNTHETIC_SOURCE,SYNTHETIC_TARGET
1226,84.81217193603516,411.36181640625,93.81997680664062,405.3459777832031,84.81217193603516,411.36181640625,93.81997680664062,405.3459777832031,SIFT:gradient,16.462078094482422,0.07146558405426531,ROBUST_MODEL_INLIER,FIT,0.017042819108050323,SYNTHETIC_SOURCE,SYNTHETIC_TARGET
1227,80.1624984741211,410.586669921875,89.2132568359375,404.5503845214844,80.1624984741211,410.586669921875,89.2132568359375,404.5503845214844,SIFT:gradient,19.0,0.07151453207518518,ROBUST_MODEL_INLIER,HELD_OUT,0.06191650396716843,SYNTHETIC_SOURCE,SYNTHETIC_TARGET
1228,367.5274658203125,188.5205841064453,376.5403137207031,182.51837158203125,367.5274658203125,188.5205841064453,376.5403137207031,182.51837158203125,SIFT:gradient,19.235383987426758,0.07173687341280739,ROBUST_MODEL_INLIER,FIT,0.012796011773945043,SYNTHETIC_SOURCE,SYNTHETIC_TARGET
1229,81.95279693603516,499.622314453125,90.96073913574219,493.6240234375,81.95279693603516,499.622314453125,90.96073913574219,493.6240234375,SIFT:gradient,24.979991912841797,0.07176055480482099,ROBUST_MODEL_INLIER,FIT,0.008127568605756268,SYNTHETIC_SOURCE,SYNTHETIC_TARGET
1230,343.88836669921875,32.87932205200195,352.8580017089844,26.87213897705078,343.88836669921875,32.87932205200195,352.8580017089844,26.87213897705078,SIFT:gradient,14.764822959899902,0.07187914109536218,ROBUST_MODEL_INLIER,FIT,0.031217355226852143,SYNTHETIC_SOURCE,SYNTHETIC_TARGET
1231,495.0131530761719,30.773658752441406,504.0350036621094,24.779268264770508,495.0131530761719,30.773658752441406,504.0350036621094,24.779268264770508,SIFT:gradient,20.976177215576172,0.07189738106761664,ROBUST_MODEL_INLIER,FIT,0.022571881314419503,SYNTHETIC_SOURCE,SYNTHETIC_TARGET
1232,468.3409729003906,472.9451904296875,477.3002624511719,466.9990234375,468.3409729003906,472.9451904296875,477.3002624511719,466.9990234375,SIFT:gradient,24.73863410949707,0.071948386397896,ROBUST_MODEL_INLIER,FIT,0.06807251414365095,SYNTHETIC_SOURCE,SYNTHETIC_TARGET
1233,329.9729309082031,69.4461898803711,338.98516845703125,63.461849212646484,329.9729309082031,69.4461898803711,338.98516845703125,63.461849212646484,SIFT:gradient,27.92848014831543,0.07194860590011935,ROBUST_MODEL_INLIER,HELD_OUT,0.02026694089017433,SYNTHETIC_SOURCE,SYNTHETIC_TARGET
1234,108.53570556640625,474.51361083984375,117.5509262084961,468.5148010253906,108.53570556640625,474.51361083984375,117.5509262084961,468.5148010253906,SIFT:gradient,17.37814712524414,0.07198836613079762,ROBUST_MODEL_INLIER,FIT,0.015175249297221785,SYNTHETIC_SOURCE,SYNTHETIC_TARGET
1235,435.4534912109375,355.4190368652344,444.4383239746094,349.4290466308594,435.4534912109375,355.4190368652344,444.4383239746094,349.4290466308594,SIFT:gradient,23.194826126098633,0.07199752481531435,ROBUST_MODEL_INLIER,FIT,0.018640920126689883,SYNTHETIC_SOURCE,SYNTHETIC_TARGET
1236,580.56884765625,239.71612548828125,589.607666015625,233.68817138671875,580.56884765625,239.71612548828125,589.607666015625,233.68817138671875,SIFT:gradient,23.216373443603516,0.07200857690147756,ROBUST_MODEL_INLIER,FIT,0.04735739169912556,SYNTHETIC_SOURCE,SYNTHETIC_TARGET
1237,370.2549743652344,265.9775695800781,379.2966003417969,260.0355529785156,370.2549743652344,265.9775695800781,379.2966003417969,260.0355529785156,SIFT:gradient,20.71231460571289,0.07205165937233735,ROBUST_MODEL_INLIER,FIT,0.0717862765923328,SYNTHETIC_SOURCE,SYNTHETIC_TARGET
1238,216.8935089111328,312.6908264160156,225.93930053710938,306.7299499511719,216.8935089111328,312.6908264160156,225.93930053710938,306.7299499511719,SIFT:gradient,22.69361114501953,0.07205918990708098,ROBUST_MODEL_INLIER,FIT,0.06051201162734644,SYNTHETIC_SOURCE,SYNTHETIC_TARGET
1239,255.42698669433594,164.962646484375,264.3984375,158.9434814453125,255.42698669433594,164.962646484375,264.3984375,158.9434814453125,SIFT:gradient,20.049938201904297,0.07207407006384241,ROBUST_MODEL_INLIER,FIT,0.03417702051384344,SYNTHETIC_SOURCE,SYNTHETIC_TARGET
1240,363.3840637207031,507.3874206542969,372.36639404296875,501.39300537109375,363.3840637207031,507.3874206542969,372.36639404296875,501.39300537109375,SIFT:gradient,14.662878036499023,0.07212511704097889,ROBUST_MODEL_INLIER,FIT,0.018868280896398217,SYNTHETIC_SOURCE,SYNTHETIC_TARGET
1241,47.11948776245117,168.51507568359375,56.10425567626953,162.52622985839844,47.11948776245117,168.51507568359375,56.10425567626953,162.52622985839844,SIFT:gradient,26.495283126831055,0.07213534610819021,ROBUST_MODEL_INLIER,FIT,0.01936729916519317,SYNTHETIC_SOURCE,SYNTHETIC_TARGET
1242,150.21240234375,96.04122924804688,159.0487060546875,90.1252670288086,150.21240234375,96.04122924804688,159.0487060546875,90.1252670288086,SIFT:gradient,20.371549606323242,0.07216380938162582,ROBUST_MODEL_INLIER,FIT,0.18442277729385473,SYNTHETIC_SOURCE,SYNTHETIC_TARGET
1243,42.265724182128906,278.58673095703125,51.276092529296875,272.5633239746094,42.265724182128906,278.58673095703125,51.276092529296875,272.5633239746094,SIFT:gradient,17.52141571044922,0.07218409465398787,ROBUST_MODEL_INLIER,FIT,0.02498095506883681,SYNTHETIC_SOURCE,SYNTHETIC_TARGET
1244,202.04762268066406,412.7896728515625,211.0523681640625,406.7983093261719,202.04762268066406,412.7896728515625,211.0523681640625,406.7983093261719,SIFT:gradient,18.16590118408203,0.0722109596092026,ROBUST_MODEL_INLIER,FIT,0.010324654153944174,SYNTHETIC_SOURCE,SYNTHETIC_TARGET
1245,561.9805908203125,240.0909423828125,570.9234619140625,234.0626678466797,561.9805908203125,240.0909423828125,570.9234619140625,234.0626678466797,SIFT:gradient,23.83275032043457,0.07246775935833938,ROBUST_MODEL_INLIER,FIT,0.06361192245894454,SYNTHETIC_SOURCE,SYNTHETIC_TARGET
1246,42.265724182128906,278.58673095703125,51.276092529296875,272.5633239746094,42.265724182128906,278.58673095703125,51.276092529296875,272.5633239746094,SIFT:gradient,17.549928665161133,0.07259974690657099,ROBUST_MODEL_INLIER,FIT,0.02498095506883681,SYNTHETIC_SOURCE,SYNTHETIC_TARGET
1247,421.6206359863281,269.0238342285156,430.6383056640625,263.00579833984375,421.6206359863281,269.0238342285156,430.6383056640625,263.00579833984375,SIFT:gradient,19.209373474121094,0.07262380605922994,ROBUST_MODEL_INLIER,FIT,0.024708253279910636,SYNTHETIC_SOURCE,SYNTHETIC_TARGET
1248,67.33256530761719,467.8554992675781,76.30326080322266,461.83966064453125,67.33256530761719,467.8554992675781,76.30326080322266,461.83966064453125,SIFT:gradient,26.07680892944336,0.07269631756219282,ROBUST_MODEL_INLIER,FIT,0.03316052680971822,SYNTHETIC_SOURCE,SYNTHETIC_TARGET
1249,604.3697509765625,183.06724548339844,613.34619140625,177.06690979003906,604.3697509765625,183.06724548339844,613.34619140625,177.06690979003906,SIFT:gradient,20.124610900878906,0.0727051075130409,ROBUST_MODEL_INLIER,FIT,0.023713748834348652,SYNTHETIC_SOURCE,SYNTHETIC_TARGET
1250,538.7606201171875,387.106201171875,547.7648315429688,381.0899963378906,538.7606201171875,387.106201171875,547.7648315429688,381.0899963378906,SIFT:gradient,23.916521072387695,0.07270702248824988,ROBUST_MODEL_INLIER,FIT,0.01611403261224643,SYNTHETIC_SOURCE,SYNTHETIC_TARGET
1251,249.32638549804688,112.29117584228516,258.3036804199219,106.25538635253906,249.32638549804688,112.29117584228516,258.3036804199219,106.25538635253906,SIFT:gradient,19.79899024963379,0.07272212096602892,ROBUST_MODEL_INLIER,FIT,0.04195288618226691,SYNTHETIC_SOURCE,SYNTHETIC_TARGET
1252,75.47881317138672,464.10504150390625,84.41483306884766,458.14208984375,75.47881317138672,464.10504150390625,84.41483306884766,458.14208984375,SIFT:gradient,22.56102752685547,0.07288338122690353,ROBUST_MODEL_INLIER,FIT,0.0743718967095858,SYNTHETIC_SOURCE,SYNTHETIC_TARGET
1253,344.17462158203125,379.9394226074219,353.1966247558594,373.92852783203125,344.17462158203125,379.9394226074219,353.1966247558594,373.92852783203125,SIFT:gradient,24.617067337036133,0.07292513645685182,ROBUST_MODEL_INLIER,FIT,0.024149896051299642,SYNTHETIC_SOURCE,SYNTHETIC_TARGET
1254,362.4454650878906,192.28834533691406,371.4216003417969,186.3174591064453,362.4454650878906,192.28834533691406,371.4216003417969,186.3174591064453,SIFT:gradient,21.725561141967773,0.07294565378440644,ROBUST_MODEL_INLIER,FIT,0.038214600698069943,SYNTHETIC_SOURCE,SYNTHETIC_TARGET
1255,265.16912841796875,521.1884765625,274.1976623535156,515.1972045898438,265.16912841796875,521.1884765625,274.1976623535156,515.1972045898438,SIFT:gradient,24.899799346923828,0.07296944020907166,ROBUST_MODEL_INLIER,FIT,0.029878189626910502,SYNTHETIC_SOURCE,SYNTHETIC_TARGET
1256,518.7171630859375,109.94608306884766,527.6959228515625,103.9268569946289,518.7171630859375,109.94608306884766,527.6959228515625,103.9268569946289,SIFT:gradient,19.235383987426758,0.07306496336522254,ROBUST_MODEL_INLIER,FIT,0.028358384553832404,SYNTHETIC_SOURCE,SYNTHETIC_TARGET
1257,443.4810791015625,337.3743591308594,452.47259521484375,331.3336181640625,443.4810791015625,337.3743591308594,452.47259521484375,331.3336181640625,SIFT:gradient,18.920886993408203,0.0731119476669079,ROBUST_MODEL_INLIER,FIT,0.0410494211014946,SYNTHETIC_SOURCE,SYNTHETIC_TARGET
1258,357.6440124511719,464.7313232421875,366.61077880859375,458.6775207519531,357.6440124511719,464.7313232421875,366.61077880859375,458.6775207519531,SIFT:gradient,31.480152130126953,0.0731146191087606,ROBUST_MODEL_INLIER,FIT,0.06280162419396867,SYNTHETIC_SOURCE,SYNTHETIC_TARGET
1259,241.6626739501953,202.0120391845703,250.6583709716797,196.0362091064453,241.6626739501953,202.0120391845703,250.6583709716797,196.0362091064453,SIFT:gradient,32.140316009521484,0.07321465676719519,ROBUST_MODEL_INLIER,FIT,0.025177649287369375,SYNTHETIC_SOURCE,SYNTHETIC_TARGET
1260,535.8754272460938,99.30181121826172,544.8978271484375,93.46214294433594,535.8754272460938,99.30181121826172,544.8978271484375,93.46214294433594,SIFT:gradient,23.579652786254883,0.07324180620286645,ROBUST_MODEL_INLIER,FIT,0.1624724449080515,SYNTHETIC_SOURCE,SYNTHETIC_TARGET
1261,84.81217193603516,411.36181640625,93.81997680664062,405.3459777832031,84.81217193603516,411.36181640625,93.81997680664062,405.3459777832031,SIFT:gradient,16.852298736572266,0.07325701776629796,ROBUST_MODEL_INLIER,HELD_OUT,0.017042819108050323,SYNTHETIC_SOURCE,SYNTHETIC_TARGET
1262,141.46678161621094,387.88189697265625,150.47158813476562,381.8990478515625,141.46678161621094,387.88189697265625,150.47158813476562,381.8990478515625,SIFT:gradient,19.131126403808594,0.07326009412846445,ROBUST_MODEL_INLIER,HELD_OUT,0.018360838172315406,SYNTHETIC_SOURCE,SYNTHETIC_TARGET
1263,514.6287841796875,80.21622467041016,523.6589965820312,74.19652557373047,514.6287841796875,80.21622467041016,523.6589965820312,74.19652557373047,SIFT:gradient,27.276363372802734,0.07326269801313495,ROBUST_MODEL_INLIER,HELD_OUT,0.03560860338605338,SYNTHETIC_SOURCE,SYNTHETIC_TARGET
1264,347.85968017578125,37.049415588378906,356.82635498046875,31.054536819458008,347.85968017578125,37.049415588378906,356.82635498046875,31.054536819458008,SIFT:gradient,19.595918655395508,0.073363630303067,ROBUST_MODEL_INLIER,FIT,0.03396487903368635,SYNTHETIC_SOURCE,SYNTHETIC_TARGET
1265,495.56201171875,445.4062805175781,504.5489807128906,439.3796691894531,495.56201171875,445.4062805175781,504.5489807128906,439.3796691894531,SIFT:gradient,24.289915084838867,0.07346965250036484,ROBUST_MODEL_INLIER,FIT,0.029152322829728565,SYNTHETIC_SOURCE,SYNTHETIC_TARGET
1266,75.13065338134766,366.7061462402344,84.12287139892578,360.73687744140625,75.13065338134766,366.7061462402344,84.12287139892578,360.73687744140625,SIFT:gradient,25.3968505859375,0.07348144809852436,ROBUST_MODEL_INLIER,FIT,0.032330331483695234,SYNTHETIC_SOURCE,SYNTHETIC_TARGET
1267,511.98187255859375,437.2164611816406,521.0057373046875,431.2357177734375,511.98187255859375,437.2164611816406,521.0057373046875,431.2357177734375,SIFT:gradient,28.75760841369629,0.0734842492974842,ROBUST_MODEL_INLIER,FIT,0.030934800550426095,SYNTHETIC_SOURCE,SYNTHETIC_TARGET
1268,491.5892028808594,298.8575744628906,500.56768798828125,292.8399963378906,491.5892028808594,298.8575744628906,500.56768798828125,292.8399963378906,SIFT:gradient,22.472204208374023,0.07359594053031272,ROBUST_MODEL_INLIER,HELD_OUT,0.027520629449378393,SYNTHETIC_SOURCE,SYNTHETIC_TARGET
1269,421.1310119628906,238.6679229736328,430.10894775390625,232.67930603027344,421.1310119628906,238.6679229736328,430.10894775390625,232.67930603027344,SIFT:gradient,22.649503707885742,0.07363599998730036,ROBUST_MODEL_INLIER,FIT,0.025247334586284465,SYNTHETIC_SOURCE,SYNTHETIC_TARGET
1270,325.9363708496094,35.06181716918945,334.96185302734375,29.102325439453125,325.9363708496094,35.06181716918945,334.96185302734375,29.102325439453125,SIFT:gradient,38.470767974853516,0.07364300016812855,ROBUST_MODEL_INLIER,FIT,0.04829419408724346,SYNTHETIC_SOURCE,SYNTHETIC_TARGET
1271,160.9538116455078,521.9209594726562,170.0143585205078,515.8853149414062,160.9538116455078,521.9209594726562,170.0143585205078,515.8853149414062,SIFT:gradient,16.852298736572266,0.0736449105344488,ROBUST_MODEL_INLIER,HELD_OUT,0.06982022387407288,SYNTHETIC_SOURCE,SYNTHETIC_TARGET
1272,563.7456665039062,567.3753051757812,572.7391357421875,561.3704223632812,563.7456665039062,567.3753051757812,572.7391357421875,561.3704223632812,SIFT:gradient,22.627416610717773,0.07380367488865075,ROBUST_MODEL_INLIER,FIT,0.007932281163927331,SYNTHETIC_SOURCE,SYNTHETIC_TARGET
1273,506.8492736816406,383.95294189453125,515.7982177734375,377.9930419921875,506.8492736816406,383.95294189453125,515.7982177734375,377.9930419921875,SIFT:gradient,20.639766693115234,0.07385725413599127,ROBUST_MODEL_INLIER,FIT,0.06541903964272199,SYNTHETIC_SOURCE,SYNTHETIC_TARGET
1274,482.2060546875,129.72802734375,491.1911926269531,123.70886993408203,482.2060546875,129.72802734375,491.1911926269531,123.70886993408203,SIFT:gradient,32.202484130859375,0.07392115261994935,ROBUST_MODEL_INLIER,FIT,0.02386279598180723,SYNTHETIC_SOURCE,SYNTHETIC_TARGET
1275,117.322509765625,480.43450927734375,126.32708740234375,474.47735595703125,117.322509765625,480.43450927734375,126.32708740234375,474.47735595703125,SIFT:gradient,22.090721130371094,0.07405409179564117,ROBUST_MODEL_INLIER,FIT,0.04368174243542452,SYNTHETIC_SOURCE,SYNTHETIC_TARGET
1276,604.4190673828125,248.66627502441406,613.418212890625,242.63644409179688,604.4190673828125,248.66627502441406,613.418212890625,242.63644409179688,SIFT:gradient,30.265491485595703,0.07405832556462644,ROBUST_MODEL_INLIER,FIT,0.029237930286826364,SYNTHETIC_SOURCE,SYNTHETIC_TARGET
1277,537.9410400390625,102.62757110595703,546.9695434570312,96.67403411865234,537.9410400390625,102.62757110595703,546.9695434570312,96.67403411865234,SIFT:gradient,18.30300521850586,0.07414864992924232,ROBUST_MODEL_INLIER,HELD_OUT,0.05495153490729278,SYNTHETIC_SOURCE,SYNTHETIC_TARGET
1278,417.09735107421875,36.02680587768555,426.055419921875,30.037221908569336,417.09735107421875,36.02680587768555,426.055419921875,30.037221908569336,SIFT:gradient,28.26658821105957,0.07425705331704484,ROBUST_MODEL_INLIER,FIT,0.04350427912247466,SYNTHETIC_SOURCE,SYNTHETIC_TARGET
1279,86.05909729003906,386.8341064453125,95.00331115722656,380.9151611328125,86.05909729003906,386.8341064453125,95.00331115722656,380.9151611328125,SIFT:gradient,26.495283126831055,0.07425727643486017,ROBUST_MODEL_INLIER,HELD_OUT,0.09898645906881343,SYNTHETIC_SOURCE,SYNTHETIC_TARGET
1280,510.62225341796875,152.49661254882812,519.6707153320312,146.48809814453125,510.62225341796875,152.49661254882812,519.6707153320312,146.48809814453125,SIFT:gradient,25.942243576049805,0.07429283106339352,ROBUST_MODEL_INLIER,HELD_OUT,0.04895166028653561,SYNTHETIC_SOURCE,SYNTHETIC_TARGET
1281,357.5358581542969,292.53216552734375,366.50250244140625,286.563232421875,357.5358581542969,292.53216552734375,366.50250244140625,286.563232421875,SIFT:gradient,23.473388671875,0.07443397639637736,ROBUST_MODEL_INLIER,FIT,0.046111323352629116,SYNTHETIC_SOURCE,SYNTHETIC_TARGET
1282,347.5905456542969,489.8309020996094,356.5952453613281,483.8550109863281,347.5905456542969,489.8309020996094,356.5952453613281,483.8550109863281,SIFT:gradient,24.351591110229492,0.07455620673581244,ROBUST_MODEL_INLIER,FIT,0.025133981652023494,SYNTHETIC_SOURCE,SYNTHETIC_TARGET
1283,168.92312622070312,333.28021240234375,178.01071166992188,327.3299255371094,168.92312622070312,333.28021240234375,178.01071166992188,327.3299255371094,SIFT:gradient,35.38361358642578,0.07458078909410332,ROBUST_MODEL_INLIER,HELD_OUT,0.10088091254662658,SYNTHETIC_SOURCE,SYNTHETIC_TARGET
1284,485.5285339355469,447.1836242675781,494.5396728515625,441.1303405761719,485.5285339355469,447.1836242675781,494.5396728515625,441.1303405761719,SIFT:gradient,24.779024124145508,0.07466441275133842,ROBUST_MODEL_INLIER,FIT,0.05380687814736465,SYNTHETIC_SOURCE,SYNTHETIC_TARGET
1285,143.36573791503906,197.8914794921875,152.44735717773438,191.92962646484375,143.36573791503906,197.8914794921875,152.44735717773438,191.92962646484375,SIFT:gradient,31.70173454284668,0.07473167108991081,ROBUST_MODEL_INLIER,FIT,0.09021612541186864,SYNTHETIC_SOURCE,SYNTHETIC_TARGET
1286,263.6162109375,263.4216613769531,272.6281433105469,257.4541015625,263.6162109375,263.4216613769531,272.6281433105469,257.4541015625,SIFT:gradient,32.264530181884766,0.07486191449302146,ROBUST_MODEL_INLIER,FIT,0.03508705375983543,SYNTHETIC_SOURCE,SYNTHETIC_TARGET
1287,251.16139221191406,220.91888427734375,260.1596984863281,214.8491973876953,251.16139221191406,220.91888427734375,260.1596984863281,214.8491973876953,SIFT:gradient,20.56696319580078,0.07488854308102583,ROBUST_MODEL_INLIER,HELD_OUT,0.06910120829183604,SYNTHETIC_SOURCE,SYNTHETIC_TARGET
1288,451.0332336425781,489.078369140625,460.0302734375,483.0649719238281,451.0332336425781,489.078369140625,460.0302734375,483.0649719238281,SIFT:gradient,30.282007217407227,0.07501293172201967,ROBUST_MODEL_INLIER,FIT,0.013160296447586865,SYNTHETIC_SOURCE,SYNTHETIC_TARGET
1289,225.1448211669922,104.41020965576172,234.20033264160156,98.45802307128906,225.1448211669922,104.41020965576172,234.20033264160156,98.45802307128906,SIFT:gradient,28.65309715270996,0.07503279221926057,ROBUST_MODEL_INLIER,FIT,0.07354908264493058,SYNTHETIC_SOURCE,SYNTHETIC_TARGET
1290,392.04779052734375,332.3193664550781,400.9956970214844,326.3681640625,392.04779052734375,332.3193664550781,400.9956970214844,326.3681640625,SIFT:gradient,40.89009475708008,0.0755129297528309,ROBUST_MODEL_INLIER,FIT,0.07190827993447953,SYNTHETIC_SOURCE,SYNTHETIC_TARGET
1291,494.8440856933594,147.03819274902344,503.8247375488281,141.06890869140625,494.8440856933594,147.03819274902344,503.8247375488281,141.06890869140625,SIFT:gradient,31.92177963256836,0.07554398219783917,ROBUST_MODEL_INLIER,FIT,0.036900071237569304,SYNTHETIC_SOURCE,SYNTHETIC_TARGET
1292,67.8741226196289,51.01029586791992,76.87737274169922,44.98949432373047,67.8741226196289,51.01029586791992,76.87737274169922,44.98949432373047,SIFT:gradient,27.80287742614746,0.07554655479414739,ROBUST_MODEL_INLIER,FIT,0.020427407512777006,SYNTHETIC_SOURCE,SYNTHETIC_TARGET
1293,521.8160400390625,350.5397644042969,530.8318481445312,344.52288818359375,521.8160400390625,350.5397644042969,530.8318481445312,344.52288818359375,SIFT:gradient,20.71231460571289,0.07555214926417204,ROBUST_MODEL_INLIER,FIT,0.022575954676135348,SYNTHETIC_SOURCE,SYNTHETIC_TARGET
1294,460.6804504394531,251.58729553222656,469.69830322265625,245.5594024658203,460.6804504394531,251.58729553222656,469.69830322265625,245.5594024658203,SIFT:gradient,21.840330123901367,0.07563004923651227,ROBUST_MODEL_INLIER,HELD_OUT,0.03252143052428696,SYNTHETIC_SOURCE,SYNTHETIC_TARGET
1295,547.3439331054688,351.2599182128906,556.2860107421875,345.2841491699219,547.3439331054688,351.2599182128906,556.2860107421875,345.2841491699219,SIFT:gradient,14.177447319030762,0.07564237240558006,ROBUST_MODEL_INLIER,FIT,0.06316478897507363,SYNTHETIC_SOURCE,SYNTHETIC_TARGET
1296,137.19081115722656,558.4464111328125,146.19590759277344,552.4736938476562,137.19081115722656,558.4464111328125,146.19590759277344,552.4736938476562,SIFT:gradient,21.1660099029541,0.07596197086872174,ROBUST_MODEL_INLIER,FIT,0.028327809360973906,SYNTHETIC_SOURCE,SYNTHETIC_TARGET
1297,345.52081298828125,517.0137329101562,354.5205078125,510.98016357421875,345.52081298828125,517.0137329101562,354.5205078125,510.98016357421875,SIFT:gradient,26.739484786987305,0.07607258220654041,ROBUST_MODEL_INLIER,FIT,0.03296216313609868,SYNTHETIC_SOURCE,SYNTHETIC_TARGET
1298,100.28665924072266,299.96630859375,109.31571197509766,293.9375305175781,100.28665924072266,299.96630859375,109.31571197509766,293.9375305175781,SIFT:gradient,20.420578002929688,0.07611145866508941,ROBUST_MODEL_INLIER,FIT,0.04035640192693004,SYNTHETIC_SOURCE,SYNTHETIC_TARGET
1299,185.40841674804688,80.2524642944336,194.42379760742188,74.2467041015625,185.40841674804688,80.2524642944336,194.42379760742188,74.2467041015625,SIFT:gradient,14.866068840026855,0.07627738688545536,ROBUST_MODEL_INLIER,HELD_OUT,0.01607548188719478,SYNTHETIC_SOURCE,SYNTHETIC_TARGET
1300,280.65191650390625,32.33943557739258,289.6804504394531,26.322208404541016,280.65191650390625,32.33943557739258,289.6804504394531,26.322208404541016,SIFT:gradient,22.045408248901367,0.07628168944256529,ROBUST_MODEL_INLIER,HELD_OUT,0.03288798632536763,SYNTHETIC_SOURCE,SYNTHETIC_TARGET
1301,305.46826171875,179.27346801757812,314.4761657714844,173.2771759033203,305.46826171875,179.27346801757812,314.4761657714844,173.2771759033203,SIFT:gradient,22.583179473876953,0.07647410203551844,ROBUST_MODEL_INLIER,HELD_OUT,0.00887312688084009,SYNTHETIC_SOURCE,SYNTHETIC_TARGET
1302,247.43923950195312,203.79393005371094,256.4245910644531,197.7750701904297,247.43923950195312,203.79393005371094,256.4245910644531,197.7750701904297,SIFT:gradient,19.157243728637695,0.07651886695511878,ROBUST_MODEL_INLIER,FIT,0.023497128134874687,SYNTHETIC_SOURCE,SYNTHETIC_TARGET
1303,269.58544921875,266.5857238769531,278.5763854980469,260.6001281738281,269.58544921875,266.5857238769531,278.5763854980469,260.6001281738281,SIFT:gradient,27.622453689575195,0.07653616772478276,ROBUST_MODEL_INLIER,HELD_OUT,0.017617605166337202,SYNTHETIC_SOURCE,SYNTHETIC_TARGET
1304,186.3131103515625,325.3498840332031,195.3623809814453,319.3623352050781,186.3131103515625,325.3498840332031,195.3623809814453,319.3623352050781,SIFT:gradient,28.390138626098633,0.0766377913352628,ROBUST_MODEL_INLIER,FIT,0.05082504740435228,SYNTHETIC_SOURCE,SYNTHETIC_TARGET
1305,191.6165771484375,350.3204345703125,200.6968231201172,344.3219299316406,191.6165771484375,350.3204345703125,200.6968231201172,344.3219299316406,SIFT:gradient,26.172504425048828,0.07676343779867519,ROBUST_MODEL_INLIER,FIT,0.08012105936368917,SYNTHETIC_SOURCE,SYNTHETIC_TARGET
1306,222.0525360107422,128.9588623046875,231.0497283935547,122.9782943725586,222.0525360107422,128.9588623046875,231.0497283935547,122.9782943725586,SIFT:gradient,25.238859176635742,0.07696097410063749,ROBUST_MODEL_INLIER,FIT,0.020259846762911447,SYNTHETIC_SOURCE,SYNTHETIC_TARGET
1307,297.58544921875,322.1439514160156,306.5812072753906,316.1355285644531,297.58544921875,322.1439514160156,306.5812072753906,316.1355285644531,SIFT:gradient,24.103940963745117,0.07700507143442112,ROBUST_MODEL_INLIER,FIT,0.00896365222201456,SYNTHETIC_SOURCE,SYNTHETIC_TARGET
1308,467.0610656738281,224.0109405517578,476.0663146972656,218.06214904785156,467.0610656738281,224.0109405517578,476.0663146972656,218.06214904785156,SIFT:gradient,34.914180755615234,0.07703796594935378,ROBUST_MODEL_INLIER,HELD_OUT,0.05206886428284275,SYNTHETIC_SOURCE,SYNTHETIC_TARGET
1309,189.5402374267578,327.2052307128906,198.55714416503906,321.1816101074219,189.5402374267578,327.2052307128906,198.55714416503906,321.1816101074219,SIFT:gradient,26.134267807006836,0.07704866975814675,ROBUST_MODEL_INLIER,HELD_OUT,0.028463544054487897,SYNTHETIC_SOURCE,SYNTHETIC_TARGET
1310,322.1315612792969,483.39422607421875,331.1092834472656,477.39801025390625,322.1315612792969,483.39422607421875,331.1092834472656,477.39801025390625,SIFT:gradient,24.392621994018555,0.07724523992682311,ROBUST_MODEL_INLIER,FIT,0.022856851112497394,SYNTHETIC_SOURCE,SYNTHETIC_TARGET
1311,343.0916442871094,540.8665161132812,352.0982666015625,534.8596801757812,343.0916442871094,540.8665161132812,352.0982666015625,534.8596801757812,SIFT:gradient,32.48076248168945,0.07729287585474225,ROBUST_MODEL_INLIER,FIT,0.008978601342008443,SYNTHETIC_SOURCE,SYNTHETIC_TARGET
1312,578.60302734375,222.94461059570312,587.5554809570312,216.9251708984375,578.60302734375,222.94461059570312,587.5554809570312,216.9251708984375,SIFT:gradient,24.14539337158203,0.0773073248451208,ROBUST_MODEL_INLIER,HELD_OUT,0.0512809559036646,SYNTHETIC_SOURCE,SYNTHETIC_TARGET
1313,38.576133728027344,288.5489807128906,47.64344787597656,282.4464416503906,38.576133728027344,288.5489807128906,47.64344787597656,282.4464416503906,SIFT:gradient,29.51270866394043,0.07743450728438388,ROBUST_MODEL_INLIER,FIT,0.12206611840672467,SYNTHETIC_SOURCE,SYNTHETIC_TARGET
1314,536.862060546875,45.95506286621094,545.8648071289062,40.00798416137695,536.862060546875,45.95506286621094,545.8648071289062,40.00798416137695,SIFT:gradient,30.626785278320312,0.07744117188380767,ROBUST_MODEL_INLIER,FIT,0.0535944587347255,SYNTHETIC_SOURCE,SYNTHETIC_TARGET
1315,519.8351440429688,482.37359619140625,528.8386840820312,476.3545227050781,519.8351440429688,482.37359619140625,528.8386840820312,476.3545227050781,SIFT:gradient,20.2237491607666,0.07744527839742038,ROBUST_MODEL_INLIER,FIT,0.018771312442540287,SYNTHETIC_SOURCE,SYNTHETIC_TARGET
1316,113.60585021972656,509.9293212890625,122.63860321044922,503.94342041015625,113.60585021972656,509.9293212890625,122.63860321044922,503.94342041015625,SIFT:gradient,24.31049156188965,0.07748366105412172,ROBUST_MODEL_INLIER,FIT,0.03576527436824269,SYNTHETIC_SOURCE,SYNTHETIC_TARGET
1317,309.20709228515625,334.3921203613281,318.2306823730469,328.3339538574219,309.20709228515625,334.3921203613281,318.2306823730469,328.3339538574219,SIFT:gradient,18.248287200927734,0.07765087925718184,ROBUST_MODEL_INLIER,FIT,0.062145209621232746,SYNTHETIC_SOURCE,SYNTHETIC_TARGET
1318,197.48037719726562,604.0576782226562,206.4482879638672,598.027099609375,197.48037719726562,604.0576782226562,206.4482879638672,598.027099609375,SIFT:gradient,20.615528106689453,0.07809976573410041,ROBUST_MODEL_INLIER,FIT,0.044018538713584535,SYNTHETIC_SOURCE,SYNTHETIC_TARGET
1319,68.75909423828125,361.1611328125,77.75493621826172,355.1661071777344,68.75909423828125,361.1611328125,77.75493621826172,355.1661071777344,SIFT:gradient,33.21144485473633,0.07812014114668292,ROBUST_MODEL_INLIER,FIT,0.007054814119195445,SYNTHETIC_SOURCE,SYNTHETIC_TARGET
1320,571.46044921875,588.7086791992188,580.4503784179688,582.6361694335938,571.46044921875,588.7086791992188,580.4503784179688,582.6361694335938,SIFT:gradient,34.1760139465332,0.07812379662468921,ROBUST_MODEL_INLIER,FIT,0.07262260955423624,SYNTHETIC_SOURCE,SYNTHETIC_TARGET
1321,245.77430725097656,408.36322021484375,254.75804138183594,402.3679504394531,245.77430725097656,408.36322021484375,254.75804138183594,402.3679504394531,SIFT:gradient,33.911651611328125,0.07841352779195555,ROBUST_MODEL_INLIER,FIT,0.01726521025457268,SYNTHETIC_SOURCE,SYNTHETIC_TARGET
1322,463.4230041503906,356.6536560058594,472.3704833984375,350.6633605957031,463.4230041503906,356.6536560058594,472.3704833984375,350.6633605957031,SIFT:gradient,26.248809814453125,0.0784662588272386,ROBUST_MODEL_INLIER,FIT,0.0536738180727769,SYNTHETIC_SOURCE,SYNTHETIC_TARGET
1323,342.77752685546875,430.50970458984375,351.921142578125,424.5041198730469,342.77752685546875,430.50970458984375,351.921142578125,424.5041198730469,SIFT:gradient,30.331501007080078,0.07855740445250715,ROBUST_MODEL_INLIER,FIT,0.1435493481220477,SYNTHETIC_SOURCE,SYNTHETIC_TARGET
1324,269.58544921875,266.5857238769531,278.5763854980469,260.6001281738281,269.58544921875,266.5857238769531,278.5763854980469,260.6001281738281,SIFT:gradient,29.983327865600586,0.07862277363081661,ROBUST_MODEL_INLIER,FIT,0.017617605166337202,SYNTHETIC_SOURCE,SYNTHETIC_TARGET
1325,351.76873779296875,515.9854736328125,360.7635192871094,510.02239990234375,351.76873779296875,515.9854736328125,360.7635192871094,510.02239990234375,SIFT:gradient,19.05255889892578,0.07866647429962699,ROBUST_MODEL_INLIER,HELD_OUT,0.03791894739054667,SYNTHETIC_SOURCE,SYNTHETIC_TARGET
1326,292.6657409667969,289.7526550292969,301.6748352050781,283.78558349609375,292.6657409667969,289.7526550292969,301.6748352050781,283.78558349609375,SIFT:gradient,24.75883674621582,0.07867166785503618,ROBUST_MODEL_INLIER,FIT,0.03471030752746673,SYNTHETIC_SOURCE,SYNTHETIC_TARGET
1327,359.6395568847656,248.87986755371094,368.638916015625,242.91221618652344,359.6395568847656,248.87986755371094,368.638916015625,242.91221618652344,SIFT:gradient,34.190643310546875,0.0786861350574309,ROBUST_MODEL_INLIER,FIT,0.03296853386324503,SYNTHETIC_SOURCE,SYNTHETIC_TARGET
1328,302.9435119628906,354.8528747558594,311.9886474609375,348.7725830078125,302.9435119628906,354.8528747558594,311.9886474609375,348.7725830078125,SIFT:gradient,25.139610290527344,0.078774660748409,ROBUST_MODEL_INLIER,FIT,0.09150184234115413,SYNTHETIC_SOURCE,SYNTHETIC_TARGET
1329,376.8431396484375,153.05274963378906,385.8369140625,147.02984619140625,376.8431396484375,153.05274963378906,385.8369140625,147.02984619140625,SIFT:gradient,20.19900894165039,0.07878465168370542,ROBUST_MODEL_INLIER,FIT,0.023187561314301254,SYNTHETIC_SOURCE,SYNTHETIC_TARGET
1330,304.8749694824219,534.2864990234375,313.9534606933594,528.4515991210938,304.8749694824219,534.2864990234375,313.9534606933594,528.4515991210938,SIFT:gradient,37.947330474853516,0.07881698940780618,ROBUST_MODEL_INLIER,HELD_OUT,0.18329455213169948,SYNTHETIC_SOURCE,SYNTHETIC_TARGET
1331,37.994537353515625,498.0120544433594,46.98504638671875,491.9907531738281,37.994537353515625,498.0120544433594,46.98504638671875,491.9907531738281,SIFT:gradient,27.784887313842773,0.07890409577912075,ROBUST_MODEL_INLIER,HELD_OUT,0.02282788280590964,SYNTHETIC_SOURCE,SYNTHETIC_TARGET
1332,144.37486267089844,541.1090698242188,153.44720458984375,535.0755004882812,144.37486267089844,541.1090698242188,153.44720458984375,535.0755004882812,SIFT:gradient,28.670541763305664,0.07898131231494725,ROBUST_MODEL_INLIER,FIT,0.07935738257499905,SYNTHETIC_SOURCE,SYNTHETIC_TARGET
1333,98.24906921386719,306.5542297363281,107.3172607421875,300.7919006347656,98.24906921386719,306.5542297363281,107.3172607421875,300.7919006347656,SIFT:gradient,36.742347717285156,0.07916109792570303,ROBUST_MODEL_INLIER,FIT,0.2478048658044411,SYNTHETIC_SOURCE,SYNTHETIC_TARGET
1334,281.30364990234375,225.95497131347656,290.28924560546875,219.9633026123047,281.30364990234375,225.95497131347656,290.28924560546875,219.9633026123047,SIFT:gradient,26.645824432373047,0.07917236832667753,ROBUST_MODEL_INLIER,FIT,0.017083793659133484,SYNTHETIC_SOURCE,SYNTHETIC_TARGET
1335,250.60952758789062,326.90252685546875,259.57427978515625,320.88763427734375,250.60952758789062,326.90252685546875,259.57427978515625,320.88763427734375,SIFT:gradient,31.63858413696289,0.07918559488425615,ROBUST_MODEL_INLIER,HELD_OUT,0.038172891585327516,SYNTHETIC_SOURCE,SYNTHETIC_TARGET
1336,515.68115234375,61.2798957824707,524.6679077148438,55.29206085205078,515.68115234375,61.2798957824707,524.6679077148438,55.29206085205078,SIFT:gradient,23.0867919921875,0.07923459665355984,ROBUST_MODEL_INLIER,FIT,0.018512071825506238,SYNTHETIC_SOURCE,SYNTHETIC_TARGET
1337,133.73098754882812,193.0318145751953,142.67608642578125,187.00538635253906,133.73098754882812,193.0318145751953,142.67608642578125,187.00538635253906,SIFT:gradient,19.899747848510742,0.07944469877228186,ROBUST_MODEL_INLIER,FIT,0.060806854513313705,SYNTHETIC_SOURCE,SYNTHETIC_TARGET
1338,387.2806091308594,130.5947265625,396.2940979003906,124.60923767089844,387.2806091308594,130.5947265625,396.2940979003906,124.60923767089844,SIFT:gradient,33.763885498046875,0.07951997427473578,ROBUST_MODEL_INLIER,FIT,0.020162149987091635,SYNTHETIC_SOURCE,SYNTHETIC_TARGET
1339,67.8741226196289,51.01029586791992,76.87737274169922,44.98949432373047,67.8741226196289,51.01029586791992,76.87737274169922,44.98949432373047,SIFT:gradient,29.664793014526367,0.07955286802275768,ROBUST_MODEL_INLIER,FIT,0.020427407512777006,SYNTHETIC_SOURCE,SYNTHETIC_TARGET
1340,284.7401428222656,363.1166687011719,293.7099609375,357.1620788574219,284.7401428222656,363.1166687011719,293.7099609375,357.1620788574219,SIFT:gradient,25.45584487915039,0.0796280972051505,ROBUST_MODEL_INLIER,FIT,0.05511866626337354,SYNTHETIC_SOURCE,SYNTHETIC_TARGET
1341,190.22767639160156,126.36185455322266,199.259521484375,120.28205871582031,190.22767639160156,126.36185455322266,199.259521484375,120.28205871582031,SIFT:gradient,31.496030807495117,0.07966966996349618,ROBUST_MODEL_INLIER,FIT,0.08529218037686215,SYNTHETIC_SOURCE,SYNTHETIC_TARGET
1342,83.92462158203125,369.1246032714844,92.92691802978516,363.1102294921875,83.92462158203125,369.1246032714844,92.92691802978516,363.1102294921875,SIFT:gradient,22.158519744873047,0.07968165270783487,ROBUST_MODEL_INLIER,FIT,0.013929396186222548,SYNTHETIC_SOURCE,SYNTHETIC_TARGET
1343,517.172607421875,494.6754150390625,526.1785278320312,488.61883544921875,517.172607421875,494.6754150390625,526.1785278320312,488.61883544921875,SIFT:gradient,15.459625244140625,0.07971526765924238,ROBUST_MODEL_INLIER,FIT,0.05626565033367321,SYNTHETIC_SOURCE,SYNTHETIC_TARGET
1344,355.68865966796875,300.3395690917969,364.61981201171875,294.319580078125,355.68865966796875,300.3395690917969,364.61981201171875,294.319580078125,SIFT:gradient,23.916521072387695,0.07981891227642052,ROBUST_MODEL_INLIER,FIT,0.07166984189054125,SYNTHETIC_SOURCE,SYNTHETIC_TARGET
1345,354.94183349609375,188.64405822753906,363.8822326660156,182.61618041992188,354.94183349609375,188.64405822753906,363.8822326660156,182.61618041992188,SIFT:gradient,23.68543815612793,0.07982908181343829,ROBUST_MODEL_INLIER,FIT,0.06568093420957447,SYNTHETIC_SOURCE,SYNTHETIC_TARGET
1346,457.8191223144531,277.91314697265625,466.8759765625,271.90338134765625,457.8191223144531,277.91314697265625,466.8759765625,271.90338134765625,SIFT:gradient,35.93048858642578,0.07998250652651055,ROBUST_MODEL_INLIER,FIT,0.05743602785874265,SYNTHETIC_SOURCE,SYNTHETIC_TARGET
1347,607.95068359375,202.91098022460938,616.9464111328125,196.91189575195312,607.95068359375,202.91098022460938,616.9464111328125,196.91189575195312,SIFT:gradient,32.03123474121094,0.08000810905744671,ROBUST_MODEL_INLIER,FIT,0.004680743911797475,SYNTHETIC_SOURCE,SYNTHETIC_TARGET
1348,26.55405044555664,346.56951904296875,35.51918411254883,340.591064453125,26.55405044555664,346.56951904296875,35.51918411254883,340.591064453125,SIFT:gradient,37.22901916503906,0.08004482408577113,ROBUST_MODEL_INLIER,FIT,0.04143914330954551,SYNTHETIC_SOURCE,SYNTHETIC_TARGET
1349,284.7401428222656,363.1166687011719,293.7099609375,357.1620788574219,284.7401428222656,363.1166687011719,293.7099609375,357.1620788574219,SIFT:gradient,21.863210678100586,0.08009039258970087,ROBUST_MODEL_INLIER,FIT,0.05511866626337354,SYNTHETIC_SOURCE,SYNTHETIC_TARGET
1350,602.1338500976562,207.52857971191406,611.2174682617188,201.49920654296875,602.1338500976562,207.52857971191406,611.2174682617188,201.49920654296875,SIFT:gradient,32.60367965698242,0.08015984100346958,ROBUST_MODEL_INLIER,FIT,0.08828251281822515,SYNTHETIC_SOURCE,SYNTHETIC_TARGET
1351,546.8721923828125,364.2696533203125,555.868408203125,358.2588195800781,546.8721923828125,364.2696533203125,555.868408203125,358.2588195800781,SIFT:gradient,13.784049034118652,0.08033557401359304,ROBUST_MODEL_INLIER,FIT,0.010955172974462715,SYNTHETIC_SOURCE,SYNTHETIC_TARGET
1352,393.37335205078125,277.4283752441406,402.3368225097656,271.4628601074219,393.37335205078125,277.4283752441406,402.3368225097656,271.4628601074219,SIFT:gradient,35.2703857421875,0.08035215510064181,ROBUST_MODEL_INLIER,HELD_OUT,0.05076664934800909,SYNTHETIC_SOURCE,SYNTHETIC_TARGET
1353,243.880615234375,405.82574462890625,252.88731384277344,399.8108825683594,243.880615234375,405.82574462890625,252.88731384277344,399.8108825683594,SIFT:gradient,29.291637420654297,0.08038391312362166,ROBUST_MODEL_INLIER,FIT,0.015683162737917915,SYNTHETIC_SOURCE,SYNTHETIC_TARGET
1354,491.0090637207031,432.05377197265625,500.037841796875,425.97393798828125,491.0090637207031,432.05377197265625,500.037841796875,425.97393798828125,SIFT:gradient,18.601076126098633,0.08050377226014528,ROBUST_MODEL_INLIER,FIT,0.08423658691655193,SYNTHETIC_SOURCE,SYNTHETIC_TARGET
1355,546.6083984375,45.45420837402344,555.6976928710938,39.36376190185547,546.6083984375,45.45420837402344,555.6976928710938,39.36376190185547,SIFT:gradient,26.4007568359375,0.08057741528031319,ROBUST_MODEL_INLIER,FIT,0.12655748583469914,SYNTHETIC_SOURCE,SYNTHETIC_TARGET
1356,275.3541564941406,205.39215087890625,284.3761291503906,199.4144287109375,275.3541564941406,205.39215087890625,284.3761291503906,199.4144287109375,SIFT:gradient,23.452077865600586,0.0806532639649645,ROBUST_MODEL_INLIER,FIT,0.03162252885885322,SYNTHETIC_SOURCE,SYNTHETIC_TARGET
1357,41.96267318725586,614.6760864257812,50.94903564453125,608.6909790039062,41.96267318725586,614.6760864257812,50.94903564453125,608.6909790039062,SIFT:gradient,34.36568069458008,0.0806677225418255,ROBUST_MODEL_INLIER,FIT,0.020748699508181066,SYNTHETIC_SOURCE,SYNTHETIC_TARGET
1358,325.9363708496094,35.06181716918945,334.96185302734375,29.102325439453125,325.9363708496094,35.06181716918945,334.96185302734375,29.102325439453125,SIFT:gradient,23.388031005859375,0.08067860737159917,ROBUST_MODEL_INLIER,FIT,0.04829419408724346,SYNTHETIC_SOURCE,SYNTHETIC_TARGET
1359,99.53740692138672,459.04718017578125,108.5495376586914,453.00634765625,99.53740692138672,459.04718017578125,108.5495376586914,453.00634765625,SIFT:gradient,31.17691421508789,0.08067937162962352,ROBUST_MODEL_INLIER,FIT,0.04196783124599059,SYNTHETIC_SOURCE,SYNTHETIC_TARGET
1360,429.8089294433594,559.7200927734375,438.8525695800781,553.715576171875,429.8089294433594,559.7200927734375,438.8525695800781,553.715576171875,SIFT:gradient,32.0,0.08078953351721348,ROBUST_MODEL_INLIER,FIT,0.043662634965620846,SYNTHETIC_SOURCE,SYNTHETIC_TARGET
1361,221.46148681640625,324.4356689453125,230.4431915283203,318.4444885253906,221.46148681640625,324.4356689453125,230.4431915283203,318.4444885253906,SIFT:gradient,22.315914154052734,0.08087227904772049,ROBUST_MODEL_INLIER,FIT,0.020718294784887396,SYNTHETIC_SOURCE,SYNTHETIC_TARGET
1362,547.3184204101562,287.20452880859375,556.2740478515625,281.19598388671875,547.3184204101562,287.20452880859375,556.2740478515625,281.19598388671875,SIFT:gradient,26.172504425048828,0.08106323224303262,ROBUST_MODEL_INLIER,FIT,0.04522660804768646,SYNTHETIC_SOURCE,SYNTHETIC_TARGET
1363,587.92724609375,262.77984619140625,596.8295288085938,256.80145263671875,587.92724609375,262.77984619140625,596.8295288085938,256.80145263671875,SIFT:gradient,20.174240112304688,0.08113103923948567,ROBUST_MODEL_INLIER,FIT,0.10035984313258187,SYNTHETIC_SOURCE,SYNTHETIC_TARGET
1364,149.456787109375,531.4445190429688,158.46182250976562,525.4539184570312,149.456787109375,531.4445190429688,158.46182250976562,525.4539184570312,SIFT:gradient,22.226110458374023,0.08139958310253703,ROBUST_MODEL_INLIER,HELD_OUT,0.01113720188277055,SYNTHETIC_SOURCE,SYNTHETIC_TARGET
1365,346.3466491699219,66.94947814941406,355.3509521484375,60.98664855957031,346.3466491699219,66.94947814941406,355.3509521484375,60.98664855957031,SIFT:gradient,24.899799346923828,0.081416251186818,ROBUST_MODEL_INLIER,HELD_OUT,0.038008047810813086,SYNTHETIC_SOURCE,SYNTHETIC_TARGET
1366,338.7666320800781,257.1689453125,347.8440246582031,251.1049346923828,338.7666320800781,257.1689453125,347.8440246582031,251.1049346923828,SIFT:gradient,30.397367477416992,0.08147349856227704,ROBUST_MODEL_INLIER,FIT,0.09992802481893076,SYNTHETIC_SOURCE,SYNTHETIC_TARGET
1367,507.6464538574219,439.3781433105469,516.5889282226562,433.3558044433594,507.6464538574219,439.3781433105469,516.5889282226562,433.3558044433594,SIFT:gradient,34.1174430847168,0.08176564280458781,ROBUST_MODEL_INLIER,FIT,0.061635263932669423,SYNTHETIC_SOURCE,SYNTHETIC_TARGET
1368,417.8983459472656,240.8231201171875,426.91778564453125,234.84991455078125,417.8983459472656,240.8231201171875,426.91778564453125,234.84991455078125,SIFT:gradient,18.920886993408203,0.08185186862318275,ROBUST_MODEL_INLIER,HELD_OUT,0.033511413540813724,SYNTHETIC_SOURCE,SYNTHETIC_TARGET
1369,333.4206848144531,473.919677734375,342.4061584472656,467.936279296875,333.4206848144531,473.919677734375,342.4061584472656,467.936279296875,SIFT:gradient,34.77067565917969,0.08185369828419568,ROBUST_MODEL_INLIER,FIT,0.02262126671697447,SYNTHETIC_SOURCE,SYNTHETIC_TARGET
1370,347.6357421875,193.3920440673828,356.6535339355469,187.486083984375,347.6357421875,193.3920440673828,356.6535339355469,187.486083984375,SIFT:gradient,29.068883895874023,0.08190562692902263,ROBUST_MODEL_INLIER,FIT,0.0962798696950318,SYNTHETIC_SOURCE,SYNTHETIC_TARGET
1371,190.33099365234375,342.7153625488281,199.3487548828125,336.7347717285156,190.33099365234375,342.7153625488281,199.3487548828125,336.7347717285156,SIFT:gradient,34.4093017578125,0.08209835880318504,ROBUST_MODEL_INLIER,HELD_OUT,0.026661693961822518,SYNTHETIC_SOURCE,SYNTHETIC_TARGET
1372,580.925048828125,134.5198211669922,589.9401245117188,128.56878662109375,580.925048828125,134.5198211669922,589.9401245117188,128.56878662109375,SIFT:gradient,32.924156188964844,0.0822962445496391,ROBUST_MODEL_INLIER,FIT,0.05177315223748231,SYNTHETIC_SOURCE,SYNTHETIC_TARGET
1373,508.9693908691406,455.1979064941406,517.9469604492188,449.1844787597656,508.9693908691406,455.1979064941406,517.9469604492188,449.1844787597656,SIFT:gradient,30.8544979095459,0.08231261638610524,ROBUST_MODEL_INLIER,FIT,0.025966854719461238,SYNTHETIC_SOURCE,SYNTHETIC_TARGET
1374,187.41067504882812,234.436767578125,196.37649536132812,228.49769592285156,187.41067504882812,234.436767578125,196.37649536132812,228.49769592285156,SIFT:gradient,21.0,0.08231560487724936,ROBUST_MODEL_INLIER,FIT,0.07046783858225815,SYNTHETIC_SOURCE,SYNTHETIC_TARGET
1375,194.6661834716797,53.477298736572266,203.66390991210938,47.44477844238281,194.6661834716797,53.477298736572266,203.66390991210938,47.44477844238281,SIFT:gradient,33.1662483215332,0.08234580557102308,ROBUST_MODEL_INLIER,FIT,0.03200204102799779,SYNTHETIC_SOURCE,SYNTHETIC_TARGET
1376,517.172607421875,494.6754150390625,526.1785278320312,488.61883544921875,517.172607421875,494.6754150390625,526.1785278320312,488.61883544921875,SIFT:gradient,15.29705810546875,0.08245943480574686,ROBUST_MODEL_INLIER,HELD_OUT,0.05626565033367321,SYNTHETIC_SOURCE,SYNTHETIC_TARGET
1377,119.39750671386719,533.48193359375,128.47235107421875,527.517333984375,119.39750671386719,533.48193359375,128.47235107421875,527.517333984375,SIFT:gradient,21.470911026000977,0.08248956890228518,ROBUST_MODEL_INLIER,FIT,0.08291944540486902,SYNTHETIC_SOURCE,SYNTHETIC_TARGET
1378,98.37168884277344,494.1434326171875,107.29553985595703,488.13751220703125,98.37168884277344,494.1434326171875,107.29553985595703,488.13751220703125,SIFT:gradient,31.064449310302734,0.08255576054641617,ROBUST_MODEL_INLIER,HELD_OUT,0.07648612308805912,SYNTHETIC_SOURCE,SYNTHETIC_TARGET
1379,247.16062927246094,210.14794921875,256.1748962402344,204.1512451171875,247.16062927246094,210.14794921875,256.1748962402344,204.1512451171875,SIFT:gradient,25.553865432739258,0.08258751786431112,ROBUST_MODEL_INLIER,HELD_OUT,0.014644948225884658,SYNTHETIC_SOURCE,SYNTHETIC_TARGET
1380,447.5931091308594,357.03997802734375,456.5784912109375,351.0491943359375,447.5931091308594,357.03997802734375,456.5784912109375,351.0491943359375,SIFT:gradient,29.478805541992188,0.08262394513414524,ROBUST_MODEL_INLIER,FIT,0.017740663766205447,SYNTHETIC_SOURCE,SYNTHETIC_TARGET
1381,118.2263412475586,50.76199722290039,127.2066879272461,44.7584228515625,118.2263412475586,50.76199722290039,127.2066879272461,44.7584228515625,SIFT:gradient,35.74912643432617,0.0827466217648056,ROBUST_MODEL_INLIER,FIT,0.020026467810862723,SYNTHETIC_SOURCE,SYNTHETIC_TARGET
1382,105.41458892822266,35.916385650634766,114.44819641113281,29.938444137573242,105.41458892822266,35.916385650634766,114.44819641113281,29.938444137573242,SIFT:gradient,28.879058837890625,0.08311871669365094,ROBUST_MODEL_INLIER,HELD_OUT,0.04041170919116407,SYNTHETIC_SOURCE,SYNTHETIC_TARGET
1383,477.532958984375,352.13189697265625,486.49560546875,346.1800537109375,477.532958984375,352.13189697265625,486.49560546875,346.1800537109375,SIFT:gradient,27.766887664794922,0.08321425151561518,ROBUST_MODEL_INLIER,FIT,0.06152184045323386,SYNTHETIC_SOURCE,SYNTHETIC_TARGET
1384,119.3026351928711,530.0859375,128.36740112304688,524.14990234375,119.3026351928711,530.0859375,128.36740112304688,524.14990234375,SIFT:gradient,29.10326385498047,0.08327361344790238,ROBUST_MODEL_INLIER,HELD_OUT,0.09135009496933368,SYNTHETIC_SOURCE,SYNTHETIC_TARGET
1385,572.713134765625,137.9595947265625,581.6790771484375,131.86614990234375,572.713134765625,137.9595947265625,581.6790771484375,131.86614990234375,SIFT:gradient,27.658634185791016,0.0837471672484251,ROBUST_MODEL_INLIER,FIT,0.09893723992941889,SYNTHETIC_SOURCE,SYNTHETIC_TARGET
1386,144.45004272460938,585.33984375,153.4434814453125,579.33447265625,144.45004272460938,585.33984375,153.4434814453125,579.33447265625,SIFT:gradient,32.84813690185547,0.0840620057870506,ROBUST_MODEL_INLIER,FIT,0.008230472573748815,SYNTHETIC_SOURCE,SYNTHETIC_TARGET
1387,153.25892639160156,91.18656921386719,162.27212524414062,85.18292999267578,153.25892639160156,91.18656921386719,162.27212524414062,85.18292999267578,SIFT:gradient,35.97220993041992,0.0842461286211125,ROBUST_MODEL_INLIER,FIT,0.01339324727263634,SYNTHETIC_SOURCE,SYNTHETIC_TARGET
1388,547.3439331054688,351.2599182128906,556.2860107421875,345.2841491699219,547.3439331054688,351.2599182128906,556.2860107421875,345.2841491699219,SIFT:gradient,25.670995712280273,0.0842850637518206,ROBUST_MODEL_INLIER,FIT,0.06316478897507363,SYNTHETIC_SOURCE,SYNTHETIC_TARGET
1389,476.4654235839844,134.5975341796875,485.46661376953125,128.59078979492188,476.4654235839844,134.5975341796875,485.46661376953125,128.59078979492188,SIFT:gradient,32.4499626159668,0.08432118189498015,ROBUST_MODEL_INLIER,HELD_OUT,0.006221171291107121,SYNTHETIC_SOURCE,SYNTHETIC_TARGET
1390,298.5166320800781,439.9730529785156,307.48626708984375,434.0111083984375,298.5166320800781,439.9730529785156,307.48626708984375,434.0111083984375,SIFT:gradient,35.59494400024414,0.08432501138672199,ROBUST_MODEL_INLIER,FIT,0.04925814104386589,SYNTHETIC_SOURCE,SYNTHETIC_TARGET
1391,287.6458740234375,348.33172607421875,296.630615234375,342.35345458984375,287.6458740234375,348.33172607421875,296.630615234375,342.35345458984375,SIFT:gradient,36.400550842285156,0.0844364902373074,ROBUST_MODEL_INLIER,HELD_OUT,0.027139188027869892,SYNTHETIC_SOURCE,SYNTHETIC_TARGET
1392,22.438947677612305,587.9937744140625,31.450502395629883,582.004638671875,22.438947677612305,587.9937744140625,31.450502395629883,582.004638671875,SIFT:gradient,37.960506439208984,0.084485280159042,ROBUST_MODEL_INLIER,HELD_OUT,0.01617637882039148,SYNTHETIC_SOURCE,SYNTHETIC_TARGET
1393,495.64569091796875,24.68362045288086,504.6067810058594,18.668607711791992,495.64569091796875,24.68362045288086,504.6067810058594,18.668607711791992,SIFT:gradient,28.42534065246582,0.0845647802317175,ROBUST_MODEL_INLIER,FIT,0.04163301250593345,SYNTHETIC_SOURCE,SYNTHETIC_TARGET
1394,182.0680389404297,131.97434997558594,191.04071044921875,125.97318267822266,182.0680389404297,131.97434997558594,191.04071044921875,125.97318267822266,SIFT:gradient,27.658634185791016,0.08474202958852363,ROBUST_MODEL_INLIER,FIT,0.02748672219838777,SYNTHETIC_SOURCE,SYNTHETIC_TARGET
1395,544.09814453125,352.38800048828125,553.0888671875,346.3819580078125,544.09814453125,352.38800048828125,553.0888671875,346.3819580078125,SIFT:gradient,23.173259735107422,0.08476667215895302,ROBUST_MODEL_INLIER,FIT,0.010882629976296049,SYNTHETIC_SOURCE,SYNTHETIC_TARGET
1396,123.94319152832031,483.6049499511719,132.97369384765625,477.5738525390625,123.94319152832031,483.6049499511719,132.97369384765625,477.5738525390625,SIFT:gradient,26.53299903869629,0.08504034933675177,ROBUST_MODEL_INLIER,HELD_OUT,0.04301821776400566,SYNTHETIC_SOURCE,SYNTHETIC_TARGET
1397,352.35906982421875,210.71275329589844,361.3619079589844,204.66970825195312,352.35906982421875,210.71275329589844,361.3619079589844,204.66970825195312,SIFT:gradient,25.475479125976562,0.08508528551784647,ROBUST_MODEL_INLIER,HELD_OUT,0.04251958701165555,SYNTHETIC_SOURCE,SYNTHETIC_TARGET
1398,221.46148681640625,324.4356689453125,230.4431915283203,318.4444885253906,221.46148681640625,324.4356689453125,230.4431915283203,318.4444885253906,SIFT:gradient,24.31049156188965,0.08513295669292559,ROBUST_MODEL_INLIER,FIT,0.020718294784887396,SYNTHETIC_SOURCE,SYNTHETIC_TARGET
1399,559.9300537109375,543.8900756835938,568.9312744140625,537.9124755859375,559.9300537109375,543.8900756835938,568.9312744140625,537.9124755859375,SIFT:gradient,25.553865432739258,0.08526153969673189,ROBUST_MODEL_INLIER,FIT,0.023035031039353893,SYNTHETIC_SOURCE,SYNTHETIC_TARGET
1400,459.3768615722656,446.2044982910156,468.39801025390625,440.1778564453125,459.3768615722656,446.2044982910156,468.39801025390625,440.1778564453125,SIFT:gradient,34.2636833190918,0.08537659763780887,ROBUST_MODEL_INLIER,HELD_OUT,0.0334436038720737,SYNTHETIC_SOURCE,SYNTHETIC_TARGET
1401,249.49476623535156,163.39987182617188,258.3546447753906,157.44381713867188,249.49476623535156,163.39987182617188,258.3546447753906,157.44381713867188,SIFT:gradient,29.120439529418945,0.08541628641702477,ROBUST_MODEL_INLIER,FIT,0.14718021504506915,SYNTHETIC_SOURCE,SYNTHETIC_TARGET
1402,531.51123046875,346.9832763671875,540.5101318359375,340.9312744140625,531.51123046875,346.9832763671875,540.5101318359375,340.9312744140625,SIFT:gradient,35.39773941040039,0.08550752183443294,ROBUST_MODEL_INLIER,HELD_OUT,0.051406830911919485,SYNTHETIC_SOURCE,SYNTHETIC_TARGET
1403,196.02554321289062,324.7952575683594,204.96005249023438,318.8318786621094,196.02554321289062,324.7952575683594,204.96005249023438,318.8318786621094,SIFT:gradient,25.573423385620117,0.08552218888608461,ROBUST_MODEL_INLIER,FIT,0.07546671279187367,SYNTHETIC_SOURCE,SYNTHETIC_TARGET
1404,521.1204833984375,352.3689270019531,530.0860595703125,346.42327880859375,521.1204833984375,352.3689270019531,530.0860595703125,346.42327880859375,SIFT:gradient,23.366641998291016,0.08553701902624655,ROBUST_MODEL_INLIER,HELD_OUT,0.06493356126712065,SYNTHETIC_SOURCE,SYNTHETIC_TARGET
1405,55.57444763183594,545.8145751953125,64.61813354492188,539.783447265625,55.57444763183594,545.8145751953125,64.61813354492188,539.783447265625,SIFT:gradient,29.59729766845703,0.08569213029946257,ROBUST_MODEL_INLIER,FIT,0.05316458386159256,SYNTHETIC_SOURCE,SYNTHETIC_TARGET
1406,465.5386962890625,479.4125061035156,474.54571533203125,473.4013977050781,465.5386962890625,479.4125061035156,474.54571533203125,473.4013977050781,SIFT:gradient,25.903667449951172,0.08582361814502136,ROBUST_MODEL_INLIER,HELD_OUT,0.012544209561770159,SYNTHETIC_SOURCE,SYNTHETIC_TARGET
1407,550.7164306640625,233.4068145751953,559.6924438476562,227.38836669921875,550.7164306640625,233.4068145751953,559.6924438476562,227.38836669921875,SIFT:gradient,34.68429183959961,0.08596842941293269,ROBUST_MODEL_INLIER,FIT,0.030014798300676,SYNTHETIC_SOURCE,SYNTHETIC_TARGET
1408,538.1184692382812,382.44097900390625,547.2017211914062,376.396240234375,538.1184692382812,382.44097900390625,547.2017211914062,376.396240234375,SIFT:gradient,19.72308349609375,0.08596976440541867,ROBUST_MODEL_INLIER,FIT,0.09408943497960198,SYNTHETIC_SOURCE,SYNTHETIC_TARGET
1409,276.4091491699219,304.67041015625,285.40484619140625,298.6657409667969,276.4091491699219,304.67041015625,285.40484619140625,298.6657409667969,SIFT:gradient,20.952327728271484,0.08599884874059788,ROBUST_MODEL_INLIER,FIT,0.006027125104299457,SYNTHETIC_SOURCE,SYNTHETIC_TARGET
1410,458.4247131347656,367.8793640136719,467.44329833984375,361.85504150390625,458.4247131347656,367.8793640136719,467.44329833984375,361.85504150390625,SIFT:gradient,22.715633392333984,0.08602431681162656,ROBUST_MODEL_INLIER,FIT,0.030033778034588798,SYNTHETIC_SOURCE,SYNTHETIC_TARGET
1411,217.47926330566406,126.59187316894531,226.48501586914062,120.66056060791016,217.47926330566406,126.59187316894531,226.48501586914062,120.66056060791016,SIFT:gradient,31.28897476196289,0.08605099497581235,ROBUST_MODEL_INLIER,HELD_OUT,0.06952369019646978,SYNTHETIC_SOURCE,SYNTHETIC_TARGET
1412,452.6906433105469,561.8960571289062,461.6911315917969,555.9154052734375,452.6906433105469,561.8960571289062,461.6911315917969,555.9154052734375,SIFT:gradient,28.965496063232422,0.08611534516539804,ROBUST_MODEL_INLIER,FIT,0.019961319003406627,SYNTHETIC_SOURCE,SYNTHETIC_TARGET
1413,589.3379516601562,159.999267578125,598.3439331054688,154.10903930664062,589.3379516601562,159.999267578125,598.3439331054688,154.10903930664062,SIFT:gradient,33.406585693359375,0.08619626773948966,ROBUST_MODEL_INLIER,FIT,0.11053587282515187,SYNTHETIC_SOURCE,SYNTHETIC_TARGET
1414,279.6524353027344,25.813247680664062,288.65240478515625,19.861282348632812,279.6524353027344,25.813247680664062,288.65240478515625,19.861282348632812,SIFT:gradient,31.048349380493164,0.08623576535455763,ROBUST_MODEL_INLIER,FIT,0.048645364145089715,SYNTHETIC_SOURCE,SYNTHETIC_TARGET
1415,492.5411376953125,306.81512451171875,501.5484924316406,300.9421691894531,492.5411376953125,306.81512451171875,501.5484924316406,300.9421691894531,SIFT:gradient,31.128765106201172,0.08630313560490063,ROBUST_MODEL_INLIER,HELD_OUT,0.12785803630160208,SYNTHETIC_SOURCE,SYNTHETIC_TARGET
1416,484.3453674316406,223.96841430664062,493.3451232910156,217.972412109375,484.3453674316406,223.96841430664062,493.3451232910156,217.972412109375,SIFT:gradient,27.12932014465332,0.08630899271303251,ROBUST_MODEL_INLIER,HELD_OUT,0.004625200486348407,SYNTHETIC_SOURCE,SYNTHETIC_TARGET
1417,127.88843536376953,363.00457763671875,136.86898803710938,357.0154113769531,127.88843536376953,363.00457763671875,136.86898803710938,357.0154113769531,SIFT:gradient,25.961509704589844,0.0865398094206487,ROBUST_MODEL_INLIER,FIT,0.022696340838408914,SYNTHETIC_SOURCE,SYNTHETIC_TARGET
1418,142.59608459472656,373.7157897949219,151.54542541503906,367.72198486328125,142.59608459472656,373.7157897949219,151.54542541503906,367.72198486328125,SIFT:gradient,25.592967987060547,0.08692028467279626,ROBUST_MODEL_INLIER,FIT,0.051265480244765564,SYNTHETIC_SOURCE,SYNTHETIC_TARGET
1419,273.0127258300781,57.09701919555664,282.03619384765625,51.03826141357422,273.0127258300781,57.09701919555664,282.03619384765625,51.03826141357422,SIFT:gradient,25.63201141357422,0.08693163758404683,ROBUST_MODEL_INLIER,FIT,0.06264768891150264,SYNTHETIC_SOURCE,SYNTHETIC_TARGET
1420,360.82879638671875,144.30062866210938,369.8089294433594,138.25714111328125,360.82879638671875,144.30062866210938,369.8089294433594,138.25714111328125,SIFT:gradient,22.649503707885742,0.086977838362417,ROBUST_MODEL_INLIER,HELD_OUT,0.04732056293858988,SYNTHETIC_SOURCE,SYNTHETIC_TARGET
1421,420.25,524.5884399414062,429.23529052734375,518.59521484375,420.25,524.5884399414062,429.23529052734375,518.59521484375,SIFT:gradient,28.089143753051758,0.08702629329898769,ROBUST_MODEL_INLIER,FIT,0.01659586752654887,SYNTHETIC_SOURCE,SYNTHETIC_TARGET
1422,506.6106262207031,441.9346008300781,515.5993041992188,435.90386962890625,506.6106262207031,441.9346008300781,515.5993041992188,435.90386962890625,SIFT:gradient,35.53871154785156,0.08713557190803618,ROBUST_MODEL_INLIER,FIT,0.03223247184904415,SYNTHETIC_SOURCE,SYNTHETIC_TARGET
1423,196.8309326171875,52.41067886352539,205.8219451904297,46.395511627197266,196.8309326171875,52.41067886352539,205.8219451904297,46.395511627197266,SIFT:gradient,33.3166618347168,0.08721788333489652,ROBUST_MODEL_INLIER,FIT,0.017188448500470813,SYNTHETIC_SOURCE,SYNTHETIC_TARGET
1424,566.9717407226562,132.56936645507812,575.9782104492188,126.58201599121094,566.9717407226562,132.56936645507812,575.9782104492188,126.58201599121094,SIFT:gradient,28.017850875854492,0.08722632778055678,ROBUST_MODEL_INLIER,FIT,0.014687779365581391,SYNTHETIC_SOURCE,SYNTHETIC_TARGET
1425,295.2239685058594,323.8442077636719,304.23028564453125,317.8375244140625,295.2239685058594,323.8442077636719,304.23028564453125,317.8375244140625,SIFT:gradient,40.0,0.08744658014166304,ROBUST_MODEL_INLIER,HELD_OUT,0.00865349591852666,SYNTHETIC_SOURCE,SYNTHETIC_TARGET
1426,531.2716064453125,390.450927734375,540.3275146484375,384.44256591796875,531.2716064453125,390.450927734375,540.3275146484375,384.44256591796875,SIFT:gradient,24.67792510986328,0.08776346526693067,ROBUST_MODEL_INLIER,FIT,0.05629186297669994,SYNTHETIC_SOURCE,SYNTHETIC_TARGET
1427,608.0619506835938,177.72702026367188,617.1077880859375,171.71713256835938,608.0619506835938,177.72702026367188,617.1077880859375,171.71713256835938,SIFT:gradient,30.08321762084961,0.08780549129660503,ROBUST_MODEL_INLIER,FIT,0.04661728626456202,SYNTHETIC_SOURCE,SYNTHETIC_TARGET
1428,22.537200927734375,213.7918243408203,31.542043685913086,207.79666137695312,22.537200927734375,213.7918243408203,31.542043685913086,207.79666137695312,SIFT:gradient,39.11521530151367,0.08781957330890124,ROBUST_MODEL_INLIER,HELD_OUT,0.00718830508773008,SYNTHETIC_SOURCE,SYNTHETIC_TARGET
1429,111.860107421875,498.47149658203125,120.8096694946289,492.4492492675781,111.860107421875,498.47149658203125,120.8096694946289,492.4492492675781,SIFT:gradient,23.72762107849121,0.08821225393247413,ROBUST_MODEL_INLIER,FIT,0.05502325312928028,SYNTHETIC_SOURCE,SYNTHETIC_TARGET
1430,154.97772216796875,483.06829833984375,164.00469970703125,477.042724609375,154.97772216796875,483.06829833984375,164.00469970703125,477.042724609375,SIFT:gradient,24.351591110229492,0.08821419154884734,ROBUST_MODEL_INLIER,HELD_OUT,0.03664353001268417,SYNTHETIC_SOURCE,SYNTHETIC_TARGET
1431,47.81221389770508,361.5047302246094,56.81793975830078,355.47601318359375,47.81221389770508,361.5047302246094,56.81793975830078,355.47601318359375,SIFT:gradient,15.716233253479004,0.0882155248861911,ROBUST_MODEL_INLIER,FIT,0.028653924001078402,SYNTHETIC_SOURCE,SYNTHETIC_TARGET
1432,491.8639831542969,234.1304931640625,500.8746337890625,228.0733642578125,491.8639831542969,234.1304931640625,500.8746337890625,228.0733642578125,SIFT:gradient,25.27845001220703,0.08822186334287063,ROBUST_MODEL_INLIER,FIT,0.0574852677836124,SYNTHETIC_SOURCE,SYNTHETIC_TARGET
1433,420.25,524.5884399414062,429.23529052734375,518.59521484375,420.25,524.5884399414062,429.23529052734375,518.59521484375,SIFT:gradient,33.42155075073242,0.08825819516732114,ROBUST_MODEL_INLIER,FIT,0.01659586752654887,SYNTHETIC_SOURCE,SYNTHETIC_TARGET
1434,360.1402282714844,415.8692321777344,369.04486083984375,410.0066833496094,360.1402282714844,415.8692321777344,369.04486083984375,410.0066833496094,SIFT:gradient,25.317977905273438,0.08831088746736587,ROBUST_MODEL_INLIER,FIT,0.1678840623321158,SYNTHETIC_SOURCE,SYNTHETIC_TARGET
1435,192.80569458007812,346.9905700683594,201.7957000732422,340.9781494140625,192.80569458007812,346.9905700683594,201.7957000732422,340.9781494140625,SIFT:gradient,33.645206451416016,0.08835420255141298,ROBUST_MODEL_INLIER,FIT,0.015570702683803905,SYNTHETIC_SOURCE,SYNTHETIC_TARGET
1436,248.42404174804688,141.49151611328125,257.4168701171875,135.5063934326172,248.42404174804688,141.49151611328125,257.4168701171875,135.5063934326172,SIFT:gradient,25.298221588134766,0.08890425997638006,ROBUST_MODEL_INLIER,FIT,0.017132195719059464,SYNTHETIC_SOURCE,SYNTHETIC_TARGET
1437,388.02728271484375,197.09169006347656,397.0753479003906,191.09451293945312,388.02728271484375,197.09169006347656,397.0753479003906,191.09451293945312,SIFT:gradient,38.53569793701172,0.08895691118600949,ROBUST_MODEL_INLIER,FIT,0.04803544592802975,SYNTHETIC_SOURCE,SYNTHETIC_TARGET
1438,477.986328125,76.99430847167969,486.9793395996094,70.99856567382812,477.986328125,76.99430847167969,486.9793395996094,70.99856567382812,SIFT:gradient,39.16631317138672,0.08902676549914404,ROBUST_MODEL_INLIER,HELD_OUT,0.008642255378343466,SYNTHETIC_SOURCE,SYNTHETIC_TARGET
1439,107.11205291748047,528.9194946289062,116.10553741455078,522.9186401367188,107.11205291748047,528.9194946289062,116.10553741455078,522.9186401367188,SIFT:gradient,43.15089797973633,0.08905747918660374,ROBUST_MODEL_INLIER,HELD_OUT,0.00667255871706733,SYNTHETIC_SOURCE,SYNTHETIC_TARGET
1440,329.5777893066406,223.37303161621094,338.5815124511719,217.38198852539062,329.5777893066406,223.37303161621094,338.5815124511719,217.38198852539062,SIFT:gradient,32.66496658325195,0.0890589307992214,ROBUST_MODEL_INLIER,FIT,0.010211824167743655,SYNTHETIC_SOURCE,SYNTHETIC_TARGET
1441,114.14047241210938,469.8542175292969,123.1592025756836,463.86810302734375,114.14047241210938,469.8542175292969,123.1592025756836,463.86810302734375,SIFT:gradient,27.604347229003906,0.08915024530283847,ROBUST_MODEL_INLIER,FIT,0.023563870101858717,SYNTHETIC_SOURCE,SYNTHETIC_TARGET
1442,115.32855987548828,503.17242431640625,124.30740356445312,497.1963195800781,115.32855987548828,503.17242431640625,124.30740356445312,497.1963195800781,SIFT:gradient,20.856653213500977,0.08921412899332386,ROBUST_MODEL_INLIER,FIT,0.032474518494419485,SYNTHETIC_SOURCE,SYNTHETIC_TARGET
1443,204.50701904296875,404.4193115234375,213.51646423339844,398.2550964355469,204.50701904296875,404.4193115234375,213.51646423339844,398.2550964355469,SIFT:gradient,20.124610900878906,0.08936419660568419,ROBUST_MODEL_INLIER,FIT,0.16386842957368053,SYNTHETIC_SOURCE,SYNTHETIC_TARGET
1444,379.6781311035156,260.1976623535156,388.70068359375,254.1902313232422,379.6781311035156,260.1976623535156,388.70068359375,254.1902313232422,SIFT:gradient,28.65309715270996,0.0895610431439022,ROBUST_MODEL_INLIER,FIT,0.023415321545675445,SYNTHETIC_SOURCE,SYNTHETIC_TARGET
1445,468.8392028808594,417.6741638183594,477.85931396484375,411.739013671875,468.8392028808594,417.6741638183594,477.85931396484375,411.739013671875,SIFT:gradient,31.400636672973633,0.08961922462272666,ROBUST_MODEL_INLIER,FIT,0.06843522495904003,SYNTHETIC_SOURCE,SYNTHETIC_TARGET
1446,367.07244873046875,290.4728698730469,376.0744934082031,284.4526672363281,367.07244873046875,290.4728698730469,376.0744934082031,284.4526672363281,SIFT:gradient,29.79932975769043,0.08969762829547447,ROBUST_MODEL_INLIER,FIT,0.019683435716882254,SYNTHETIC_SOURCE,SYNTHETIC_TARGET
1447,29.258487701416016,251.13848876953125,38.323848724365234,245.14337158203125,29.258487701416016,251.13848876953125,38.323848724365234,245.14337158203125,SIFT:gradient,27.12932014465332,0.08975005355885195,ROBUST_MODEL_INLIER,FIT,0.06543939833317831,SYNTHETIC_SOURCE,SYNTHETIC_TARGET
1448,249.32638549804688,112.29117584228516,258.3036804199219,106.25538635253906,249.32638549804688,112.29117584228516,258.3036804199219,106.25538635253906,SIFT:gradient,21.931713104248047,0.08993695538577048,ROBUST_MODEL_INLIER,FIT,0.04195288618226691,SYNTHETIC_SOURCE,SYNTHETIC_TARGET
1449,519.8351440429688,482.37359619140625,528.8386840820312,476.3545227050781,519.8351440429688,482.37359619140625,528.8386840820312,476.3545227050781,SIFT:gradient,21.656408309936523,0.09024678550826523,ROBUST_MODEL_INLIER,FIT,0.018771312442540287,SYNTHETIC_SOURCE,SYNTHETIC_TARGET
1450,462.4418640136719,271.87481689453125,471.45269775390625,265.9385986328125,462.4418640136719,271.87481689453125,471.45269775390625,265.9385986328125,SIFT:gradient,22.27105712890625,0.09034261221691026,ROBUST_MODEL_INLIER,HELD_OUT,0.06527195607484096,SYNTHETIC_SOURCE,SYNTHETIC_TARGET
1451,483.51727294921875,416.7235107421875,492.5304260253906,410.6985778808594,483.51727294921875,416.7235107421875,492.5304260253906,410.6985778808594,SIFT:gradient,22.627416610717773,0.0905256012471922,ROBUST_MODEL_INLIER,FIT,0.027578926317930547,SYNTHETIC_SOURCE,SYNTHETIC_TARGET
1452,243.5305633544922,227.21670532226562,252.5225830078125,221.23345947265625,243.5305633544922,227.21670532226562,252.5225830078125,221.23345947265625,SIFT:gradient,23.76972770690918,0.0909636602083173,ROBUST_MODEL_INLIER,FIT,0.01917473735948073,SYNTHETIC_SOURCE,SYNTHETIC_TARGET
1453,517.0399169921875,68.12274169921875,525.9893798828125,62.07358169555664,517.0399169921875,68.12274169921875,525.9893798828125,62.07358169555664,SIFT:gradient,30.049959182739258,0.09101620078972512,ROBUST_MODEL_INLIER,FIT,0.07018913112351381,SYNTHETIC_SOURCE,SYNTHETIC_TARGET
1454,357.9023742675781,237.16175842285156,366.9503479003906,231.16241455078125,357.9023742675781,237.16175842285156,366.9503479003906,231.16241455078125,SIFT:gradient,32.787193298339844,0.09127258981640661,ROBUST_MODEL_INLIER,FIT,0.047837812530717984,SYNTHETIC_SOURCE,SYNTHETIC_TARGET
1455,430.840087890625,510.8162841796875,439.8089599609375,504.83551025390625,430.840087890625,510.8162841796875,439.8089599609375,504.83551025390625,SIFT:gradient,38.49675369262695,0.09128966110061411,ROBUST_MODEL_INLIER,HELD_OUT,0.037039905071833364,SYNTHETIC_SOURCE,SYNTHETIC_TARGET
1456,259.0596618652344,66.24852752685547,267.9270324707031,60.20956039428711,259.0596618652344,66.24852752685547,267.9270324707031,60.20956039428711,SIFT:gradient,34.2344856262207,0.09136606275890749,ROBUST_MODEL_INLIER,FIT,0.1382110614423266,SYNTHETIC_SOURCE,SYNTHETIC_TARGET
1457,485.7823486328125,247.1249237060547,494.802734375,241.1151885986328,485.7823486328125,247.1249237060547,494.802734375,241.1151885986328,SIFT:gradient,17.860570907592773,0.09146287218534394,ROBUST_MODEL_INLIER,FIT,0.022195533386119598,SYNTHETIC_SOURCE,SYNTHETIC_TARGET
1458,33.492271423339844,161.13394165039062,42.443756103515625,155.11245727539062,33.492271423339844,161.13394165039062,42.443756103515625,155.11245727539062,SIFT:gradient,26.4007568359375,0.09168532485813734,ROBUST_MODEL_INLIER,HELD_OUT,0.052955548300530765,SYNTHETIC_SOURCE,SYNTHETIC_TARGET
1459,581.4182739257812,266.14599609375,590.44091796875,260.1128234863281,581.4182739257812,266.14599609375,590.44091796875,260.1128234863281,SIFT:gradient,30.886890411376953,0.09175110940157721,ROBUST_MODEL_INLIER,HELD_OUT,0.039574815958924134,SYNTHETIC_SOURCE,SYNTHETIC_TARGET
1460,258.4234313964844,475.4613952636719,267.4945983886719,469.4611511230469,258.4234313964844,475.4613952636719,267.4945983886719,469.4611511230469,SIFT:gradient,32.233524322509766,0.09203644736225268,ROBUST_MODEL_INLIER,FIT,0.07101534853882478,SYNTHETIC_SOURCE,SYNTHETIC_TARGET
1461,280.65191650390625,32.33943557739258,289.6804504394531,26.322208404541016,280.65191650390625,32.33943557739258,289.6804504394531,26.322208404541016,SIFT:gradient,22.649503707885742,0.09284767245283879,ROBUST_MODEL_INLIER,FIT,0.03288798632536763,SYNTHETIC_SOURCE,SYNTHETIC_TARGET
1462,127.93136596679688,189.79896545410156,136.8778839111328,183.84686279296875,127.93136596679688,189.79896545410156,136.8778839111328,183.84686279296875,SIFT:gradient,27.459060668945312,0.092852977449644,ROBUST_MODEL_INLIER,FIT,0.07231646437748998,SYNTHETIC_SOURCE,SYNTHETIC_TARGET
1463,457.8191223144531,277.91314697265625,466.8759765625,271.90338134765625,457.8191223144531,277.91314697265625,466.8759765625,271.90338134765625,SIFT:gradient,32.69556427001953,0.09290762303015303,ROBUST_MODEL_INLIER,FIT,0.05743602785874265,SYNTHETIC_SOURCE,SYNTHETIC_TARGET
1464,555.8533935546875,52.79457092285156,564.8634033203125,46.76582336425781,555.8533935546875,52.79457092285156,564.8634033203125,46.76582336425781,SIFT:gradient,33.406585693359375,0.09297595470973886,ROBUST_MODEL_INLIER,FIT,0.029813862084716276,SYNTHETIC_SOURCE,SYNTHETIC_TARGET
1465,589.2373657226562,167.1984405517578,598.2314453125,161.2120819091797,589.2373657226562,167.1984405517578,598.2314453125,161.2120819091797,SIFT:gradient,34.08811950683594,0.0929919658069138,ROBUST_MODEL_INLIER,FIT,0.015491691781489285,SYNTHETIC_SOURCE,SYNTHETIC_TARGET
1466,616.7144775390625,267.6990661621094,625.72216796875,261.76519775390625,616.7144775390625,267.6990661621094,625.72216796875,261.76519775390625,SIFT:gradient,50.93132781982422,0.09301660815639243,ROBUST_MODEL_INLIER,FIT,0.06716625687308127,SYNTHETIC_SOURCE,SYNTHETIC_TARGET
1467,577.3679809570312,251.99839782714844,586.5189208984375,246.04364013671875,577.3679809570312,251.99839782714844,586.5189208984375,246.04364013671875,SIFT:gradient,28.24889373779297,0.09359738069632118,ROBUST_MODEL_INLIER,FIT,0.1576048619592892,SYNTHETIC_SOURCE,SYNTHETIC_TARGET
1468,491.453369140625,116.49629974365234,500.3934326171875,110.50517272949219,491.453369140625,116.49629974365234,500.3934326171875,110.50517272949219,SIFT:gradient,34.36568069458008,0.0937655499511894,ROBUST_MODEL_INLIER,HELD_OUT,0.060832844652296936,SYNTHETIC_SOURCE,SYNTHETIC_TARGET
1469,143.17291259765625,568.6552734375,152.19647216796875,562.6456298828125,143.17291259765625,568.6552734375,152.19647216796875,562.6456298828125,SIFT:gradient,22.538854598999023,0.09385325616529233,ROBUST_MODEL_INLIER,FIT,0.025089551307177157,SYNTHETIC_SOURCE,SYNTHETIC_TARGET
1470,582.0795288085938,224.65811157226562,591.1239624023438,218.69662475585938,582.0795288085938,224.65811157226562,591.1239624023438,218.69662475585938,SIFT:gradient,35.510562896728516,0.09392323908373819,ROBUST_MODEL_INLIER,HELD_OUT,0.0590885647400606,SYNTHETIC_SOURCE,SYNTHETIC_TARGET
1471,517.0399169921875,68.12274169921875,525.9893798828125,62.07358169555664,517.0399169921875,68.12274169921875,525.9893798828125,62.07358169555664,SIFT:gradient,30.099834442138672,0.09393958781731032,ROBUST_MODEL_INLIER,FIT,0.07018913112351381,SYNTHETIC_SOURCE,SYNTHETIC_TARGET
1472,191.6165771484375,350.3204345703125,200.6968231201172,344.3219299316406,191.6165771484375,350.3204345703125,200.6968231201172,344.3219299316406,SIFT:gradient,31.654382705688477,0.09394604910641505,ROBUST_MODEL_INLIER,HELD_OUT,0.08012105936368917,SYNTHETIC_SOURCE,SYNTHETIC_TARGET
1473,585.693603515625,250.1342315673828,594.6685180664062,244.0396270751953,585.693603515625,250.1342315673828,594.6685180664062,244.0396270751953,SIFT:gradient,25.612497329711914,0.0942107254617168,ROBUST_MODEL_INLIER,FIT,0.0973234657673393,SYNTHETIC_SOURCE,SYNTHETIC_TARGET
1474,341.410400390625,198.38002014160156,350.44482421875,192.40953063964844,341.410400390625,198.38002014160156,350.44482421875,192.40953063964844,SIFT:gradient,28.930952072143555,0.09443974948412302,ROBUST_MODEL_INLIER,HELD_OUT,0.04562656559936141,SYNTHETIC_SOURCE,SYNTHETIC_TARGET
1475,465.5386962890625,479.4125061035156,474.54571533203125,473.4013977050781,465.5386962890625,479.4125061035156,474.54571533203125,473.4013977050781,SIFT:gradient,40.79215621948242,0.09446932529017105,ROBUST_MODEL_INLIER,HELD_OUT,0.012544209561770159,SYNTHETIC_SOURCE,SYNTHETIC_TARGET
1476,518.5900268554688,455.6231994628906,527.6480712890625,449.57171630859375,518.5900268554688,455.6231994628906,527.6480712890625,449.57171630859375,SIFT:gradient,38.18376541137695,0.09448938203753746,ROBUST_MODEL_INLIER,HELD_OUT,0.07706820263224688,SYNTHETIC_SOURCE,SYNTHETIC_TARGET
1477,518.47119140625,83.83605194091797,527.468505859375,77.81378936767578,518.47119140625,83.83605194091797,527.468505859375,77.81378936767578,SIFT:gradient,29.631065368652344,0.09468437298992725,ROBUST_MODEL_INLIER,HELD_OUT,0.02183743832536634,SYNTHETIC_SOURCE,SYNTHETIC_TARGET
1478,446.38885498046875,335.5911560058594,455.4159851074219,329.7185974121094,446.38885498046875,335.5911560058594,455.4159851074219,329.7185974121094,SIFT:gradient,39.458839416503906,0.09481272139685375,ROBUST_MODEL_INLIER,FIT,0.13086267723357897,SYNTHETIC_SOURCE,SYNTHETIC_TARGET
1479,531.2716064453125,390.450927734375,540.3275146484375,384.44256591796875,531.2716064453125,390.450927734375,540.3275146484375,384.44256591796875,SIFT:gradient,27.495454788208008,0.09484180463118669,ROBUST_MODEL_INLIER,FIT,0.05629186297669994,SYNTHETIC_SOURCE,SYNTHETIC_TARGET
1480,259.0596618652344,66.24852752685547,267.9270324707031,60.20956039428711,259.0596618652344,66.24852752685547,267.9270324707031,60.20956039428711,SIFT:gradient,39.140769958496094,0.09487953422677602,ROBUST_MODEL_INLIER,FIT,0.1382110614423266,SYNTHETIC_SOURCE,SYNTHETIC_TARGET
1481,303.4183349609375,308.7703552246094,312.3713073730469,302.7682189941406,303.4183349609375,308.7703552246094,312.3713073730469,302.7682189941406,SIFT:gradient,24.372116088867188,0.09489637542117388,ROBUST_MODEL_INLIER,HELD_OUT,0.04720484395892214,SYNTHETIC_SOURCE,SYNTHETIC_TARGET
1482,522.4537963867188,424.3010559082031,531.4131469726562,418.2966613769531,522.4537963867188,424.3010559082031,531.4131469726562,418.2966613769531,SIFT:gradient,43.634849548339844,0.09521814156018313,ROBUST_MODEL_INLIER,HELD_OUT,0.04097710799080511,SYNTHETIC_SOURCE,SYNTHETIC_TARGET
1483,27.48337745666504,517.6358642578125,36.471744537353516,511.5957336425781,27.48337745666504,517.6358642578125,36.471744537353516,511.5957336425781,SIFT:gradient,42.81354904174805,0.09533041854510652,ROBUST_MODEL_INLIER,HELD_OUT,0.04124014331578414,SYNTHETIC_SOURCE,SYNTHETIC_TARGET
1484,75.47881317138672,464.10504150390625,84.41483306884766,458.14208984375,75.47881317138672,464.10504150390625,84.41483306884766,458.14208984375,SIFT:gradient,22.759613037109375,0.09557211957103287,ROBUST_MODEL_INLIER,FIT,0.0743718967095858,SYNTHETIC_SOURCE,SYNTHETIC_TARGET
1485,505.90380859375,115.37553405761719,514.9246826171875,109.41255187988281,505.90380859375,115.37553405761719,514.9246826171875,109.41255187988281,SIFT:gradient,42.0,0.09562485786612383,ROBUST_MODEL_INLIER,FIT,0.042956458848034555,SYNTHETIC_SOURCE,SYNTHETIC_TARGET
1486,500.9446105957031,196.99319458007812,509.91259765625,190.94500732421875,500.9446105957031,196.99319458007812,509.91259765625,190.94500732421875,SIFT:gradient,36.56501007080078,0.09578492672526023,ROBUST_MODEL_INLIER,FIT,0.057429809087054536,SYNTHETIC_SOURCE,SYNTHETIC_TARGET
1487,361.4649658203125,216.27391052246094,370.45855712890625,210.2580108642578,361.4649658203125,216.27391052246094,370.45855712890625,210.2580108642578,SIFT:gradient,37.121421813964844,0.09582634071389987,ROBUST_MODEL_INLIER,FIT,0.01663770667978794,SYNTHETIC_SOURCE,SYNTHETIC_TARGET
1488,69.9482650756836,572.25537109375,78.94564819335938,566.34814453125,69.9482650756836,572.25537109375,78.94564819335938,566.34814453125,SIFT:gradient,17.944358825683594,0.09597972773622063,ROBUST_MODEL_INLIER,HELD_OUT,0.0934248469356006,SYNTHETIC_SOURCE,SYNTHETIC_TARGET
1489,339.1381530761719,56.15251541137695,348.2074279785156,50.070186614990234,339.1381530761719,56.15251541137695,348.2074279785156,50.070186614990234,SIFT:gradient,28.98275375366211,0.09598622172585959,ROBUST_MODEL_INLIER,FIT,0.10703176434986755,SYNTHETIC_SOURCE,SYNTHETIC_TARGET
1490,335.1194152832031,382.65667724609375,344.2894592285156,376.51446533203125,335.1194152832031,382.65667724609375,344.2894592285156,376.51446533203125,SIFT:gradient,38.54867172241211,0.09600188688164668,ROBUST_MODEL_INLIER,HELD_OUT,0.22116526813468856,SYNTHETIC_SOURCE,SYNTHETIC_TARGET
1491,550.3036499023438,367.4862365722656,559.3264770507812,361.3582763671875,550.3036499023438,367.4862365722656,559.3264770507812,361.3582763671875,SIFT:gradient,18.16590118408203,0.09639287163305821,ROBUST_MODEL_INLIER,FIT,0.12935269957153986,SYNTHETIC_SOURCE,SYNTHETIC_TARGET
1492,495.40557861328125,313.15380859375,504.417724609375,307.1737976074219,495.40557861328125,313.15380859375,504.417724609375,307.1737976074219,SIFT:gradient,38.17066955566406,0.09639611408773059,ROBUST_MODEL_INLIER,FIT,0.023836436151110415,SYNTHETIC_SOURCE,SYNTHETIC_TARGET
1493,494.86798095703125,27.458282470703125,504.04791259765625,21.50615882873535,494.86798095703125,27.458282470703125,504.04791259765625,21.50615882873535,SIFT:gradient,34.044090270996094,0.09648671720969938,ROBUST_MODEL_INLIER,FIT,0.1862027626255651,SYNTHETIC_SOURCE,SYNTHETIC_TARGET
1494,457.677001953125,481.93328857421875,466.66339111328125,475.9559020996094,457.677001953125,481.93328857421875,466.66339111328125,475.9559020996094,SIFT:gradient,32.787193298339844,0.0965595543040499,ROBUST_MODEL_INLIER,FIT,0.026995933096176792,SYNTHETIC_SOURCE,SYNTHETIC_TARGET
1495,248.70584106445312,128.3828887939453,257.6252136230469,122.3958740234375,248.70584106445312,128.3828887939453,257.6252136230469,122.3958740234375,SIFT:gradient,23.66431999206543,0.0967002859859288,ROBUST_MODEL_INLIER,HELD_OUT,0.08191613368206876,SYNTHETIC_SOURCE,SYNTHETIC_TARGET
1496,365.2731018066406,265.9977722167969,374.28057861328125,260.068359375,365.2731018066406,265.9977722167969,374.28057861328125,260.068359375,SIFT:gradient,27.94637680053711,0.09693791326443335,ROBUST_MODEL_INLIER,HELD_OUT,0.07157324623855005,SYNTHETIC_SOURCE,SYNTHETIC_TARGET
1497,570.6329956054688,184.86297607421875,579.6473999023438,178.86663818359375,570.6329956054688,184.86297607421875,579.6473999023438,178.86663818359375,SIFT:gradient,35.97220993041992,0.0970408920497734,ROBUST_MODEL_INLIER,FIT,0.014878344378249163,SYNTHETIC_SOURCE,SYNTHETIC_TARGET
1498,254.24273681640625,394.5306396484375,263.35693359375,388.32794189453125,254.24273681640625,394.5306396484375,263.35693359375,388.32794189453125,SIFT:gradient,41.821048736572266,0.09704304688309383,ROBUST_MODEL_INLIER,HELD_OUT,0.232046106052364,SYNTHETIC_SOURCE,SYNTHETIC_TARGET
1499,300.0311584472656,336.20782470703125,309.0302429199219,330.2411804199219,300.0311584472656,336.20782470703125,309.0302429199219,330.2411804199219,SIFT:gradient,29.49576187133789,0.09708490534766126,ROBUST_MODEL_INLIER,HELD_OUT,0.033982854567969206,SYNTHETIC_SOURCE,SYNTHETIC_TARGET
1500,460.5261535644531,279.2032470703125,469.60760498046875,273.1686096191406,460.5261535644531,279.2032470703125,469.60760498046875,273.1686096191406,SIFT:gradient,47.063785552978516,0.09713934128326873,ROBUST_MODEL_INLIER,HELD_OUT,0.08813253067014823,SYNTHETIC_SOURCE,SYNTHETIC_TARGET
1501,418.47406005859375,254.96385192871094,427.43658447265625,248.91754150390625,418.47406005859375,254.96385192871094,427.43658447265625,248.91754150390625,SIFT:gradient,20.688159942626953,0.09722077514935167,ROBUST_MODEL_INLIER,HELD_OUT,0.05919777157951888,SYNTHETIC_SOURCE,SYNTHETIC_TARGET
1502,603.4796752929688,243.1053466796875,612.515380859375,237.08660888671875,603.4796752929688,243.1053466796875,612.515380859375,237.08660888671875,SIFT:gradient,40.49691390991211,0.0973635429423287,ROBUST_MODEL_INLIER,FIT,0.03990762349814281,SYNTHETIC_SOURCE,SYNTHETIC_TARGET
1503,106.11454772949219,501.51666259765625,115.10922241210938,495.50164794921875,106.11454772949219,501.51666259765625,115.10922241210938,495.50164794921875,SIFT:gradient,29.42787742614746,0.09787836777271178,ROBUST_MODEL_INLIER,FIT,0.015410749970325556,SYNTHETIC_SOURCE,SYNTHETIC_TARGET
1504,62.971256256103516,459.17071533203125,71.95443725585938,453.16650390625,62.971256256103516,459.17071533203125,71.95443725585938,453.16650390625,SIFT:gradient,35.482391357421875,0.09798662910428416,ROBUST_MODEL_INLIER,FIT,0.01734942475545121,SYNTHETIC_SOURCE,SYNTHETIC_TARGET
1505,421.2148742675781,26.063615798950195,430.24005126953125,20.137054443359375,421.2148742675781,26.063615798950195,430.24005126953125,20.137054443359375,SIFT:gradient,33.57081985473633,0.09869971785689675,ROBUST_MODEL_INLIER,FIT,0.07816313135734317,SYNTHETIC_SOURCE,SYNTHETIC_TARGET
1506,473.5101623535156,375.8240051269531,482.46856689453125,369.8066711425781,473.5101623535156,375.8240051269531,482.46856689453125,369.8066711425781,SIFT:gradient,28.58321189880371,0.09910935121111294,ROBUST_MODEL_INLIER,HELD_OUT,0.044973095427427764,SYNTHETIC_SOURCE,SYNTHETIC_TARGET
1507,99.53740692138672,459.04718017578125,108.5495376586914,453.00634765625,99.53740692138672,459.04718017578125,108.5495376586914,453.00634765625,SIFT:gradient,38.01315689086914,0.09931811518576751,ROBUST_MODEL_INLIER,FIT,0.04196783124599059,SYNTHETIC_SOURCE,SYNTHETIC_TARGET
1508,305.4867858886719,349.4686584472656,314.4689025878906,343.5003662109375,305.4867858886719,349.4686584472656,314.4689025878906,343.5003662109375,SIFT:gradient,41.48493576049805,0.09943709508858227,ROBUST_MODEL_INLIER,FIT,0.03701018579373266,SYNTHETIC_SOURCE,SYNTHETIC_TARGET
1509,528.4999389648438,390.1375732421875,537.51416015625,384.1280212402344,528.4999389648438,390.1375732421875,537.51416015625,384.1280212402344,SIFT:gradient,27.58622932434082,0.09947331676665401,ROBUST_MODEL_INLIER,FIT,0.01666969455593054,SYNTHETIC_SOURCE,SYNTHETIC_TARGET
1510,494.5880126953125,72.90079498291016,503.571044921875,66.78278350830078,494.5880126953125,72.90079498291016,503.571044921875,66.78278350830078,SIFT:gradient,40.18706130981445,0.0996277811675939,ROBUST_MODEL_INLIER,HELD_OUT,0.11864286942194648,SYNTHETIC_SOURCE,SYNTHETIC_TARGET
1511,197.8907928466797,591.4373779296875,206.8843231201172,585.4542236328125,197.8907928466797,591.4373779296875,206.8843231201172,585.4542236328125,SIFT:gradient,41.85689926147461,0.09974498635891099,ROBUST_MODEL_INLIER,FIT,0.018669999838485777,SYNTHETIC_SOURCE,SYNTHETIC_TARGET
1512,87.52620697021484,297.89215087890625,96.64635467529297,291.84967041015625,87.52620697021484,297.89215087890625,96.64635467529297,291.84967041015625,SIFT:gradient,45.232730865478516,0.0998926474225609,ROBUST_MODEL_INLIER,HELD_OUT,0.1270902626566522,SYNTHETIC_SOURCE,SYNTHETIC_TARGET
1513,376.8431396484375,153.05274963378906,385.8369140625,147.02984619140625,376.8431396484375,153.05274963378906,385.8369140625,147.02984619140625,SIFT:gradient,22.847318649291992,0.10007575081615719,ROBUST_MODEL_INLIER,FIT,0.023187561314301254,SYNTHETIC_SOURCE,SYNTHETIC_TARGET
1514,475.15185546875,223.56236267089844,484.2238464355469,217.55648803710938,475.15185546875,223.56236267089844,484.2238464355469,217.55648803710938,SIFT:gradient,33.79349136352539,0.10024609444982635,ROBUST_MODEL_INLIER,FIT,0.07203100270882563,SYNTHETIC_SOURCE,SYNTHETIC_TARGET
1515,96.49028778076172,193.4218292236328,105.48310089111328,187.43048095703125,96.49028778076172,193.4218292236328,105.48310089111328,187.43048095703125,SIFT:gradient,39.74921417236328,0.10079709274601142,ROBUST_MODEL_INLIER,FIT,0.011817535630156887,SYNTHETIC_SOURCE,SYNTHETIC_TARGET
1516,576.5615234375,160.54750061035156,585.5487060546875,154.6300048828125,576.5615234375,160.54750061035156,585.5487060546875,154.6300048828125,SIFT:gradient,33.13608169555664,0.10079722456597116,ROBUST_MODEL_INLIER,FIT,0.08412051394634543,SYNTHETIC_SOURCE,SYNTHETIC_TARGET
1517,538.7606201171875,387.106201171875,547.7648315429688,381.0899963378906,538.7606201171875,387.106201171875,547.7648315429688,381.0899963378906,SIFT:gradient,23.494680404663086,0.10080026776681807,ROBUST_MODEL_INLIER,FIT,0.01611403261224643,SYNTHETIC_SOURCE,SYNTHETIC_TARGET
1518,239.26585388183594,191.56019592285156,248.2770538330078,185.6082305908203,239.26585388183594,191.56019592285156,248.2770538330078,185.6082305908203,SIFT:gradient,35.860843658447266,0.10090083737121082,ROBUST_MODEL_INLIER,FIT,0.04988368631790963,SYNTHETIC_SOURCE,SYNTHETIC_TARGET
1519,337.44012451171875,68.9861068725586,346.4418640136719,62.995338439941406,337.44012451171875,68.9861068725586,346.4418640136719,62.995338439941406,SIFT:gradient,19.0,0.10106096711848447,ROBUST_MODEL_INLIER,FIT,0.009969035297753809,SYNTHETIC_SOURCE,SYNTHETIC_TARGET
1520,459.41949462890625,581.5595092773438,468.41796875,575.4478759765625,459.41949462890625,581.5595092773438,468.41796875,575.4478759765625,SIFT:gradient,33.63034439086914,0.10109875025515529,ROBUST_MODEL_INLIER,HELD_OUT,0.11103563618954661,SYNTHETIC_SOURCE,SYNTHETIC_TARGET
1521,417.59588623046875,252.41632080078125,426.5690002441406,246.44493103027344,417.59588623046875,252.41632080078125,426.5690002441406,246.44493103027344,SIFT:gradient,20.856653213500977,0.10130678414304572,ROBUST_MODEL_INLIER,FIT,0.039811139809812206,SYNTHETIC_SOURCE,SYNTHETIC_TARGET
1522,297.8006286621094,158.35914611816406,306.8773193359375,152.3991241455078,297.8006286621094,158.35914611816406,306.8773193359375,152.3991241455078,SIFT:gradient,42.379241943359375,0.10154773899037775,ROBUST_MODEL_INLIER,HELD_OUT,0.08663426055097057,SYNTHETIC_SOURCE,SYNTHETIC_TARGET
1523,170.16659545898438,79.28691864013672,179.17343139648438,73.29498291015625,170.16659545898438,79.28691864013672,179.17343139648438,73.29498291015625,SIFT:gradient,46.389652252197266,0.10156746268917999,ROBUST_MODEL_INLIER,FIT,0.010950626538813901,SYNTHETIC_SOURCE,SYNTHETIC_TARGET
1524,68.80086517333984,563.6622924804688,77.79358673095703,557.6409301757812,68.80086517333984,563.6622924804688,77.79358673095703,557.6409301757812,SIFT:gradient,18.384777069091797,0.1017739243505947,ROBUST_MODEL_INLIER,FIT,0.022042317696352665,SYNTHETIC_SOURCE,SYNTHETIC_TARGET
1525,464.31646728515625,315.5596008300781,473.5914306640625,309.6402587890625,464.31646728515625,315.5596008300781,473.5914306640625,309.6402587890625,SIFT:gradient,34.20526123046875,0.10214485997661174,ROBUST_MODEL_INLIER,HELD_OUT,0.28657548596796767,SYNTHETIC_SOURCE,SYNTHETIC_TARGET
1526,309.7589416503906,164.13851928710938,318.80340576171875,158.12408447265625,309.7589416503906,164.13851928710938,318.80340576171875,158.12408447265625,SIFT:gradient,25.70992088317871,0.10226129305998033,ROBUST_MODEL_INLIER,FIT,0.046417958632046494,SYNTHETIC_SOURCE,SYNTHETIC_TARGET
1527,426.99334716796875,242.69166564941406,436.02777099609375,236.60775756835938,426.99334716796875,242.69166564941406,436.02777099609375,236.60775756835938,SIFT:gradient,45.15528869628906,0.1022912177544523,ROBUST_MODEL_INLIER,FIT,0.09007235783388756,SYNTHETIC_SOURCE,SYNTHETIC_TARGET
1528,341.410400390625,198.38002014160156,350.44482421875,192.40953063964844,341.410400390625,198.38002014160156,350.44482421875,192.40953063964844,SIFT:gradient,42.2255859375,0.10231643743507003,ROBUST_MODEL_INLIER,FIT,0.04562656559936141,SYNTHETIC_SOURCE,SYNTHETIC_TARGET
1529,208.16297912597656,337.9410705566406,217.18711853027344,331.93548583984375,208.16297912597656,337.9410705566406,217.18711853027344,331.93548583984375,SIFT:gradient,34.64101791381836,0.10235749448881934,ROBUST_MODEL_INLIER,FIT,0.024497176792277572,SYNTHETIC_SOURCE,SYNTHETIC_TARGET
1530,248.70584106445312,128.3828887939453,257.6252136230469,122.3958740234375,248.70584106445312,128.3828887939453,257.6252136230469,122.3958740234375,SIFT:gradient,27.892650604248047,0.10245307881696092,ROBUST_MODEL_INLIER,FIT,0.08191613368206876,SYNTHETIC_SOURCE,SYNTHETIC_TARGET
1531,137.90431213378906,522.9541015625,146.9115753173828,516.9479370117188,137.90431213378906,522.9541015625,146.9115753173828,516.9479370117188,SIFT:gradient,39.924930572509766,0.10246496128800729,ROBUST_MODEL_INLIER,FIT,0.009022732414012,SYNTHETIC_SOURCE,SYNTHETIC_TARGET
1532,521.4563598632812,81.26630401611328,530.4627075195312,75.24271392822266,521.4563598632812,81.26630401611328,530.4627075195312,75.24271392822266,SIFT:gradient,36.12478256225586,0.10259451735753808,ROBUST_MODEL_INLIER,HELD_OUT,0.02380015028707754,SYNTHETIC_SOURCE,SYNTHETIC_TARGET
1533,297.8006286621094,158.35914611816406,306.8773193359375,152.3991241455078,297.8006286621094,158.35914611816406,306.8773193359375,152.3991241455078,SIFT:gradient,40.31128692626953,0.10269966767148926,ROBUST_MODEL_INLIER,FIT,0.08663426055097057,SYNTHETIC_SOURCE,SYNTHETIC_TARGET
1534,119.0789794921875,493.3893127441406,128.05271911621094,487.48602294921875,119.0789794921875,493.3893127441406,128.05271911621094,487.48602294921875,SIFT:gradient,24.454038619995117,0.10271089535923757,ROBUST_MODEL_INLIER,FIT,0.1008411394476007,SYNTHETIC_SOURCE,SYNTHETIC_TARGET
1535,69.6398696899414,464.9161682128906,78.69062805175781,458.9253845214844,69.6398696899414,464.9161682128906,78.69062805175781,458.9253845214844,SIFT:gradient,30.463092803955078,0.10287300502258598,ROBUST_MODEL_INLIER,FIT,0.05155101943176015,SYNTHETIC_SOURCE,SYNTHETIC_TARGET
1536,337.44012451171875,68.9861068725586,346.4418640136719,62.995338439941406,337.44012451171875,68.9861068725586,346.4418640136719,62.995338439941406,SIFT:gradient,19.339078903198242,0.10294173487452278,ROBUST_MODEL_INLIER,FIT,0.009969035297753809,SYNTHETIC_SOURCE,SYNTHETIC_TARGET
1537,260.662353515625,514.3779296875,269.5859375,508.45782470703125,260.662353515625,514.3779296875,269.5859375,508.45782470703125,SIFT:gradient,32.38827133178711,0.10296321270788394,ROBUST_MODEL_INLIER,FIT,0.11110295144268391,SYNTHETIC_SOURCE,SYNTHETIC_TARGET
1538,466.68914794921875,468.63055419921875,475.6993713378906,462.6289978027344,466.68914794921875,468.63055419921875,475.6993713378906,462.6289978027344,SIFT:gradient,31.796226501464844,0.10355649242537866,ROBUST_MODEL_INLIER,FIT,0.01011513862336207,SYNTHETIC_SOURCE,SYNTHETIC_TARGET
1539,343.9573669433594,197.5106964111328,352.9151306152344,191.4812469482422,343.9573669433594,197.5106964111328,352.9151306152344,191.4812469482422,SIFT:gradient,25.592967987060547,0.1042329945635128,ROBUST_MODEL_INLIER,HELD_OUT,0.051269040786577014,SYNTHETIC_SOURCE,SYNTHETIC_TARGET
1540,557.2747192382812,129.306884765625,566.2665405273438,123.34808349609375,557.2747192382812,129.306884765625,566.2665405273438,123.34808349609375,SIFT:gradient,46.14108657836914,0.10438625800242844,ROBUST_MODEL_INLIER,FIT,0.04263109053800183,SYNTHETIC_SOURCE,SYNTHETIC_TARGET
1541,476.56573486328125,326.67156982421875,485.6084289550781,320.83990478515625,476.56573486328125,326.67156982421875,485.6084289550781,320.83990478515625,SIFT:gradient,41.91658401489258,0.10479113224514602,ROBUST_MODEL_INLIER,FIT,0.17421910965886647,SYNTHETIC_SOURCE,SYNTHETIC_TARGET
1542,526.1102294921875,452.0921630859375,535.115234375,446.06683349609375,526.1102294921875,452.0921630859375,535.115234375,446.06683349609375,SIFT:gradient,28.47806167602539,0.10531910985478415,ROBUST_MODEL_INLIER,FIT,0.025190980671940293,SYNTHETIC_SOURCE,SYNTHETIC_TARGET
1543,361.8604736328125,390.9137268066406,370.8202209472656,384.9761047363281,361.8604736328125,390.9137268066406,370.8202209472656,384.9761047363281,SIFT:gradient,40.199501037597656,0.1056426752515922,ROBUST_MODEL_INLIER,FIT,0.07483388067171343,SYNTHETIC_SOURCE,SYNTHETIC_TARGET
1544,244.63998413085938,114.05620574951172,253.7117919921875,108.05254364013672,244.63998413085938,114.05620574951172,253.7117919921875,108.05254364013672,SIFT:gradient,31.827661514282227,0.10578119087120053,ROBUST_MODEL_INLIER,FIT,0.07172023031996654,SYNTHETIC_SOURCE,SYNTHETIC_TARGET
1545,223.13963317871094,101.43002319335938,232.1107177734375,95.43901062011719,223.13963317871094,101.43002319335938,232.1107177734375,95.43901062011719,SIFT:gradient,38.249183654785156,0.10601078149789132,ROBUST_MODEL_INLIER,FIT,0.030611526836664727,SYNTHETIC_SOURCE,SYNTHETIC_TARGET
1546,230.45481872558594,303.1947937011719,239.49473571777344,297.2771301269531,230.45481872558594,303.1947937011719,239.49473571777344,297.2771301269531,SIFT:gradient,35.1710090637207,0.10637680306627992,ROBUST_MODEL_INLIER,FIT,0.09198573650734646,SYNTHETIC_SOURCE,SYNTHETIC_TARGET
1547,189.4935760498047,252.1262664794922,198.4355926513672,246.1776885986328,189.4935760498047,252.1262664794922,198.4355926513672,246.1776885986328,SIFT:gradient,26.944387435913086,0.10667970076499723,ROBUST_MODEL_INLIER,FIT,0.07802032372283198,SYNTHETIC_SOURCE,SYNTHETIC_TARGET
1548,107.11205291748047,528.9194946289062,116.10553741455078,522.9186401367188,107.11205291748047,528.9194946289062,116.10553741455078,522.9186401367188,SIFT:gradient,42.731719970703125,0.10680393366657226,ROBUST_MODEL_INLIER,FIT,0.00667255871706733,SYNTHETIC_SOURCE,SYNTHETIC_TARGET
1549,293.3212890625,546.1151123046875,302.3482971191406,540.2091674804688,293.3212890625,546.1151123046875,302.3482971191406,540.2091674804688,SIFT:gradient,34.4093017578125,0.10683954690383689,ROBUST_MODEL_INLIER,FIT,0.0984011090844636,SYNTHETIC_SOURCE,SYNTHETIC_TARGET
1550,247.43923950195312,203.79393005371094,256.4245910644531,197.7750701904297,247.43923950195312,203.79393005371094,256.4245910644531,197.7750701904297,SIFT:gradient,25.884357452392578,0.10711298602147883,ROBUST_MODEL_INLIER,HELD_OUT,0.023497128134874687,SYNTHETIC_SOURCE,SYNTHETIC_TARGET
1551,319.89166259765625,75.4040298461914,328.9451904296875,69.42079162597656,319.89166259765625,75.4040298461914,328.9451904296875,69.42079162597656,SIFT:gradient,36.30426788330078,0.10829425599546438,ROBUST_MODEL_INLIER,HELD_OUT,0.05613116455794895,SYNTHETIC_SOURCE,SYNTHETIC_TARGET
1552,486.4171142578125,415.0669250488281,495.46539306640625,409.1100158691406,486.4171142578125,415.0669250488281,495.46539306640625,409.1100158691406,SIFT:gradient,21.44761085510254,0.10882206490471193,ROBUST_MODEL_INLIER,FIT,0.06500711916716652,SYNTHETIC_SOURCE,SYNTHETIC_TARGET
1553,338.5569152832031,524.4752197265625,347.4844055175781,518.5948486328125,338.5569152832031,524.4752197265625,347.4844055175781,518.5948486328125,SIFT:gradient,42.237422943115234,0.1088268109444224,ROBUST_MODEL_INLIER,FIT,0.1404894897767463,SYNTHETIC_SOURCE,SYNTHETIC_TARGET
1554,130.867919921875,534.2476196289062,139.8717498779297,528.2778930664062,130.867919921875,534.2476196289062,139.8717498779297,528.2778930664062,SIFT:gradient,13.304134368896484,0.10901732587012268,ROBUST_MODEL_INLIER,FIT,0.03110195272761913,SYNTHETIC_SOURCE,SYNTHETIC_TARGET
1555,108.3880844116211,53.58203887939453,117.39427185058594,47.59123229980469,108.3880844116211,53.58203887939453,117.39427185058594,47.59123229980469,SIFT:gradient,41.66533279418945,0.10915798958126123,ROBUST_MODEL_INLIER,FIT,0.01151231394550372,SYNTHETIC_SOURCE,SYNTHETIC_TARGET
1556,198.6484375,118.13575744628906,207.58322143554688,112.07282257080078,198.6484375,118.13575744628906,207.58322143554688,112.07282257080078,SIFT:gradient,43.06970977783203,0.10920359298070985,ROBUST_MODEL_INLIER,FIT,0.0903183646431518,SYNTHETIC_SOURCE,SYNTHETIC_TARGET
1557,87.5537109375,300.5987548828125,96.52291107177734,294.67999267578125,87.5537109375,300.5987548828125,96.52291107177734,294.67999267578125,SIFT:gradient,46.097721099853516,0.10949793353502878,ROBUST_MODEL_INLIER,FIT,0.08750527497180223,SYNTHETIC_SOURCE,SYNTHETIC_TARGET
1558,76.00999450683594,420.1490783691406,84.98518371582031,414.1456604003906,76.00999450683594,420.1490783691406,84.98518371582031,414.1456604003906,SIFT:gradient,49.39635467529297,0.10967412424898094,ROBUST_MODEL_INLIER,FIT,0.025120768314057452,SYNTHETIC_SOURCE,SYNTHETIC_TARGET
1559,377.14202880859375,273.8787841796875,386.1529235839844,267.9420471191406,377.14202880859375,273.8787841796875,386.1529235839844,267.9420471191406,SIFT:gradient,21.3775577545166,0.1096761066427806,ROBUST_MODEL_INLIER,FIT,0.06477030104493785,SYNTHETIC_SOURCE,SYNTHETIC_TARGET
1560,37.964439392089844,283.1533508300781,46.88241958618164,277.4255676269531,37.964439392089844,283.1533508300781,46.88241958618164,277.4255676269531,SIFT:gradient,44.32831954956055,0.10976964099959835,ROBUST_MODEL_INLIER,FIT,0.28493324696701744,SYNTHETIC_SOURCE,SYNTHETIC_TARGET
1561,449.5707092285156,587.19580078125,458.64056396484375,581.3253173828125,449.5707092285156,587.19580078125,458.64056396484375,581.3253173828125,SIFT:gradient,41.13392639160156,0.10984485030637949,ROBUST_MODEL_INLIER,FIT,0.14761914993116318,SYNTHETIC_SOURCE,SYNTHETIC_TARGET
1562,275.0868835449219,210.74049377441406,284.152099609375,204.63931274414062,275.0868835449219,210.74049377441406,284.152099609375,204.63931274414062,SIFT:gradient,45.97825622558594,0.11005379183494877,ROBUST_MODEL_INLIER,HELD_OUT,0.1197819577347841,SYNTHETIC_SOURCE,SYNTHETIC_TARGET
1563,130.0379180908203,209.19131469726562,139.03257751464844,203.08250427246094,130.0379180908203,209.19131469726562,139.03257751464844,203.08250427246094,SIFT:gradient,40.841156005859375,0.11023263970370988,ROBUST_MODEL_INLIER,FIT,0.10833942357716457,SYNTHETIC_SOURCE,SYNTHETIC_TARGET
1564,145.16758728027344,195.13827514648438,154.10678100585938,189.125244140625,145.16758728027344,195.13827514648438,154.10678100585938,189.125244140625,SIFT:gradient,34.438350677490234,0.11039520224031235,ROBUST_MODEL_INLIER,FIT,0.06221137795166034,SYNTHETIC_SOURCE,SYNTHETIC_TARGET
1565,347.28289794921875,184.51348876953125,356.2668762207031,178.50086975097656,347.28289794921875,184.51348876953125,356.2668762207031,178.50086975097656,SIFT:gradient,31.480152130126953,0.11073376704723982,ROBUST_MODEL_INLIER,FIT,0.02014489002548144,SYNTHETIC_SOURCE,SYNTHETIC_TARGET
1566,336.2450866699219,68.19393157958984,345.3252868652344,62.23001480102539,336.2450866699219,68.19393157958984,345.3252868652344,62.23001480102539,SIFT:gradient,39.91240310668945,0.11076570131897483,ROBUST_MODEL_INLIER,FIT,0.08805701421993374,SYNTHETIC_SOURCE,SYNTHETIC_TARGET
1567,155.20994567871094,196.445068359375,164.20652770996094,190.5001983642578,155.20994567871094,196.445068359375,164.20652770996094,190.5001983642578,SIFT:gradient,43.24349594116211,0.11097309225150163,ROBUST_MODEL_INLIER,FIT,0.05585459883818343,SYNTHETIC_SOURCE,SYNTHETIC_TARGET
1568,130.94090270996094,534.3485107421875,139.9574737548828,528.3895263671875,130.94090270996094,534.3485107421875,139.9574737548828,528.3895263671875,SIFT:gradient,13.67479419708252,0.11156129725311564,ROBUST_MODEL_INLIER,FIT,0.04474692901271329,SYNTHETIC_SOURCE,SYNTHETIC_TARGET
1569,191.5990753173828,243.3732147216797,200.5393524169922,237.36416625976562,191.5990753173828,243.3732147216797,200.5393524169922,237.36416625976562,SIFT:gradient,29.983327865600586,0.11159257052213051,ROBUST_MODEL_INLIER,HELD_OUT,0.06046714647825919,SYNTHETIC_SOURCE,SYNTHETIC_TARGET
1570,524.0125732421875,107.17679595947266,533.144775390625,101.21849822998047,524.0125732421875,107.17679595947266,533.144775390625,101.21849822998047,SIFT:gradient,42.96510314941406,0.11190422633279072,ROBUST_MODEL_INLIER,FIT,0.1386630607879687,SYNTHETIC_SOURCE,SYNTHETIC_TARGET
1571,152.09854125976562,470.43115234375,161.08082580566406,464.4286193847656,152.09854125976562,470.43115234375,161.08082580566406,464.4286193847656,SIFT:gradient,30.479501724243164,0.11193677718989858,ROBUST_MODEL_INLIER,FIT,0.017971180927619217,SYNTHETIC_SOURCE,SYNTHETIC_TARGET
1572,58.77938461303711,553.9028930664062,67.79168701171875,547.8999633789062,58.77938461303711,553.9028930664062,67.79168701171875,547.8999633789062,SIFT:gradient,36.932369232177734,0.112057847392789,ROBUST_MODEL_INLIER,FIT,0.012369204560053922,SYNTHETIC_SOURCE,SYNTHETIC_TARGET
1573,26.55405044555664,346.56951904296875,35.51918411254883,340.591064453125,26.55405044555664,346.56951904296875,35.51918411254883,340.591064453125,SIFT:gradient,50.04997634887695,0.11225212954173504,ROBUST_MODEL_INLIER,FIT,0.04143914330954551,SYNTHETIC_SOURCE,SYNTHETIC_TARGET
1574,120.34339141845703,484.8319396972656,129.3390350341797,478.7143249511719,120.34339141845703,484.8319396972656,129.3390350341797,478.7143249511719,SIFT:gradient,44.94440841674805,0.11239966185579851,ROBUST_MODEL_INLIER,FIT,0.11709124292463516,SYNTHETIC_SOURCE,SYNTHETIC_TARGET
1575,105.73320770263672,511.8365478515625,114.57908630371094,505.9564514160156,105.73320770263672,511.8365478515625,114.57908630371094,505.9564514160156,SIFT:gradient,29.529645919799805,0.1124532959003243,ROBUST_MODEL_INLIER,HELD_OUT,0.19576533646600924,SYNTHETIC_SOURCE,SYNTHETIC_TARGET
1576,44.026981353759766,351.01202392578125,53.00603103637695,344.8773193359375,44.026981353759766,351.01202392578125,53.00603103637695,344.8773193359375,SIFT:gradient,27.838821411132812,0.11268931000500616,ROBUST_MODEL_INLIER,FIT,0.1357446033962615,SYNTHETIC_SOURCE,SYNTHETIC_TARGET
1577,469.205322265625,374.4348449707031,478.27301025390625,368.37677001953125,469.205322265625,374.4348449707031,478.27301025390625,368.37677001953125,SIFT:gradient,48.166378021240234,0.11278326658443281,ROBUST_MODEL_INLIER,HELD_OUT,0.08867474563926199,SYNTHETIC_SOURCE,SYNTHETIC_TARGET
1578,258.617919921875,110.04154968261719,267.61456298828125,104.00875854492188,258.617919921875,110.04154968261719,267.61456298828125,104.00875854492188,SIFT:gradient,32.48076248168945,0.11342843433046262,ROBUST_MODEL_INLIER,FIT,0.0323715884252705,SYNTHETIC_SOURCE,SYNTHETIC_TARGET
1579,144.77670288085938,487.6198425292969,153.86842346191406,481.60040283203125,144.77670288085938,487.6198425292969,153.86842346191406,481.60040283203125,SIFT:gradient,32.72613525390625,0.11355577715294234,ROBUST_MODEL_INLIER,HELD_OUT,0.09348391108475078,SYNTHETIC_SOURCE,SYNTHETIC_TARGET
1580,572.0872192382812,218.9871826171875,581.0900268554688,212.98446655273438,572.0872192382812,218.9871826171875,581.0900268554688,212.98446655273438,SIFT:gradient,32.96968460083008,0.11376705636086319,ROBUST_MODEL_INLIER,FIT,0.0033886881451394802,SYNTHETIC_SOURCE,SYNTHETIC_TARGET
1581,569.66650390625,536.9696044921875,578.6436767578125,530.9818725585938,569.66650390625,536.9696044921875,578.6436767578125,530.9818725585938,SIFT:gradient,50.88221740722656,0.11380597371493349,ROBUST_MODEL_INLIER,FIT,0.026342397975278764,SYNTHETIC_SOURCE,SYNTHETIC_TARGET
1582,23.291074752807617,300.6531677246094,32.33498764038086,294.655029296875,23.291074752807617,300.6531677246094,32.33498764038086,294.655029296875,SIFT:gradient,46.69047164916992,0.11413682699649484,ROBUST_MODEL_INLIER,FIT,0.04383006086836428,SYNTHETIC_SOURCE,SYNTHETIC_TARGET
1583,523.0067138671875,415.54217529296875,532.0524291992188,409.57928466796875,523.0067138671875,415.54217529296875,532.0524291992188,409.57928466796875,SIFT:gradient,37.986839294433594,0.11436425147235323,ROBUST_MODEL_INLIER,HELD_OUT,0.059150159979275,SYNTHETIC_SOURCE,SYNTHETIC_TARGET
1584,295.74383544921875,446.930419921875,304.7255554199219,440.9142761230469,295.74383544921875,446.930419921875,304.7255554199219,440.9142761230469,SIFT:gradient,44.68780517578125,0.1144716553022086,ROBUST_MODEL_INLIER,FIT,0.02410496547051817,SYNTHETIC_SOURCE,SYNTHETIC_TARGET
1585,355.8098449707031,385.2620544433594,364.79840087890625,379.27337646484375,355.8098449707031,385.2620544433594,364.79840087890625,379.27337646484375,SIFT:gradient,36.34556198120117,0.11474500849624834,ROBUST_MODEL_INLIER,FIT,0.016639245965615872,SYNTHETIC_SOURCE,SYNTHETIC_TARGET
1586,115.61457824707031,488.8040466308594,124.59020233154297,482.87615966796875,115.61457824707031,488.8040466308594,124.59020233154297,482.87615966796875,SIFT:gradient,28.142494201660156,0.11488646347916626,ROBUST_MODEL_INLIER,HELD_OUT,0.07674854226528281,SYNTHETIC_SOURCE,SYNTHETIC_TARGET
1587,264.8445739746094,61.82676315307617,273.9378356933594,55.804630279541016,264.8445739746094,61.82676315307617,273.9378356933594,55.804630279541016,SIFT:gradient,45.07770919799805,0.11503907892810303,ROBUST_MODEL_INLIER,HELD_OUT,0.09556426738824345,SYNTHETIC_SOURCE,SYNTHETIC_TARGET
1588,463.4108581542969,255.26219177246094,472.4862976074219,249.2576904296875,463.4108581542969,255.26219177246094,472.4862976074219,249.2576904296875,SIFT:gradient,39.72404861450195,0.11517458801615109,ROBUST_MODEL_INLIER,FIT,0.07538734568495256,SYNTHETIC_SOURCE,SYNTHETIC_TARGET
1589,369.3161315917969,257.0932312011719,378.29937744140625,251.12588500976562,369.3161315917969,257.0932312011719,378.29937744140625,251.12588500976562,SIFT:gradient,37.027015686035156,0.11522099274373446,ROBUST_MODEL_INLIER,HELD_OUT,0.03731410122475596,SYNTHETIC_SOURCE,SYNTHETIC_TARGET
1590,136.7790985107422,408.1333312988281,145.78402709960938,402.1495056152344,136.7790985107422,408.1333312988281,145.78402709960938,402.1495056152344,SIFT:gradient,31.17691421508789,0.11531118852663945,ROBUST_MODEL_INLIER,FIT,0.01745093877558764,SYNTHETIC_SOURCE,SYNTHETIC_TARGET
1591,42.68431854248047,500.6866455078125,51.642330169677734,494.6001892089844,42.68431854248047,500.6866455078125,51.642330169677734,494.6001892089844,SIFT:gradient,44.87761306762695,0.11558796525042324,ROBUST_MODEL_INLIER,FIT,0.09563151797441954,SYNTHETIC_SOURCE,SYNTHETIC_TARGET
1592,426.2928466796875,468.0541687011719,435.35382080078125,462.06475830078125,426.2928466796875,468.0541687011719,435.35382080078125,462.06475830078125,SIFT:gradient,39.1024284362793,0.11590293841381628,ROBUST_MODEL_INLIER,FIT,0.06184414125389099,SYNTHETIC_SOURCE,SYNTHETIC_TARGET
1593,474.4994201660156,220.91189575195312,483.6325988769531,214.8738250732422,474.4994201660156,220.91189575195312,483.6325988769531,214.8738250732422,SIFT:gradient,37.48332977294922,0.1159313984592238,ROBUST_MODEL_INLIER,FIT,0.13819994762282037,SYNTHETIC_SOURCE,SYNTHETIC_TARGET
1594,27.41883087158203,230.43165588378906,36.42030334472656,224.4019012451172,27.41883087158203,230.43165588378906,36.42030334472656,224.4019012451172,SIFT:gradient,33.55592346191406,0.1161299354355198,ROBUST_MODEL_INLIER,HELD_OUT,0.02917415925433261,SYNTHETIC_SOURCE,SYNTHETIC_TARGET
1595,244.6789093017578,453.874267578125,253.66860961914062,447.82086181640625,244.6789093017578,453.874267578125,253.66860961914062,447.82086181640625,SIFT:gradient,41.364234924316406,0.11627013204162526,ROBUST_MODEL_INLIER,HELD_OUT,0.05382011977258275,SYNTHETIC_SOURCE,SYNTHETIC_TARGET
1596,75.94682312011719,474.2786560058594,84.97462463378906,468.3485107421875,75.94682312011719,474.2786560058594,84.97462463378906,468.3485107421875,SIFT:gradient,42.19004440307617,0.11649153894714986,ROBUST_MODEL_INLIER,FIT,0.0756953876289076,SYNTHETIC_SOURCE,SYNTHETIC_TARGET
1597,135.69784545898438,574.227294921875,144.6779022216797,568.243896484375,135.69784545898438,574.227294921875,144.6779022216797,568.243896484375,SIFT:gradient,43.08131790161133,0.11721733948788139,ROBUST_MODEL_INLIER,HELD_OUT,0.0264592550155034,SYNTHETIC_SOURCE,SYNTHETIC_TARGET
1598,231.91197204589844,315.57952880859375,240.81797790527344,309.65032958984375,231.91197204589844,315.57952880859375,240.81797790527344,309.65032958984375,SIFT:gradient,30.463092803955078,0.11722991771242708,ROBUST_MODEL_INLIER,HELD_OUT,0.1181658003813257,SYNTHETIC_SOURCE,SYNTHETIC_TARGET
1599,475.0979309082031,263.67816162109375,484.1070251464844,257.6808166503906,475.0979309082031,263.67816162109375,484.1070251464844,257.6808166503906,SIFT:gradient,36.482872009277344,0.11743887110535227,ROBUST_MODEL_INLIER,FIT,0.009519234415904297,SYNTHETIC_SOURCE,SYNTHETIC_TARGET
1600,352.9231872558594,538.4530029296875,361.9203796386719,532.4931030273438,352.9231872558594,538.4530029296875,361.9203796386719,532.4931030273438,SIFT:gradient,26.362852096557617,0.11750877396904971,ROBUST_MODEL_INLIER,FIT,0.04081793098255936,SYNTHETIC_SOURCE,SYNTHETIC_TARGET
1601,221.46688842773438,131.77438354492188,230.67626953125,125.77259063720703,221.46688842773438,131.77438354492188,230.67626953125,125.77259063720703,SIFT:gradient,50.73460388183594,0.11764879678778249,ROBUST_MODEL_INLIER,HELD_OUT,0.20923185749233866,SYNTHETIC_SOURCE,SYNTHETIC_TARGET
1602,614.742919921875,198.283447265625,623.7398071289062,192.3206787109375,614.742919921875,198.283447265625,623.7398071289062,192.3206787109375,SIFT:gradient,36.29049301147461,0.11857106470349578,ROBUST_MODEL_INLIER,FIT,0.03798242097188557,SYNTHETIC_SOURCE,SYNTHETIC_TARGET
1603,276.43939208984375,616.8848266601562,285.3233947753906,610.829345703125,276.43939208984375,616.8848266601562,285.3233947753906,610.829345703125,SIFT:gradient,26.870058059692383,0.11879873373990363,ROBUST_MODEL_INLIER,HELD_OUT,0.12845848807677085,SYNTHETIC_SOURCE,SYNTHETIC_TARGET
1604,491.453369140625,116.49629974365234,500.3934326171875,110.50517272949219,491.453369140625,116.49629974365234,500.3934326171875,110.50517272949219,SIFT:gradient,43.220367431640625,0.11910234234452433,ROBUST_MODEL_INLIER,FIT,0.060832844652296936,SYNTHETIC_SOURCE,SYNTHETIC_TARGET
1605,343.3466491699219,192.33413696289062,352.3609313964844,186.37388610839844,343.3466491699219,192.33413696289062,352.3609313964844,186.37388610839844,SIFT:gradient,43.90899658203125,0.11965503198388044,ROBUST_MODEL_INLIER,HELD_OUT,0.04276138085663639,SYNTHETIC_SOURCE,SYNTHETIC_TARGET
1606,435.0017395019531,301.7833557128906,444.0262451171875,295.8238525390625,435.0017395019531,301.7833557128906,444.0262451171875,295.8238525390625,SIFT:gradient,48.84669876098633,0.11982528218978887,ROBUST_MODEL_INLIER,FIT,0.04777938888360682,SYNTHETIC_SOURCE,SYNTHETIC_TARGET
1607,47.11948776245117,168.51507568359375,56.10425567626953,162.52622985839844,47.11948776245117,168.51507568359375,56.10425567626953,162.52622985839844,SIFT:gradient,32.81767654418945,0.11990277554779522,ROBUST_MODEL_INLIER,FIT,0.01936729916519317,SYNTHETIC_SOURCE,SYNTHETIC_TARGET
1608,352.0578918457031,158.06890869140625,361.0718078613281,152.11463928222656,352.0578918457031,158.06890869140625,361.0718078613281,152.11463928222656,SIFT:gradient,47.70744323730469,0.11992473929629639,ROBUST_MODEL_INLIER,FIT,0.048341647509435495,SYNTHETIC_SOURCE,SYNTHETIC_TARGET
1609,566.9717407226562,132.56936645507812,575.9782104492188,126.58201599121094,566.9717407226562,132.56936645507812,575.9782104492188,126.58201599121094,SIFT:gradient,26.53299903869629,0.12001828124227827,ROBUST_MODEL_INLIER,FIT,0.014687779365581391,SYNTHETIC_SOURCE,SYNTHETIC_TARGET
1610,503.1806640625,45.810401916503906,512.185302734375,39.73120880126953,503.1806640625,45.810401916503906,512.185302734375,39.73120880126953,SIFT:gradient,39.38273620605469,0.12017996073573788,ROBUST_MODEL_INLIER,FIT,0.07871070890180461,SYNTHETIC_SOURCE,SYNTHETIC_TARGET
1611,114.9780502319336,218.64805603027344,124.02104949951172,212.61245727539062,114.9780502319336,218.64805603027344,124.02104949951172,212.61245727539062,SIFT:gradient,50.03998565673828,0.12077057064161423,ROBUST_MODEL_INLIER,FIT,0.0553175047082574,SYNTHETIC_SOURCE,SYNTHETIC_TARGET
1612,338.7666320800781,257.1689453125,347.8440246582031,251.1049346923828,338.7666320800781,257.1689453125,347.8440246582031,251.1049346923828,SIFT:gradient,48.71344757080078,0.12188803167874825,ROBUST_MODEL_INLIER,FIT,0.09992802481893076,SYNTHETIC_SOURCE,SYNTHETIC_TARGET
1613,263.6162109375,263.4216613769531,272.6281433105469,257.4541015625,263.6162109375,263.4216613769531,272.6281433105469,257.4541015625,SIFT:gradient,54.68089294433594,0.12195867932739829,ROBUST_MODEL_INLIER,HELD_OUT,0.03508705375983543,SYNTHETIC_SOURCE,SYNTHETIC_TARGET
1614,62.00824737548828,569.2542114257812,70.98402404785156,563.16796875,62.00824737548828,569.2542114257812,70.98402404785156,563.16796875,SIFT:gradient,44.9110221862793,0.12200659268395384,ROBUST_MODEL_INLIER,FIT,0.08903415192442345,SYNTHETIC_SOURCE,SYNTHETIC_TARGET
1615,254.42201232910156,456.52227783203125,263.28369140625,450.62109375,254.42201232910156,456.52227783203125,263.28369140625,450.62109375,SIFT:gradient,51.932647705078125,0.12204085376510451,ROBUST_MODEL_INLIER,FIT,0.17047139422837923,SYNTHETIC_SOURCE,SYNTHETIC_TARGET
1616,506.08917236328125,104.77696990966797,515.0774536132812,98.7590103149414,506.08917236328125,104.77696990966797,515.0774536132812,98.7590103149414,SIFT:gradient,37.78888702392578,0.12213498221532837,ROBUST_MODEL_INLIER,FIT,0.021022009934332116,SYNTHETIC_SOURCE,SYNTHETIC_TARGET
1617,349.0163269042969,59.983516693115234,357.99249267578125,54.00497055053711,349.0163269042969,59.983516693115234,357.99249267578125,54.00497055053711,SIFT:gradient,33.48133850097656,0.12237000738492056,ROBUST_MODEL_INLIER,FIT,0.03259135896849529,SYNTHETIC_SOURCE,SYNTHETIC_TARGET
1618,508.8005065917969,435.1883850097656,517.78466796875,429.2173156738281,508.8005065917969,435.1883850097656,517.78466796875,429.2173156738281,SIFT:gradient,50.73460388183594,0.12241065728028971,ROBUST_MODEL_INLIER,FIT,0.03359152320756107,SYNTHETIC_SOURCE,SYNTHETIC_TARGET
1619,548.207275390625,284.5340576171875,557.2002563476562,278.4801330566406,548.207275390625,284.5340576171875,557.2002563476562,278.4801330566406,SIFT:gradient,51.807334899902344,0.12243765885543238,ROBUST_MODEL_INLIER,FIT,0.05379439718792982,SYNTHETIC_SOURCE,SYNTHETIC_TARGET
1620,333.30572509765625,63.393043518066406,342.4351806640625,57.3983039855957,333.30572509765625,63.393043518066406,342.4351806640625,57.3983039855957,SIFT:gradient,40.71854782104492,0.12279783250633079,ROBUST_MODEL_INLIER,HELD_OUT,0.12943618802259585,SYNTHETIC_SOURCE,SYNTHETIC_TARGET
1621,294.3659973144531,95.81694793701172,303.4073486328125,89.85289764404297,294.3659973144531,95.81694793701172,303.4073486328125,89.85289764404297,SIFT:gradient,46.88283157348633,0.12327602878367508,ROBUST_MODEL_INLIER,FIT,0.05508151483587886,SYNTHETIC_SOURCE,SYNTHETIC_TARGET
1622,455.17755126953125,357.1258239746094,464.151123046875,351.1165466308594,455.17755126953125,357.1258239746094,464.151123046875,351.1165466308594,SIFT:gradient,51.146846771240234,0.12397714850317987,ROBUST_MODEL_INLIER,FIT,0.027958115868331457,SYNTHETIC_SOURCE,SYNTHETIC_TARGET
1623,350.9322814941406,406.9526062011719,359.863037109375,401.0533142089844,350.9322814941406,406.9526062011719,359.863037109375,401.0533142089844,SIFT:gradient,34.94281005859375,0.12415446643081418,ROBUST_MODEL_INLIER,FIT,0.12280614707861313,SYNTHETIC_SOURCE,SYNTHETIC_TARGET
1624,141.9416046142578,383.30389404296875,151.01991271972656,377.2904357910156,141.9416046142578,383.30389404296875,151.01991271972656,377.2904357910156,SIFT:gradient,32.43455123901367,0.12449805565385542,ROBUST_MODEL_INLIER,HELD_OUT,0.07920450411657173,SYNTHETIC_SOURCE,SYNTHETIC_TARGET
1625,200.49671936035156,53.87211608886719,209.5018768310547,47.87723922729492,200.49671936035156,53.87211608886719,209.5018768310547,47.87723922729492,SIFT:gradient,37.90778350830078,0.12462924632231215,ROBUST_MODEL_INLIER,HELD_OUT,0.0076106346276099525,SYNTHETIC_SOURCE,SYNTHETIC_TARGET
1626,436.15643310546875,350.8988037109375,445.2076721191406,344.8862609863281,436.15643310546875,350.8988037109375,445.2076721191406,344.8862609863281,SIFT:gradient,34.525352478027344,0.12485932550629297,ROBUST_MODEL_INLIER,FIT,0.052461456571781855,SYNTHETIC_SOURCE,SYNTHETIC_TARGET
1627,468.5644226074219,378.633544921875,477.5868835449219,372.7216491699219,468.5644226074219,378.633544921875,477.5868835449219,372.7216491699219,SIFT:gradient,27.166154861450195,0.1252109253067186,ROBUST_MODEL_INLIER,HELD_OUT,0.09147645951907966,SYNTHETIC_SOURCE,SYNTHETIC_TARGET
1628,147.3406524658203,416.61431884765625,156.31967163085938,410.5410461425781,147.3406524658203,416.61431884765625,156.31967163085938,410.5410461425781,SIFT:gradient,51.078372955322266,0.12522030165044531,ROBUST_MODEL_INLIER,HELD_OUT,0.07567323952265163,SYNTHETIC_SOURCE,SYNTHETIC_TARGET
1629,442.2881164550781,352.5762634277344,451.33465576171875,346.52532958984375,442.2881164550781,352.5762634277344,451.33465576171875,346.52532958984375,SIFT:gradient,37.5233268737793,0.1255874185665174,ROBUST_MODEL_INLIER,FIT,0.06844107650094777,SYNTHETIC_SOURCE,SYNTHETIC_TARGET
1630,88.74880981445312,380.9898681640625,97.63526916503906,374.8738708496094,88.74880981445312,380.9898681640625,97.63526916503906,374.8738708496094,SIFT:gradient,30.74085235595703,0.12592366071540187,ROBUST_MODEL_INLIER,FIT,0.1619885903819848,SYNTHETIC_SOURCE,SYNTHETIC_TARGET
1631,123.6618881225586,227.6105194091797,132.65689086914062,221.57064819335938,123.6618881225586,227.6105194091797,132.65689086914062,221.57064819335938,SIFT:gradient,54.68089294433594,0.12608424796506257,ROBUST_MODEL_INLIER,FIT,0.03959717575502169,SYNTHETIC_SOURCE,SYNTHETIC_TARGET
1632,381.66925048828125,160.7855987548828,390.6594543457031,154.80262756347656,381.66925048828125,160.7855987548828,390.6594543457031,154.80262756347656,SIFT:gradient,25.980762481689453,0.1266405421040739,ROBUST_MODEL_INLIER,FIT,0.020251350793408132,SYNTHETIC_SOURCE,SYNTHETIC_TARGET
1633,465.9601135253906,440.7416076660156,474.9383544921875,434.7679443359375,465.9601135253906,440.7416076660156,474.9383544921875,434.7679443359375,SIFT:gradient,51.43928527832031,0.12669774699093672,ROBUST_MODEL_INLIER,FIT,0.03473126985636197,SYNTHETIC_SOURCE,SYNTHETIC_TARGET
1634,87.5537109375,300.5987548828125,96.52291107177734,294.67999267578125,87.5537109375,300.5987548828125,96.52291107177734,294.67999267578125,SIFT:gradient,46.021732330322266,0.1269484126693502,ROBUST_MODEL_INLIER,FIT,0.08750527497180223,SYNTHETIC_SOURCE,SYNTHETIC_TARGET
1635,165.2977294921875,212.267333984375,174.34356689453125,206.172119140625,165.2977294921875,212.267333984375,174.34356689453125,206.172119140625,SIFT:gradient,42.16633605957031,0.1273826044876781,ROBUST_MODEL_INLIER,FIT,0.10505766137541425,SYNTHETIC_SOURCE,SYNTHETIC_TARGET
1636,436.4038391113281,319.7014465332031,445.37774658203125,313.6897888183594,436.4038391113281,319.7014465332031,445.37774658203125,313.6897888183594,SIFT:gradient,32.77193832397461,0.12748927815652555,ROBUST_MODEL_INLIER,FIT,0.028475435232029705,SYNTHETIC_SOURCE,SYNTHETIC_TARGET
1637,156.11378479003906,491.3166198730469,165.12840270996094,485.2701110839844,156.11378479003906,491.3166198730469,165.12840270996094,485.2701110839844,SIFT:gradient,41.18252182006836,0.12769543411345577,ROBUST_MODEL_INLIER,HELD_OUT,0.04812392747600422,SYNTHETIC_SOURCE,SYNTHETIC_TARGET
1638,521.4563598632812,81.26630401611328,530.4627075195312,75.24271392822266,521.4563598632812,81.26630401611328,530.4627075195312,75.24271392822266,SIFT:gradient,39.357337951660156,0.12818416314953887,ROBUST_MODEL_INLIER,HELD_OUT,0.02380015028707754,SYNTHETIC_SOURCE,SYNTHETIC_TARGET
1639,347.3690185546875,180.9271697998047,356.50848388671875,174.87010192871094,347.3690185546875,180.9271697998047,356.50848388671875,174.87010192871094,SIFT:gradient,38.26225280761719,0.12828491713513296,ROBUST_MODEL_INLIER,HELD_OUT,0.15031797028836147,SYNTHETIC_SOURCE,SYNTHETIC_TARGET
1640,297.0450134277344,469.6783447265625,306.10894775390625,463.6876220703125,297.0450134277344,469.6783447265625,306.10894775390625,463.6876220703125,SIFT:gradient,56.30275344848633,0.12833454925458393,ROBUST_MODEL_INLIER,HELD_OUT,0.06454360275635926,SYNTHETIC_SOURCE,SYNTHETIC_TARGET
1641,360.82879638671875,144.30062866210938,369.8089294433594,138.25714111328125,360.82879638671875,144.30062866210938,369.8089294433594,138.25714111328125,SIFT:gradient,34.89985656738281,0.12836469494824324,ROBUST_MODEL_INLIER,FIT,0.04732056293858988,SYNTHETIC_SOURCE,SYNTHETIC_TARGET
1642,127.78427124023438,366.2904968261719,136.79005432128906,360.25201416015625,127.78427124023438,366.2904968261719,136.79005432128906,360.25201416015625,SIFT:gradient,59.06775665283203,0.12898735385203267,ROBUST_MODEL_INLIER,FIT,0.03828857081828643,SYNTHETIC_SOURCE,SYNTHETIC_TARGET
1643,44.298622131347656,358.281982421875,53.2587776184082,352.3656005859375,44.298622131347656,358.281982421875,53.2587776184082,352.3656005859375,SIFT:gradient,49.223976135253906,0.12922215687561053,ROBUST_MODEL_INLIER,FIT,0.0932427526363433,SYNTHETIC_SOURCE,SYNTHETIC_TARGET
1644,476.0613098144531,343.84051513671875,485.0273742675781,337.8014831542969,476.0613098144531,343.84051513671875,485.0273742675781,337.8014831542969,SIFT:gradient,54.037025451660156,0.13000754779874837,ROBUST_MODEL_INLIER,HELD_OUT,0.05136363158591387,SYNTHETIC_SOURCE,SYNTHETIC_TARGET
1645,357.6440124511719,464.7313232421875,366.61077880859375,458.6775207519531,357.6440124511719,464.7313232421875,366.61077880859375,458.6775207519531,SIFT:gradient,56.24055480957031,0.13012059923707942,ROBUST_MODEL_INLIER,FIT,0.06280162419396867,SYNTHETIC_SOURCE,SYNTHETIC_TARGET
1646,265.3771667480469,201.39402770996094,274.4459228515625,195.4570770263672,265.3771667480469,201.39402770996094,274.4459228515625,195.4570770263672,SIFT:gradient,44.59820556640625,0.13026718967485215,ROBUST_MODEL_INLIER,FIT,0.09358950626005628,SYNTHETIC_SOURCE,SYNTHETIC_TARGET
1647,138.3459014892578,598.0302734375,147.27633666992188,592.0523681640625,138.3459014892578,598.0302734375,147.27633666992188,592.0523681640625,SIFT:gradient,41.25530242919922,0.13048486646151042,ROBUST_MODEL_INLIER,FIT,0.07332146645462502,SYNTHETIC_SOURCE,SYNTHETIC_TARGET
1648,254.42201232910156,456.52227783203125,263.28369140625,450.62109375,254.42201232910156,456.52227783203125,263.28369140625,450.62109375,SIFT:gradient,53.563045501708984,0.13090192881811738,ROBUST_MODEL_INLIER,FIT,0.17047139422837923,SYNTHETIC_SOURCE,SYNTHETIC_TARGET
1649,537.1836547851562,153.85841369628906,546.12158203125,147.79974365234375,537.1836547851562,153.85841369628906,546.12158203125,147.79974365234375,SIFT:gradient,54.31390380859375,0.13094570664820818,ROBUST_MODEL_INLIER,FIT,0.08510535260090715,SYNTHETIC_SOURCE,SYNTHETIC_TARGET
1650,152.71957397460938,235.75233459472656,161.9647979736328,230.02828979492188,152.71957397460938,235.75233459472656,161.9647979736328,230.02828979492188,SIFT:gradient,57.79273223876953,0.13121502019582973,ROBUST_MODEL_INLIER,FIT,0.36952469602684374,SYNTHETIC_SOURCE,SYNTHETIC_TARGET
1651,346.4071960449219,252.16647338867188,355.3605041503906,246.1551055908203,346.4071960449219,252.16647338867188,355.3605041503906,246.1551055908203,SIFT:gradient,46.35730743408203,0.13134700445185682,ROBUST_MODEL_INLIER,HELD_OUT,0.048063792859442754,SYNTHETIC_SOURCE,SYNTHETIC_TARGET
1652,139.3633270263672,549.5299682617188,148.4164276123047,543.54638671875,139.3633270263672,549.5299682617188,148.4164276123047,543.54638671875,SIFT:gradient,38.065731048583984,0.1320954539384441,ROBUST_MODEL_INLIER,FIT,0.055618978948686684,SYNTHETIC_SOURCE,SYNTHETIC_TARGET
1653,400.9596252441406,272.77166748046875,409.9757080078125,266.72589111328125,400.9596252441406,272.77166748046875,409.9757080078125,266.72589111328125,SIFT:gradient,56.83308792114258,0.13222611778526905,ROBUST_MODEL_INLIER,FIT,0.04789300019688961,SYNTHETIC_SOURCE,SYNTHETIC_TARGET
1654,146.08392333984375,429.9386901855469,155.2003631591797,423.74530029296875,146.08392333984375,429.9386901855469,155.2003631591797,423.74530029296875,SIFT:gradient,56.47123336791992,0.13280733646218418,ROBUST_MODEL_INLIER,FIT,0.2251370063570419,SYNTHETIC_SOURCE,SYNTHETIC_TARGET
1655,577.5822143554688,154.8577117919922,586.5934448242188,148.8274383544922,577.5822143554688,154.8577117919922,586.5934448242188,148.8274383544922,SIFT:gradient,49.84977340698242,0.13283782484827938,ROBUST_MODEL_INLIER,FIT,0.031664145522499375,SYNTHETIC_SOURCE,SYNTHETIC_TARGET
1656,294.3659973144531,95.81694793701172,303.4073486328125,89.85289764404297,294.3659973144531,95.81694793701172,303.4073486328125,89.85289764404297,SIFT:gradient,52.858299255371094,0.13303675702786955,ROBUST_MODEL_INLIER,HELD_OUT,0.05508151483587886,SYNTHETIC_SOURCE,SYNTHETIC_TARGET
1657,84.4537353515625,469.5749206542969,93.46341705322266,463.5804443359375,84.4537353515625,469.5749206542969,93.46341705322266,463.5804443359375,SIFT:gradient,39.2300910949707,0.13342179309471555,ROBUST_MODEL_INLIER,FIT,0.01133271249832581,SYNTHETIC_SOURCE,SYNTHETIC_TARGET
1658,400.9596252441406,272.77166748046875,409.9757080078125,266.72589111328125,400.9596252441406,272.77166748046875,409.9757080078125,266.72589111328125,SIFT:gradient,59.71599578857422,0.13452858880862226,ROBUST_MODEL_INLIER,FIT,0.04789300019688961,SYNTHETIC_SOURCE,SYNTHETIC_TARGET
1659,371.2103271484375,196.26763916015625,380.2161560058594,190.2665252685547,371.2103271484375,196.26763916015625,380.2161560058594,190.2665252685547,SIFT:gradient,32.2180061340332,0.13559017683676836,ROBUST_MODEL_INLIER,FIT,0.005698560200817059,SYNTHETIC_SOURCE,SYNTHETIC_TARGET
1660,134.76388549804688,508.7499694824219,143.8028106689453,502.7762756347656,134.76388549804688,508.7499694824219,143.8028106689453,502.7762756347656,SIFT:gradient,52.98112869262695,0.13627439356176066,ROBUST_MODEL_INLIER,FIT,0.04719969677479806,SYNTHETIC_SOURCE,SYNTHETIC_TARGET
1661,232.46041870117188,234.2166290283203,241.4425506591797,228.2303924560547,232.46041870117188,234.2166290283203,241.4425506591797,228.2303924560547,SIFT:gradient,49.91993713378906,0.1363042696980123,ROBUST_MODEL_INLIER,FIT,0.023051000686490537,SYNTHETIC_SOURCE,SYNTHETIC_TARGET
1662,97.37062072753906,33.429534912109375,106.63844299316406,27.437562942504883,97.37062072753906,33.429534912109375,106.63844299316406,27.437562942504883,SIFT:gradient,60.613529205322266,0.13642702212158972,ROBUST_MODEL_INLIER,HELD_OUT,0.2678090327477335,SYNTHETIC_SOURCE,SYNTHETIC_TARGET
1663,268.49346923828125,355.4947204589844,277.4559631347656,349.5078430175781,268.49346923828125,355.4947204589844,277.4559631347656,349.5078430175781,SIFT:gradient,56.11595153808594,0.13711636395253235,ROBUST_MODEL_INLIER,HELD_OUT,0.04008453392258418,SYNTHETIC_SOURCE,SYNTHETIC_TARGET
1664,299.9883117675781,183.43319702148438,308.9454345703125,177.455322265625,299.9883117675781,183.43319702148438,308.9454345703125,177.455322265625,SIFT:gradient,33.0756721496582,0.137480363207642,ROBUST_MODEL_INLIER,FIT,0.04866692637273273,SYNTHETIC_SOURCE,SYNTHETIC_TARGET
1665,222.04991149902344,37.70969009399414,231.0812530517578,31.71514892578125,222.04991149902344,37.70969009399414,231.0812530517578,31.71514892578125,SIFT:gradient,60.13318634033203,0.13756564747918917,ROBUST_MODEL_INLIER,FIT,0.031773991165037,SYNTHETIC_SOURCE,SYNTHETIC_TARGET
1666,426.99334716796875,242.69166564941406,436.02777099609375,236.60775756835938,426.99334716796875,242.69166564941406,436.02777099609375,236.60775756835938,SIFT:gradient,46.475799560546875,0.13763314432999008,ROBUST_MODEL_INLIER,HELD_OUT,0.09007235783388756,SYNTHETIC_SOURCE,SYNTHETIC_TARGET
1667,167.10020446777344,48.058841705322266,175.89381408691406,42.15981674194336,167.10020446777344,48.058841705322266,175.89381408691406,42.15981674194336,SIFT:gradient,55.0,0.1379265059825117,ROBUST_MODEL_INLIER,FIT,0.23017295460691056,SYNTHETIC_SOURCE,SYNTHETIC_TARGET
1668,189.57199096679688,31.253358840942383,199.28216552734375,26.035892486572266,189.57199096679688,31.253358840942383,199.28216552734375,26.035892486572266,SIFT:gradient,63.071388244628906,0.1379526849040463,ROBUST_MODEL_INLIER,HELD_OUT,1.0570930526652493,SYNTHETIC_SOURCE,SYNTHETIC_TARGET
1669,89.12518310546875,493.71307373046875,98.1376724243164,487.70318603515625,89.12518310546875,493.71307373046875,98.1376724243164,487.70318603515625,SIFT:gradient,60.19136047363281,0.13826430202885734,ROBUST_MODEL_INLIER,FIT,0.015435803761444924,SYNTHETIC_SOURCE,SYNTHETIC_TARGET
1670,44.09419250488281,213.1073455810547,53.083377838134766,207.15074157714844,44.09419250488281,213.1073455810547,53.083377838134766,207.15074157714844,SIFT:gradient,57.75811767578125,0.13867784832586155,ROBUST_MODEL_INLIER,FIT,0.045352390326775606,SYNTHETIC_SOURCE,SYNTHETIC_TARGET
1671,27.41883087158203,230.43165588378906,36.42030334472656,224.4019012451172,27.41883087158203,230.43165588378906,36.42030334472656,224.4019012451172,SIFT:gradient,40.2740592956543,0.1388257237460402,ROBUST_MODEL_INLIER,HELD_OUT,0.02917415925433261,SYNTHETIC_SOURCE,SYNTHETIC_TARGET
1672,234.47381591796875,298.2693176269531,243.4734649658203,292.2294006347656,234.47381591796875,298.2693176269531,243.4734649658203,292.2294006347656,SIFT:gradient,48.11444854736328,0.13883141478376537,ROBUST_MODEL_INLIER,FIT,0.03930986580737512,SYNTHETIC_SOURCE,SYNTHETIC_TARGET
1673,158.80418395996094,82.646240234375,167.84234619140625,76.6596450805664,158.80418395996094,82.646240234375,167.84234619140625,76.6596450805664,SIFT:gradient,17.63519287109375,0.13926185697096122,ROBUST_MODEL_INLIER,FIT,0.040511217844388436,SYNTHETIC_SOURCE,SYNTHETIC_TARGET
1674,183.27992248535156,437.9742736816406,192.29493713378906,432.0231628417969,183.27992248535156,437.9742736816406,192.29493713378906,432.0231628417969,SIFT:gradient,43.0,0.13955596405876108,ROBUST_MODEL_INLIER,FIT,0.051682516425708674,SYNTHETIC_SOURCE,SYNTHETIC_TARGET
1675,327.0021057128906,213.84315490722656,336.02984619140625,207.90428161621094,327.0021057128906,213.84315490722656,336.02984619140625,207.90428161621094,SIFT:gradient,46.3249397277832,0.14050446030148409,ROBUST_MODEL_INLIER,FIT,0.06762067992933428,SYNTHETIC_SOURCE,SYNTHETIC_TARGET
1676,253.1199188232422,206.20547485351562,262.155029296875,200.28846740722656,253.1199188232422,206.20547485351562,262.155029296875,200.28846740722656,SIFT:gradient,45.694637298583984,0.14060953903414217,ROBUST_MODEL_INLIER,FIT,0.09061732475483482,SYNTHETIC_SOURCE,SYNTHETIC_TARGET
1677,339.9930419921875,52.5660285949707,348.95428466796875,46.44259262084961,339.9930419921875,52.5660285949707,348.95428466796875,46.44259262084961,SIFT:gradient,35.608985900878906,0.1408890193198555,ROBUST_MODEL_INLIER,HELD_OUT,0.12884143284388536,SYNTHETIC_SOURCE,SYNTHETIC_TARGET
1678,118.9096908569336,23.240039825439453,127.9013900756836,17.272544860839844,118.9096908569336,23.240039825439453,127.9013900756836,17.272544860839844,SIFT:gradient,45.67274856567383,0.14181553888316864,ROBUST_MODEL_INLIER,HELD_OUT,0.03417730685015508,SYNTHETIC_SOURCE,SYNTHETIC_TARGET
1679,193.75953674316406,277.7642517089844,202.75013732910156,271.77777099609375,193.75953674316406,277.7642517089844,202.75013732910156,271.77777099609375,SIFT:gradient,43.69210433959961,0.141911349346542,ROBUST_MODEL_INLIER,FIT,0.017055422314039875,SYNTHETIC_SOURCE,SYNTHETIC_TARGET
1680,200.5924835205078,599.7100219726562,209.63865661621094,593.7892456054688,200.5924835205078,599.7100219726562,209.63865661621094,593.7892456054688,SIFT:gradient,57.192657470703125,0.1423945832451324,ROBUST_MODEL_INLIER,FIT,0.0921485333605919,SYNTHETIC_SOURCE,SYNTHETIC_TARGET
1681,131.4193115234375,25.464414596557617,140.4812774658203,19.474504470825195,131.4193115234375,25.464414596557617,140.4812774658203,19.474504470825195,SIFT:gradient,61.0655403137207,0.14279815960530245,ROBUST_MODEL_INLIER,FIT,0.06273265199552389,SYNTHETIC_SOURCE,SYNTHETIC_TARGET
1682,494.5880126953125,72.90079498291016,503.571044921875,66.78278350830078,494.5880126953125,72.90079498291016,503.571044921875,66.78278350830078,SIFT:gradient,52.68775939941406,0.14304708822247594,ROBUST_MODEL_INLIER,HELD_OUT,0.11864286942194648,SYNTHETIC_SOURCE,SYNTHETIC_TARGET
1683,42.30503463745117,570.075927734375,51.19350814819336,564.0993041992188,42.30503463745117,570.075927734375,51.19350814819336,564.0993041992188,SIFT:gradient,71.45628356933594,0.14351313421761244,ROBUST_MODEL_INLIER,FIT,0.11422601995182095,SYNTHETIC_SOURCE,SYNTHETIC_TARGET
1684,217.47926330566406,126.59187316894531,226.48501586914062,120.66056060791016,217.47926330566406,126.59187316894531,226.48501586914062,120.66056060791016,SIFT:gradient,56.7714729309082,0.14400934220665304,ROBUST_MODEL_INLIER,HELD_OUT,0.06952369019646978,SYNTHETIC_SOURCE,SYNTHETIC_TARGET
1685,453.5263671875,469.6529846191406,462.5227966308594,463.83770751953125,453.5263671875,469.6529846191406,462.5227966308594,463.83770751953125,SIFT:gradient,44.68780517578125,0.14427811971518192,ROBUST_MODEL_INLIER,FIT,0.18537064515375967,SYNTHETIC_SOURCE,SYNTHETIC_TARGET
1686,352.35906982421875,210.71275329589844,361.3619079589844,204.66970825195312,352.35906982421875,210.71275329589844,361.3619079589844,204.66970825195312,SIFT:gradient,53.047149658203125,0.14450241262846653,ROBUST_MODEL_INLIER,FIT,0.04251958701165555,SYNTHETIC_SOURCE,SYNTHETIC_TARGET
1687,45.29943084716797,550.0750122070312,54.25613784790039,544.0604248046875,45.29943084716797,550.0750122070312,54.25613784790039,544.0604248046875,SIFT:gradient,51.54609680175781,0.1456354272271437,ROBUST_MODEL_INLIER,FIT,0.04563854721682829,SYNTHETIC_SOURCE,SYNTHETIC_TARGET
1688,210.19204711914062,44.85954666137695,219.26715087890625,38.844539642333984,210.19204711914062,44.85954666137695,219.26715087890625,38.844539642333984,SIFT:gradient,61.62791442871094,0.14631527306746392,ROBUST_MODEL_INLIER,FIT,0.07632130895090163,SYNTHETIC_SOURCE,SYNTHETIC_TARGET
1689,518.138916015625,350.6510009765625,527.1256713867188,344.63787841796875,518.138916015625,350.6510009765625,527.1256713867188,344.63787841796875,SIFT:gradient,61.09009552001953,0.14809774908909315,ROBUST_MODEL_INLIER,HELD_OUT,0.018331414094262657,SYNTHETIC_SOURCE,SYNTHETIC_TARGET
1690,198.6484375,118.13575744628906,207.58322143554688,112.07282257080078,198.6484375,118.13575744628906,207.58322143554688,112.07282257080078,SIFT:gradient,60.39039611816406,0.14847394737081016,ROBUST_MODEL_INLIER,HELD_OUT,0.0903183646431518,SYNTHETIC_SOURCE,SYNTHETIC_TARGET
1691,455.17755126953125,357.1258239746094,464.151123046875,351.1165466308594,455.17755126953125,357.1258239746094,464.151123046875,351.1165466308594,SIFT:gradient,61.98386764526367,0.1492612492283724,ROBUST_MODEL_INLIER,HELD_OUT,0.027958115868331457,SYNTHETIC_SOURCE,SYNTHETIC_TARGET
1692,552.7664184570312,176.27886962890625,561.725830078125,170.26748657226562,552.7664184570312,176.27886962890625,561.725830078125,170.26748657226562,SIFT:gradient,63.29296875,0.149263418211904,ROBUST_MODEL_INLIER,HELD_OUT,0.042141162184310146,SYNTHETIC_SOURCE,SYNTHETIC_TARGET
1693,240.95774841308594,375.2433166503906,249.89024353027344,369.2327880859375,240.95774841308594,375.2433166503906,249.89024353027344,369.2327880859375,SIFT:gradient,51.633323669433594,0.14950739336318672,ROBUST_MODEL_INLIER,FIT,0.06838058415140937,SYNTHETIC_SOURCE,SYNTHETIC_TARGET
1694,189.0177459716797,84.59953308105469,197.99427795410156,78.58567810058594,189.0177459716797,84.59953308105469,197.99427795410156,78.58567810058594,SIFT:gradient,29.529645919799805,0.1506869622410297,ROBUST_MODEL_INLIER,FIT,0.027080494780831008,SYNTHETIC_SOURCE,SYNTHETIC_TARGET
1695,528.4999389648438,390.1375732421875,537.51416015625,384.1280212402344,528.4999389648438,390.1375732421875,537.51416015625,384.1280212402344,SIFT:gradient,44.5421142578125,0.15089315603025316,ROBUST_MODEL_INLIER,FIT,0.01666969455593054,SYNTHETIC_SOURCE,SYNTHETIC_TARGET
1696,147.6838836669922,578.4065551757812,156.68760681152344,572.3682861328125,147.6838836669922,578.4065551757812,156.68760681152344,572.3682861328125,SIFT:gradient,64.42049407958984,0.15096996557471487,ROBUST_MODEL_INLIER,FIT,0.03782758138124983,SYNTHETIC_SOURCE,SYNTHETIC_TARGET
1697,503.1806640625,45.810401916503906,512.185302734375,39.73120880126953,503.1806640625,45.810401916503906,512.185302734375,39.73120880126953,SIFT:gradient,52.26853561401367,0.15108028286457542,ROBUST_MODEL_INLIER,FIT,0.07871070890180461,SYNTHETIC_SOURCE,SYNTHETIC_TARGET
1698,41.90884780883789,167.76324462890625,50.84165954589844,161.72885131835938,41.90884780883789,167.76324462890625,50.84165954589844,161.72885131835938,SIFT:gradient,49.84977340698242,0.15132138002934017,ROBUST_MODEL_INLIER,FIT,0.0753397538372591,SYNTHETIC_SOURCE,SYNTHETIC_TARGET
1699,413.2931823730469,241.73077392578125,422.2259216308594,235.6533660888672,413.2931823730469,241.73077392578125,422.2259216308594,235.6533660888672,SIFT:gradient,45.67274856567383,0.15138289710324068,ROBUST_MODEL_INLIER,FIT,0.10218811490846522,SYNTHETIC_SOURCE,SYNTHETIC_TARGET
1700,86.20956420898438,480.3421325683594,95.22372436523438,474.41717529296875,86.20956420898438,480.3421325683594,95.22372436523438,474.41717529296875,SIFT:gradient,39.2300910949707,0.15302786744307637,ROBUST_MODEL_INLIER,FIT,0.07693893621314299,SYNTHETIC_SOURCE,SYNTHETIC_TARGET
1701,136.79666137695312,413.41705322265625,145.73965454101562,407.44232177734375,136.79666137695312,413.41705322265625,145.73965454101562,407.44232177734375,SIFT:gradient,59.92495346069336,0.15325223405915867,ROBUST_MODEL_INLIER,FIT,0.06274486051510125,SYNTHETIC_SOURCE,SYNTHETIC_TARGET
1702,188.7932586669922,430.59234619140625,197.89205932617188,424.4757080078125,188.7932586669922,430.59234619140625,197.89205932617188,424.4757080078125,SIFT:gradient,49.949974060058594,0.15565196705515924,ROBUST_MODEL_INLIER,FIT,0.15229543583090047,SYNTHETIC_SOURCE,SYNTHETIC_TARGET
1703,451.5653991699219,276.08612060546875,460.5475158691406,270.0715637207031,451.5653991699219,276.08612060546875,460.5475158691406,270.0715637207031,SIFT:gradient,75.70997619628906,0.15793283089149007,ROBUST_MODEL_INLIER,FIT,0.022799102363254064,SYNTHETIC_SOURCE,SYNTHETIC_TARGET
1704,369.6081237792969,287.3621826171875,378.6101989746094,281.324951171875,369.6081237792969,287.3621826171875,378.6101989746094,281.324951171875,SIFT:gradient,51.58488082885742,0.1592315526592642,ROBUST_MODEL_INLIER,FIT,0.03667152746675461,SYNTHETIC_SOURCE,SYNTHETIC_TARGET
1705,413.2931823730469,241.73077392578125,422.2259216308594,235.6533660888672,413.2931823730469,241.73077392578125,422.2259216308594,235.6533660888672,SIFT:gradient,50.73460388183594,0.1593011575571513,ROBUST_MODEL_INLIER,FIT,0.10218811490846522,SYNTHETIC_SOURCE,SYNTHETIC_TARGET
1706,613.6842041015625,273.4106140136719,623.0345458984375,267.3887634277344,613.6842041015625,273.4106140136719,623.0345458984375,267.3887634277344,SIFT:gradient,76.26270294189453,0.1600442114327731,ROBUST_MODEL_INLIER,HELD_OUT,0.35083276592332024,SYNTHETIC_SOURCE,SYNTHETIC_TARGET
1707,289.9583435058594,356.94122314453125,298.9151916503906,350.9443664550781,289.9583435058594,356.94122314453125,298.9151916503906,350.9443664550781,SIFT:gradient,44.68780517578125,0.16174574460999397,ROBUST_MODEL_INLIER,FIT,0.043466824060387425,SYNTHETIC_SOURCE,SYNTHETIC_TARGET
1708,181.28414916992188,432.86346435546875,190.2027587890625,426.9555969238281,181.28414916992188,432.86346435546875,190.2027587890625,426.9555969238281,SIFT:gradient,57.80138397216797,0.16231286061761876,ROBUST_MODEL_INLIER,FIT,0.12349293481085788,SYNTHETIC_SOURCE,SYNTHETIC_TARGET
1709,485.5285339355469,447.1836242675781,494.5396728515625,441.1303405761719,485.5285339355469,447.1836242675781,494.5396728515625,441.1303405761719,SIFT:gradient,42.62628173828125,0.16254544024231382,ROBUST_MODEL_INLIER,HELD_OUT,0.05380687814736465,SYNTHETIC_SOURCE,SYNTHETIC_TARGET
1710,433.25885009765625,349.92681884765625,442.2640075683594,343.9764099121094,433.25885009765625,349.92681884765625,442.2640075683594,343.9764099121094,SIFT:gradient,40.86563491821289,0.16264615208404007,ROBUST_MODEL_INLIER,HELD_OUT,0.050450282674537196,SYNTHETIC_SOURCE,SYNTHETIC_TARGET
1711,80.1624984741211,410.586669921875,89.2132568359375,404.5503845214844,80.1624984741211,410.586669921875,89.2132568359375,404.5503845214844,SIFT:gradient,43.554561614990234,0.16294180624802346,ROBUST_MODEL_INLIER,FIT,0.06191650396716843,SYNTHETIC_SOURCE,SYNTHETIC_TARGET
1712,588.3448486328125,204.3295135498047,597.3763427734375,198.37451171875,588.3448486328125,204.3295135498047,597.3763427734375,198.37451171875,SIFT:gradient,66.4906005859375,0.16297597186725543,ROBUST_MODEL_INLIER,FIT,0.05533922723270684,SYNTHETIC_SOURCE,SYNTHETIC_TARGET
1713,41.72167205810547,405.1442565917969,50.66916275024414,399.1556396484375,41.72167205810547,405.1442565917969,50.66916275024414,399.1556396484375,SIFT:gradient,54.60769271850586,0.16442879715284178,ROBUST_MODEL_INLIER,HELD_OUT,0.0540103425698853,SYNTHETIC_SOURCE,SYNTHETIC_TARGET
1714,299.013671875,161.23086547851562,308.1090087890625,155.3623504638672,299.013671875,161.23086547851562,308.1090087890625,155.3623504638672,SIFT:gradient,59.14389419555664,0.16625921361693657,ROBUST_MODEL_INLIER,FIT,0.16281656544477768,SYNTHETIC_SOURCE,SYNTHETIC_TARGET
1715,233.1149139404297,147.92042541503906,242.0071563720703,141.88232421875,233.1149139404297,147.92042541503906,242.0071563720703,141.88232421875,SIFT:gradient,66.05300903320312,0.16632656080159194,ROBUST_MODEL_INLIER,FIT,0.11423731990996039,SYNTHETIC_SOURCE,SYNTHETIC_TARGET
1716,118.22822570800781,475.2769775390625,127.1915054321289,469.2294921875,118.22822570800781,475.2769775390625,127.1915054321289,469.2294921875,SIFT:gradient,54.69917678833008,0.1670813406161021,ROBUST_MODEL_INLIER,FIT,0.05963953141638866,SYNTHETIC_SOURCE,SYNTHETIC_TARGET
1717,257.115234375,331.4857482910156,266.10333251953125,325.4428405761719,257.115234375,331.4857482910156,266.10333251953125,325.4428405761719,SIFT:gradient,64.85368347167969,0.16713256541831126,ROBUST_MODEL_INLIER,HELD_OUT,0.04398154778143234,SYNTHETIC_SOURCE,SYNTHETIC_TARGET
1718,264.27874755859375,526.5028686523438,273.60711669921875,520.28759765625,264.27874755859375,526.5028686523438,273.60711669921875,520.28759765625,SIFT:gradient,61.85466766357422,0.16836579281256286,ROBUST_MODEL_INLIER,FIT,0.39218018537326493,SYNTHETIC_SOURCE,SYNTHETIC_TARGET
1719,135.87559509277344,562.7828979492188,144.92193603515625,556.7171630859375,135.87559509277344,562.7828979492188,144.92193603515625,556.7171630859375,SIFT:gradient,57.87054443359375,0.16895303488351268,ROBUST_MODEL_INLIER,FIT,0.07984087998827157,SYNTHETIC_SOURCE,SYNTHETIC_TARGET
1720,520.373046875,330.26531982421875,529.3762817382812,324.2039489746094,520.373046875,330.26531982421875,529.3762817382812,324.2039489746094,SIFT:gradient,60.13318634033203,0.16978783976193013,ROBUST_MODEL_INLIER,FIT,0.060838627075961806,SYNTHETIC_SOURCE,SYNTHETIC_TARGET
1721,146.34942626953125,30.147096633911133,155.2657012939453,24.19423484802246,146.34942626953125,30.147096633911133,155.2657012939453,24.19423484802246,SIFT:gradient,73.47108459472656,0.17133995861936246,ROBUST_MODEL_INLIER,HELD_OUT,0.09651617055536678,SYNTHETIC_SOURCE,SYNTHETIC_TARGET
1722,168.04188537597656,244.5146026611328,177.0731964111328,238.5547332763672,168.04188537597656,244.5146026611328,177.0731964111328,238.5547332763672,SIFT:gradient,66.128662109375,0.1721225388841803,ROBUST_MODEL_INLIER,FIT,0.05129010832069674,SYNTHETIC_SOURCE,SYNTHETIC_TARGET
1723,210.75555419921875,114.89818572998047,219.71746826171875,108.9120101928711,210.75555419921875,114.89818572998047,219.71746826171875,108.9120101928711,SIFT:gradient,79.4732666015625,0.17238224802687602,ROBUST_MODEL_INLIER,HELD_OUT,0.040872346303406894,SYNTHETIC_SOURCE,SYNTHETIC_TARGET
1724,582.9523315429688,259.3387145996094,591.981201171875,253.30001831054688,582.9523315429688,259.3387145996094,591.981201171875,253.30001831054688,SIFT:gradient,56.85068130493164,0.17258409949546324,ROBUST_MODEL_INLIER,HELD_OUT,0.047699130809135244,SYNTHETIC_SOURCE,SYNTHETIC_TARGET
1725,304.4441223144531,183.5221710205078,313.45941162109375,177.56634521484375,304.4441223144531,183.5221710205078,313.45941162109375,177.56634521484375,SIFT:gradient,41.32795715332031,0.17277368181134467,ROBUST_MODEL_INLIER,FIT,0.04727341542395532,SYNTHETIC_SOURCE,SYNTHETIC_TARGET
1726,254.24273681640625,394.5306396484375,263.35693359375,388.32794189453125,254.24273681640625,394.5306396484375,263.35693359375,388.32794189453125,SIFT:gradient,73.95269012451172,0.17366151064937985,ROBUST_MODEL_INLIER,HELD_OUT,0.232046106052364,SYNTHETIC_SOURCE,SYNTHETIC_TARGET
1727,120.4392318725586,574.473388671875,129.43560791015625,568.4672241210938,120.4392318725586,574.473388671875,129.43560791015625,568.4672241210938,SIFT:gradient,57.07889175415039,0.17386513319959768,ROBUST_MODEL_INLIER,HELD_OUT,0.006716506612584064,SYNTHETIC_SOURCE,SYNTHETIC_TARGET
1728,548.207275390625,284.5340576171875,557.2002563476562,278.4801330566406,548.207275390625,284.5340576171875,557.2002563476562,278.4801330566406,SIFT:gradient,73.38937377929688,0.17445201893563958,ROBUST_MODEL_INLIER,HELD_OUT,0.05379439718792982,SYNTHETIC_SOURCE,SYNTHETIC_TARGET
1729,561.599365234375,160.5948028564453,570.6426391601562,154.81517028808594,561.599365234375,160.5948028564453,570.6426391601562,154.81517028808594,SIFT:gradient,50.82322311401367,0.17502164156626823,ROBUST_MODEL_INLIER,FIT,0.22514579820828273,SYNTHETIC_SOURCE,SYNTHETIC_TARGET
1730,453.60272216796875,349.3648681640625,462.5996398925781,343.380126953125,453.60272216796875,349.3648681640625,462.5996398925781,343.380126953125,SIFT:gradient,65.67343139648438,0.17557732408424695,ROBUST_MODEL_INLIER,HELD_OUT,0.01619549210812703,SYNTHETIC_SOURCE,SYNTHETIC_TARGET
1731,247.0406036376953,228.0116424560547,256.04132080078125,222.00161743164062,247.0406036376953,228.0116424560547,256.04132080078125,222.00161743164062,SIFT:gradient,43.65776062011719,0.17634641607807588,ROBUST_MODEL_INLIER,FIT,0.009431585765559794,SYNTHETIC_SOURCE,SYNTHETIC_TARGET
1732,348.1578369140625,519.1886596679688,357.17559814453125,513.091796875,348.1578369140625,519.1886596679688,357.17559814453125,513.091796875,SIFT:gradient,65.87108612060547,0.1764757186672258,ROBUST_MODEL_INLIER,FIT,0.09784986852371211,SYNTHETIC_SOURCE,SYNTHETIC_TARGET
1733,505.90380859375,115.37553405761719,514.9246826171875,109.41255187988281,505.90380859375,115.37553405761719,514.9246826171875,109.41255187988281,SIFT:gradient,91.84225463867188,0.17648010536661343,ROBUST_MODEL_INLIER,HELD_OUT,0.042956458848034555,SYNTHETIC_SOURCE,SYNTHETIC_TARGET
1734,252.59315490722656,164.94110107421875,261.6322937011719,158.93214416503906,252.59315490722656,164.94110107421875,261.6322937011719,158.93214416503906,SIFT:gradient,79.69316101074219,0.17699499010709496,ROBUST_MODEL_INLIER,FIT,0.039869653705488624,SYNTHETIC_SOURCE,SYNTHETIC_TARGET
1735,109.88261413574219,466.52764892578125,118.9190902709961,460.5288391113281,109.88261413574219,466.52764892578125,118.9190902709961,460.5288391113281,SIFT:gradient,50.477718353271484,0.17952123170997086,ROBUST_MODEL_INLIER,FIT,0.036368145772568236,SYNTHETIC_SOURCE,SYNTHETIC_TARGET
1736,554.2302856445312,236.35272216796875,563.2269287109375,230.3692626953125,554.2302856445312,236.35272216796875,563.2269287109375,230.3692626953125,SIFT:gradient,94.06912231445312,0.17998855531258304,ROBUST_MODEL_INLIER,FIT,0.01750626711512597,SYNTHETIC_SOURCE,SYNTHETIC_TARGET
1737,498.5067138671875,336.25439453125,507.5942077636719,330.1865234375,498.5067138671875,336.25439453125,507.5942077636719,330.1865234375,SIFT:gradient,83.98213958740234,0.18024283849680808,ROBUST_MODEL_INLIER,FIT,0.11023843080560432,SYNTHETIC_SOURCE,SYNTHETIC_TARGET
1738,131.46588134765625,486.2923278808594,140.4364776611328,480.2242431640625,131.46588134765625,486.2923278808594,140.4364776611328,480.2242431640625,SIFT:gradient,68.84039306640625,0.18215058886228658,ROBUST_MODEL_INLIER,FIT,0.07366385355804568,SYNTHETIC_SOURCE,SYNTHETIC_TARGET
1739,489.8218994140625,493.98681640625,498.8615417480469,487.984375,489.8218994140625,493.98681640625,498.8615417480469,487.984375,SIFT:gradient,80.09993743896484,0.1822435719178308,ROBUST_MODEL_INLIER,FIT,0.039532174337082185,SYNTHETIC_SOURCE,SYNTHETIC_TARGET
1740,332.5411682128906,70.80060577392578,341.5824890136719,64.78849792480469,332.5411682128906,70.80060577392578,341.5824890136719,64.78849792480469,SIFT:gradient,68.00735473632812,0.1827903672843987,ROBUST_MODEL_INLIER,HELD_OUT,0.04274358668522907,SYNTHETIC_SOURCE,SYNTHETIC_TARGET
1741,128.54270935058594,23.657533645629883,137.5430145263672,17.670644760131836,128.54270935058594,23.657533645629883,137.5430145263672,17.670644760131836,SIFT:gradient,64.46704864501953,0.18368767891441767,ROBUST_MODEL_INLIER,FIT,0.013722314455743394,SYNTHETIC_SOURCE,SYNTHETIC_TARGET
1742,280.26953125,364.3208312988281,289.2493591308594,358.2959899902344,280.26953125,364.3208312988281,289.2493591308594,358.2959899902344,SIFT:gradient,63.90618133544922,0.1842350088067047,ROBUST_MODEL_INLIER,FIT,0.03162646035452635,SYNTHETIC_SOURCE,SYNTHETIC_TARGET
1743,449.5707092285156,587.19580078125,458.64056396484375,581.3253173828125,449.5707092285156,587.19580078125,458.64056396484375,581.3253173828125,SIFT:gradient,70.24955749511719,0.1849665592754771,ROBUST_MODEL_INLIER,FIT,0.14761914993116318,SYNTHETIC_SOURCE,SYNTHETIC_TARGET
1744,118.9096908569336,23.240039825439453,127.9013900756836,17.272544860839844,118.9096908569336,23.240039825439453,127.9013900756836,17.272544860839844,SIFT:gradient,72.27032470703125,0.18511511723090796,ROBUST_MODEL_INLIER,HELD_OUT,0.03417730685015508,SYNTHETIC_SOURCE,SYNTHETIC_TARGET
1745,304.4441223144531,183.5221710205078,313.45941162109375,177.56634521484375,304.4441223144531,183.5221710205078,313.45941162109375,177.56634521484375,SIFT:gradient,46.957427978515625,0.1861339435293668,ROBUST_MODEL_INLIER,FIT,0.04727341542395532,SYNTHETIC_SOURCE,SYNTHETIC_TARGET
1746,151.4986572265625,230.41600036621094,160.51193237304688,224.25289916992188,151.4986572265625,230.41600036621094,160.51193237304688,224.25289916992188,SIFT:gradient,80.74032592773438,0.1866794624148769,ROBUST_MODEL_INLIER,FIT,0.16301986432333407,SYNTHETIC_SOURCE,SYNTHETIC_TARGET
1747,394.100341796875,304.7931213378906,403.1230773925781,298.8125,394.100341796875,304.7931213378906,403.1230773925781,298.8125,SIFT:gradient,74.0,0.18752153747071368,ROBUST_MODEL_INLIER,FIT,0.030158794893593504,SYNTHETIC_SOURCE,SYNTHETIC_TARGET
1748,421.33563232421875,407.6015319824219,430.123046875,401.67791748046875,421.33563232421875,407.6015319824219,430.123046875,401.67791748046875,SIFT:gradient,76.62897491455078,0.18786408802081112,ROBUST_MODEL_INLIER,HELD_OUT,0.22624286351224276,SYNTHETIC_SOURCE,SYNTHETIC_TARGET
1749,293.3212890625,546.1151123046875,302.3482971191406,540.2091674804688,293.3212890625,546.1151123046875,302.3482971191406,540.2091674804688,SIFT:gradient,60.083274841308594,0.18822216598696792,ROBUST_MODEL_INLIER,HELD_OUT,0.0984011090844636,SYNTHETIC_SOURCE,SYNTHETIC_TARGET
1750,408.0063781738281,521.0689086914062,417.0130615234375,515.0771484375,408.0063781738281,521.0689086914062,417.0130615234375,515.0771484375,SIFT:gradient,66.4755630493164,0.1894536716472224,ROBUST_MODEL_INLIER,FIT,0.01099886708494344,SYNTHETIC_SOURCE,SYNTHETIC_TARGET
1751,567.34619140625,145.2642059326172,576.332275390625,139.2682647705078,567.34619140625,145.2642059326172,576.332275390625,139.2682647705078,SIFT:gradient,60.0,0.19024434566203935,ROBUST_MODEL_INLIER,FIT,0.014823189097796393,SYNTHETIC_SOURCE,SYNTHETIC_TARGET
1752,144.45907592773438,75.22691345214844,153.43191528320312,69.28569793701172,144.45907592773438,75.22691345214844,153.43191528320312,69.28569793701172,SIFT:gradient,67.56478118896484,0.1940459453137072,ROBUST_MODEL_INLIER,FIT,0.06537399528387931,SYNTHETIC_SOURCE,SYNTHETIC_TARGET
1753,473.9238586425781,433.2175598144531,482.8807678222656,427.2840881347656,473.9238586425781,433.2175598144531,482.8807678222656,427.2840881347656,SIFT:gradient,56.41808319091797,0.19449771152892004,ROBUST_MODEL_INLIER,FIT,0.07985983730362224,SYNTHETIC_SOURCE,SYNTHETIC_TARGET
1754,508.8005065917969,435.1883850097656,517.78466796875,429.2173156738281,508.8005065917969,435.1883850097656,517.78466796875,429.2173156738281,SIFT:gradient,80.41765594482422,0.1965232885763891,ROBUST_MODEL_INLIER,FIT,0.03359152320756107,SYNTHETIC_SOURCE,SYNTHETIC_TARGET
1755,476.9928283691406,440.879150390625,486.0964660644531,434.7498779296875,476.9928283691406,440.879150390625,486.0964660644531,434.7498779296875,SIFT:gradient,62.36986541748047,0.19704570151988737,ROBUST_MODEL_INLIER,FIT,0.16511543188612465,SYNTHETIC_SOURCE,SYNTHETIC_TARGET
1756,26.55405044555664,346.56951904296875,35.51918411254883,340.591064453125,26.55405044555664,346.56951904296875,35.51918411254883,340.591064453125,SIFT:gradient,88.6453628540039,0.19720504052480267,ROBUST_MODEL_INLIER,FIT,0.04143914330954551,SYNTHETIC_SOURCE,SYNTHETIC_TARGET
1757,498.5067138671875,336.25439453125,507.5942077636719,330.1865234375,498.5067138671875,336.25439453125,507.5942077636719,330.1865234375,SIFT:gradient,86.64871978759766,0.19730992771547173,ROBUST_MODEL_INLIER,FIT,0.11023843080560432,SYNTHETIC_SOURCE,SYNTHETIC_TARGET
1758,134.76388549804688,508.7499694824219,143.8028106689453,502.7762756347656,134.76388549804688,508.7499694824219,143.8028106689453,502.7762756347656,SIFT:gradient,82.72242736816406,0.1979520949311777,ROBUST_MODEL_INLIER,FIT,0.04719969677479806,SYNTHETIC_SOURCE,SYNTHETIC_TARGET
1759,155.74752807617188,210.60748291015625,164.79107666015625,204.59100341796875,155.74752807617188,210.60748291015625,164.79107666015625,204.59100341796875,SIFT:gradient,52.84884262084961,0.20217017180399094,ROBUST_MODEL_INLIER,FIT,0.04620651578668089,SYNTHETIC_SOURCE,SYNTHETIC_TARGET
1760,264.27874755859375,526.5028686523438,273.60711669921875,520.28759765625,264.27874755859375,526.5028686523438,273.60711669921875,520.28759765625,SIFT:gradient,60.10823440551758,0.20259258899254956,ROBUST_MODEL_INLIER,FIT,0.39218018537326493,SYNTHETIC_SOURCE,SYNTHETIC_TARGET
1761,276.4158935546875,364.98187255859375,285.561279296875,358.9748840332031,276.4158935546875,364.98187255859375,285.561279296875,358.9748840332031,SIFT:gradient,68.17623901367188,0.2026113660129711,ROBUST_MODEL_INLIER,FIT,0.14537314128958512,SYNTHETIC_SOURCE,SYNTHETIC_TARGET
1762,572.6649780273438,287.09368896484375,581.6371459960938,281.12469482421875,572.6649780273438,287.09368896484375,581.6371459960938,281.12469482421875,SIFT:gradient,58.73670196533203,0.20314147826821186,ROBUST_MODEL_INLIER,FIT,0.04222231285103091,SYNTHETIC_SOURCE,SYNTHETIC_TARGET
1763,337.48895263671875,485.7275085449219,346.3840026855469,479.791015625,337.48895263671875,485.7275085449219,346.3840026855469,479.791015625,SIFT:gradient,75.21302795410156,0.2042535648313784,ROBUST_MODEL_INLIER,FIT,0.12311615961186638,SYNTHETIC_SOURCE,SYNTHETIC_TARGET
1764,413.74639892578125,35.376220703125,422.7640380859375,29.34621810913086,413.74639892578125,35.376220703125,422.7640380859375,29.34621810913086,SIFT:gradient,63.694583892822266,0.20462387884985203,ROBUST_MODEL_INLIER,FIT,0.03420064509276486,SYNTHETIC_SOURCE,SYNTHETIC_TARGET
1765,160.10540771484375,521.1505737304688,169.0862579345703,514.9193115234375,160.10540771484375,521.1505737304688,169.0862579345703,514.9193115234375,SIFT:gradient,45.38722229003906,0.20571560054077426,ROBUST_MODEL_INLIER,HELD_OUT,0.2314581168330853,SYNTHETIC_SOURCE,SYNTHETIC_TARGET
1766,508.25189208984375,53.219913482666016,517.2352294921875,47.12628936767578,508.25189208984375,53.219913482666016,517.2352294921875,47.12628936767578,SIFT:gradient,80.70935821533203,0.20584367338072168,ROBUST_MODEL_INLIER,FIT,0.0945214824892541,SYNTHETIC_SOURCE,SYNTHETIC_TARGET
1767,229.92532348632812,283.9610595703125,239.00650024414062,278.0922546386719,229.92532348632812,283.9610595703125,239.00650024414062,278.0922546386719,SIFT:gradient,70.65408325195312,0.20638453266625428,ROBUST_MODEL_INLIER,FIT,0.15471775861972237,SYNTHETIC_SOURCE,SYNTHETIC_TARGET
1768,253.1199188232422,206.20547485351562,262.155029296875,200.28846740722656,253.1199188232422,206.20547485351562,262.155029296875,200.28846740722656,SIFT:gradient,61.87891387939453,0.20702006023205174,ROBUST_MODEL_INLIER,FIT,0.09061732475483482,SYNTHETIC_SOURCE,SYNTHETIC_TARGET
1769,120.34339141845703,484.8319396972656,129.3390350341797,478.7143249511719,120.34339141845703,484.8319396972656,129.3390350341797,478.7143249511719,SIFT:gradient,72.18032836914062,0.2099836297988975,ROBUST_MODEL_INLIER,FIT,0.11709124292463516,SYNTHETIC_SOURCE,SYNTHETIC_TARGET
1770,510.2913818359375,111.6566162109375,519.1934204101562,105.61991882324219,510.2913818359375,111.6566162109375,519.1934204101562,105.61991882324219,SIFT:gradient,59.00847244262695,0.211280168994447,ROBUST_MODEL_INLIER,FIT,0.1045401064455924,SYNTHETIC_SOURCE,SYNTHETIC_TARGET
1771,188.16908264160156,257.7915344238281,197.13929748535156,251.8073272705078,188.16908264160156,257.7915344238281,197.13929748535156,251.8073272705078,SIFT:gradient,56.47123336791992,0.2113382715471287,ROBUST_MODEL_INLIER,FIT,0.03413698048747179,SYNTHETIC_SOURCE,SYNTHETIC_TARGET
1772,26.71120834350586,292.48004150390625,35.7901725769043,286.4422302246094,26.71120834350586,292.48004150390625,35.7901725769043,286.4422302246094,SIFT:gradient,88.48163604736328,0.21233887097447496,ROBUST_MODEL_INLIER,FIT,0.08715035566162248,SYNTHETIC_SOURCE,SYNTHETIC_TARGET
1773,392.04779052734375,332.3193664550781,400.9956970214844,326.3681640625,392.04779052734375,332.3193664550781,400.9956970214844,326.3681640625,SIFT:gradient,116.30992889404297,0.2124276880751024,ROBUST_MODEL_INLIER,FIT,0.07190827993447953,SYNTHETIC_SOURCE,SYNTHETIC_TARGET
1774,518.4532470703125,443.7401428222656,527.4611206054688,437.80377197265625,518.4532470703125,443.7401428222656,527.4611206054688,437.80377197265625,SIFT:gradient,81.48005676269531,0.21381128597237525,ROBUST_MODEL_INLIER,FIT,0.0647018287057183,SYNTHETIC_SOURCE,SYNTHETIC_TARGET
1775,189.2453155517578,272.54156494140625,198.32366943359375,266.5956726074219,189.2453155517578,272.54156494140625,198.32366943359375,266.5956726074219,SIFT:gradient,66.02272033691406,0.2140224547078841,ROBUST_MODEL_INLIER,FIT,0.095443720707028,SYNTHETIC_SOURCE,SYNTHETIC_TARGET
1776,266.1944274902344,528.6914672851562,275.0519104003906,522.7636108398438,266.1944274902344,528.6914672851562,275.0519104003906,522.7636108398438,SIFT:gradient,69.64912414550781,0.21531952402687618,ROBUST_MODEL_INLIER,FIT,0.1601492048667873,SYNTHETIC_SOURCE,SYNTHETIC_TARGET
1777,118.9096908569336,23.240039825439453,127.9013900756836,17.272544860839844,118.9096908569336,23.240039825439453,127.9013900756836,17.272544860839844,SIFT:gradient,82.20097351074219,0.21620607970297084,ROBUST_MODEL_INLIER,FIT,0.03417730685015508,SYNTHETIC_SOURCE,SYNTHETIC_TARGET
1778,553.8008422851562,31.091297149658203,562.8274536132812,25.0860652923584,553.8008422851562,31.091297149658203,562.8274536132812,25.0860652923584,SIFT:gradient,85.14105987548828,0.2162173541043599,ROBUST_MODEL_INLIER,HELD_OUT,0.02685932333604245,SYNTHETIC_SOURCE,SYNTHETIC_TARGET
1779,475.56781005859375,386.1803894042969,484.59735107421875,380.3721618652344,475.56781005859375,386.1803894042969,484.59735107421875,380.3721618652344,SIFT:gradient,64.71475982666016,0.21729825468545666,ROBUST_MODEL_INLIER,FIT,0.19461455811451706,SYNTHETIC_SOURCE,SYNTHETIC_TARGET
1780,142.9489288330078,56.3989372253418,151.957275390625,50.394386291503906,142.9489288330078,56.3989372253418,151.957275390625,50.394386291503906,SIFT:gradient,77.20751190185547,0.21744798370319196,ROBUST_MODEL_INLIER,FIT,0.009092267514154293,SYNTHETIC_SOURCE,SYNTHETIC_TARGET
1781,167.9219512939453,74.2397689819336,177.0757293701172,68.306396484375,167.9219512939453,74.2397689819336,177.0757293701172,68.306396484375,SIFT:gradient,89.09545135498047,0.21839876277495748,ROBUST_MODEL_INLIER,FIT,0.16769531794508483,SYNTHETIC_SOURCE,SYNTHETIC_TARGET
1782,148.68341064453125,467.33917236328125,157.76705932617188,461.380859375,148.68341064453125,467.33917236328125,157.76705932617188,461.380859375,SIFT:gradient,63.631752014160156,0.22191692302256158,ROBUST_MODEL_INLIER,FIT,0.09359842205964171,SYNTHETIC_SOURCE,SYNTHETIC_TARGET
1783,101.23040771484375,67.6282958984375,110.4718246459961,61.582271575927734,101.23040771484375,67.6282958984375,110.4718246459961,61.582271575927734,SIFT:gradient,76.49182891845703,0.2224492854154534,ROBUST_MODEL_INLIER,FIT,0.24550134844172963,SYNTHETIC_SOURCE,SYNTHETIC_TARGET
1784,178.37057495117188,331.1332092285156,187.3310546875,325.1546325683594,178.37057495117188,331.1332092285156,187.3310546875,325.1546325683594,SIFT:gradient,90.62008666992188,0.2245356281731574,ROBUST_MODEL_INLIER,HELD_OUT,0.04538081872428057,SYNTHETIC_SOURCE,SYNTHETIC_TARGET
1785,510.2913818359375,111.6566162109375,519.1934204101562,105.61991882324219,510.2913818359375,111.6566162109375,519.1934204101562,105.61991882324219,SIFT:gradient,57.384666442871094,0.22519380260406652,ROBUST_MODEL_INLIER,FIT,0.1045401064455924,SYNTHETIC_SOURCE,SYNTHETIC_TARGET
1786,515.70947265625,90.8115234375,524.8198852539062,84.69595336914062,515.70947265625,90.8115234375,524.8198852539062,84.69595336914062,SIFT:gradient,72.41546630859375,0.22591038053300305,ROBUST_MODEL_INLIER,FIT,0.15928906503440035,SYNTHETIC_SOURCE,SYNTHETIC_TARGET
1787,563.2203369140625,166.2428436279297,572.2982788085938,160.08607482910156,563.2203369140625,166.2428436279297,572.2982788085938,160.08607482910156,SIFT:gradient,88.82566833496094,0.22737052980145384,ROBUST_MODEL_INLIER,FIT,0.17446098956511788,SYNTHETIC_SOURCE,SYNTHETIC_TARGET
1788,299.013671875,161.23086547851562,308.1090087890625,155.3623504638672,299.013671875,161.23086547851562,308.1090087890625,155.3623504638672,SIFT:gradient,78.83527374267578,0.22773065065780548,ROBUST_MODEL_INLIER,FIT,0.16281656544477768,SYNTHETIC_SOURCE,SYNTHETIC_TARGET
1789,548.981689453125,142.75172424316406,557.9295654296875,136.723388671875,548.981689453125,142.75172424316406,557.9295654296875,136.723388671875,SIFT:gradient,86.71793365478516,0.22805115388983122,ROBUST_MODEL_INLIER,FIT,0.05917374333974502,SYNTHETIC_SOURCE,SYNTHETIC_TARGET
1790,238.29083251953125,232.04580688476562,247.2421875,226.0919647216797,238.29083251953125,232.04580688476562,247.2421875,226.0919647216797,SIFT:gradient,69.65629577636719,0.2286370611816417,ROBUST_MODEL_INLIER,FIT,0.0675904574883075,SYNTHETIC_SOURCE,SYNTHETIC_TARGET
1791,85.47979736328125,509.81500244140625,94.53071594238281,503.7098693847656,85.47979736328125,509.81500244140625,94.53071594238281,503.7098693847656,SIFT:gradient,90.91204833984375,0.22877635156134746,ROBUST_MODEL_INLIER,FIT,0.11619888872307549,SYNTHETIC_SOURCE,SYNTHETIC_TARGET
1792,310.5008544921875,315.7306213378906,319.5429382324219,309.76544189453125,310.5008544921875,315.7306213378906,319.5429382324219,309.76544189453125,SIFT:gradient,77.15568542480469,0.23012382921391514,ROBUST_MODEL_INLIER,FIT,0.05489599979026743,SYNTHETIC_SOURCE,SYNTHETIC_TARGET
1793,519.2457885742188,317.3793640136719,528.2642211914062,311.3861083984375,519.2457885742188,317.3793640136719,528.2642211914062,311.3861083984375,SIFT:gradient,71.21797180175781,0.2303884043972291,ROBUST_MODEL_INLIER,FIT,0.019704101541325094,SYNTHETIC_SOURCE,SYNTHETIC_TARGET
1794,136.79666137695312,413.41705322265625,145.73965454101562,407.44232177734375,136.79666137695312,413.41705322265625,145.73965454101562,407.44232177734375,SIFT:gradient,89.29725646972656,0.23130899042588124,ROBUST_MODEL_INLIER,FIT,0.06274486051510125,SYNTHETIC_SOURCE,SYNTHETIC_TARGET
1795,24.2104434967041,208.04214477539062,33.307491302490234,202.00143432617188,24.2104434967041,208.04214477539062,33.307491302490234,202.00143432617188,SIFT:gradient,99.50879669189453,0.23177710261015635,ROBUST_MODEL_INLIER,FIT,0.10486515666826005,SYNTHETIC_SOURCE,SYNTHETIC_TARGET
1796,566.7969970703125,249.1902618408203,575.7288208007812,243.094482421875,566.7969970703125,249.1902618408203,575.7288208007812,243.094482421875,SIFT:gradient,64.10147857666016,0.2323890505900013,ROBUST_MODEL_INLIER,HELD_OUT,0.11715794528367775,SYNTHETIC_SOURCE,SYNTHETIC_TARGET
1797,563.2203369140625,166.2428436279297,572.2982788085938,160.08607482910156,563.2203369140625,166.2428436279297,572.2982788085938,160.08607482910156,SIFT:gradient,78.0,0.23339280690320766,ROBUST_MODEL_INLIER,HELD_OUT,0.17446098956511788,SYNTHETIC_SOURCE,SYNTHETIC_TARGET
1798,436.2278137207031,477.8199768066406,445.2546691894531,471.86102294921875,436.2278137207031,477.8199768066406,445.2546691894531,471.86102294921875,SIFT:gradient,87.61849212646484,0.23348499119434823,ROBUST_MODEL_INLIER,FIT,0.049480373384584525,SYNTHETIC_SOURCE,SYNTHETIC_TARGET
1799,216.26303100585938,318.8196105957031,225.22999572753906,312.794921875,216.26303100585938,318.8196105957031,225.22999572753906,312.794921875,SIFT:gradient,104.4940185546875,0.23484647763548308,ROBUST_MODEL_INLIER,FIT,0.04100246729292384,SYNTHETIC_SOURCE,SYNTHETIC_TARGET
1800,370.318603515625,191.73268127441406,379.1636047363281,185.78964233398438,370.318603515625,191.73268127441406,379.1636047363281,185.78964233398438,SIFT:gradient,53.075416564941406,0.23612873299355402,ROBUST_MODEL_INLIER,HELD_OUT,0.16548841083282473,SYNTHETIC_SOURCE,SYNTHETIC_TARGET
1801,585.7992553710938,228.77114868164062,594.62890625,222.61300659179688,585.7992553710938,228.77114868164062,594.62890625,222.61300659179688,SIFT:gradient,51.46843719482422,0.2373229006167868,ROBUST_MODEL_INLIER,HELD_OUT,0.2321359113375282,SYNTHETIC_SOURCE,SYNTHETIC_TARGET
1802,201.13319396972656,595.697998046875,210.1148681640625,589.7985229492188,201.13319396972656,595.697998046875,210.1148681640625,589.7985229492188,SIFT:gradient,75.90125274658203,0.23939206407935498,ROBUST_MODEL_INLIER,FIT,0.10280948697004363,SYNTHETIC_SOURCE,SYNTHETIC_TARGET
1803,524.304931640625,384.7591247558594,533.31494140625,378.7445373535156,524.304931640625,384.7591247558594,533.31494140625,378.7445373535156,SIFT:gradient,73.58668518066406,0.24049478549803444,ROBUST_MODEL_INLIER,FIT,0.01710327165862425,SYNTHETIC_SOURCE,SYNTHETIC_TARGET
1804,127.45616912841797,564.854736328125,136.46438598632812,558.8814086914062,127.45616912841797,564.854736328125,136.46438598632812,558.8814086914062,SIFT:gradient,83.44459533691406,0.24175263715882755,ROBUST_MODEL_INLIER,FIT,0.02844958664362783,SYNTHETIC_SOURCE,SYNTHETIC_TARGET
1805,292.71337890625,359.4401550292969,301.7882385253906,353.4086608886719,292.71337890625,359.4401550292969,301.7882385253906,353.4086608886719,SIFT:gradient,65.35289001464844,0.24206101024373014,ROBUST_MODEL_INLIER,FIT,0.08083903107438555,SYNTHETIC_SOURCE,SYNTHETIC_TARGET
1806,158.6081085205078,374.583984375,167.61866760253906,368.6166076660156,158.6081085205078,374.583984375,167.61866760253906,368.6166076660156,SIFT:gradient,127.89839935302734,0.24258579317349857,ROBUST_MODEL_INLIER,HELD_OUT,0.03482484916420207,SYNTHETIC_SOURCE,SYNTHETIC_TARGET
1807,421.2148742675781,26.063615798950195,430.24005126953125,20.137054443359375,421.2148742675781,26.063615798950195,430.24005126953125,20.137054443359375,SIFT:gradient,93.4398193359375,0.24261573101016196,ROBUST_MODEL_INLIER,HELD_OUT,0.07816313135734317,SYNTHETIC_SOURCE,SYNTHETIC_TARGET
1808,133.95542907714844,533.2489624023438,142.94007873535156,527.2758178710938,133.95542907714844,533.2489624023438,142.94007873535156,527.2758178710938,SIFT:gradient,91.92388153076172,0.24268180822076735,ROBUST_MODEL_INLIER,FIT,0.03153905696646789,SYNTHETIC_SOURCE,SYNTHETIC_TARGET
1809,131.7585906982422,572.8718872070312,140.88726806640625,566.8533325195312,131.7585906982422,572.8718872070312,140.88726806640625,566.8533325195312,SIFT:gradient,78.63841247558594,0.24480967000778275,ROBUST_MODEL_INLIER,FIT,0.12977140800874915,SYNTHETIC_SOURCE,SYNTHETIC_TARGET
1810,26.71120834350586,292.48004150390625,35.7901725769043,286.4422302246094,26.71120834350586,292.48004150390625,35.7901725769043,286.4422302246094,SIFT:gradient,76.2823715209961,0.24488374927270737,ROBUST_MODEL_INLIER,FIT,0.08715035566162248,SYNTHETIC_SOURCE,SYNTHETIC_TARGET
1811,544.759521484375,379.7467346191406,553.7227172851562,373.78338623046875,544.759521484375,379.7467346191406,553.7227172851562,373.78338623046875,SIFT:gradient,72.80110168457031,0.24489676603980956,ROBUST_MODEL_INLIER,FIT,0.052481025065350816,SYNTHETIC_SOURCE,SYNTHETIC_TARGET
1812,355.69317626953125,151.1962432861328,364.7698669433594,145.2246551513672,355.69317626953125,151.1962432861328,364.7698669433594,145.2246551513672,SIFT:gradient,71.0633544921875,0.24545059174298292,ROBUST_MODEL_INLIER,HELD_OUT,0.08185577357023113,SYNTHETIC_SOURCE,SYNTHETIC_TARGET
1813,533.5213012695312,69.7369384765625,542.5239868164062,63.770267486572266,533.5213012695312,69.7369384765625,542.5239868164062,63.770267486572266,SIFT:gradient,95.12097930908203,0.24556038564868318,ROBUST_MODEL_INLIER,FIT,0.03403375008942604,SYNTHETIC_SOURCE,SYNTHETIC_TARGET
1814,108.12650299072266,61.074256896972656,117.43466186523438,54.62129211425781,108.12650299072266,61.074256896972656,117.43466186523438,54.62129211425781,SIFT:gradient,113.28282928466797,0.24857015560462306,ROBUST_MODEL_INLIER,HELD_OUT,0.5472589916860899,SYNTHETIC_SOURCE,SYNTHETIC_TARGET
1815,24.2104434967041,208.04214477539062,33.307491302490234,202.00143432617188,24.2104434967041,208.04214477539062,33.307491302490234,202.00143432617188,SIFT:gradient,107.93516540527344,0.2500623950596405,ROBUST_MODEL_INLIER,FIT,0.10486515666826005,SYNTHETIC_SOURCE,SYNTHETIC_TARGET
1816,422.1358642578125,70.6590805053711,431.59228515625,65.5511474609375,422.1358642578125,70.6590805053711,431.59228515625,65.5511474609375,SIFT:gradient,115.88356018066406,0.25099961338125226,ROBUST_MODEL_INLIER,FIT,1.0025235886861792,SYNTHETIC_SOURCE,SYNTHETIC_TARGET
1817,141.3948211669922,32.52946853637695,150.54322814941406,26.59990882873535,141.3948211669922,32.52946853637695,150.54322814941406,26.59990882873535,SIFT:gradient,87.57853698730469,0.25251252191400947,ROBUST_MODEL_INLIER,FIT,0.1644006067488859,SYNTHETIC_SOURCE,SYNTHETIC_TARGET
1818,443.1365966796875,323.8240966796875,452.0702819824219,317.7391357421875,443.1365966796875,323.8240966796875,452.0702819824219,317.7391357421875,SIFT:gradient,77.56932067871094,0.2531015196597447,ROBUST_MODEL_INLIER,FIT,0.10739143980803044,SYNTHETIC_SOURCE,SYNTHETIC_TARGET
1819,184.46917724609375,418.260986328125,193.46554565429688,412.2300109863281,184.46917724609375,418.260986328125,193.46554565429688,412.2300109863281,SIFT:gradient,89.8387451171875,0.2538445712090073,ROBUST_MODEL_INLIER,FIT,0.030599879866446807,SYNTHETIC_SOURCE,SYNTHETIC_TARGET
1820,138.00047302246094,493.53277587890625,147.01333618164062,487.5532531738281,138.00047302246094,493.53277587890625,147.01333618164062,487.5532531738281,SIFT:gradient,95.48822021484375,0.254275671521482,ROBUST_MODEL_INLIER,FIT,0.024622092858737926,SYNTHETIC_SOURCE,SYNTHETIC_TARGET
1821,220.2115478515625,151.9343719482422,229.30947875976562,145.7803192138672,220.2115478515625,151.9343719482422,229.30947875976562,145.7803192138672,SIFT:gradient,93.1557846069336,0.2543427416347856,ROBUST_MODEL_INLIER,FIT,0.18194824749447752,SYNTHETIC_SOURCE,SYNTHETIC_TARGET
1822,608.764404296875,195.86480712890625,617.7924194335938,189.70164489746094,608.764404296875,195.86480712890625,617.7924194335938,189.70164489746094,SIFT:gradient,86.70063781738281,0.2556217767301398,ROBUST_MODEL_INLIER,FIT,0.1649225129587709,SYNTHETIC_SOURCE,SYNTHETIC_TARGET
1823,206.2461395263672,334.9662780761719,215.27835083007812,328.8932800292969,206.2461395263672,334.9662780761719,215.27835083007812,328.8932800292969,SIFT:gradient,93.95211791992188,0.2571435826216472,ROBUST_MODEL_INLIER,FIT,0.07916905767219216,SYNTHETIC_SOURCE,SYNTHETIC_TARGET
1824,238.1578826904297,97.37825012207031,247.022216796875,91.4326400756836,238.1578826904297,97.37825012207031,247.022216796875,91.4326400756836,SIFT:gradient,99.7196044921875,0.25773880071601213,ROBUST_MODEL_INLIER,FIT,0.14653222673371127,SYNTHETIC_SOURCE,SYNTHETIC_TARGET
1825,108.25009155273438,514.0524291992188,117.16626739501953,508.02374267578125,108.25009155273438,514.0524291992188,117.16626739501953,508.02374267578125,SIFT:gradient,91.30717468261719,0.2579092834820501,ROBUST_MODEL_INLIER,FIT,0.08854583688485956,SYNTHETIC_SOURCE,SYNTHETIC_TARGET
1826,34.130531311035156,492.212158203125,43.170658111572266,486.2683410644531,34.130531311035156,492.212158203125,43.170658111572266,486.2683410644531,SIFT:gradient,92.98925018310547,0.2594349687114491,ROBUST_MODEL_INLIER,HELD_OUT,0.06945075022738204,SYNTHETIC_SOURCE,SYNTHETIC_TARGET
1827,118.22822570800781,475.2769775390625,127.1915054321289,469.2294921875,118.22822570800781,475.2769775390625,127.1915054321289,469.2294921875,SIFT:gradient,84.92349243164062,0.2594538456611312,ROBUST_MODEL_INLIER,FIT,0.05963953141638866,SYNTHETIC_SOURCE,SYNTHETIC_TARGET
1828,332.271728515625,220.95909118652344,341.49578857421875,214.888427734375,332.271728515625,220.95909118652344,341.49578857421875,214.888427734375,SIFT:gradient,97.08759307861328,0.2610268266287274,ROBUST_MODEL_INLIER,FIT,0.23461029887533552,SYNTHETIC_SOURCE,SYNTHETIC_TARGET
1829,144.01722717285156,423.7891540527344,153.09878540039062,417.72283935546875,144.01722717285156,423.7891540527344,153.09878540039062,417.72283935546875,SIFT:gradient,95.5615005493164,0.2610463238623821,ROBUST_MODEL_INLIER,FIT,0.10461328410315307,SYNTHETIC_SOURCE,SYNTHETIC_TARGET
1830,358.92333984375,411.0128173828125,367.9341125488281,405.0430603027344,358.92333984375,411.0128173828125,367.9341125488281,405.0430603027344,SIFT:gradient,56.79788589477539,0.2613946984499839,ROBUST_MODEL_INLIER,FIT,0.032629913428704964,SYNTHETIC_SOURCE,SYNTHETIC_TARGET
1831,171.6987762451172,57.008209228515625,180.5458526611328,50.98820877075195,171.6987762451172,57.008209228515625,180.5458526611328,50.98820877075195,SIFT:gradient,107.82392883300781,0.26167003298079367,ROBUST_MODEL_INLIER,FIT,0.1542993539014252,SYNTHETIC_SOURCE,SYNTHETIC_TARGET
1832,469.3641052246094,386.1756591796875,477.8368835449219,381.25537109375,469.3641052246094,386.1756591796875,477.8368835449219,381.25537109375,SIFT:gradient,113.9254150390625,0.2624528812984496,ROBUST_MODEL_INLIER,HELD_OUT,1.2021729558215393,SYNTHETIC_SOURCE,SYNTHETIC_TARGET
1833,164.398193359375,475.7606201171875,173.42027282714844,469.7385559082031,164.398193359375,475.7606201171875,173.42027282714844,469.7385559082031,SIFT:gradient,82.15229797363281,0.2624687363864586,ROBUST_MODEL_INLIER,HELD_OUT,0.030676637033309705,SYNTHETIC_SOURCE,SYNTHETIC_TARGET
1834,464.56903076171875,252.6058807373047,473.54095458984375,246.57876586914062,464.56903076171875,252.6058807373047,473.54095458984375,246.57876586914062,SIFT:gradient,76.16429901123047,0.26353165323640826,ROBUST_MODEL_INLIER,HELD_OUT,0.0387214705065274,SYNTHETIC_SOURCE,SYNTHETIC_TARGET
1835,254.97705078125,385.1107177734375,263.9842224121094,379.11737060546875,254.97705078125,385.1107177734375,263.9842224121094,379.11737060546875,SIFT:gradient,67.02238464355469,0.2640764914044266,ROBUST_MODEL_INLIER,FIT,0.010100534644942216,SYNTHETIC_SOURCE,SYNTHETIC_TARGET
1836,170.26840209960938,125.78246307373047,179.3735809326172,119.74727630615234,170.26840209960938,125.78246307373047,179.3735809326172,119.74727630615234,SIFT:gradient,83.44459533691406,0.2640850171577694,ROBUST_MODEL_INLIER,FIT,0.11057142808113278,SYNTHETIC_SOURCE,SYNTHETIC_TARGET
1837,370.04620361328125,292.3403625488281,379.024169921875,286.35089111328125,370.04620361328125,292.3403625488281,379.024169921875,286.35089111328125,SIFT:gradient,59.48949432373047,0.26481655694634254,ROBUST_MODEL_INLIER,FIT,0.024825519914839476,SYNTHETIC_SOURCE,SYNTHETIC_TARGET
1838,356.2652282714844,525.7052001953125,365.19110107421875,519.666015625,356.2652282714844,525.7052001953125,365.19110107421875,519.666015625,SIFT:gradient,102.68885040283203,0.266065433322896,ROBUST_MODEL_INLIER,FIT,0.08369860712718885,SYNTHETIC_SOURCE,SYNTHETIC_TARGET
1839,507.0732421875,330.9966125488281,516.0877075195312,324.9309387207031,507.0732421875,330.9966125488281,516.0877075195312,324.9309387207031,SIFT:gradient,83.23461151123047,0.2661916917029755,ROBUST_MODEL_INLIER,HELD_OUT,0.06661914610105703,SYNTHETIC_SOURCE,SYNTHETIC_TARGET
1840,232.16188049316406,296.6695251464844,241.256591796875,290.5910339355469,232.16188049316406,296.6695251464844,241.256591796875,290.5910339355469,SIFT:gradient,116.93160247802734,0.26628440379724155,ROBUST_MODEL_INLIER,FIT,0.12250215914250305,SYNTHETIC_SOURCE,SYNTHETIC_TARGET
1841,533.5213012695312,69.7369384765625,542.5239868164062,63.770267486572266,533.5213012695312,69.7369384765625,542.5239868164062,63.770267486572266,SIFT:gradient,104.80458068847656,0.2662924019541136,ROBUST_MODEL_INLIER,HELD_OUT,0.03403375008942604,SYNTHETIC_SOURCE,SYNTHETIC_TARGET
1842,148.7464599609375,60.83191680908203,157.9556427001953,54.65644454956055,148.7464599609375,60.83191680908203,157.9556427001953,54.65644454956055,SIFT:gradient,113.58256530761719,0.26779106521653573,ROBUST_MODEL_INLIER,FIT,0.27252576215038027,SYNTHETIC_SOURCE,SYNTHETIC_TARGET
1843,403.693603515625,453.2727355957031,412.4314270019531,446.25244140625,403.693603515625,453.2727355957031,412.4314270019531,446.25244140625,SIFT:gradient,128.015625,0.2682404470878744,ROBUST_MODEL_INLIER,FIT,1.0528873096309703,SYNTHETIC_SOURCE,SYNTHETIC_TARGET
1844,213.78199768066406,124.98751068115234,222.64834594726562,118.73495483398438,213.78199768066406,124.98751068115234,222.64834594726562,118.73495483398438,SIFT:gradient,107.53138732910156,0.2784302019842444,ROBUST_MODEL_INLIER,HELD_OUT,0.2852720265842971,SYNTHETIC_SOURCE,SYNTHETIC_TARGET
1845,126.40103149414062,500.7450866699219,135.33737182617188,494.7801208496094,126.40103149414062,500.7450866699219,135.33737182617188,494.7801208496094,SIFT:gradient,97.13392639160156,0.27912855586114943,ROBUST_MODEL_INLIER,FIT,0.07309265767431476,SYNTHETIC_SOURCE,SYNTHETIC_TARGET
1846,465.43975830078125,414.9930114746094,474.4585266113281,408.960205078125,465.43975830078125,414.9930114746094,474.4585266113281,408.960205078125,SIFT:gradient,106.25911712646484,0.28239438390288985,ROBUST_MODEL_INLIER,FIT,0.037190461661907516,SYNTHETIC_SOURCE,SYNTHETIC_TARGET
1847,576.7188110351562,144.31202697753906,585.7575073242188,138.29678344726562,576.7188110351562,144.31202697753906,585.7575073242188,138.29678344726562,SIFT:gradient,87.31552124023438,0.2829273333442108,ROBUST_MODEL_INLIER,FIT,0.04122798587383372,SYNTHETIC_SOURCE,SYNTHETIC_TARGET
1848,340.4966735839844,482.0987854003906,349.4195556640625,476.14111328125,340.4966735839844,482.0987854003906,349.4195556640625,476.14111328125,SIFT:gradient,91.07688903808594,0.28329729158635547,ROBUST_MODEL_INLIER,FIT,0.08839922613414995,SYNTHETIC_SOURCE,SYNTHETIC_TARGET
1849,55.33991622924805,389.735107421875,64.41928100585938,383.8083801269531,55.33991622924805,389.735107421875,64.41928100585938,383.8083801269531,SIFT:gradient,88.93255615234375,0.28385878742681786,ROBUST_MODEL_INLIER,FIT,0.10832025157137556,SYNTHETIC_SOURCE,SYNTHETIC_TARGET
1850,170.16659545898438,79.28691864013672,179.17343139648438,73.29498291015625,170.16659545898438,79.28691864013672,179.17343139648438,73.29498291015625,SIFT:gradient,139.76766967773438,0.286792983799061,ROBUST_MODEL_INLIER,HELD_OUT,0.010950626538813901,SYNTHETIC_SOURCE,SYNTHETIC_TARGET
1851,506.44989013671875,388.2353210449219,515.586669921875,382.26458740234375,506.44989013671875,388.2353210449219,515.586669921875,382.26458740234375,SIFT:gradient,106.86907958984375,0.2883198343333741,ROBUST_MODEL_INLIER,FIT,0.1398556712200011,SYNTHETIC_SOURCE,SYNTHETIC_TARGET
1852,563.7013549804688,292.89581298828125,572.9256591796875,286.90435791015625,563.7013549804688,292.89581298828125,572.9256591796875,286.90435791015625,SIFT:gradient,89.58794403076172,0.28920863553873455,ROBUST_MODEL_INLIER,FIT,0.2243385029207207,SYNTHETIC_SOURCE,SYNTHETIC_TARGET
1853,543.8666381835938,375.370361328125,552.89697265625,369.3510437011719,543.8666381835938,375.370361328125,552.89697265625,369.3510437011719,SIFT:gradient,15.29705810546875,0.2909637607890642,ROBUST_MODEL_INLIER,HELD_OUT,0.03550927090980819,SYNTHETIC_SOURCE,SYNTHETIC_TARGET
1854,168.92312622070312,333.28021240234375,178.01071166992188,327.3299255371094,168.92312622070312,333.28021240234375,178.01071166992188,327.3299255371094,SIFT:gradient,125.52290344238281,0.29323858702549016,ROBUST_MODEL_INLIER,FIT,0.10088091254662658,SYNTHETIC_SOURCE,SYNTHETIC_TARGET
1855,557.0895385742188,25.41348648071289,566.053955078125,19.32567024230957,557.0895385742188,25.41348648071289,566.053955078125,19.32567024230957,SIFT:gradient,138.28231811523438,0.2963851197661485,ROBUST_MODEL_INLIER,FIT,0.0942440151852215,SYNTHETIC_SOURCE,SYNTHETIC_TARGET
1856,411.0088806152344,353.770263671875,420.02667236328125,347.7182922363281,411.0088806152344,353.770263671875,420.02667236328125,347.7182922363281,SIFT:gradient,117.7497329711914,0.2997739316966447,ROBUST_MODEL_INLIER,FIT,0.05430562511441941,SYNTHETIC_SOURCE,SYNTHETIC_TARGET
1857,502.328125,68.33668518066406,511.23541259765625,62.35987091064453,502.328125,68.33668518066406,511.23541259765625,62.35987091064453,SIFT:gradient,89.76079559326172,0.3003696766591716,ROBUST_MODEL_INLIER,FIT,0.09586532171765857,SYNTHETIC_SOURCE,SYNTHETIC_TARGET
1858,133.9260711669922,387.0823974609375,143.09474182128906,380.81207275390625,133.9260711669922,387.0823974609375,143.09474182128906,380.81207275390625,SIFT:gradient,114.84772491455078,0.3011938852522387,ROBUST_MODEL_INLIER,FIT,0.3180317157945486,SYNTHETIC_SOURCE,SYNTHETIC_TARGET
1859,241.60760498046875,299.4739685058594,250.71934509277344,293.4078063964844,241.60760498046875,299.4739685058594,250.71934509277344,293.4078063964844,SIFT:gradient,84.38008880615234,0.30134015151325255,ROBUST_MODEL_INLIER,FIT,0.12941718802835908,SYNTHETIC_SOURCE,SYNTHETIC_TARGET
1860,112.19583129882812,181.32455444335938,121.2266616821289,175.29139709472656,112.19583129882812,181.32455444335938,121.2266616821289,175.29139709472656,SIFT:gradient,99.34284210205078,0.31213814593407874,ROBUST_MODEL_INLIER,FIT,0.04472621322582915,SYNTHETIC_SOURCE,SYNTHETIC_TARGET
1861,152.08152770996094,578.7051391601562,161.06182861328125,572.7056274414062,152.08152770996094,578.7051391601562,161.06182861328125,572.7056274414062,SIFT:gradient,64.32728576660156,0.31251887102615017,ROBUST_MODEL_INLIER,FIT,0.019882061621871235,SYNTHETIC_SOURCE,SYNTHETIC_TARGET
1862,138.0277862548828,23.989606857299805,146.9800567626953,17.72246742248535,138.0277862548828,23.989606857299805,146.9800567626953,17.72246742248535,SIFT:gradient,93.91485595703125,0.3131643633554989,ROBUST_MODEL_INLIER,FIT,0.27079594866196677,SYNTHETIC_SOURCE,SYNTHETIC_TARGET
1863,468.63232421875,258.2105712890625,477.68743896484375,252.3238067626953,468.63232421875,258.2105712890625,477.68743896484375,252.3238067626953,SIFT:gradient,66.22688293457031,0.3134949879387084,ROBUST_MODEL_INLIER,HELD_OUT,0.12641879112199653,SYNTHETIC_SOURCE,SYNTHETIC_TARGET
1864,486.1436462402344,435.3118896484375,495.113525390625,429.4726867675781,486.1436462402344,435.3118896484375,495.113525390625,429.4726867675781,SIFT:gradient,79.7057113647461,0.3176433927343514,ROBUST_MODEL_INLIER,FIT,0.164221961432832,SYNTHETIC_SOURCE,SYNTHETIC_TARGET
1865,142.11788940429688,193.22584533691406,151.1785430908203,187.27923583984375,142.11788940429688,193.22584533691406,151.1785430908203,187.27923583984375,SIFT:gradient,126.21806335449219,0.32021739778436825,ROBUST_MODEL_INLIER,HELD_OUT,0.08109546979741664,SYNTHETIC_SOURCE,SYNTHETIC_TARGET
1866,486.9554748535156,449.7874755859375,495.985107421875,443.74176025390625,486.9554748535156,449.7874755859375,495.985107421875,443.74176025390625,SIFT:gradient,109.90450286865234,0.32152729876770886,ROBUST_MODEL_INLIER,FIT,0.05388439951900922,SYNTHETIC_SOURCE,SYNTHETIC_TARGET
1867,470.0051574707031,112.24164581298828,479.0479736328125,106.21521759033203,470.0051574707031,112.24164581298828,479.0479736328125,106.21521759033203,SIFT:gradient,128.7283935546875,0.32613305546919763,ROBUST_MODEL_INLIER,FIT,0.049867254114621964,SYNTHETIC_SOURCE,SYNTHETIC_TARGET
1868,142.11788940429688,193.22584533691406,151.1785430908203,187.27923583984375,142.11788940429688,193.22584533691406,151.1785430908203,187.27923583984375,SIFT:gradient,154.8127899169922,0.3318276311402583,ROBUST_MODEL_INLIER,FIT,0.08109546979741664,SYNTHETIC_SOURCE,SYNTHETIC_TARGET
1869,371.2146301269531,163.45895385742188,380.2896423339844,157.63877868652344,371.2146301269531,163.45895385742188,380.2896423339844,157.63877868652344,SIFT:gradient,74.4311752319336,0.3372486867450629,ROBUST_MODEL_INLIER,FIT,0.19534793830279423,SYNTHETIC_SOURCE,SYNTHETIC_TARGET
1870,154.09315490722656,457.06231689453125,163.0188751220703,450.9949035644531,154.09315490722656,457.06231689453125,163.0188751220703,450.9949035644531,SIFT:gradient,107.9397964477539,0.33827952808809303,ROBUST_MODEL_INLIER,FIT,0.1000140794885811,SYNTHETIC_SOURCE,SYNTHETIC_TARGET
1871,224.2102508544922,314.0635070800781,233.316650390625,307.9656066894531,224.2102508544922,314.0635070800781,233.316650390625,307.9656066894531,SIFT:gradient,87.33842468261719,0.34285444737154214,ROBUST_MODEL_INLIER,HELD_OUT,0.14406167329154845,SYNTHETIC_SOURCE,SYNTHETIC_TARGET
1872,262.838623046875,260.1362609863281,271.7037353515625,254.27903747558594,262.838623046875,260.1362609863281,271.7037353515625,254.27903747558594,SIFT:gradient,155.81077575683594,0.3447588207747676,ROBUST_MODEL_INLIER,FIT,0.1969661499040123,SYNTHETIC_SOURCE,SYNTHETIC_TARGET
1873,370.8511657714844,153.2210693359375,379.0291442871094,146.96189880371094,370.8511657714844,153.2210693359375,379.0291442871094,146.96189880371094,SIFT:gradient,139.8105926513672,0.3491143268513719,ROBUST_MODEL_INLIER,FIT,0.8618721321233642,SYNTHETIC_SOURCE,SYNTHETIC_TARGET
1874,574.1870727539062,559.0987548828125,583.3072509765625,552.9205322265625,574.1870727539062,559.0987548828125,583.3072509765625,552.9205322265625,SIFT:gradient,103.5857162475586,0.3562445233767391,ROBUST_MODEL_INLIER,HELD_OUT,0.21436483801523173,SYNTHETIC_SOURCE,SYNTHETIC_TARGET
1875,273.1120910644531,211.23428344726562,282.0191345214844,204.6897735595703,273.1120910644531,211.23428344726562,282.0191345214844,204.6897735595703,SIFT:gradient,139.97857666015625,0.36579114944879937,ROBUST_MODEL_INLIER,FIT,0.5518115762240557,SYNTHETIC_SOURCE,SYNTHETIC_TARGET
1876,463.21405029296875,264.5171813964844,472.2635803222656,258.5075378417969,463.21405029296875,264.5171813964844,472.2635803222656,258.5075378417969,SIFT:gradient,91.20854949951172,0.3800686069265019,ROBUST_MODEL_INLIER,FIT,0.05019691702211563,SYNTHETIC_SOURCE,SYNTHETIC_TARGET
1877,247.0406036376953,228.0116424560547,256.04132080078125,222.00161743164062,247.0406036376953,228.0116424560547,256.04132080078125,222.00161743164062,SIFT:gradient,94.74175262451172,0.38554659947839093,ROBUST_MODEL_INLIER,HELD_OUT,0.009431585765559794,SYNTHETIC_SOURCE,SYNTHETIC_TARGET
1878,526.044677734375,104.74300384521484,534.9938354492188,98.76580810546875,526.044677734375,104.74300384521484,534.9938354492188,98.76580810546875,SIFT:gradient,125.17188262939453,0.3963815919810477,ROBUST_MODEL_INLIER,FIT,0.0561134665083159,SYNTHETIC_SOURCE,SYNTHETIC_TARGET
1879,569.1851806640625,182.29873657226562,578.2879638671875,176.11968994140625,569.1851806640625,182.29873657226562,578.2879638671875,176.11968994140625,SIFT:gradient,137.37539672851562,0.4019299529320061,ROBUST_MODEL_INLIER,HELD_OUT,0.2058459349919223,SYNTHETIC_SOURCE,SYNTHETIC_TARGET
1880,213.78199768066406,124.98751068115234,222.64834594726562,118.73495483398438,213.78199768066406,124.98751068115234,222.64834594726562,118.73495483398438,SIFT:gradient,155.51527404785156,0.40347466029163037,ROBUST_MODEL_INLIER,FIT,0.2852720265842971,SYNTHETIC_SOURCE,SYNTHETIC_TARGET
1881,456.740966796875,258.4130554199219,465.8787536621094,252.22206115722656,456.740966796875,258.4130554199219,465.8787536621094,252.22206115722656,SIFT:gradient,154.5477294921875,0.4142938927519553,ROBUST_MODEL_INLIER,FIT,0.23492387685836222,SYNTHETIC_SOURCE,SYNTHETIC_TARGET
1882,435.2884216308594,495.5420227050781,444.22149658203125,489.5988464355469,435.2884216308594,495.5420227050781,444.22149658203125,489.5988464355469,SIFT:gradient,134.9851837158203,0.41866991680827587,ROBUST_MODEL_INLIER,FIT,0.0883067558375063,SYNTHETIC_SOURCE,SYNTHETIC_TARGET
1883,356.2652282714844,525.7052001953125,365.19110107421875,519.666015625,356.2652282714844,525.7052001953125,365.19110107421875,519.666015625,SIFT:gradient,151.3704071044922,0.42206889175065176,ROBUST_MODEL_INLIER,FIT,0.08369860712718885,SYNTHETIC_SOURCE,SYNTHETIC_TARGET
1884,298.5166320800781,439.9730529785156,307.48626708984375,434.0111083984375,298.5166320800781,439.9730529785156,307.48626708984375,434.0111083984375,SIFT:gradient,175.60751342773438,0.4228463122368971,ROBUST_MODEL_INLIER,FIT,0.04925814104386589,SYNTHETIC_SOURCE,SYNTHETIC_TARGET
1885,46.70716857910156,382.393798828125,55.79791259765625,376.447998046875,46.70716857910156,382.393798828125,55.79791259765625,376.447998046875,SIFT:gradient,104.57054901123047,0.4274956883236911,ROBUST_MODEL_INLIER,HELD_OUT,0.10588152014210282,SYNTHETIC_SOURCE,SYNTHETIC_TARGET
1886,465.5386962890625,479.4125061035156,474.54571533203125,473.4013977050781,465.5386962890625,479.4125061035156,474.54571533203125,473.4013977050781,SIFT:gradient,115.73245239257812,0.4277097977516685,ROBUST_MODEL_INLIER,HELD_OUT,0.012544209561770159,SYNTHETIC_SOURCE,SYNTHETIC_TARGET
1887,206.9083251953125,612.7311401367188,215.92848205566406,606.7140502929688,206.9083251953125,612.7311401367188,215.92848205566406,606.7140502929688,SIFT:gradient,170.839111328125,0.4310656794914739,ROBUST_MODEL_INLIER,HELD_OUT,0.0259180357945832,SYNTHETIC_SOURCE,SYNTHETIC_TARGET
1888,338.0185546875,32.21733474731445,348.3050537109375,27.11852264404297,338.0185546875,32.21733474731445,348.3050537109375,27.11852264404297,SIFT:gradient,118.64231872558594,0.4321873730592447,ROBUST_MODEL_INLIER,HELD_OUT,1.5709637910737775,SYNTHETIC_SOURCE,SYNTHETIC_TARGET
1889,383.4164123535156,155.7602081298828,392.8191833496094,149.72708129882812,383.4164123535156,155.7602081298828,392.8191833496094,149.72708129882812,SIFT:gradient,113.47246551513672,0.45419882482316004,ROBUST_MODEL_INLIER,FIT,0.4039293305302105,SYNTHETIC_SOURCE,SYNTHETIC_TARGET
1890,91.69107055664062,378.78607177734375,100.75183868408203,372.8365478515625,91.69107055664062,378.78607177734375,100.75183868408203,372.8365478515625,SIFT:gradient,110.96395874023438,0.47144494629989636,ROBUST_MODEL_INLIER,FIT,0.07927210438821143,SYNTHETIC_SOURCE,SYNTHETIC_TARGET
1891,258.80816650390625,451.9297180175781,267.8994140625,445.90283203125,258.80816650390625,451.9297180175781,267.8994140625,445.90283203125,SIFT:gradient,117.23054504394531,0.4777880887384409,ROBUST_MODEL_INLIER,FIT,0.09480876894960573,SYNTHETIC_SOURCE,SYNTHETIC_TARGET
1892,39.52625274658203,161.0164794921875,48.3248291015625,154.634033203125,39.52625274658203,161.0164794921875,48.3248291015625,154.634033203125,SIFT:gradient,108.24971008300781,0.4809578271840632,ROBUST_MODEL_INLIER,FIT,0.43177732784475087,SYNTHETIC_SOURCE,SYNTHETIC_TARGET
1893,141.3948211669922,32.52946853637695,150.54322814941406,26.59990882873535,141.3948211669922,32.52946853637695,150.54322814941406,26.59990882873535,SIFT:gradient,152.34500122070312,0.5266568798473636,ROBUST_MODEL_INLIER,FIT,0.1644006067488859,SYNTHETIC_SOURCE,SYNTHETIC_TARGET
1894,370.8511657714844,153.2210693359375,379.0291442871094,146.96189880371094,370.8511657714844,153.2210693359375,379.0291442871094,146.96189880371094,SIFT:gradient,144.82403564453125,0.5629724164995162,ROBUST_MODEL_INLIER,FIT,0.8618721321233642,SYNTHETIC_SOURCE,SYNTHETIC_TARGET
1895,456.740966796875,258.4130554199219,465.8787536621094,252.22206115722656,456.740966796875,258.4130554199219,465.8787536621094,252.22206115722656,SIFT:gradient,171.2454376220703,0.5701628418185561,ROBUST_MODEL_INLIER,HELD_OUT,0.23492387685836222,SYNTHETIC_SOURCE,SYNTHETIC_TARGET
1896,483.0608825683594,160.50267028808594,496.3565979003906,151.31471252441406,483.0608825683594,160.50267028808594,496.3565979003906,151.31471252441406,SIFT:gradient,230.24769592285156,0.6255368639237227,ROBUST_MODEL_OUTLIER,HELD_OUT,5.348929127809535,SYNTHETIC_SOURCE,SYNTHETIC_TARGET
1897,402.7671203613281,449.0876770019531,411.8846435546875,446.5897521972656,402.7671203613281,449.0876770019531,411.8846435546875,446.5897521972656,SIFT:gradient,319.87652587890625,0.626110948668791,ROBUST_MODEL_OUTLIER,FIT,3.5046514661682293,SYNTHETIC_SOURCE,SYNTHETIC_TARGET
1898,213.60995483398438,610.3385009765625,223.40640258789062,602.8046264648438,213.60995483398438,610.3385009765625,223.40640258789062,602.8046264648438,SIFT:gradient,279.9142761230469,0.6635480740843039,ROBUST_MODEL_INLIER,FIT,1.7277109064422504,SYNTHETIC_SOURCE,SYNTHETIC_TARGET
1899,559.7020263671875,244.980224609375,570.0751953125,240.7360382080078,559.7020263671875,244.980224609375,570.0751953125,240.7360382080078,SIFT:gradient,228.46224975585938,0.7623671490451127,ROBUST_MODEL_OUTLIER,FIT,2.2293943147338786,SYNTHETIC_SOURCE,SYNTHETIC_TARGET
