match_id,ohrc_projected_x_5m,ohrc_projected_y_5m,tmc_ortho_x_5m,tmc_ortho_y_5m,descriptor_distance,split,forward_residual_tmc_5m_px,inlier
0,28.347747802734375,479.49835205078125,33.952186584472656,513.792236328125,155.14187622070312,training,5.646786689758301,0
1,39.91529083251953,434.0296325683594,45.97377395629883,468.3419494628906,222.89683532714844,training,3.602006673812866,1
2,40.09989929199219,475.1592102050781,45.86346435546875,509.7817687988281,204.79745483398438,training,4.886291027069092,0
3,44.541996002197266,388.7140197753906,50.29511642456055,422.520263671875,133.1427764892578,training,2.4127180576324463,1
4,44.88361740112305,460.3017578125,50.84319305419922,494.8134765625,179.5132293701172,training,4.288277626037598,0
5,46.621803283691406,367.5632019042969,51.76209259033203,401.8470764160156,203.95343017578125,training,1.3453037738800049,1
6,46.64570999145508,439.62725830078125,52.05887222290039,474.8028259277344,174.78843688964844,training,3.0730209350585938,1
7,47.58060836791992,444.2635192871094,53.62550735473633,479.32958984375,138.32208251953125,training,3.0864057540893555,1
8,48.52820587158203,391.3291320800781,53.99175262451172,425.353515625,96.3846435546875,training,2.2845301628112793,1
9,48.52820587158203,391.3291320800781,53.99175262451172,425.353515625,109.7542724609375,training,2.2845301628112793,1
10,49.8154182434082,418.81146240234375,55.53961944580078,453.68292236328125,128.4484405517578,training,2.389510154724121,1
11,49.82102584838867,426.9613342285156,55.458534240722656,461.5352783203125,86.67179107666016,training,2.999429225921631,1
12,50.49845504760742,394.82421875,55.726078033447266,429.0018615722656,121.79080200195312,training,2.325676679611206,1
13,50.49845504760742,394.82421875,55.726078033447266,429.0018615722656,135.28118896484375,training,2.325676679611206,1
14,53.671287536621094,469.0262451171875,60.00004196166992,504.1806640625,172.62387084960938,training,3.707951068878174,1
15,55.929405212402344,378.9507141113281,61.80269241333008,412.88946533203125,165.4720458984375,training,1.6635807752609253,1
16,56.63548278808594,346.8370056152344,62.13212585449219,381.8756408691406,132.16278076171875,training,0.582085371017456,1
17,58.723628997802734,449.0575866699219,65.18147277832031,483.8612365722656,187.2431640625,training,3.184000253677368,1
18,59.36834716796875,307.4082946777344,65.43560028076172,342.884765625,198.09593200683594,training,2.6048359870910645,1
19,59.57136154174805,445.5421447753906,65.83328247070312,480.2294921875,197.7169647216797,training,3.1924026012420654,1
20,59.68439483642578,409.7974548339844,65.01774597167969,444.598876953125,178.1712646484375,training,2.119438409805298,1
21,61.08987808227539,421.89617919921875,67.91492462158203,456.48541259765625,139.74620056152344,training,2.3617284297943115,1
22,61.08987808227539,421.89617919921875,67.91492462158203,456.48541259765625,133.5102996826172,training,2.3617284297943115,1
23,62.53892135620117,380.0247802734375,68.29269409179688,414.4637756347656,168.64756774902344,training,1.0985875129699707,1
24,63.76226043701172,376.3374328613281,69.77650451660156,410.7660827636719,151.15223693847656,training,0.8953991532325745,1
25,64.58470916748047,316.0075378417969,69.98725128173828,351.83172607421875,146.88430786132812,training,2.595768451690674,1
26,65.79237365722656,319.6378173828125,71.92127227783203,355.2390441894531,114.93911743164062,training,2.4180705547332764,1
27,68.1943130493164,362.8238525390625,74.47059631347656,397.7485046386719,158.17710876464844,training,0.40956470370292664,1
28,68.77896118164062,322.03192138671875,75.10328674316406,357.4832763671875,103.39729309082031,training,2.3237998485565186,1
29,68.77896118164062,322.03192138671875,75.10328674316406,357.4832763671875,94.13819885253906,training,2.3237998485565186,1
30,69.08985137939453,284.50030517578125,74.651123046875,321.2344055175781,270.4071044921875,training,4.7414984703063965,0
31,71.10979461669922,408.0937805175781,77.53939819335938,442.591064453125,181.55165100097656,training,1.7507048845291138,1
32,75.11640167236328,313.521240234375,81.33711242675781,349.1803894042969,197.53480529785156,training,2.915886163711548,1
33,77.0292739868164,405.0760192871094,83.86833953857422,440.4206848144531,114.73011779785156,training,0.7335715293884277,1
34,77.13375854492188,457.7201232910156,83.12434387207031,493.36871337890625,171.24252319335938,training,2.4999444484710693,1
35,79.83831787109375,388.9086608886719,86.41921997070312,424.1220397949219,158.50552368164062,training,0.32033053040504456,1
36,81.7013931274414,342.6264953613281,87.02978515625,378.0946960449219,177.42604064941406,training,1.748094081878662,1
37,81.7013931274414,342.6264953613281,87.02978515625,378.0946960449219,180.41342163085938,training,1.748094081878662,1
38,82.19181823730469,391.11126708984375,88.57478332519531,426.5841369628906,214.9139404296875,training,0.07058338820934296,1
39,83.11307525634766,285.47015380859375,88.96297454833984,322.1009216308594,157.2005157470703,training,4.958824634552002,0
40,85.25640106201172,291.6795959472656,91.09323120117188,327.8620300292969,208.79176330566406,training,4.336940765380859,0
41,85.72249603271484,465.8040771484375,92.52943420410156,501.37274169921875,208.25946044921875,training,2.3965203762054443,1
42,85.88282012939453,419.4324951171875,92.09540557861328,455.125,114.34159088134766,training,0.8141689896583557,1
43,86.51830291748047,470.8085021972656,93.7010726928711,506.5216064453125,154.580078125,training,2.3496763706207275,1
44,86.75606536865234,296.7116394042969,93.16461944580078,332.1309509277344,240.06248474121094,training,3.6091959476470947,1
45,86.85447692871094,280.889404296875,92.64920806884766,317.31243896484375,226.83474731445312,training,4.991310119628906,0
46,87.89443969726562,469.1676940917969,95.54570007324219,504.6737976074219,172.0552215576172,training,2.459913969039917,1
47,88.41797637939453,307.25140380859375,92.9389877319336,343.2892150878906,184.27154541015625,training,3.7158987522125244,1
48,88.63180541992188,347.02734375,94.87462615966797,382.2622985839844,209.7355499267578,training,1.5574078559875488,1
49,89.44312286376953,424.6158447265625,96.02262878417969,459.7808837890625,193.70338439941406,training,1.256965160369873,1
50,89.68462371826172,355.412353515625,96.04749298095703,390.7357482910156,166.0060272216797,training,1.391278862953186,1
51,91.22547149658203,427.9984436035156,97.69448852539062,463.0447998046875,174.03448486328125,training,1.4863593578338623,1
52,92.52625274658203,273.7020568847656,98.63458251953125,309.69537353515625,174.5451202392578,training,5.026510238647461,0
53,93.98594665527344,349.3290710449219,100.05319213867188,384.7474365234375,173.96551513671875,training,1.7282471656799316,1
54,94.21363830566406,424.6557922363281,101.07650756835938,459.8407287597656,176.5814208984375,training,1.1013540029525757,1
55,96.0147476196289,437.50982666015625,102.94383239746094,472.9825134277344,170.8800811767578,training,1.219748854637146,1
56,96.07337951660156,475.31524658203125,103.03765106201172,511.2388916015625,123.51518249511719,training,2.1462442874908447,1
57,96.36013793945312,461.7995910644531,103.10688018798828,497.6835632324219,183.7226104736328,training,1.7491610050201416,1
58,96.70523834228516,203.79376220703125,102.28158569335938,236.89674377441406,169.15377807617188,training,4.779092311859131,0
59,96.98876953125,383.209716796875,104.32584381103516,419.13983154296875,192.80300903320312,training,1.5275444984436035,1
60,97.3890609741211,334.222900390625,103.45117950439453,369.4858093261719,224.33233642578125,training,2.1939516067504883,1
61,97.89256286621094,388.6192321777344,104.82266998291016,424.5857849121094,105.33755493164062,training,1.138708233833313,1
62,98.75202178955078,498.32232666015625,106.0163803100586,534.4150390625,229.50816345214844,training,2.6939239501953125,1
63,101.4222183227539,281.04998779296875,107.2159194946289,316.14654541015625,235.17015075683594,training,3.998516321182251,1
64,101.4630126953125,469.12152099609375,108.36372375488281,504.8891906738281,127.23600006103516,training,1.9753737449645996,1
65,102.06440734863281,504.4423522949219,109.47737884521484,540.8156127929688,197.29165649414062,training,2.5402426719665527,1
66,102.08446502685547,394.000244140625,108.68771362304688,430.0233459472656,101.71037292480469,training,0.9761499166488647,1
67,102.17570495605469,260.7975769042969,107.61638641357422,295.8049011230469,167.14962768554688,training,4.5944294929504395,0
68,102.33480834960938,351.8656921386719,108.2170639038086,387.0294189453125,161.3660430908203,training,1.560567021369934,1
69,102.53683471679688,471.6713562011719,109.71505737304688,507.35498046875,140.99290466308594,training,2.059966802597046,1
70,102.71842193603516,480.4512939453125,109.99444580078125,516.3469848632812,169.58773803710938,training,2.1479434967041016,1
71,102.98616027832031,385.0938720703125,110.80685424804688,420.8370361328125,198.0984649658203,training,1.7778838872909546,1
72,103.25367736816406,304.9601745605469,109.14958190917969,339.9233703613281,210.66798400878906,training,3.0573410987854004,1
73,103.96884155273438,192.29226684570312,108.28999328613281,225.03274536132812,185.6421356201172,heldout,4.689906597137451,0
74,105.16271209716797,278.4027404785156,111.24746704101562,313.3992919921875,206.11647033691406,training,4.150467395782471,0
75,105.61141967773438,309.13427734375,111.87989807128906,343.8546447753906,186.02418518066406,training,2.8197429180145264,1
76,105.64031219482422,501.1623229980469,113.1546630859375,537.3423461914062,140.72312927246094,training,2.512515068054199,1
77,105.65290832519531,300.2906188964844,112.63525390625,334.52630615234375,169.00296020507812,training,3.048673629760742,1
78,106.08155059814453,208.56114196777344,111.46795654296875,241.5765838623047,154.28221130371094,training,4.644001483917236,0
79,106.4246597290039,315.9150390625,112.20523834228516,351.2787780761719,183.24574279785156,training,3.1078691482543945,1
80,106.7371597290039,504.0875244140625,114.21185302734375,540.3228759765625,190.41796875,training,2.548743963241577,1
81,107.24854278564453,257.2373352050781,113.47856140136719,291.2065124511719,191.28512573242188,training,4.057741165161133,0
82,108.0818862915039,461.1733093261719,113.80484771728516,497.6460266113281,220.5878448486328,training,1.8638440370559692,1
83,109.26431274414062,469.9768371582031,116.1178970336914,505.813720703125,142.12318420410156,training,1.8036257028579712,1
84,109.28427124023438,210.83749389648438,114.19849395751953,244.3177490234375,107.41508483886719,training,4.961394309997559,0
85,110.13045501708984,454.2912292480469,117.10277557373047,490.0798034667969,187.33392333984375,training,1.2101320028305054,1
86,110.4142837524414,491.74560546875,117.07962799072266,527.396240234375,203.79891967773438,training,2.832643747329712,1
87,110.463134765625,214.55857849121094,116.26969909667969,247.77322387695312,113.02212524414062,training,4.839179515838623,0
88,110.85713195800781,154.96363830566406,114.45958709716797,185.0487518310547,178.2470245361328,heldout,3.453129768371582,1
89,111.39310455322266,207.36923217773438,116.52482604980469,240.50733947753906,88.83692932128906,training,4.845297336578369,0
90,111.41619110107422,157.8643035888672,115.9465560913086,187.86444091796875,153.8180694580078,heldout,3.49523663520813,1
91,111.44477844238281,391.3014831542969,118.33102416992188,427.5630187988281,141.78857421875,training,1.5654964447021484,1
92,111.5277328491211,334.4774169921875,118.43230438232422,368.70758056640625,193.6052703857422,training,1.8708455562591553,1
93,112.17585754394531,437.9127502441406,118.93379974365234,473.9495849609375,99.22701263427734,training,0.4724748134613037,1
94,112.7215347290039,454.88665771484375,118.6451187133789,491.3929138183594,123.04064178466797,training,1.492616057395935,1
95,112.75859832763672,511.6260070800781,120.90380096435547,547.7099609375,108.5955810546875,training,2.7640388011932373,1
96,112.75859832763672,511.6260070800781,120.90380096435547,547.7099609375,102.77645874023438,training,2.7640388011932373,1
97,112.9654312133789,477.1670227050781,121.15703582763672,512.6212158203125,140.73023986816406,training,2.26735782623291,1
98,113.40935516357422,474.1595764160156,120.5923080444336,510.0887756347656,187.9946746826172,training,1.6791237592697144,1
99,115.12181091308594,264.0145568847656,179.6074676513672,114.68804168701172,239.69146728515625,training,189.2963104248047,0
100,115.5978775024414,513.38671875,123.42565155029297,550.03857421875,111.41364288330078,training,2.2199795246124268,1
101,116.63932800292969,433.86822509765625,123.84517669677734,469.58447265625,155.42843627929688,training,0.39217159152030945,1
102,116.88565826416016,230.2518310546875,122.90068817138672,263.4837646484375,180.6543731689453,training,4.478278160095215,0
103,116.88565826416016,230.2518310546875,122.90068817138672,263.4837646484375,202.4573974609375,training,4.478278160095215,0
104,117.07360076904297,423.0837097167969,123.86341857910156,459.0126953125,112.19625854492188,training,0.26716846227645874,1
105,117.69547271728516,461.13739013671875,124.8137435913086,496.8773498535156,105.17604064941406,training,1.311146855354309,1
106,118.16839599609375,142.9551544189453,122.4560317993164,171.83860778808594,185.50201416015625,heldout,3.051736354827881,1
107,118.62189483642578,492.1902160644531,126.29826354980469,528.5201416015625,134.00746154785156,training,1.732167363166809,1
108,119.56018829345703,438.4158935546875,126.63890838623047,474.8363037109375,136.37814331054688,training,0.2552333474159241,1
109,119.95984649658203,385.4828796386719,128.67868041992188,420.7226257324219,206.19407653808594,training,2.4443366527557373,1
110,120.02189636230469,237.7613983154297,125.14866638183594,271.2585754394531,148.63377380371094,training,4.273419380187988,0
111,120.6441421508789,131.6145477294922,123.68279266357422,159.68441772460938,228.64601135253906,training,2.443715810775757,1
112,120.71369934082031,515.7229614257812,128.891845703125,552.02685546875,164.6724090576172,training,2.50398588180542,1
113,121.9859848022461,519.6883544921875,130.3692169189453,556.15966796875,159.96875,training,2.4446706771850586,1
114,122.80703735351562,241.84344482421875,128.09896850585938,274.9777526855469,150.83102416992188,training,3.8601460456848145,1
115,123.35043334960938,438.03643798828125,130.34510803222656,474.32513427734375,150.1432647705078,training,0.2765829265117645,1
116,123.91858673095703,489.2805480957031,131.4014434814453,525.513916015625,130.51437377929688,training,1.643332600593567,1
117,127.59220123291016,349.3627014160156,134.1048126220703,383.5252685546875,177.79763793945312,training,1.3333171606063843,1
118,128.33128356933594,455.571044921875,135.6805419921875,491.6296691894531,169.0561981201172,training,0.5188892483711243,1
119,129.2999267578125,419.7059326171875,136.3987274169922,455.68707275390625,178.38722229003906,training,0.6806915998458862,1
120,129.4193115234375,190.8488006591797,134.3920440673828,221.5459442138672,201.73001098632812,training,3.4408769607543945,1
121,129.8138885498047,289.7890319824219,135.668701171875,323.2430114746094,166.23777770996094,training,2.6964516639709473,1
122,130.3505401611328,307.7890930175781,136.20907592773438,341.4975280761719,182.97267150878906,training,2.2991039752960205,1
123,131.1505584716797,123.93791198730469,134.92178344726562,151.3502655029297,192.64215087890625,training,2.4504215717315674,1
124,131.89581298828125,383.6665954589844,139.1125030517578,418.3074645996094,183.12290954589844,training,0.9726683497428894,1
125,132.44927978515625,119.78742218017578,135.36529541015625,147.31832885742188,110.44002532958984,training,2.5792908668518066,1
126,132.6424560546875,227.51519775390625,138.11924743652344,259.2110595703125,163.23602294921875,training,3.2614169120788574,1
127,133.43885803222656,363.308349609375,139.3977508544922,397.3822326660156,160.45559692382812,training,0.8214544653892517,1
128,133.55242919921875,164.01527404785156,137.68272399902344,193.15274047851562,187.5419921875,training,2.775704860687256,1
129,133.89144897460938,130.43698120117188,137.06753540039062,158.12496948242188,161.14279174804688,training,2.409576416015625,1
130,134.33834838867188,438.1703796386719,141.5569305419922,474.5839538574219,119.84573364257812,training,0.5782854557037354,1
131,134.6186065673828,297.9124450683594,140.5779571533203,330.9923400878906,133.5102996826172,training,2.16674542427063,1
132,134.7186279296875,351.7264709472656,140.99447631835938,385.3429260253906,202.0965118408203,training,0.7919749617576599,1
133,135.1201171875,441.14581298828125,142.76419067382812,477.39501953125,162.49615478515625,training,0.4971625506877899,1
134,135.15484619140625,387.3891906738281,140.82571411132812,422.657958984375,197.3575439453125,training,1.4731544256210327,1
135,135.47129821777344,223.47708129882812,140.75831604003906,255.14117431640625,226.71788024902344,training,3.3756158351898193,1
136,136.30897521972656,523.615966796875,144.1001739501953,560.6394653320312,184.87564086914062,training,1.808606743812561,1
137,136.44285583496094,479.5249938964844,144.45372009277344,515.3478393554688,140.73023986816406,training,1.3988515138626099,1
138,137.9761199951172,227.1123809814453,143.3575897216797,258.7840881347656,111.89280700683594,training,3.328673839569092,1
139,137.9761199951172,227.1123809814453,143.3575897216797,258.7840881347656,239.5182647705078,training,3.328673839569092,1
140,138.52513122558594,511.88214111328125,146.60140991210938,548.7158203125,130.28814697265625,training,1.4473532438278198,1
141,139.4795684814453,80.2906723022461,141.6025848388672,105.41742706298828,122.31517028808594,training,1.7022578716278076,1
142,139.48599243164062,439.930908203125,146.96839904785156,476.0157470703125,177.72169494628906,training,0.37046048045158386,1
143,140.3984832763672,303.4810485839844,145.728271484375,336.0550842285156,199.16073608398438,training,1.5006119012832642,1
144,140.95938110351562,442.7369689941406,148.07028198242188,479.0170593261719,140.7480010986328,training,0.48589828610420227,1
145,141.6920166015625,428.9714660644531,149.0770721435547,464.82501220703125,129.52606201171875,training,0.5612220168113708,1
146,142.1326904296875,313.93499755859375,147.8556671142578,346.7919921875,145.4269561767578,training,1.4724165201187134,1
147,142.14093017578125,364.67767333984375,148.52220153808594,397.7541809082031,149.42556762695312,training,0.14288891851902008,1
148,142.29483032226562,332.2447509765625,148.77365112304688,365.1966247558594,216.6056365966797,training,1.1502958536148071,1
149,142.76515197753906,308.8421630859375,148.5170135498047,341.7469177246094,230.57102966308594,training,1.7202030420303345,1
150,142.86624145507812,513.9160766601562,150.34068298339844,551.0546875,208.92343139648438,training,1.3804059028625488,1
151,142.87246704101562,251.9990692138672,148.35719299316406,284.38372802734375,135.8271026611328,training,3.228146553039551,1
152,143.06817626953125,352.2281188964844,148.66856384277344,386.0000305175781,160.8135528564453,training,1.187718391418457,1
153,143.39230346679688,80.36164093017578,145.70289611816406,105.24461364746094,134.19017028808594,training,1.5331395864486694,1
154,143.81150817871094,444.5687561035156,151.01173400878906,481.19830322265625,149.140869140625,training,0.8059608936309814,1
155,143.95909118652344,375.36090087890625,150.6197052001953,408.5273742675781,147.64146423339844,training,0.3890964686870575,1
156,144.51077270507812,83.5192642211914,147.4743194580078,108.13090515136719,126.64912414550781,training,1.3082062005996704,1
157,145.0481719970703,494.5843200683594,152.93003845214844,531.5081787109375,187.0106964111328,training,0.6262050271034241,1
158,145.1993865966797,292.15948486328125,151.21864318847656,324.432861328125,159.81552124023438,training,1.8553718328475952,1
159,145.2925567626953,216.72817993164062,150.2232666015625,247.21104431152344,188.1276092529297,training,2.5926151275634766,1
160,145.5701141357422,507.1781311035156,153.91441345214844,543.8033447265625,165.66835021972656,training,1.3274747133255005,1
161,145.5913543701172,362.1219482421875,151.50430297851562,395.4992980957031,194.0128936767578,training,0.5175348520278931,1
162,146.32424926757812,295.0141906738281,151.2496337890625,327.597412109375,196.12240600585938,training,1.9718685150146484,1
163,146.9442596435547,243.7377471923828,152.14178466796875,274.9811706542969,176.5247802734375,training,2.4396400451660156,1
164,147.6927032470703,519.3148193359375,156.08738708496094,556.5477905273438,173.57418823242188,training,1.082541584968567,1
165,148.02781677246094,479.47027587890625,155.74880981445312,516.011474609375,131.4686279296875,training,0.42124590277671814,1
166,148.28016662597656,68.86631774902344,150.46617126464844,92.63386535644531,189.33303833007812,training,0.9235084652900696,1
167,148.3820037841797,512.7722778320312,157.0115203857422,549.8841552734375,131.49525451660156,training,1.0135232210159302,1
168,148.6337127685547,118.16378784179688,151.39010620117188,144.51171875,110.39927673339844,training,1.8248145580291748,1
169,148.87652587890625,57.993595123291016,150.21559143066406,81.39915466308594,197.21054077148438,training,1.1931812763214111,1
170,149.4688262939453,258.03143310546875,154.78826904296875,289.401611328125,204.7241973876953,training,2.1218597888946533,1
171,149.5409698486328,76.179931640625,152.623779296875,100.25094604492188,225.28427124023438,training,1.2632341384887695,1
172,150.04798889160156,128.5641632080078,153.77471923828125,154.9481658935547,160.99688720703125,training,1.6785805225372314,1
173,150.2347412109375,121.89970397949219,153.55006408691406,147.84031677246094,149.87327575683594,training,1.3709136247634888,1
174,150.2999725341797,33.91864776611328,152.10890197753906,55.96300506591797,172.9855499267578,training,0.45077192783355713,1
175,151.15919494628906,482.8476257324219,158.30055236816406,519.9772338867188,128.15225219726562,training,0.7873769998550415,1
176,151.3869171142578,441.4909362792969,159.09100341796875,477.51849365234375,136.64552307128906,training,0.5873866081237793,1
177,151.98435974121094,375.849365234375,158.12869262695312,409.47662353515625,199.45675659179688,training,0.4503512680530548,1
178,152.03048706054688,42.8287239074707,153.51522827148438,65.25670623779297,195.3893585205078,training,0.6813315153121948,1
179,152.36981201171875,91.46106719970703,155.01763916015625,116.36859130859375,167.3170623779297,training,1.3852851390838623,1
180,152.4532470703125,461.6817932128906,160.0098114013672,497.98431396484375,169.67616271972656,training,0.10374196618795395,1
181,152.7365264892578,390.49114990234375,159.61131286621094,424.31085205078125,137.12767028808594,training,0.22597111761569977,1
182,152.81068420410156,94.75763702392578,155.82888793945312,119.62067413330078,185.37799072265625,training,1.3068439960479736,1
183,152.8944854736328,46.103851318359375,154.8863525390625,68.525390625,146.829833984375,training,0.4693615734577179,1
184,154.10223388671875,264.0718688964844,159.92538452148438,295.0132751464844,100.17485046386719,training,1.7774899005889893,1
185,154.3689422607422,406.7176513671875,160.9004669189453,441.4767150878906,233.77552795410156,training,0.5784248113632202,1
186,154.42877197265625,108.08505249023438,156.98362731933594,133.77581787109375,192.84449768066406,training,1.655670404434204,1
187,154.57919311523438,113.96497344970703,156.69305419921875,139.74705505371094,99.1312255859375,training,1.7048059701919556,1
188,155.2743682861328,100.85094451904297,158.21371459960938,125.99667358398438,187.17105102539062,training,1.3874766826629639,1
189,155.41001892089844,290.9046936035156,160.86795043945312,322.1070556640625,201.36036682128906,training,0.9156225919723511,1
190,155.5324249267578,310.0541076660156,160.68658447265625,341.8292541503906,140.96453857421875,training,0.9138056635856628,1
191,156.15208435058594,119.34500122070312,159.6365203857422,144.91799926757812,121.32600402832031,training,1.2961394786834717,1
192,156.2062225341797,364.4566345214844,163.11097717285156,397.1543884277344,201.8984832763672,training,0.6051726937294006,1
193,156.3224334716797,457.5860900878906,163.7869873046875,494.2100524902344,108.69682312011719,training,0.6361129283905029,1
194,156.4251251220703,452.7149963378906,164.71551513671875,488.8299560546875,114.12274169921875,training,0.8172725439071655,1
195,156.6826934814453,425.885986328125,163.87442016601562,461.21435546875,154.68678283691406,training,0.42542943358421326,1
196,156.88734436035156,339.7734069824219,161.90602111816406,372.286376953125,158.83009338378906,training,1.1108559370040894,1
197,157.15509033203125,293.62103271484375,162.6521759033203,324.9545593261719,132.85707092285156,training,0.9912945032119751,1
198,157.50022888183594,315.42047119140625,163.9857940673828,346.9835205078125,133.35292053222656,training,0.9655818939208984,1
199,157.76715087890625,51.966407775878906,159.0383758544922,75.07938385009766,183.6736297607422,training,1.3015844821929932,1
200,157.9100341796875,512.4810180664062,166.50186157226562,549.412109375,171.54591369628906,training,0.9476978778839111,1
201,158.3982391357422,296.4278564453125,164.1656036376953,327.478515625,126.16655731201172,training,0.7357723116874695,1
202,159.0822296142578,16.669601440429688,160.28118896484375,37.49138259887695,163.59706115722656,training,0.34154054522514343,1
203,159.34652709960938,347.14605712890625,166.18479919433594,379.1435546875,158.8238067626953,training,0.7666465044021606,1
204,159.45645141601562,516.4716796875,167.95074462890625,554.1149291992188,180.5436248779297,training,0.3168756663799286,1
205,159.9788818359375,142.8780059814453,163.65625,169.16102600097656,179.2623748779297,training,1.2315865755081177,1
206,159.99172973632812,330.36456298828125,166.1835479736328,361.9406433105469,201.73992919921875,training,0.3353945314884186,1
207,160.76463317871094,58.3111686706543,163.58575439453125,80.81895446777344,113.56055450439453,training,0.7666124701499939,1
208,161.27037048339844,287.7401428222656,167.64422607421875,319.05072021484375,151.3836212158203,training,1.664137601852417,1
209,161.3752899169922,481.0829162597656,168.7842254638672,518.1365356445312,225.4395751953125,training,0.6392310261726379,1
210,161.5821990966797,317.6591796875,167.07135009765625,348.8143005371094,144.2601776123047,training,0.214518740773201,1
211,161.6021270751953,454.7244567871094,169.56842041015625,491.0538024902344,128.07420349121094,training,0.6733093857765198,1
212,162.21902465820312,112.89604187011719,164.42124938964844,138.22027587890625,113.4900894165039,training,1.4528766870498657,1
213,162.31468200683594,363.2795104980469,168.69212341308594,395.33721923828125,161.409423828125,training,0.5727629065513611,1
214,162.48545837402344,100.88429260253906,165.55909729003906,125.15470123291016,169.3398895263672,training,0.7443482875823975,1
215,162.69552612304688,352.97552490234375,168.54730224609375,385.303955078125,121.5072021484375,training,0.33431312441825867,1
216,163.22972106933594,307.3931884765625,168.49942016601562,338.0938720703125,215.5481414794922,training,0.2862062454223633,1
217,163.29364013671875,296.9716491699219,169.0835723876953,327.7095031738281,191.52806091308594,training,0.5556998252868652,1
218,164.14669799804688,507.011962890625,171.95614624023438,544.5615234375,138.9820098876953,training,0.4959234893321991,1
219,164.69552612304688,24.912622451782227,166.29652404785156,45.98290252685547,104.41743469238281,training,0.1330428272485733,1
220,165.0874786376953,458.22222900390625,173.06219482421875,494.6124267578125,135.25161743164062,training,0.6602488160133362,1
221,165.3943634033203,208.5774383544922,170.7786102294922,236.6508026123047,253.12448120117188,training,1.4378736019134521,1
222,167.34071350097656,403.9423522949219,174.4213409423828,437.819091796875,154.3048858642578,training,0.18223823606967926,1
223,167.5358123779297,318.8769836425781,174.0047149658203,350.0279235839844,179.1451873779297,training,0.7550035119056702,1
224,167.93336486816406,518.634521484375,176.43814086914062,556.1730346679688,162.4161376953125,training,0.2931620180606842,1
225,168.70851135253906,351.483154296875,174.60519409179688,383.31988525390625,205.20233154296875,training,0.3759992718696594,1
226,169.34471130371094,409.68157958984375,176.80429077148438,443.2548828125,169.2483367919922,training,0.676889181137085,1
227,169.84942626953125,53.43742752075195,171.96380615234375,75.84796905517578,147.9290313720703,training,0.5877450704574585,1
228,169.97998046875,408.1593933105469,177.1487274169922,442.14923095703125,133.70115661621094,training,0.1980840265750885,1
229,170.96678161621094,486.4302062988281,179.6504669189453,522.9140014648438,172.8872528076172,training,0.655606746673584,1
230,171.05238342285156,451.7196960449219,179.38392639160156,486.9741516113281,187.02139282226562,training,0.7855026721954346,1
231,171.1832275390625,490.7662048339844,179.1372833251953,527.7062377929688,130.08074951171875,training,0.2107362449169159,1
232,171.5021514892578,423.78033447265625,178.70692443847656,458.6533203125,112.19180297851562,training,0.3788733184337616,1
233,171.69686889648438,437.0971984863281,178.59237670898438,472.8471374511719,143.18170166015625,training,0.9358554482460022,1
234,171.89642333984375,369.6477355957031,177.06069946289062,402.63494873046875,217.56837463378906,training,1.3346015214920044,1
235,173.33401489257812,375.12481689453125,179.637451171875,407.3382873535156,211.4686737060547,training,0.6132627129554749,1
236,173.81668090820312,427.6188659667969,181.34840393066406,462.4156799316406,109.84989929199219,training,0.35570597648620605,1
237,174.1138153076172,365.97589111328125,180.22218322753906,398.1267395019531,206.34194946289062,training,0.424743115901947,1
238,174.73580932617188,126.04983520507812,176.75018310546875,151.0665740966797,180.57408142089844,training,1.3664625883102417,1
239,174.83206176757812,506.34991455078125,183.43801879882812,543.6002807617188,172.92483520507812,training,0.2639814615249634,1
240,174.9648895263672,476.226806640625,183.4439239501953,513.0470581054688,177.14683532714844,training,0.8181428909301758,1
241,174.9990997314453,195.7290496826172,179.34059143066406,222.50418090820312,193.98968505859375,training,0.327867329120636,1
242,175.9755859375,471.8988037109375,184.9534149169922,508.3882751464844,217.66488647460938,training,1.1911299228668213,1
243,176.09744262695312,215.568359375,179.6296844482422,243.1829071044922,178.02809143066406,training,0.8970066905021667,1
244,176.2192840576172,452.70770263671875,184.63064575195312,488.1916809082031,150.91387939453125,training,0.807664692401886,1
245,176.2821807861328,154.3729248046875,179.97885131835938,179.87045288085938,160.63311767578125,training,0.40364643931388855,1
246,176.2821807861328,154.3729248046875,179.97885131835938,179.87045288085938,189.7919921875,training,0.40364643931388855,1
247,177.03164672851562,128.77285766601562,179.52670288085938,153.44361877441406,201.7523193359375,training,0.78975909948349,1
248,177.24029541015625,500.5568542480469,186.14739990234375,537.3239135742188,107.82856750488281,training,0.6750516891479492,1
249,177.6433563232422,219.4716339111328,182.39036560058594,246.95477294921875,187.2191162109375,training,0.3651021122932434,1
250,178.78700256347656,492.86566162109375,187.10386657714844,529.7313842773438,100.16486358642578,training,0.21965135633945465,1
251,179.32411193847656,227.99183654785156,183.94944763183594,255.70700073242188,219.358154296875,training,0.1489465981721878,1
252,180.00247192382812,496.0634460449219,189.86781311035156,532.803466796875,179.61903381347656,training,1.642691969871521,1
253,181.0985870361328,186.41293334960938,185.16578674316406,212.99244689941406,217.7911834716797,training,0.45983824133872986,1
254,181.9246063232422,49.72309112548828,184.33657836914062,71.72738647460938,199.273681640625,training,0.6645525693893433,1
255,182.21310424804688,118.42727661132812,185.32347106933594,142.18411254882812,163.5389862060547,training,0.07146444171667099,1
256,182.34857177734375,434.61279296875,189.97103881835938,469.45556640625,105.0618896484375,training,0.3238946199417114,1
257,182.3734130859375,356.9010314941406,188.17105102539062,388.3546142578125,173.02023315429688,training,0.7216770648956299,1
258,182.57635498046875,25.594894409179688,184.23048400878906,46.58372116088867,116.08617401123047,training,0.4260563552379608,1
259,182.76678466796875,439.50201416015625,190.00115966796875,474.6261291503906,123.62847900390625,training,0.41263681650161743,1
260,183.10316467285156,381.9364013671875,190.00978088378906,413.8658142089844,178.79876708984375,training,0.8969922065734863,1
261,183.76629638671875,399.3746643066406,190.44932556152344,432.40283203125,105.0951919555664,training,0.4164571464061737,1
262,184.42930603027344,60.01213073730469,186.71168518066406,81.87564086914062,156.0128173828125,training,0.15128302574157715,1
263,184.52481079101562,480.4523620605469,192.51951599121094,517.4884033203125,143.21661376953125,training,0.8944905996322632,1
264,184.54119873046875,221.69993591308594,188.10292053222656,248.47947692871094,240.44334411621094,training,1.0291733741760254,1
265,184.9435272216797,444.7502136230469,193.2483367919922,479.6279602050781,128.0234375,training,0.7661572098731995,1
266,185.18653869628906,533.8681640625,194.3573760986328,572.3754272460938,170.58428955078125,training,0.6808351278305054,1
267,185.33819580078125,402.5591125488281,192.62696838378906,435.0361633300781,142.94754028320312,training,1.0273497104644775,1
268,185.5192413330078,491.79010009765625,193.95883178710938,528.5960693359375,177.63726806640625,training,0.389168918132782,1
269,186.74969482421875,404.9734191894531,194.33908081054688,437.7325439453125,102.49390411376953,training,0.9476442337036133,1
270,187.12579345703125,509.1534118652344,196.06410217285156,546.549072265625,165.8794708251953,training,0.6012445092201233,1
271,187.67169189453125,471.3250732421875,195.97511291503906,507.7240295410156,221.357177734375,training,0.7492926716804504,1
272,187.9492645263672,119.47589111328125,191.091796875,142.89657592773438,123.44229125976562,training,0.26362642645835876,1
273,187.9492645263672,119.47589111328125,191.091796875,142.89657592773438,129.00387573242188,training,0.26362642645835876,1
274,188.14337158203125,62.8128662109375,189.4457550048828,85.23712921142578,193.5561981201172,training,1.2180076837539673,1
275,188.84339904785156,47.456233978271484,191.18724060058594,69.00519561767578,125.8292465209961,training,0.44173935055732727,1
276,188.98153686523438,315.6641845703125,194.81210327148438,344.8393859863281,132.15142822265625,training,1.2114847898483276,1
277,189.42332458496094,522.92333984375,198.54248046875,560.7597045898438,146.8809051513672,training,0.597521185874939,1
278,190.2751922607422,378.9969787597656,196.70140075683594,410.98773193359375,136.30113220214844,training,0.5867087841033936,1
279,190.62850952148438,321.9466857910156,196.08364868164062,351.0047607421875,109.25657653808594,training,1.5632717609405518,1
280,190.8298797607422,28.036069869995117,192.45411682128906,49.078426361083984,140.01071166992188,training,0.6069854497909546,1
281,191.04168701171875,505.5338134765625,199.09490966796875,542.56982421875,139.42739868164062,training,0.39295217394828796,1
282,191.3411865234375,381.99017333984375,198.00643920898438,413.9485168457031,120.51555633544922,training,0.6507983207702637,1
283,193.45921325683594,40.18708801269531,195.0216827392578,62.10021209716797,211.65065002441406,training,1.1731626987457275,1
284,193.86306762695312,72.60665893554688,196.49974060058594,93.86248779296875,138.6217803955078,training,0.700059175491333,1
285,193.90406799316406,165.33029174804688,197.4844970703125,190.408203125,184.4478302001953,training,0.1602717936038971,1
286,193.90406799316406,165.33029174804688,197.4844970703125,190.408203125,193.30287170410156,training,0.1602717936038971,1
287,194.224365234375,432.8559875488281,201.61183166503906,466.8253479003906,133.4503631591797,training,0.31968918442726135,1
288,195.89157104492188,78.76893615722656,198.3297576904297,100.6176986694336,190.96597290039062,training,0.27596303820610046,1
289,196.22946166992188,476.43768310546875,204.70362854003906,512.4692993164062,161.04037475585938,training,0.5374646782875061,1
290,196.4829559326172,67.06788635253906,198.79127502441406,88.66592407226562,166.2618408203125,training,0.12310665845870972,1
291,197.1860809326172,82.33840942382812,199.84634399414062,104.1020736694336,182.3732452392578,training,0.4310937523841858,1
292,197.80703735351562,135.4186248779297,200.86045837402344,158.97705078125,223.77891540527344,training,0.5269248485565186,1
293,199.76119995117188,161.8002166748047,203.4889373779297,186.08486938476562,234.98085021972656,training,0.5754473805427551,1
294,199.9014434814453,349.2637634277344,205.95062255859375,378.5778503417969,200.9776153564453,training,1.9905375242233276,1
295,200.0213165283203,461.433349609375,208.7381591796875,496.01470947265625,187.45132446289062,training,1.042313814163208,1
296,200.31011962890625,417.5675354003906,207.34060668945312,450.8587341308594,103.73042297363281,training,0.3897339105606079,1
297,200.55030822753906,56.23483657836914,202.7278289794922,77.27503204345703,141.7674102783203,training,0.19954393804073334,1
298,201.3135528564453,168.6910400390625,204.39443969726562,193.5066375732422,190.2445831298828,training,0.7741010785102844,1
299,201.88394165039062,508.3520812988281,210.37237548828125,546.376220703125,178.52450561523438,training,1.3201905488967896,1
300,203.26901245117188,120.1626205444336,206.4154052734375,143.11306762695312,131.39254760742188,training,0.40077391266822815,1
301,203.9724578857422,513.0040893554688,212.8555450439453,550.6680908203125,94.53570556640625,training,0.9071702361106873,1
302,204.29786682128906,194.58187866210938,208.94635009765625,219.4555206298828,228.86459350585938,training,1.1096577644348145,1
303,204.90435791015625,417.3135681152344,211.78289794921875,450.3846740722656,181.7828369140625,training,0.5752118229866028,1
304,205.5050811767578,419.0408020019531,212.61740112304688,451.82562255859375,89.52095031738281,training,0.7888166308403015,1
305,206.55258178710938,238.62063598632812,210.73878479003906,264.40643310546875,244.35629272460938,training,1.6720095872879028,1
306,206.66061401367188,422.37652587890625,214.20103454589844,454.95977783203125,116.42594146728516,training,1.082736611366272,1
307,207.01637268066406,78.4361572265625,209.50462341308594,99.37068176269531,149.9466552734375,training,0.9060420989990234,1
308,207.47406005859375,179.13027954101562,211.51766967773438,204.90371704101562,172.8178253173828,training,0.49802833795547485,1
309,207.72483825683594,531.7281494140625,216.59078979492188,569.2529907226562,92.57429504394531,training,0.1550881266593933,1
310,208.8588409423828,492.52490234375,217.17764282226562,528.6838989257812,166.5382843017578,training,0.15826810896396637,1
311,210.01834106445312,384.2955322265625,216.5354461669922,415.1450500488281,189.46240234375,training,1.4434019327163696,1
312,212.0583038330078,138.20428466796875,215.99093627929688,160.99281311035156,197.12939453125,training,1.0967708826065063,1
313,212.35133361816406,342.6382751464844,217.3812255859375,371.41851806640625,195.7242889404297,training,2.3440189361572266,1
314,213.53335571289062,400.4029846191406,220.58575439453125,432.45355224609375,144.86544799804688,training,0.6833527088165283,1
315,213.53335571289062,400.4029846191406,220.58575439453125,432.45355224609375,94.52513122558594,training,0.6833527088165283,1
316,213.59812927246094,553.2034301757812,223.0042724609375,590.8179931640625,150.84097290039062,training,0.43973591923713684,1
317,213.68722534179688,484.5718078613281,221.74505615234375,519.8432006835938,103.07279205322266,training,0.38019710779190063,1
318,214.17681884765625,433.3871154785156,221.63600158691406,466.63916015625,89.15716552734375,training,0.6013408303260803,1
319,214.30767822265625,544.30712890625,223.30584716796875,581.9480590820312,97.64220428466797,training,0.0406605489552021,1
320,214.7344207763672,534.1470947265625,223.30419921875,571.597900390625,146.1061248779297,training,0.36342522501945496,1
321,215.37387084960938,489.5322265625,223.51016235351562,524.4729614257812,220.61277770996094,training,0.8239040374755859,1
322,215.79469299316406,390.9990234375,222.17027282714844,422.0363464355469,211.992919921875,training,1.4358088970184326,1
323,215.83053588867188,559.2660522460938,225.09986877441406,597.5156860351562,197.50189208984375,training,0.11824700981378555,1
324,216.37139892578125,403.00836181640625,222.99623107910156,435.5039367675781,164.0030517578125,training,0.5454543232917786,1
325,216.44967651367188,307.32537841796875,220.84967041015625,334.18011474609375,159.21682739257812,training,2.963463544845581,1
326,216.61956787109375,473.0697326660156,224.62652587890625,507.5702209472656,134.59568786621094,training,0.6594870686531067,1
327,216.62733459472656,182.23890686035156,20.419021606445312,361.0653076171875,216.15966796875,training,252.4260711669922,0
328,216.81655883789062,536.4659423828125,225.89796447753906,573.6986694335938,147.2718505859375,training,0.17094630002975464,1
329,217.88751220703125,522.7764282226562,226.61300659179688,559.6427612304688,81.32649993896484,training,0.04448004066944122,1
330,218.18922424316406,431.3375549316406,225.4621124267578,464.4035339355469,219.10043334960938,training,0.6634884476661682,1
331,218.2928009033203,549.1859741210938,227.74197387695312,586.737548828125,122.51122283935547,training,0.37406936287879944,1
332,218.76658630371094,61.993839263916016,220.5782928466797,82.3940658569336,188.05850219726562,training,0.8584995269775391,1
333,219.20533752441406,440.00360107421875,225.66539001464844,473.9746398925781,153.11106872558594,training,1.1637202501296997,1
334,220.69760131835938,534.3395385742188,229.78567504882812,571.0255737304688,133.5327606201172,training,0.5069219470024109,1
335,220.99102783203125,45.93833923339844,223.98333740234375,65.45314025878906,197.1065673828125,training,1.1791801452636719,1
336,222.15721130371094,135.38980102539062,225.3426513671875,157.53839111328125,216.59640502929688,training,1.3208839893341064,1
337,222.27720642089844,538.2361450195312,231.2991180419922,575.1217041015625,75.76278686523438,training,0.3804945647716522,1
338,222.50514221191406,543.4630126953125,231.40318298339844,580.6309814453125,120.75595092773438,training,0.3158630132675171,1
339,223.17379760742188,555.1470947265625,232.3986358642578,592.7774658203125,149.99667358398438,training,0.1940315067768097,1
340,223.3920135498047,71.8967056274414,225.22727966308594,92.460693359375,193.07769775390625,training,1.0036567449569702,1
341,223.6962432861328,379.6793212890625,230.29457092285156,409.9398193359375,191.1988525390625,training,1.5456898212432861,1
342,223.9353485107422,364.3329772949219,229.6851348876953,393.4244384765625,114.08768463134766,training,2.329784870147705,1
343,224.33514404296875,558.7244262695312,233.54730224609375,596.4843139648438,169.73509216308594,training,0.17393580079078674,1
344,225.2344207763672,384.5523986816406,231.5691680908203,415.1116027832031,157.31814575195312,training,1.4718528985977173,1
345,225.4921112060547,366.841796875,231.69461059570312,396.243896484375,100.51367950439453,training,1.9582207202911377,1
346,225.87513732910156,355.1177673339844,231.60227966308594,383.9190979003906,172.5485382080078,training,2.2302186489105225,1
347,226.41091918945312,51.51264953613281,228.67030334472656,71.40132904052734,182.860595703125,training,0.5815743803977966,1
348,226.87135314941406,290.34906005859375,231.8745880126953,315.4947204589844,207.28240966796875,training,3.557898759841919,1
349,227.38046264648438,483.45751953125,235.2483367919922,517.4281616210938,132.54432678222656,training,1.3548063039779663,1
350,227.8501739501953,393.0760803222656,236.69134521484375,423.2532958984375,137.12767028808594,training,2.6918883323669434,1
351,228.12103271484375,259.8509216308594,232.79615783691406,285.3288879394531,205.0390167236328,training,2.161327600479126,1
352,228.1461181640625,515.92724609375,236.62193298339844,551.4312744140625,172.7252197265625,training,0.8915783166885376,1
353,229.62547302246094,532.8110961914062,238.5225830078125,569.5438232421875,88.73556518554688,training,0.18452821671962738,1
354,229.62547302246094,532.8110961914062,238.5225830078125,569.5438232421875,106.78482818603516,training,0.18452821671962738,1
355,229.91575622558594,407.847900390625,235.97586059570312,440.3445129394531,124.61139678955078,training,1.174412488937378,1
356,230.2197265625,386.45269775390625,237.0084686279297,416.6297912597656,187.71253967285156,training,1.7040627002716064,1
357,231.12884521484375,520.6632080078125,239.48329162597656,556.30224609375,128.27703857421875,training,0.9267293810844421,1
358,231.21937561035156,417.7142028808594,239.11251831054688,449.2084045410156,166.96107482910156,training,1.5233187675476074,1
359,231.5199737548828,312.9762268066406,236.4021453857422,338.79412841796875,134.5176544189453,training,3.659325361251831,1
360,231.6490020751953,444.8232421875,238.9725799560547,478.3936767578125,87.37276458740234,training,0.5026476979255676,1
361,232.48727416992188,464.9446105957031,237.37115478515625,499.7286071777344,143.54441833496094,training,3.1522254943847656,1
362,232.7766571044922,551.6279907226562,241.74957275390625,588.8910522460938,138.19189453125,training,0.3303482234477997,1
363,232.83641052246094,479.0746154785156,241.23785400390625,512.486572265625,91.21403503417969,training,1.5919133424758911,1
364,232.87103271484375,352.4051513671875,238.6160125732422,380.6473388671875,142.38328552246094,training,2.5133657455444336,1
365,233.1103515625,555.8240966796875,243.70333862304688,592.1615600585938,202.75601196289062,training,1.8383535146713257,1
366,233.9599609375,435.19110107421875,241.67123413085938,468.0000915527344,156.28500366210938,training,0.659138023853302,1
367,234.01943969726562,335.393798828125,238.06910705566406,362.5903625488281,106.07073211669922,training,3.592305898666382,1
368,234.85015869140625,438.482666015625,242.58926391601562,471.39556884765625,98.51396179199219,training,0.6453938484191895,1
369,236.27310180664062,496.30279541015625,243.5575408935547,531.11474609375,127.54607391357422,training,1.3761165142059326,1
370,236.6157989501953,519.3983154296875,245.1998291015625,554.8367919921875,199.6321563720703,training,0.8776028752326965,1
371,236.7777862548828,294.5068664550781,241.5693359375,319.40948486328125,178.28067016601562,training,3.7782959938049316,1
372,237.1375732421875,534.7125854492188,245.98916625976562,570.8848266601562,156.025634765625,training,0.6507546901702881,1
373,238.09291076660156,405.64434814453125,244.9989776611328,437.0216979980469,137.6008758544922,training,1.0301214456558228,1
374,238.8320770263672,486.9540710449219,246.78204345703125,520.4661254882812,159.29531860351562,training,1.6652716398239136,1
375,238.8409423828125,273.00262451171875,244.3263397216797,297.7119140625,181.80484008789062,training,3.076648473739624,1
376,238.8865203857422,297.8555908203125,243.48597717285156,322.8321838378906,158.603271484375,training,3.838470697402954,1
377,239.33438110351562,537.07958984375,247.77362060546875,573.3703002929688,100.68763732910156,training,0.8161700963973999,1
378,239.6326141357422,353.0179443359375,245.45799255371094,381.2066650390625,125.87692260742188,training,2.4248602390289307,1
379,240.01722717285156,407.85809326171875,247.53636169433594,438.93096923828125,174.6682586669922,training,1.3360552787780762,1
380,240.15707397460938,413.00146484375,246.5261993408203,445.2845458984375,214.10745239257812,training,1.0133321285247803,1
381,240.7897186279297,376.341552734375,247.11802673339844,405.99371337890625,186.55294799804688,heldout,1.7137529850006104,1
382,240.87013244628906,421.5483703613281,248.3144073486328,453.6982421875,123.56375122070312,training,0.6867973208427429,1
383,241.0684356689453,326.5019226074219,246.2293243408203,352.79913330078125,181.05799865722656,heldout,3.421734571456909,1
384,242.632080078125,310.7523498535156,246.44789123535156,335.7969970703125,193.61817932128906,heldout,4.488738536834717,0
385,243.1385040283203,459.46002197265625,250.8662567138672,492.4354553222656,172.8178253173828,training,1.1421254873275757,1
386,243.3080596923828,335.01641845703125,249.25218200683594,361.8734130859375,154.93223571777344,heldout,2.974013090133667,1
387,244.32342529296875,317.92132568359375,249.7169189453125,343.3730163574219,190.8821563720703,heldout,3.807741641998291,1
388,245.724365234375,461.4215393066406,253.12042236328125,494.63616943359375,171.0380096435547,training,1.0865243673324585,1
389,246.46197509765625,548.5284423828125,254.43060302734375,584.627685546875,143.3178253173828,training,1.5935416221618652,1
390,246.6348876953125,347.83245849609375,253.19287109375,375.2532043457031,190.5413360595703,heldout,2.7557260990142822,1
391,246.6915283203125,226.8189239501953,250.46746826171875,249.90907287597656,217.2809295654297,heldout,3.109060049057007,1
392,246.7196502685547,279.2306823730469,251.387451171875,303.0087890625,190.06578063964844,heldout,4.132755756378174,0
393,247.00833129882812,320.910400390625,252.64186096191406,346.5815734863281,186.29278564453125,heldout,3.6030690670013428,1
394,247.00833129882812,320.910400390625,252.64186096191406,346.5815734863281,132.5254669189453,heldout,3.6030690670013428,1
395,247.66790771484375,379.6016845703125,255.62171936035156,408.8747253417969,115.11299133300781,heldout,2.2248928546905518,1
396,247.70449829101562,403.8772888183594,254.61984252929688,435.2338562011719,138.17379760742188,training,0.7924743294715881,1
397,248.2728271484375,351.8465881347656,254.2594757080078,379.8626403808594,123.91932678222656,heldout,2.326101064682007,1
398,248.73553466796875,407.05145263671875,255.47386169433594,438.5966491699219,156.08010864257812,training,0.8322772979736328,1
399,249.24913024902344,430.60919189453125,256.4921875,462.8462829589844,106.07544708251953,training,0.8147854804992676,1
400,250.07699584960938,274.8002014160156,254.73915100097656,298.47747802734375,167.26026916503906,heldout,3.9993622303009033,1
401,250.1807098388672,469.2364501953125,257.7889709472656,502.37054443359375,143.22360229492188,training,1.2548608779907227,1
402,250.7509765625,448.1703186035156,258.1869812011719,480.73992919921875,91.14823150634766,training,1.050705075263977,1
403,251.0093994140625,435.3742370605469,258.9238586425781,467.2984924316406,82.213134765625,training,1.1753144264221191,1
404,251.23451232910156,371.6864318847656,258.1546325683594,400.8552551269531,103.0,heldout,1.7228411436080933,1
405,251.6756591796875,396.7093505859375,259.25732421875,427.26348876953125,112.71646118164062,heldout,1.252909779548645,1
406,251.75640869140625,419.6420593261719,259.03643798828125,451.2113952636719,170.1998748779297,training,0.9754785299301147,1
407,252.76809692382812,464.8417053222656,260.96905517578125,498.2897033691406,180.6543731689453,training,0.6093378663063049,1
408,252.8352813720703,529.1624145507812,260.55810546875,564.3303833007812,137.65899658203125,training,1.6755791902542114,1
409,252.88470458984375,438.6089172363281,260.8414306640625,470.67584228515625,130.8778076171875,training,1.1002404689788818,1
410,255.0861053466797,455.96795654296875,262.3867492675781,489.38818359375,171.3621826171875,training,0.7509782314300537,1
411,255.2722625732422,565.18212890625,264.3116455078125,601.3327026367188,166.51426696777344,training,1.3672970533370972,1
412,255.46881103515625,370.5325927734375,262.5493469238281,399.544189453125,108.3235855102539,heldout,1.7596161365509033,1
413,255.75148010253906,384.75799560546875,263.0275573730469,414.5179138183594,134.04849243164062,heldout,1.4960700273513794,1
414,255.96522521972656,178.3174285888672,259.8871154785156,201.25399780273438,230.3931427001953,training,1.2374893426895142,1
415,256.2565002441406,271.6326599121094,260.64727783203125,295.4275207519531,117.91946411132812,heldout,3.7069931030273438,1
416,256.389404296875,258.94580078125,260.0689392089844,282.1263732910156,204.66558837890625,heldout,4.0582685470581055,0
417,257.4214172363281,312.6564025878906,263.0065612792969,337.7655944824219,158.3350830078125,heldout,3.6416025161743164,1
418,258.71600341796875,511.5943298339844,266.9851989746094,545.929931640625,134.59568786621094,training,1.2897886037826538,1
419,260.1337890625,316.30169677734375,265.5319519042969,341.5631408691406,126.74383544921875,heldout,3.593675136566162,1
420,260.1385803222656,432.27301025390625,267.9216003417969,464.20745849609375,186.90371704101562,training,0.835188090801239,1
421,260.1648254394531,288.3830871582031,265.1134338378906,312.16644287109375,172.09881591796875,heldout,4.115966796875,0
422,260.4576416015625,355.322509765625,266.81597900390625,383.6361389160156,110.15897369384766,heldout,1.8254189491271973,1
423,260.9278869628906,308.24334716796875,266.1136779785156,333.1132507324219,103.95191192626953,heldout,3.7101829051971436,1
424,261.3924255371094,550.2608642578125,270.3653564453125,585.5560913085938,150.73486328125,training,1.531078577041626,1
425,261.6866455078125,318.9324951171875,267.10809326171875,344.5337829589844,162.828125,heldout,3.318922519683838,1
426,262.0052490234375,290.99261474609375,266.7420959472656,315.0282897949219,143.69412231445312,heldout,3.9732208251953125,1
427,262.1546630859375,471.05609130859375,269.97149658203125,504.17608642578125,146.6287841796875,training,1.0212153196334839,1
428,262.29290771484375,359.4191589355469,268.6968688964844,387.91314697265625,91.010986328125,heldout,1.7479214668273926,1
429,262.3926696777344,473.8995361328125,270.0202331542969,507.29107666015625,197.72708129882812,training,0.9936946034431458,1
430,262.9358215332031,260.18109130859375,267.3273010253906,282.76800537109375,196.44337463378906,heldout,4.315021991729736,0
431,263.1001281738281,391.9873352050781,269.54461669921875,422.87677001953125,181.08009338378906,heldout,0.8286973237991333,1
432,263.20916748046875,305.64971923828125,268.0970764160156,330.5049133300781,99.39315795898438,heldout,3.6580421924591064,1
433,263.4178466796875,387.54730224609375,270.74517822265625,417.8094482421875,84.19619750976562,heldout,0.9229097962379456,1
434,263.91729736328125,451.574462890625,272.6785583496094,483.848388671875,168.23793029785156,training,1.3237628936767578,1
435,264.6881408691406,308.501220703125,269.8556823730469,333.4269104003906,89.42035675048828,heldout,3.589688539505005,1
436,266.0962219238281,337.5892028808594,272.05322265625,364.6763610839844,169.05325317382812,heldout,2.3393640518188477,1
437,266.6180114746094,389.98687744140625,273.6209411621094,420.34613037109375,142.0739288330078,heldout,0.819191038608551,1
438,267.6778564453125,284.3921813964844,271.9342956542969,308.2123718261719,101.67103576660156,heldout,3.9686553478240967,1
439,267.7396545410156,406.2857666015625,275.03143310546875,437.8879089355469,160.4680633544922,training,0.12681248784065247,1
440,268.22857666015625,349.6132507324219,273.20391845703125,377.9096984863281,116.24112701416016,heldout,2.1725335121154785,1
441,268.2655334472656,474.4957275390625,276.7224426269531,507.112060546875,111.53026580810547,training,1.4198081493377686,1
442,269.3006591796875,525.3023681640625,278.0775146484375,559.3828125,173.63467407226562,training,1.6852093935012817,1
443,269.3890380859375,295.5530090332031,274.77886962890625,319.714599609375,92.88703155517578,heldout,3.730299711227417,1
444,269.66070556640625,289.2109375,274.605712890625,312.82293701171875,192.52272033691406,heldout,4.110546588897705,0
445,270.859130859375,420.94464111328125,278.4667663574219,452.6868896484375,149.99667358398438,training,0.39025697112083435,1
446,271.3486022949219,364.37548828125,278.8843688964844,393.2311096191406,132.15521240234375,heldout,1.5089421272277832,1
447,271.48651123046875,529.3563232421875,280.6531677246094,563.5405883789062,116.21531677246094,training,1.6559069156646729,1
448,271.7513122558594,329.2151184082031,278.08062744140625,355.19415283203125,164.17672729492188,heldout,2.984802484512329,1
449,272.37451171875,425.42919921875,279.9565734863281,457.4449157714844,124.84790802001953,training,0.24690158665180206,1
450,272.4933776855469,161.42774963378906,276.6072998046875,182.9559326171875,212.969482421875,training,1.6631932258605957,1
451,272.587158203125,434.1172180175781,280.8263244628906,465.9133605957031,174.74839782714844,training,0.8801042437553406,1
452,273.0191650390625,538.33203125,282.44500732421875,572.71826171875,147.46185302734375,training,1.7381784915924072,1
453,273.067626953125,272.451904296875,277.7081298828125,295.5811767578125,189.72084045410156,heldout,3.9637036323547363,1
454,273.0981750488281,508.3973083496094,280.7735900878906,542.4628295898438,121.79901123046875,training,1.5157448053359985,1
455,274.0052490234375,393.92535400390625,281.4052429199219,424.6229553222656,198.5572967529297,heldout,0.46757370233535767,1
456,274.4953918457031,503.83416748046875,281.0200500488281,538.5958862304688,168.68905639648438,training,2.222419500350952,1
457,274.7380676269531,510.89385986328125,282.9979248046875,544.7929077148438,176.41995239257812,training,1.3616244792938232,1
458,274.9042053222656,372.1279296875,281.3794250488281,401.413818359375,84.17838287353516,heldout,1.172181248664856,1
459,274.9042053222656,372.1279296875,281.3794250488281,401.413818359375,124.85992431640625,heldout,1.172181248664856,1
460,275.4161071777344,257.06683349609375,279.4454650878906,279.5397033691406,165.556640625,heldout,4.1488037109375,0
461,275.7928161621094,474.0956726074219,283.9217834472656,507.0465087890625,214.04205322265625,training,0.9172009825706482,1
462,277.2814025878906,410.1591796875,285.056640625,441.91876220703125,113.87712860107422,training,0.3399866819381714,1
463,277.38897705078125,280.37042236328125,282.222900390625,304.34674072265625,157.4642791748047,heldout,3.294196367263794,1
464,277.4081115722656,375.535888671875,284.57708740234375,404.8713684082031,94.2125244140625,heldout,1.1032747030258179,1
465,277.67724609375,550.274169921875,287.1643371582031,585.0,113.20777130126953,training,1.691319227218628,1
466,277.8779296875,449.0840759277344,285.276123046875,481.8908996582031,142.55174255371094,training,0.6208740472793579,1
467,278.1316833496094,497.46942138671875,286.13714599609375,531.2794189453125,164.20718383789062,training,1.027393102645874,1
468,278.1316833496094,497.46942138671875,286.13714599609375,531.2794189453125,180.65713500976562,training,1.027393102645874,1
469,278.6351623535156,441.6562194824219,286.7766418457031,474.02093505859375,170.5549774169922,training,0.3817789852619171,1
470,278.6693115234375,191.54876708984375,283.1965637207031,212.63314819335938,221.2577667236328,training,2.9981374740600586,1
471,278.9107666015625,416.7339782714844,286.4600830078125,448.19927978515625,113.71015930175781,training,0.3390096127986908,1
472,279.67962646484375,378.72479248046875,286.50286865234375,408.9607238769531,157.13369750976562,heldout,0.3317109942436218,1
473,280.1302795410156,388.1098327636719,287.4206848144531,418.4953918457031,127.46764373779297,heldout,0.42385730147361755,1
474,280.3711242675781,316.67730712890625,284.82708740234375,342.5973205566406,181.07180786132812,heldout,2.9779210090637207,1
475,280.6618957519531,422.25634765625,289.20343017578125,454.126953125,139.66746520996094,training,0.8969377279281616,1
476,281.0892028808594,233.80618286132812,284.8411865234375,255.62631225585938,236.33450317382812,heldout,3.8833491802215576,1
477,281.2356872558594,348.46697998046875,287.7266845703125,376.33660888671875,192.47596740722656,heldout,1.5454858541488647,1
478,281.4986572265625,499.6957092285156,289.6363525390625,533.2940673828125,146.81280517578125,training,1.15001380443573,1
479,282.28118896484375,283.56854248046875,287.21832275390625,307.4543762207031,153.71401977539062,heldout,3.370649814605713,1
480,283.0322570800781,289.88714599609375,287.3482971191406,314.17767333984375,176.36610412597656,heldout,3.4237873554229736,1
481,283.2253112792969,471.3309020996094,291.6220703125,504.2538146972656,127.51862335205078,training,0.6592078804969788,1
482,283.5509948730469,273.6645202636719,288.2720031738281,296.9460144042969,154.18820190429688,heldout,3.619938611984253,1
483,283.5689392089844,507.0158996582031,292.1962585449219,540.5164794921875,156.1121368408203,training,1.3105233907699585,1
484,283.6568603515625,203.7648468017578,288.071533203125,225.44325256347656,197.5803680419922,heldout,2.7198903560638428,1
485,283.8083190917969,462.8031921386719,291.69500732421875,496.18927001953125,184.43426513671875,training,0.3516108989715576,1
486,283.8765869140625,474.33941650390625,292.0244140625,507.3594055175781,104.69956970214844,training,0.6874841451644897,1
487,284.0089111328125,394.5880432128906,291.5057373046875,425.58050537109375,132.15142822265625,heldout,0.22373095154762268,1
488,284.4971618652344,218.12322998046875,288.5125732421875,239.33233642578125,173.72679138183594,heldout,3.747947931289673,1
489,284.614990234375,441.3179931640625,292.76129150390625,473.50408935546875,144.93446350097656,training,0.39699476957321167,1
490,285.48095703125,434.9343566894531,293.6105041503906,467.3453369140625,204.1616973876953,training,0.3148629367351532,1
491,286.6747741699219,507.22723388671875,295.81500244140625,540.813232421875,143.31434631347656,training,1.1842561960220337,1
492,286.8702392578125,483.6174011230469,295.6976318359375,516.4484252929688,140.05712890625,training,1.1294457912445068,1
493,286.8782043457031,341.7173767089844,293.53472900390625,369.2593688964844,196.63926696777344,heldout,1.5085976123809814,1
494,287.0087585449219,297.59423828125,293.32745361328125,321.9619140625,185.98924255371094,heldout,3.183274984359741,1
495,287.30108642578125,289.8663330078125,292.691162109375,314.00048828125,177.6597900390625,heldout,3.1596171855926514,1
496,287.5204162597656,314.0137634277344,293.1654357910156,339.7474365234375,175.07713317871094,heldout,2.411447525024414,1
497,287.60064697265625,236.8169708251953,291.9410095214844,258.29327392578125,170.8771514892578,heldout,4.033303260803223,0
498,287.60064697265625,236.8169708251953,291.9410095214844,258.29327392578125,159.13516235351562,heldout,4.033303260803223,0
499,287.8441467285156,532.6741333007812,296.268310546875,567.011962890625,139.89639282226562,training,1.4626057147979736,1
500,288.3707580566406,219.68624877929688,291.96331787109375,241.10330200195312,155.65345764160156,heldout,3.650261640548706,1
501,289.3642272949219,163.0127410888672,292.2610168457031,184.38279724121094,197.03298950195312,training,1.928104043006897,1
502,289.40386962890625,545.0231323242188,298.3830261230469,579.3053588867188,152.6859588623047,training,1.7307263612747192,1
503,290.0965576171875,512.7067260742188,297.5868835449219,547.146728515625,115.42096710205078,training,1.4980647563934326,1
504,290.10369873046875,172.48443603515625,293.9959716796875,193.70506286621094,177.98876953125,training,1.9800002574920654,1
505,290.6773681640625,393.5926513671875,298.42041015625,424.0622863769531,186.4081573486328,heldout,0.5214688181877136,1
506,290.9825134277344,460.3220520019531,299.6396484375,493.1551513671875,136.57232666015625,training,0.4799996614456177,1
507,291.2866516113281,409.71234130859375,299.00146484375,441.3849792480469,175.4679412841797,training,0.43648380041122437,1
508,291.3566589355469,483.3000183105469,300.0371398925781,516.5631713867188,191.73680114746094,training,0.5607140064239502,1
509,291.98583984375,166.39239501953125,295.40960693359375,187.53146362304688,185.1971893310547,training,1.9302657842636108,1
510,292.5433654785156,422.57904052734375,300.8597717285156,454.6333923339844,186.08331298828125,training,0.7099909782409668,1
511,293.0314025878906,406.580322265625,300.62213134765625,438.1222229003906,74.14849853515625,training,0.4212726354598999,1
512,293.40869140625,278.5733642578125,298.01629638671875,302.1379699707031,133.8058319091797,heldout,3.3601491451263428,1
513,294.41558837890625,425.0594787597656,302.89263916015625,457.329345703125,114.82160186767578,training,0.9042419195175171,1
514,294.47296142578125,533.3045043945312,303.1134948730469,567.3469848632812,164.0457305908203,training,1.5276923179626465,1
515,296.7020568847656,288.8975830078125,300.97674560546875,313.90728759765625,113.56055450439453,heldout,2.5690550804138184,1
516,297.0653991699219,308.1414489746094,302.2832336425781,333.6706237792969,166.23777770996094,heldout,2.329540967941284,1
517,298.5669860839844,364.5125732421875,305.58935546875,393.8130798339844,101.7791748046875,heldout,0.2781428396701813,1
518,298.5669860839844,364.5125732421875,305.58935546875,393.8130798339844,113.48567962646484,heldout,0.2781428396701813,1
519,299.23956298828125,516.1336059570312,308.1751708984375,549.8745727539062,157.74029541015625,training,1.0141140222549438,1
520,299.29144287109375,370.2383728027344,306.433837890625,399.9768371582031,166.70632934570312,heldout,0.12785689532756805,1
521,299.56591796875,411.6788330078125,306.99859619140625,444.0463562011719,206.0121307373047,training,1.2175617218017578,1
522,299.68743896484375,296.09051513671875,305.4667663574219,320.6188659667969,126.23786926269531,heldout,2.670802116394043,1
523,300.4193115234375,454.337890625,308.2837219238281,487.6982727050781,192.65773010253906,training,0.8179906010627747,1
524,300.5680236816406,350.40771484375,307.3941650390625,379.2751159667969,208.71751403808594,heldout,0.1843370795249939,1
525,300.9831848144531,416.7131042480469,309.1565856933594,448.8815612792969,129.30197143554688,training,1.0082882642745972,1
526,301.77264404296875,312.75244140625,307.7427062988281,338.7304382324219,162.04629516601562,heldout,1.7566171884536743,1
527,301.9288024902344,457.64959716796875,310.40087890625,491.0521240234375,125.36347198486328,training,0.759505569934845,1
528,302.78399658203125,379.19683837890625,311.2099914550781,409.509521484375,176.3207244873047,heldout,1.3178268671035767,1
529,303.16876220703125,363.5202941894531,310.2514343261719,393.19525146484375,105.29007720947266,heldout,0.2883448004722595,1
530,304.19110107421875,217.9259033203125,308.2687683105469,238.89910888671875,182.77581787109375,heldout,3.5391910076141357,1
531,304.3582458496094,522.4913330078125,312.7384948730469,556.2863159179688,100.76705932617188,training,1.2969032526016235,1
532,304.5500793457031,548.8310546875,313.1495056152344,583.3342895507812,120.92559814453125,training,1.5361309051513672,1
533,305.49676513671875,540.6056518554688,314.9853210449219,574.53173828125,130.38787841796875,training,1.5261497497558594,1
534,305.7721252441406,504.67547607421875,314.91070556640625,538.956298828125,152.68267822265625,training,0.25724199414253235,1
535,306.16021728515625,378.4552001953125,313.5093994140625,408.97271728515625,195.4686737060547,heldout,0.6760440468788147,1
536,306.16021728515625,378.4552001953125,313.5093994140625,408.97271728515625,185.41575622558594,heldout,0.6760440468788147,1
537,306.70404052734375,164.29180908203125,310.2818298339844,184.20420837402344,221.14022827148438,training,2.6722514629364014,1
538,307.2454833984375,386.89349365234375,313.8270568847656,418.5658264160156,181.94505310058594,heldout,1.6888118982315063,1
539,307.5877380371094,175.78414916992188,311.3169860839844,196.3466339111328,129.83836364746094,training,2.4080429077148438,1
540,308.52581787109375,290.5096130371094,314.3816223144531,314.8472595214844,147.2243194580078,heldout,2.4617795944213867,1
541,308.52581787109375,290.5096130371094,314.3816223144531,314.8472595214844,147.34652709960938,heldout,2.4617795944213867,1
542,308.6270751953125,282.6204833984375,313.672607421875,306.6905822753906,143.22010803222656,heldout,2.5828514099121094,1
543,308.63311767578125,396.9008483886719,317.5414123535156,428.2051086425781,164.39585876464844,heldout,1.7163372039794922,1
544,308.873291015625,182.1168975830078,312.6844787597656,202.67349243164062,182.6827850341797,training,2.5980112552642822,1
545,308.917724609375,472.1451721191406,317.7160339355469,505.8644104003906,116.51180267333984,training,0.7764378190040588,1
546,309.0352783203125,476.634521484375,317.91949462890625,510.44439697265625,93.00537872314453,training,0.7337876558303833,1
547,309.2758483886719,245.3945770263672,312.898681640625,267.6715393066406,223.9330291748047,heldout,3.4185891151428223,1
548,309.50274658203125,285.43878173828125,315.1731872558594,309.368408203125,149.3720245361328,heldout,2.6806395053863525,1
549,309.57177734375,295.09521484375,315.2401428222656,319.7778015136719,138.62539672851562,heldout,2.2765297889709473,1
550,310.4362487792969,187.40150451660156,314.33343505859375,207.94224548339844,140.1534881591797,training,2.753063678741455,1
551,311.8812561035156,232.18580627441406,316.123291015625,253.3327178955078,153.1175994873047,heldout,3.6913392543792725,1
552,311.93731689453125,383.1368103027344,319.70654296875,414.01934814453125,121.47427368164062,heldout,1.1142431497573853,1
553,312.56671142578125,431.7951965332031,320.5336608886719,465.33245849609375,70.88723754882812,training,1.9842807054519653,1
554,312.6434631347656,373.8210144042969,320.019287109375,404.30499267578125,98.98989868164062,heldout,0.955869197845459,1
555,312.6890869140625,479.6013488769531,321.3455505371094,513.9373779296875,112.99557495117188,training,1.1475344896316528,1
556,312.93145751953125,304.3507080078125,318.8666076660156,330.5031433105469,205.3387451171875,heldout,1.0457093715667725,1
557,313.2691955566406,500.4462585449219,322.1019287109375,535.1067504882812,159.1665802001953,training,0.7678133845329285,1
558,313.32354736328125,483.15948486328125,321.9487609863281,517.6497802734375,114.6690902709961,training,1.1913501024246216,1
559,313.3379821777344,435.1005554199219,322.1104736328125,468.3875732421875,61.652252197265625,training,1.824615240097046,1
560,313.56884765625,242.8528289794922,317.7893981933594,264.85357666015625,156.06729125976562,heldout,3.2403652667999268,1
561,313.6419677734375,362.5718078613281,320.79486083984375,391.93780517578125,196.7053680419922,heldout,0.27902597188949585,1
562,313.6443786621094,542.89794921875,322.668701171875,577.3345947265625,153.19268798828125,training,1.0006879568099976,1
563,313.8190002441406,376.65618896484375,321.64532470703125,407.1457824707031,97.7240982055664,heldout,1.081460952758789,1
564,314.7351379394531,224.5074005126953,318.83087158203125,245.37539672851562,137.97825622558594,heldout,3.657254934310913,1
565,315.26153564453125,261.8230895996094,320.0515441894531,283.9873046875,154.5606689453125,heldout,3.586325168609619,1
566,315.86273193359375,546.8350830078125,325.2567443847656,581.1328125,132.44244384765625,training,1.1349130868911743,1
567,316.0643615722656,213.22732543945312,320.13983154296875,233.84063720703125,169.4077911376953,heldout,3.466794013977051,1
568,316.0643615722656,213.22732543945312,320.13983154296875,233.84063720703125,155.1805419921875,heldout,3.466794013977051,1
569,316.62554931640625,185.22364807128906,321.0287170410156,205.36636352539062,118.07201385498047,training,2.8604679107666016,1
570,317.0296630859375,483.8326416015625,326.065185546875,518.4221801757812,166.4752197265625,training,1.4048264026641846,1
571,317.2071228027344,327.89337158203125,323.98992919921875,355.9588623046875,146.89451599121094,heldout,0.32800281047821045,1
572,317.2071228027344,327.89337158203125,323.98992919921875,355.9588623046875,246.96356201171875,heldout,0.32800281047821045,1
573,317.3158874511719,340.28607177734375,324.6636047363281,368.9761962890625,123.19902801513672,heldout,0.7694165110588074,1
574,317.4256896972656,174.06243896484375,320.8550109863281,194.11219787597656,171.25711059570312,training,2.7259607315063477,1
575,317.478759765625,316.6521911621094,323.84033203125,343.95330810546875,154.5283203125,heldout,0.18922466039657593,1
576,317.5467529296875,516.0706787109375,326.5862121582031,550.7547607421875,180.54638671875,training,0.3571523427963257,1
577,318.06109619140625,273.2288513183594,322.9979248046875,296.7359619140625,150.12327575683594,heldout,2.6137237548828125,1
578,318.06109619140625,273.2288513183594,322.9979248046875,296.7359619140625,134.46560668945312,heldout,2.6137237548828125,1
579,318.562744140625,319.97137451171875,325.0032958984375,347.5445861816406,183.8531951904297,heldout,0.03339758142828941,1
580,318.9564514160156,228.89605712890625,322.7044372558594,249.8785400390625,241.24468994140625,heldout,3.7384355068206787,1
581,320.10040283203125,573.6381225585938,328.771484375,607.4683837890625,212.16973876953125,training,2.7143726348876953,1
582,320.3532409667969,417.2083435058594,328.8160705566406,449.91326904296875,131.1602020263672,training,1.962517261505127,1
583,320.38970947265625,211.84774780273438,324.86932373046875,232.44229125976562,160.62689208984375,heldout,3.263974189758301,1
584,320.86578369140625,462.7542724609375,329.9606628417969,496.49603271484375,156.87255859375,training,1.496260166168213,1
585,320.9490661621094,559.5996704101562,329.1412048339844,594.5863647460938,200.5193328857422,training,1.700880527496338,1
586,321.5720520019531,268.0162658691406,326.5582275390625,290.9193115234375,118.92855072021484,heldout,2.915322780609131,1
587,322.2936096191406,490.1473693847656,331.40338134765625,524.7464599609375,126.59384155273438,training,1.3113235235214233,1
588,322.71612548828125,404.8838806152344,331.0315246582031,437.624267578125,161.38153076171875,training,2.4504988193511963,1
589,322.90228271484375,440.80194091796875,331.3352966308594,474.68402099609375,142.6709442138672,training,2.281315803527832,1
590,323.0006103515625,333.2591247558594,329.46978759765625,362.0150451660156,167.81239318847656,heldout,0.8335825204849243,1
591,324.0041198730469,464.1817932128906,332.4665222167969,499.0992126464844,212.7416229248047,training,2.5136730670928955,1
592,324.4812927246094,350.7555847167969,331.6239013671875,380.1685485839844,159.77796936035156,heldout,0.9557217955589294,1
593,324.85614013671875,303.83343505859375,330.7939147949219,330.538818359375,154.45387268066406,heldout,0.32743942737579346,1
594,325.10723876953125,170.64892578125,328.6459045410156,190.05337524414062,124.93598175048828,training,3.022034168243408,1
595,325.6552429199219,378.81591796875,333.1368103027344,410.20831298828125,144.6201934814453,heldout,1.9691784381866455,1
596,325.677978515625,586.77099609375,334.681640625,620.9766845703125,218.74185180664062,training,2.6117496490478516,1
597,325.9398193359375,534.8236083984375,333.71026611328125,570.0498657226562,145.87322998046875,training,1.6828070878982544,1
598,327.2569885253906,208.55516052246094,331.56787109375,229.14764404296875,129.2942352294922,heldout,3.0260679721832275,1
599,327.2569885253906,208.55516052246094,331.56787109375,229.14764404296875,108.48502349853516,heldout,3.0260679721832275,1
600,327.2688903808594,474.36700439453125,336.3821105957031,508.9150085449219,102.21546173095703,training,1.9464319944381714,1
601,327.5154724121094,307.5958557128906,334.3074951171875,334.4041748046875,192.5824432373047,heldout,0.534623384475708,1
602,327.65478515625,277.5462951660156,332.99462890625,301.1132507324219,171.5342559814453,heldout,2.4071624279022217,1
603,327.8082275390625,425.02484130859375,336.37615966796875,458.64141845703125,164.60255432128906,training,2.7277705669403076,1
604,328.3211975097656,212.3680419921875,333.4713439941406,232.9745635986328,118.39763641357422,heldout,3.0632009506225586,1
605,328.49951171875,267.9565124511719,333.864501953125,290.70660400390625,95.78621673583984,heldout,2.842219591140747,1
606,329.1571044921875,455.41162109375,338.1377868652344,489.677978515625,114.38968658447266,training,2.3753700256347656,1
607,329.41107177734375,348.77471923828125,336.3556823730469,378.240234375,85.59205627441406,heldout,1.148729920387268,1
608,329.4516296386719,297.0381774902344,335.5777282714844,322.8905334472656,166.49925231933594,heldout,0.6920350790023804,1
609,329.665283203125,353.7315368652344,335.4276428222656,383.64300537109375,179.17588806152344,heldout,1.8374813795089722,1
610,330.05255126953125,366.02880859375,337.8759765625,396.4549560546875,126.26163482666016,heldout,1.6944323778152466,1
611,330.31243896484375,336.434814453125,337.3622131347656,365.2308349609375,131.80288696289062,heldout,0.9889712333679199,1
612,330.4300842285156,528.4909057617188,339.8421325683594,563.3186645507812,137.0328369140625,training,0.3731080889701843,1
613,330.462646484375,440.7076110839844,339.890625,474.4004211425781,104.5131607055664,training,2.5951855182647705,1
614,330.9755554199219,235.42971801757812,335.3186950683594,256.7657775878906,131.14495849609375,heldout,3.2052929401397705,1
615,331.29541015625,496.7940673828125,340.0163879394531,532.1681518554688,97.8519287109375,training,2.0244338512420654,1
616,332.1863708496094,238.45596313476562,336.91070556640625,259.8362121582031,135.95587158203125,heldout,3.1533255577087402,1
617,332.6055603027344,264.2053527832031,337.625732421875,286.4778747558594,197.6360321044922,heldout,3.1479642391204834,1
618,332.68719482421875,469.5811767578125,342.7489013671875,504.1849670410156,192.0,training,2.692704916000366,1
619,332.9506530761719,450.406005859375,341.89483642578125,484.99432373046875,125.66224670410156,training,2.940534830093384,1
620,333.25640869140625,555.17333984375,343.2257995605469,589.8776245117188,155.1160888671875,training,0.6658379435539246,1
621,333.3720397949219,341.121826171875,340.7030944824219,370.0687561035156,179.5243682861328,heldout,1.1319564580917358,1
622,334.15325927734375,453.89984130859375,343.03265380859375,488.45147705078125,100.37429809570312,training,2.788844108581543,1
623,334.7941589355469,415.42657470703125,343.28607177734375,449.2250061035156,157.44522094726562,training,3.386608362197876,1
624,334.8055725097656,344.4642639160156,342.5362243652344,373.4584655761719,72.22880554199219,heldout,1.3151137828826904,1
625,334.98516845703125,514.0482788085938,343.9873046875,548.9378662109375,107.83784484863281,training,1.034817099571228,1
626,335.1396179199219,177.59423828125,339.27447509765625,196.92312622070312,223.58444213867188,training,3.011892318725586,1
627,335.20245361328125,376.19439697265625,343.31378173828125,407.5230712890625,136.38182067871094,heldout,2.3605175018310547,1
628,335.5245056152344,193.89962768554688,339.6860046386719,213.6434326171875,175.1171112060547,training,3.1773691177368164,1
629,335.97198486328125,347.8367004394531,343.69659423828125,376.94952392578125,190.071044921875,heldout,1.2977521419525146,1
630,337.19586181640625,525.81787109375,346.0309753417969,561.0950927734375,152.9019317626953,training,1.1642285585403442,1
631,337.4395751953125,464.65679931640625,346.828369140625,499.3761291503906,102.92230224609375,training,2.7591867446899414,1
632,337.54620361328125,221.1140899658203,342.0014953613281,242.1160125732422,161.19552612304688,heldout,2.834207057952881,1
633,337.86468505859375,547.6819458007812,346.75823974609375,582.9566650390625,156.20179748535156,training,0.7970402836799622,1
634,337.86602783203125,367.4522399902344,345.458251953125,397.9665222167969,195.12559509277344,heldout,1.80189847946167,1
635,337.9002990722656,187.2737579345703,342.13372802734375,206.95413208007812,198.59506225585938,training,2.9368603229522705,1
636,338.04339599609375,556.1107177734375,347.8533935546875,590.9354248046875,98.19877624511719,training,0.42003485560417175,1
637,338.3631286621094,476.8837890625,348.03656005859375,512.0194702148438,124.54316711425781,training,2.8148670196533203,1
638,338.42254638671875,289.40380859375,344.0740661621094,314.3876037597656,112.64102172851562,heldout,1.1728380918502808,1
639,338.95513916015625,215.49533081054688,345.18890380859375,236.4175567626953,144.09718322753906,heldout,2.8590095043182373,1
640,340.0047302246094,408.5320129394531,350.7271728515625,440.6343688964844,202.63267517089844,training,3.593151092529297,1
641,340.0464172363281,521.7140502929688,349.6814880371094,556.429931640625,132.01893615722656,training,0.7896297574043274,1
642,340.1708068847656,261.6572570800781,344.5471496582031,284.81781005859375,193.2563018798828,heldout,2.3365683555603027,1
643,340.70465087890625,282.6297912597656,346.44573974609375,307.1773986816406,113.86395263671875,heldout,1.270541787147522,1
644,341.0195007324219,421.8033142089844,349.491455078125,456.02398681640625,164.2528533935547,training,3.7021305561065674,1
645,341.29742431640625,440.8993835449219,350.1327819824219,475.6124572753906,165.6653289794922,training,3.564746379852295,1
646,341.88262939453125,306.42034912109375,348.68414306640625,333.0995178222656,179.35719299316406,heldout,0.4877232611179352,1
647,342.05218505859375,480.6978759765625,351.8727111816406,516.0662841796875,104.71867370605469,training,3.016652822494507,1
648,342.4965515136719,470.5675354003906,351.7733154296875,505.86114501953125,145.6605682373047,training,3.1687285900115967,1
649,342.52667236328125,463.5780944824219,351.684814453125,498.69110107421875,115.1477279663086,training,3.2224161624908447,1
650,342.9915771484375,336.81103515625,350.73388671875,365.5615539550781,98.12237548828125,heldout,1.521559238433838,1
651,343.4136962890625,328.5089111328125,350.2782287597656,357.1766662597656,151.9605255126953,heldout,1.3812264204025269,1
652,343.8480529785156,197.0741424560547,348.0192565917969,217.0015411376953,142.9195556640625,training,2.932877540588379,1
653,344.0618591308594,521.2598876953125,353.44598388671875,556.081787109375,153.50570678710938,training,0.9214040637016296,1
654,344.3728332519531,352.19000244140625,351.955810546875,381.8115234375,151.9572296142578,heldout,1.645819902420044,1
655,344.6993713378906,504.34197998046875,354.1820373535156,540.1002807617188,146.7344512939453,training,2.48447847366333,1
656,345.0421142578125,451.0335998535156,354.7530822753906,485.8023681640625,183.2730255126953,training,3.5747275352478027,1
657,345.6652526855469,341.6229248046875,353.2247619628906,370.8385009765625,129.06199645996094,heldout,1.6804890632629395,1
658,345.6652526855469,341.6229248046875,353.2247619628906,370.8385009765625,89.8109130859375,heldout,1.6804890632629395,1
659,346.0876159667969,355.2540283203125,353.84735107421875,385.4424133300781,175.6217498779297,heldout,2.1587882041931152,1
660,346.3890380859375,275.5772399902344,351.6629638671875,299.16107177734375,182.7429962158203,heldout,1.9477441310882568,1
661,346.66021728515625,507.5552673339844,355.8349304199219,543.025390625,114.00877380371094,training,2.0950000286102295,1
662,346.7687683105469,173.92576599121094,351.8994445800781,191.4104461669922,168.5348663330078,training,4.481441974639893,0
663,347.57708740234375,486.761474609375,357.3149108886719,522.4142456054688,145.4647674560547,training,3.1455862522125244,1
664,347.60015869140625,517.6619262695312,357.4726867675781,552.5347900390625,147.1699676513672,training,1.3251742124557495,1
665,347.637939453125,266.6213073730469,352.71551513671875,289.72137451171875,176.13063049316406,heldout,2.1135787963867188,1
666,347.7622375488281,229.5587615966797,351.905517578125,250.901611328125,139.90353393554688,heldout,2.7226574420928955,1
667,347.8628234863281,279.6253356933594,353.9142761230469,303.557373046875,133.16531372070312,heldout,1.5965224504470825,1
668,348.2999267578125,361.4949951171875,356.1519775390625,392.6102600097656,196.12240600585938,heldout,2.886127471923828,1
669,348.7319641113281,444.54461669921875,357.7817687988281,479.4873046875,163.03067016601562,training,3.8593478202819824,1
670,349.0960998535156,417.59783935546875,358.366943359375,452.0112609863281,156.25619506835938,training,4.404040813446045,0
671,349.36761474609375,324.3943176269531,356.40216064453125,352.521484375,195.80857849121094,heldout,1.1798073053359985,1
672,349.51507568359375,301.265625,356.0915832519531,327.55078125,154.4571075439453,heldout,0.29548221826553345,1
673,349.63128662109375,557.5372314453125,360.0404052734375,592.3418579101562,187.57931518554688,training,0.6378333568572998,1
674,349.79302978515625,192.0319366455078,353.9624328613281,211.52525329589844,129.5878143310547,training,3.04666805267334,1
675,350.1451721191406,188.87484741210938,354.4406433105469,208.101318359375,115.16510009765625,training,3.166106939315796,1
676,350.1451721191406,188.87484741210938,354.4406433105469,208.101318359375,172.03778076171875,training,3.166106939315796,1
677,350.3566589355469,521.20458984375,359.5146484375,557.064208984375,202.281982421875,training,2.1051290035247803,1
678,350.4612731933594,194.93759155273438,354.6341857910156,214.4511260986328,110.4671859741211,training,3.117672920227051,1
679,352.3367919921875,511.0846252441406,361.6836853027344,546.7967529296875,171.0876922607422,training,2.3500118255615234,1
680,352.353759765625,372.663818359375,360.5848388671875,405.5437316894531,121.42487335205078,heldout,4.367358684539795,0
681,352.353759765625,372.663818359375,360.5848388671875,405.5437316894531,118.74342346191406,heldout,4.367358684539795,0
682,352.3639831542969,273.7122497558594,357.5983581542969,297.4010009765625,196.40774536132812,heldout,1.6788573265075684,1
683,352.529541015625,409.9082946777344,361.6589050292969,444.15972900390625,214.07008361816406,training,4.560235500335693,0
684,352.5450439453125,459.9929504394531,362.0391540527344,495.5113525390625,109.28861236572266,training,4.037622451782227,0
685,352.68450927734375,314.0362243652344,359.0570373535156,342.0429382324219,137.60450744628906,heldout,1.4125274419784546,1
686,352.7751159667969,466.95355224609375,362.4508972167969,502.5836486816406,107.29399108886719,training,3.942521572113037,1
687,353.2052307128906,446.08978271484375,362.7206115722656,480.9973449707031,101.71528625488281,training,3.982048511505127,1
688,353.8360900878906,301.2912292480469,360.2857360839844,327.662841796875,189.59429931640625,heldout,0.2778278589248657,1
689,354.00701904296875,565.4766235351562,364.15753173828125,600.6717529296875,149.090576171875,training,0.2121613770723343,1
690,354.3879089355469,304.06884765625,361.32080078125,330.5990905761719,132.12493896484375,heldout,0.665496826171875,1
691,354.4761657714844,365.64984130859375,362.6269836425781,397.7785949707031,204.9463348388672,heldout,3.9193544387817383,1
692,354.4761657714844,365.64984130859375,362.6269836425781,397.7785949707031,175.65591430664062,heldout,3.9193544387817383,1
693,355.0146789550781,383.8541259765625,363.6872253417969,417.37591552734375,200.3197479248047,heldout,4.742572784423828,0
694,355.4794921875,463.39306640625,365.04193115234375,499.0364990234375,133.00375366210938,training,4.112646579742432,0
695,355.9844970703125,447.0711364746094,366.1914978027344,482.2671813964844,173.71817016601562,training,4.521167755126953,0
696,356.94537353515625,498.0456848144531,367.0675964355469,533.3333740234375,168.88458251953125,training,2.7052741050720215,1
697,358.8334655761719,231.6008758544922,364.2427673339844,252.7724151611328,114.11397552490234,heldout,2.457686424255371,1
698,359.8297424316406,301.94549560546875,366.20904541015625,328.30615234375,145.67086791992188,heldout,0.34273794293403625,1
699,359.9424133300781,412.57586669921875,369.3065185546875,447.216552734375,92.16290283203125,training,5.055041790008545,0
700,360.0832824707031,511.0632629394531,88.30220794677734,563.5897216796875,216.19898986816406,training,281.66229248046875,0
701,360.5522766113281,416.56268310546875,369.6746520996094,451.34283447265625,87.05744934082031,training,4.990416049957275,0
702,361.8972473144531,428.9960632324219,371.35284423828125,464.1200866699219,168.10116577148438,training,4.980213165283203,0
703,362.30517578125,431.9157409667969,371.26593017578125,467.3056945800781,146.4411163330078,training,5.03381872177124,0
704,362.40509033203125,314.2777099609375,368.94464111328125,341.7847900390625,208.1297607421875,training,1.1226179599761963,1
705,362.40509033203125,314.2777099609375,368.94464111328125,341.7847900390625,140.59161376953125,training,1.1226179599761963,1
706,362.5122985839844,462.4464416503906,372.5846862792969,498.2541809082031,145.6983184814453,training,4.597258567810059,0
707,362.59210205078125,400.6533508300781,371.5721435546875,435.4833068847656,149.90330505371094,training,5.6306939125061035,0
708,363.103759765625,284.218505859375,369.0614318847656,309.0185241699219,148.75819396972656,training,0.5585974454879761,1
709,363.1278381347656,516.9171142578125,373.44232177734375,552.4024658203125,176.2356414794922,training,2.384941816329956,1
710,363.1374816894531,216.869873046875,367.4378967285156,237.79188537597656,194.52249145507812,training,2.2817018032073975,1
711,363.24566650390625,275.4293212890625,369.0401916503906,299.23773193359375,95.9374771118164,training,1.2395538091659546,1
712,363.328125,250.64878845214844,368.55657958984375,273.5788269042969,168.30032348632812,training,1.319291114807129,1
713,363.68780517578125,211.26026916503906,367.36236572265625,232.65719604492188,151.00662231445312,training,2.0216329097747803,1
714,363.748291015625,247.6536407470703,368.84539794921875,270.60174560546875,191.1622314453125,training,1.2318750619888306,1
715,363.78759765625,448.468994140625,372.948974609375,484.3444519042969,125.32357788085938,training,4.980299472808838,0
716,363.7884521484375,422.66839599609375,373.0806884765625,457.6846923828125,177.7385711669922,training,5.10533332824707,0
717,364.0433654785156,466.52728271484375,373.7149658203125,502.712890625,135.39202880859375,training,4.731635093688965,0
718,364.5870666503906,489.9002990722656,374.6684265136719,526.2730102539062,101.69070434570312,training,4.168909549713135,0
719,364.5870666503906,489.9002990722656,374.6684265136719,526.2730102539062,162.1789093017578,training,4.168909549713135,0
720,364.61273193359375,501.14630126953125,375.1260681152344,537.00244140625,166.20469665527344,training,3.4152684211730957,1
721,364.7626037597656,211.41952514648438,369.1796569824219,231.9907989501953,217.88758850097656,training,2.337233543395996,1
722,365.3263244628906,406.9296875,374.9488220214844,441.58270263671875,96.41058349609375,training,5.46556282043457,0
723,365.3263244628906,406.9296875,374.9488220214844,441.58270263671875,90.81299591064453,training,5.46556282043457,0
724,365.33514404296875,311.50482177734375,372.1308898925781,338.7152404785156,172.67889404296875,training,1.0322558879852295,1
725,368.1392517089844,332.9725341796875,375.4723205566406,362.0487365722656,123.3369369506836,training,2.244192361831665,1
726,368.3084411621094,361.8374328613281,377.188232421875,394.1788330078125,157.23231506347656,training,4.764837265014648,0
727,368.5655517578125,184.63735961914062,372.5072326660156,203.3151397705078,146.59808349609375,training,3.224647283554077,1
728,368.998046875,594.8928833007812,378.87188720703125,629.6229858398438,129.67266845703125,training,1.2535663843154907,1
729,369.0306701660156,394.0649719238281,377.93084716796875,428.8963928222656,160.8446502685547,training,5.992303371429443,0
730,370.0086975097656,278.5217590332031,376.0271911621094,302.9798278808594,222.3780517578125,training,0.5280718803405762,1
731,370.6195983886719,512.35888671875,380.83050537109375,548.3314819335938,178.5917205810547,training,3.1197099685668945,1
732,371.7043762207031,416.5817565917969,381.903076171875,451.5978088378906,175.35678100585938,training,5.780318737030029,0
733,371.7043762207031,416.5817565917969,381.903076171875,451.5978088378906,194.18804931640625,training,5.780318737030029,0
734,372.6019287109375,533.6956176757812,382.6364440917969,570.1381225585938,146.34889221191406,training,2.797473669052124,1
735,373.0185852050781,359.4991149902344,382.33062744140625,391.0422058105469,182.66909790039062,training,4.39518404006958,0
736,373.2850341796875,288.7018737792969,379.2954406738281,314.1076965332031,186.85556030273438,training,0.2535367012023926,1
737,373.4336853027344,574.0801391601562,382.9637145996094,610.4766845703125,214.7091064453125,training,1.480141520500183,1
738,373.6277770996094,400.97479248046875,383.68084716796875,435.4588928222656,183.6926727294922,training,5.847580432891846,0
739,374.31982421875,547.94775390625,384.353271484375,584.5570678710938,207.6126251220703,training,2.489912986755371,1
740,374.8001708984375,176.0762481689453,378.517578125,194.2184600830078,146.63560485839844,training,3.3567872047424316,1
741,374.92486572265625,617.8955688476562,384.5514831542969,653.202392578125,193.21490478515625,training,1.6525297164916992,1
742,375.1739501953125,457.4212341308594,385.8367004394531,493.6229248046875,176.64654541015625,training,5.610958576202393,0
743,375.4490966796875,260.51025390625,381.30511474609375,283.9844970703125,207.29930114746094,training,0.7681358456611633,1
744,375.48486328125,481.7770080566406,384.7205810546875,518.9202270507812,163.65818786621094,training,5.320647716522217,0
745,375.64801025390625,473.4522705078125,385.5077209472656,510.25885009765625,170.08233642578125,training,5.373704433441162,0
746,375.7710876464844,444.5582275390625,384.9541320800781,480.9889831542969,166.19866943359375,training,5.935915946960449,0
747,375.90753173828125,224.09078979492188,380.78045654296875,245.00869750976562,195.0948486328125,training,2.1162402629852295,1
748,376.1919250488281,461.03057861328125,386.1470947265625,497.6651611328125,190.9921417236328,training,5.692086696624756,0
749,376.8325500488281,448.7021789550781,386.887451171875,484.8797912597656,155.08706665039062,training,5.742868900299072,0
750,377.6844177246094,266.0436096191406,383.0615539550781,289.64044189453125,118.39763641357422,training,0.9565329551696777,1
751,377.73663330078125,179.56732177734375,381.37994384765625,197.83197021484375,121.99180603027344,training,3.3319320678710938,1
752,377.90203857421875,346.4991760253906,385.4494934082031,377.5329895019531,218.4239044189453,training,3.930713176727295,1
753,377.927490234375,511.89385986328125,388.5470886230469,548.0255737304688,216.4047088623047,training,3.569911479949951,1
754,378.2066345214844,305.9143371582031,384.7546081542969,332.8050842285156,177.06777954101562,training,1.1556109189987183,1
755,378.2066345214844,305.9143371582031,384.7546081542969,332.8050842285156,166.78729248046875,training,1.1556109189987183,1
756,378.2486267089844,334.6107177734375,384.8984069824219,364.7612609863281,214.58099365234375,training,3.436414957046509,1
757,378.6947937011719,183.60919189453125,382.4922180175781,202.30775451660156,196.40264892578125,training,3.00150990486145,1
758,378.9999694824219,215.69534301757812,384.29168701171875,236.1036376953125,162.71139526367188,training,2.2156879901885986,1
759,379.0445251464844,298.1122741699219,385.5752258300781,324.1771240234375,164.42626953125,training,0.6345466375350952,1
760,380.02947998046875,585.7395629882812,389.9856872558594,621.6019897460938,159.32984924316406,training,0.6770407557487488,1
761,381.05340576171875,460.7761535644531,391.283935546875,497.5617980957031,122.17201232910156,training,6.019163131713867,0
762,381.4579772949219,483.3575439453125,391.5622863769531,519.7827758789062,160.59576416015625,training,4.8182759284973145,0
763,382.53924560546875,449.98052978515625,392.47662353515625,486.77197265625,190.20252990722656,training,6.378865718841553,0
764,382.6811218261719,547.2705078125,392.7507629394531,584.42822265625,173.49351501464844,training,3.2499866485595703,1
765,382.75689697265625,497.69805908203125,393.4715270996094,534.7002563476562,145.41664123535156,training,5.042028427124023,0
766,382.8492736816406,569.0802612304688,393.18267822265625,605.5006713867188,154.4571075439453,training,1.7715754508972168,1
767,384.0002746582031,348.6304626464844,392.6694641113281,380.0751647949219,188.80148315429688,training,4.650586128234863,0
768,384.02569580078125,593.6249389648438,393.97869873046875,629.92431640625,85.73213958740234,training,0.9635509848594666,1
769,384.47265625,240.93951416015625,390.107177734375,263.46923828125,147.8884735107422,training,0.8355271816253662,1
770,384.4964904785156,389.1893310546875,393.7059020996094,424.29364013671875,152.98365783691406,training,6.83345890045166,0
771,384.92083740234375,503.7781982421875,395.2783508300781,541.1134643554688,193.98196411132812,training,5.088588714599609,0
772,386.1771240234375,254.84226989746094,392.3206481933594,278.379638671875,168.9881591796875,training,0.42813000082969666,1
773,386.281494140625,469.547607421875,397.1017761230469,506.55462646484375,168.34487915039062,training,6.191121578216553,0
774,386.281494140625,469.547607421875,397.1017761230469,506.55462646484375,155.4027099609375,training,6.191121578216553,0
775,386.51568603515625,346.3697509765625,394.3499450683594,377.73095703125,192.95594787597656,training,4.490815162658691,0
776,386.66064453125,187.06210327148438,391.0419616699219,205.86622619628906,171.16366577148438,training,2.7079312801361084,1
777,386.9446716308594,365.22821044921875,395.40301513671875,398.3797302246094,142.20408630371094,training,5.691064834594727,0
778,386.9523620605469,307.9676818847656,393.9017028808594,335.0082092285156,153.1861572265625,training,1.4889593124389648,1
779,387.57208251953125,334.2900085449219,395.4593811035156,364.1148376464844,175.43374633789062,training,3.4687745571136475,1
780,387.61798095703125,567.8302612304688,398.09832763671875,604.8778686523438,120.67311096191406,training,2.5625412464141846,1
781,388.01654052734375,573.9527587890625,398.91839599609375,610.7577514648438,170.28799438476562,training,2.2065398693084717,1
782,388.34619140625,166.82659912109375,392.1590881347656,183.95416259765625,155.81719970703125,training,3.6921536922454834,1
783,388.6847229003906,290.62225341796875,395.2957458496094,316.07977294921875,170.95028686523438,training,0.5693570375442505,1
784,388.9539794921875,552.5388793945312,399.8333435058594,589.8900146484375,156.49920654296875,training,3.5302205085754395,1
785,389.04736328125,256.3995666503906,395.14013671875,280.1893005371094,109.10086822509766,training,0.25094980001449585,1
786,390.2503662109375,514.591796875,400.26318359375,552.9219970703125,117.54573822021484,training,5.739475727081299,0
787,390.72442626953125,322.35516357421875,398.0995788574219,350.94183349609375,112.30760955810547,training,2.643949508666992,1
788,390.99853515625,491.9683837890625,400.76971435546875,529.5901489257812,167.07183837890625,training,5.8313188552856445,0
789,390.99853515625,491.9683837890625,400.76971435546875,529.5901489257812,110.66616821289062,training,5.8313188552856445,0
790,391.4410705566406,422.0015563964844,401.3126525878906,459.1295166015625,183.68724060058594,training,7.903035640716553,0
791,391.4988708496094,302.05633544921875,398.4935302734375,328.5288391113281,207.4150390625,training,1.2785518169403076,1
792,391.8299865722656,567.4619750976562,402.0155334472656,605.0725708007812,122.89833068847656,training,3.2088990211486816,1
793,391.9077453613281,612.6901245117188,402.9901123046875,649.4302368164062,186.52882385253906,training,0.8536710143089294,1
794,392.0263671875,495.59393310546875,402.4604797363281,533.3692016601562,95.16301727294922,training,5.984592914581299,0
795,392.05279541015625,182.80555725097656,396.0339050292969,201.4761962890625,98.13765716552734,training,2.6694586277008057,1
796,392.1242980957031,314.4913024902344,399.90386962890625,342.1664733886719,186.04299926757812,training,2.260833501815796,1
797,392.9626159667969,307.1911315917969,399.5367126464844,334.4112243652344,135.66134643554688,training,1.77534818649292,1
798,393.1125793457031,519.0930786132812,404.0916442871094,557.0484008789062,155.99038696289062,training,5.454699993133545,0
799,393.60308837890625,459.1198425292969,403.8336181640625,496.4722595214844,208.61447143554688,training,6.892439842224121,0
800,393.8721923828125,581.6646728515625,404.4893493652344,618.8229370117188,179.5132293701172,training,2.3323514461517334,1
801,393.9814147949219,501.0197448730469,404.8626708984375,538.5926513671875,139.8105926513672,training,5.743264675140381,0
802,394.48211669921875,529.7156372070312,405.0522766113281,567.6682739257812,166.58030700683594,training,4.996726036071777,0
803,394.57257080078125,269.43975830078125,401.10089111328125,293.6906433105469,154.44093322753906,training,0.5024551749229431,1
804,395.61895751953125,608.6994018554688,406.2912292480469,645.6654663085938,107.80538177490234,training,1.235892415046692,1
805,395.9559631347656,273.25439453125,402.47198486328125,298.005615234375,117.81765747070312,training,0.6787583231925964,1
806,396.1921081542969,459.7201232910156,406.7890319824219,497.1369934082031,189.48350524902344,training,7.079115867614746,0
807,396.3695983886719,191.9123992919922,401.132568359375,210.75595092773438,142.03872680664062,training,2.577425479888916,1
808,396.59576416015625,552.9380493164062,406.92730712890625,591.4244995117188,214.6671905517578,training,4.706661224365234,0
809,397.3338928222656,372.4424743652344,406.6430969238281,406.65093994140625,116.02155303955078,training,6.87374210357666,0
810,397.3338928222656,372.4424743652344,406.6430969238281,406.65093994140625,154.27249145507812,training,6.87374210357666,0
811,397.5334167480469,506.5773010253906,407.8652648925781,545.0476684570312,156.42889404296875,training,6.368627071380615,0
812,397.54638671875,524.1357421875,408.151611328125,562.5379028320312,171.2162322998047,training,5.71349573135376,0
813,397.5627746582031,562.5487060546875,408.0489807128906,600.6334228515625,188.98941040039062,training,4.001681327819824,0
814,397.5627746582031,562.5487060546875,408.0489807128906,600.6334228515625,201.60853576660156,training,4.001681327819824,0
815,397.7802429199219,411.5606689453125,408.80828857421875,448.1072998046875,186.9893035888672,training,8.204012870788574,0
816,397.95819091796875,288.2879333496094,404.6434326171875,314.35052490234375,183.5701446533203,training,1.4280463457107544,1
817,398.17388916015625,577.5264892578125,408.99798583984375,615.2387084960938,123.43419647216797,training,3.153594493865967,1
818,398.23333740234375,186.37339782714844,402.61724853515625,204.9654998779297,165.78298950195312,training,2.641348123550415,1
819,399.2149658203125,399.16876220703125,408.3210144042969,435.67181396484375,227.3059539794922,training,8.142009735107422,0
820,399.430908203125,565.8104248046875,410.03875732421875,604.42529296875,190.38644409179688,training,4.467096328735352,0
821,400.4903259277344,405.0909118652344,410.53582763671875,442.0273742675781,104.44136810302734,training,8.567368507385254,0
822,400.7716369628906,419.0700988769531,410.9048156738281,456.7542419433594,238.9790802001953,training,8.808915138244629,0
823,401.4855041503906,534.1573486328125,412.3287048339844,572.7903442382812,108.34204864501953,training,5.706389427185059,0
824,401.5445556640625,517.9845581054688,412.6365051269531,556.3750610351562,109.3343505859375,training,6.120170593261719,0
825,401.6608581542969,428.4814453125,411.1910400390625,467.3444519042969,169.32513427734375,training,9.538789749145508,0
826,401.6726379394531,494.3930969238281,412.3069763183594,532.8161010742188,170.1998748779297,training,6.909773826599121,0
827,401.7774658203125,293.8458557128906,408.5141296386719,320.91851806640625,172.34848022460938,training,2.3096301555633545,1
828,401.9012756347656,355.333740234375,410.6715393066406,388.0467834472656,159.2136993408203,training,6.01309871673584,0
829,403.3357849121094,407.4354553222656,413.0841979980469,444.84759521484375,199.19085693359375,training,8.94020938873291,0
830,403.470703125,556.492919921875,414.077392578125,595.1871337890625,174.3502197265625,training,4.967242240905762,0
831,404.0238952636719,570.7433471679688,413.8720703125,609.37890625,133.24038696289062,training,4.415234565734863,0
832,404.1449890136719,462.63214111328125,414.37115478515625,500.7989196777344,116.03878784179688,training,7.785224437713623,0
833,404.46209716796875,172.67752075195312,408.3668518066406,190.26803588867188,134.72564697265625,training,3.0960614681243896,1
834,404.5302734375,333.393310546875,412.5315246582031,364.41552734375,171.2337646484375,training,5.048750400543213,0
835,404.5395812988281,405.3226013183594,414.6873779296875,442.5943603515625,188.94972229003906,training,8.994176864624023,0
836,404.79705810546875,261.26873779296875,411.20648193359375,285.7110290527344,154.9806365966797,training,0.947274923324585,1
837,404.8861389160156,306.8766784667969,412.9336853027344,334.8132629394531,170.2468719482422,training,3.1269280910491943,1
838,404.9297180175781,599.1318969726562,415.4441833496094,637.2092895507812,150.38949584960938,training,2.8890905380249023,1
839,404.9304504394531,560.56689453125,416.17767333984375,599.3235473632812,235.0999755859375,training,5.024041175842285,0
840,404.97021484375,294.0208740234375,412.1461486816406,321.2527160644531,184.32850646972656,training,2.621446132659912,1
841,404.97021484375,294.0208740234375,412.1461486816406,321.2527160644531,146.8502655029297,training,2.621446132659912,1
842,405.1412048339844,523.6212158203125,415.9960632324219,562.7470703125,92.31468200683594,training,6.653586387634277,0
843,406.73541259765625,575.8474731445312,417.9737243652344,614.4351806640625,141.51678466796875,training,4.337785720825195,0
844,406.96368408203125,176.92388916015625,411.0081481933594,194.94293212890625,216.77638244628906,training,2.7501132488250732,1
845,407.05816650390625,214.913818359375,412.2623596191406,235.7648162841797,125.47908020019531,training,1.1154720783233643,1
846,407.45556640625,266.774658203125,413.90557861328125,292.071533203125,152.26622009277344,training,1.6159474849700928,1
847,407.9609069824219,337.9420166015625,415.9800720214844,369.5206298828125,173.8620147705078,training,5.507162570953369,0
848,408.8743591308594,556.5314331054688,419.8397216796875,595.6961059570312,142.56578063964844,training,5.60062837600708,0
849,409.20318603515625,413.127197265625,420.09344482421875,450.4093322753906,220.5810546875,training,9.019575119018555,0
850,409.2083435058594,181.4280242919922,412.21771240234375,200.20765686035156,160.87261962890625,training,2.7364203929901123,1
851,409.6935729980469,217.9510040283203,415.2373352050781,239.02491760253906,94.19660186767578,training,0.9376720786094666,1
852,409.6935729980469,217.9510040283203,415.2373352050781,239.02491760253906,97.67292022705078,training,0.9376720786094666,1
853,409.7165832519531,535.2377319335938,420.7939758300781,574.4195556640625,110.94593048095703,training,6.4283671379089355,0
854,409.9759521484375,497.6087646484375,421.32330322265625,536.7926635742188,134.43214416503906,training,7.8768630027771,0
855,410.5347900390625,406.4618225097656,420.587158203125,443.878173828125,176.442626953125,training,9.1976318359375,0
856,410.57568359375,352.8724060058594,420.0355224609375,385.93572998046875,130.54884338378906,training,6.816305160522461,0
857,411.8020324707031,473.9289855957031,423.0964050292969,512.9065551757812,140.356689453125,training,8.572257041931152,0
858,412.33074951171875,292.6195373535156,420.1186828613281,319.70269775390625,105.98113250732422,training,2.9100546836853027,1
859,412.33074951171875,292.6195373535156,420.1186828613281,319.70269775390625,125.10395812988281,training,2.9100546836853027,1
860,412.4957275390625,184.75331115722656,416.87738037109375,203.46360778808594,117.25186920166016,training,2.166055917739868,1
861,412.5924072265625,247.68882751464844,418.5235290527344,271.7538757324219,133.8506622314453,training,1.114683985710144,1
862,412.62945556640625,537.7179565429688,423.39678955078125,577.997314453125,170.46701049804688,training,7.433528900146484,0
863,412.7186584472656,594.3773193359375,424.2040100097656,633.353759765625,139.53135681152344,training,4.222331523895264,0
864,413.5259094238281,218.5663604736328,418.9131774902344,239.86952209472656,138.52796936035156,training,0.632959246635437,1
865,413.8598327636719,418.689453125,424.8399353027344,457.06500244140625,150.53903198242188,training,9.981240272521973,0
866,413.9240417480469,251.20382690429688,420.609375,275.2884826660156,153.8960723876953,training,1.3150819540023804,1
867,414.2882995605469,543.1941528320312,425.63372802734375,583.2201538085938,128.58848571777344,training,7.1178083419799805,0
868,414.3127746582031,221.13499450683594,420.2732849121094,242.58056640625,176.48512268066406,training,0.7457290291786194,1
869,414.5824279785156,555.6686401367188,425.607666015625,596.290283203125,183.39028930664062,training,7.206695556640625,0
870,414.5885314941406,453.6382751464844,424.79302978515625,493.067138671875,197.6992645263672,training,9.5759916305542,0
871,414.6317443847656,270.0596008300781,421.9476318359375,295.6755065917969,137.97463989257812,training,2.2671573162078857,1
872,414.8549499511719,232.87423706054688,420.4122009277344,255.53317260742188,139.1545867919922,training,0.2736530900001526,1
873,414.8549499511719,232.87423706054688,420.4122009277344,255.53317260742188,96.7780990600586,training,0.2736530900001526,1
874,415.87640380859375,342.9826354980469,424.23052978515625,375.9158630371094,166.78729248046875,training,6.8886590003967285,0
875,416.0037536621094,559.7305297851562,428.24017333984375,599.5606689453125,138.0036163330078,training,6.589975833892822,0
876,416.2124938964844,609.3283081054688,427.4615478515625,649.4326782226562,183.21026611328125,training,4.841007709503174,0
877,417.0121154785156,427.7247009277344,427.3916320800781,466.77911376953125,209.48507690429688,training,10.231059074401855,0
878,417.3515625,278.5049743652344,424.5424499511719,305.3818664550781,126.41202545166016,training,3.1119918823242188,1
879,417.4095458984375,326.3842468261719,425.5716247558594,357.5155029296875,132.5367889404297,training,5.719807147979736,0
880,417.53228759765625,568.66015625,428.91131591796875,608.8422241210938,112.37437438964844,training,6.422909259796143,0
881,417.644775390625,183.83853149414062,421.99835205078125,202.45294189453125,99.37303161621094,training,2.125814199447632,1
882,418.5030822753906,241.9983673095703,424.73321533203125,265.792724609375,101.15335083007812,training,1.2553138732910156,1
883,418.59552001953125,550.457763671875,429.2439880371094,591.659912109375,165.34811401367188,training,8.018835067749023,0
884,419.2093505859375,368.7577209472656,430.3023986816406,401.824951171875,178.8323211669922,training,7.077064514160156,0
885,419.3559265136719,444.8431701660156,430.0172119140625,484.9471130371094,197.42593383789062,training,10.743504524230957,0
886,419.4761657714844,364.7749328613281,429.4226379394531,398.9203186035156,184.50474548339844,training,7.7376203536987305,0
887,419.61187744140625,257.5269470214844,426.1210021972656,282.65557861328125,85.070556640625,training,2.0617856979370117,1
888,419.88568115234375,514.925537109375,430.7899475097656,555.2994995117188,154.20440673828125,training,8.52546215057373,0
889,419.943359375,328.70916748046875,428.3980407714844,360.3152160644531,152.76124572753906,training,6.217461585998535,0
890,420.0599365234375,613.1329345703125,431.338623046875,653.4588012695312,194.04896545410156,training,5.01568078994751,0
891,421.22314453125,214.84336853027344,426.0359191894531,236.64173889160156,124.07256317138672,training,0.6211491823196411,1
892,421.26318359375,302.7463073730469,428.9339599609375,332.3171691894531,176.02272033691406,training,5.034625053405762,0
893,421.6067199707031,541.2052612304688,432.5265197753906,582.0633544921875,211.9103546142578,training,8.100200653076172,0
894,421.6955261230469,447.70562744140625,432.35638427734375,488.1950988769531,178.89382934570312,training,11.068471908569336,0
895,423.1507873535156,507.5986022949219,433.8765869140625,548.4805297851562,199.0,training,9.33634090423584,0
896,423.716796875,561.1994018554688,435.3674621582031,602.4959716796875,168.98519897460938,training,7.972200870513916,0
897,423.716796875,561.1994018554688,435.3674621582031,602.4959716796875,106.9485855102539,training,7.972200870513916,0
898,423.9895935058594,390.13043212890625,433.925537109375,426.77069091796875,150.68177795410156,training,9.297456741333008,0
899,424.3514404296875,356.8043212890625,433.37353515625,391.3122863769531,184.6103973388672,training,8.242083549499512,0
900,424.8832702636719,493.0065612792969,436.0721740722656,534.0520629882812,166.14752197265625,training,10.13868236541748,0
901,424.9000549316406,493.99468994140625,435.8544616699219,534.5564575195312,182.1812286376953,training,9.584616661071777,0
902,425.2176513671875,511.5303039550781,436.1559753417969,552.5205688476562,193.7085418701172,training,9.378344535827637,0
903,425.2176513671875,511.5303039550781,436.1559753417969,552.5205688476562,171.1549072265625,training,9.378344535827637,0
904,425.5847473144531,158.97227478027344,429.6370849609375,174.9434051513672,166.9490966796875,training,3.6943371295928955,1
905,426.2049255371094,364.3020324707031,435.66650390625,398.91796875,187.84568786621094,training,8.209859848022461,0
906,426.2049255371094,364.3020324707031,435.66650390625,398.91796875,174.2039031982422,training,8.209859848022461,0
907,426.7155456542969,584.66064453125,438.3677062988281,625.4373168945312,166.41213989257812,training,6.67622709274292,0
908,427.7341003417969,559.0049438476562,439.56317138671875,600.283935546875,91.85858917236328,training,8.15571403503418,0
909,428.1626892089844,180.1918487548828,433.1601257324219,198.23239135742188,221.63934326171875,training,2.243917465209961,1
910,428.6746826171875,231.0377960205078,434.4762268066406,254.27108764648438,149.31175231933594,training,1.2233893871307373,1
911,429.9997863769531,403.2945556640625,440.59906005859375,441.19927978515625,171.51968383789062,training,10.328259468078613,0
912,429.9997863769531,403.2945556640625,440.59906005859375,441.19927978515625,179.70530700683594,training,10.328259468078613,0
913,430.2027282714844,188.83380126953125,435.26141357421875,208.15570068359375,150.25645446777344,training,1.2128500938415527,1
914,430.30389404296875,431.01885986328125,440.9200744628906,471.770751953125,172.53985595703125,training,12.109234809875488,0
915,430.5386962890625,271.8486328125,437.5783996582031,299.0711975097656,135.93748474121094,training,3.930321455001831,1
916,430.5450744628906,422.1027526855469,441.44232177734375,461.8929138183594,125.69805145263672,training,11.554082870483398,0
917,430.63604736328125,162.3499755859375,434.0821838378906,178.86514282226562,113.1591796875,training,3.355902910232544,1
918,430.959716796875,279.63275146484375,438.3490905761719,307.1716003417969,161.34124755859375,training,4.043282985687256,0
919,431.0433044433594,411.900146484375,442.1216125488281,450.4791259765625,111.40467071533203,training,10.809464454650879,0
920,431.2704772949219,519.7298583984375,443.40716552734375,561.0685424804688,116.37869262695312,training,9.795278549194336,0
921,431.2704772949219,519.7298583984375,443.40716552734375,561.0685424804688,110.53506469726562,training,9.795278549194336,0
922,431.33984375,532.8408203125,442.98785400390625,574.55078125,140.03213500976562,training,9.57123851776123,0
923,431.51763916015625,169.1319580078125,436.89990234375,186.05458068847656,225.09776306152344,training,2.9580657482147217,1
924,432.1148376464844,292.1755676269531,439.72637939453125,321.1322326660156,113.81564331054688,training,5.038844585418701,0
925,432.22088623046875,268.43804931640625,439.8080749511719,294.9186706542969,193.976806640625,training,3.544961929321289,1
926,432.58148193359375,314.208251953125,440.8852844238281,345.2036437988281,142.96852111816406,training,6.386057376861572,0
927,433.3559265136719,565.5853271484375,444.912109375,607.784423828125,184.1113739013672,training,8.898991584777832,0
928,434.02947998046875,378.36456298828125,443.8487548828125,414.57330322265625,116.52896881103516,training,9.493729591369629,0
929,434.08465576171875,537.314697265625,446.66986083984375,578.90087890625,187.77113342285156,training,9.566069602966309,0
930,434.3910827636719,383.140625,444.08807373046875,420.1685485839844,174.37030029296875,training,10.104223251342773,0
931,434.6890869140625,521.2450561523438,446.48773193359375,562.831298828125,114.6429214477539,training,9.974115371704102,0
932,435.0655517578125,422.2245788574219,445.8707275390625,462.2930603027344,142.17945861816406,training,11.897716522216797,0
933,435.10211181640625,447.0389404296875,446.522705078125,487.9115905761719,183.9021453857422,training,11.91264820098877,0
934,435.2606506347656,439.6280822753906,446.52197265625,480.5145568847656,117.1067886352539,training,12.164182662963867,0
935,435.5799865722656,403.5408630371094,446.3795471191406,441.70440673828125,139.68893432617188,training,10.737072944641113,0
936,435.7254943847656,524.5795288085938,447.58447265625,566.421875,83.3006591796875,training,10.137772560119629,0
937,436.8418884277344,272.58135986328125,443.7279052734375,300.0308837890625,142.26734924316406,training,4.237224578857422,0
938,437.0316467285156,499.0814514160156,448.3167419433594,540.7979736328125,101.7251205444336,training,10.858344078063965,0
939,437.10498046875,494.9668884277344,449.1871337890625,536.5151977539062,98.76234436035156,training,11.014825820922852,0
940,437.4060974121094,372.63421630859375,447.6334228515625,408.4052429199219,180.68203735351562,training,9.451410293579102,0
941,437.6170654296875,361.8323059082031,447.809814453125,396.5444641113281,202.36106872558594,training,8.829607009887695,0
942,437.6170654296875,361.8323059082031,447.809814453125,396.5444641113281,182.0,training,8.829607009887695,0
943,438.48712158203125,254.86373901367188,445.8759765625,280.38458251953125,199.39659118652344,training,3.2083077430725098,1
944,438.8371887207031,182.36842346191406,443.66876220703125,200.51637268066406,195.025634765625,training,1.9788130521774292,1
945,439.03857421875,430.4028625488281,450.4858703613281,471.0434265136719,124.03225708007812,training,12.385381698608398,0
946,439.2254943847656,259.3742370605469,445.7253112792969,286.00689697265625,153.87982177734375,training,3.903707265853882,1
947,439.359619140625,375.6424560546875,449.5909729003906,411.81317138671875,145.22396850585938,training,9.7679443359375,0
948,439.359619140625,375.6424560546875,449.5909729003906,411.81317138671875,178.7064666748047,training,9.7679443359375,0
949,439.4642639160156,419.549560546875,450.6856689453125,459.41741943359375,134.07460021972656,training,11.987434387207031,0
950,439.6840515136719,310.8639221191406,448.6287841796875,341.4560546875,180.66819763183594,training,6.449191570281982,0
951,440.4230651855469,214.86212158203125,446.1161193847656,236.95774841308594,115.4902572631836,training,0.9225816130638123,1
952,440.4690246582031,261.4756774902344,447.581787109375,287.81561279296875,112.24972534179688,training,3.678830862045288,1
953,440.5852355957031,520.6328735351562,452.4606628417969,562.9400024414062,112.94246673583984,training,10.843812942504883,0
954,440.84234619140625,379.2727966308594,451.4532165527344,415.5928649902344,177.83981323242188,training,9.912670135498047,0
955,440.8968505859375,441.0108642578125,452.5528259277344,481.9565124511719,144.11801147460938,training,12.382648468017578,0
956,440.9463195800781,580.6881713867188,453.9316711425781,622.4560546875,162.35147094726562,training,8.399195671081543,0
957,441.0069885253906,597.4312133789062,452.9410095214844,641.1777954101562,121.57713317871094,training,9.50999927520752,0
958,441.1971435546875,444.78582763671875,453.01055908203125,485.87109375,138.8992462158203,training,12.425111770629883,0
959,441.511962890625,231.8278045654297,447.5865478515625,255.801513671875,164.07925415039062,training,2.2479004859924316,1
960,441.9183349609375,524.5347290039062,454.1380920410156,566.8551025390625,232.39405822753906,training,10.816597938537598,0
961,442.0681457519531,431.25286865234375,453.29693603515625,472.5596923828125,198.7536163330078,training,13.018084526062012,0
962,442.9012451171875,343.59967041015625,452.397216796875,377.462158203125,210.3425750732422,training,8.598166465759277,0
963,443.3256530761719,434.09759521484375,455.2208557128906,475.19097900390625,157.84169006347656,training,12.890763282775879,0
964,443.87115478515625,476.533447265625,455.28973388671875,518.4970703125,137.8513641357422,training,12.090909957885742,0
965,443.9317321777344,573.1683349609375,455.9902648925781,616.5968017578125,122.2170181274414,training,10.14859390258789,0
966,444.6913146972656,336.9734191894531,454.54913330078125,370.5527038574219,192.304443359375,training,8.709393501281738,0
967,445.07391357421875,279.4366455078125,452.8426513671875,307.62078857421875,165.3450927734375,training,5.067112922668457,0
968,445.12335205078125,495.0520935058594,456.8455810546875,537.34375,156.04486083984375,training,11.825859069824219,0
969,445.8080749511719,351.209228515625,455.45556640625,386.1359558105469,181.298095703125,training,9.448814392089844,0
970,446.64361572265625,282.7218322753906,454.5575256347656,311.49407958984375,150.49252319335938,training,5.58465051651001,0
971,446.64630126953125,251.5546417236328,453.89337158203125,277.14874267578125,122.27019500732422,training,3.501737356185913,1
972,447.13482666015625,469.33074951171875,458.4481201171875,511.3666076660156,91.53141784667969,training,12.473928451538086,0
973,447.5198059082031,376.4706115722656,457.62432861328125,413.1657409667969,126.96456146240234,training,10.387385368347168,0
974,447.5248718261719,505.5979309082031,459.34942626953125,548.4834594726562,131.67764282226562,training,12.096776008605957,0
975,447.7111511230469,356.97259521484375,457.1680603027344,392.67919921875,100.89598846435547,training,9.998726844787598,0
976,448.13214111328125,315.25543212890625,456.7860107421875,347.1721496582031,147.78700256347656,training,7.654298305511475,0
977,448.4853210449219,494.07830810546875,460.1319580078125,536.7218627929688,143.558349609375,training,12.264425277709961,0
978,448.95184326171875,389.1363830566406,459.4161071777344,427.1080627441406,88.13626098632812,training,11.27979564666748,0
979,449.1163330078125,368.9891357421875,458.83477783203125,405.3095703125,130.29965209960938,training,10.245489120483398,0
980,449.3658752441406,568.478271484375,461.7584533691406,612.3989868164062,136.63821411132812,training,10.97827434539795,0
981,450.06658935546875,454.3404846191406,461.5386962890625,496.51513671875,186.38937377929688,training,13.248088836669922,0
982,450.2870788574219,395.6888427734375,461.1371154785156,434.1279296875,130.6904754638672,training,11.613076210021973,0
983,451.0230712890625,301.54034423828125,459.82879638671875,332.396240234375,206.8429412841797,training,7.231856822967529,0
984,451.1345520019531,418.2306213378906,462.1430358886719,458.7578125,155.08706665039062,training,12.877873420715332,0
985,451.6180725097656,235.88552856445312,458.43914794921875,260.6031799316406,128.5301513671875,training,3.2125678062438965,1
986,452.5489501953125,239.3238983154297,459.5964660644531,264.5254211425781,130.5641632080078,training,3.635054349899292,1
987,452.843994140625,311.44189453125,461.7273254394531,343.5169982910156,96.31718444824219,training,8.101737976074219,0
988,452.89306640625,359.0094909667969,462.5345153808594,394.8553466796875,175.75267028808594,training,10.209389686584473,0
989,453.142333984375,408.2437744140625,465.8121337890625,447.7005310058594,224.47940063476562,training,12.723369598388672,0
990,453.3738098144531,459.3027648925781,461.82806396484375,503.6977233886719,133.31166076660156,training,15.114381790161133,0
991,453.7897033691406,501.0153503417969,465.9344787597656,544.0753784179688,151.3175506591797,training,12.632989883422852,0
992,453.8538513183594,284.450439453125,461.84161376953125,313.7070617675781,142.3516845703125,training,6.1599626541137695,0
993,453.91204833984375,314.4572448730469,462.7176208496094,346.7510681152344,111.93748474121094,training,8.20776081085205,0
994,453.91204833984375,314.4572448730469,462.7176208496094,346.7510681152344,88.74119567871094,training,8.20776081085205,0
995,454.1963806152344,425.5633850097656,465.8916931152344,466.4627685546875,136.25343322753906,training,13.193108558654785,0
996,454.66119384765625,362.95294189453125,465.0650329589844,398.9283142089844,169.4579620361328,training,10.409974098205566,0
997,454.9290771484375,367.3416442871094,465.4960632324219,403.6858215332031,142.51315307617188,training,10.653457641601562,0
998,455.1953430175781,451.7334289550781,467.3022766113281,493.9905090332031,152.95423889160156,training,13.672550201416016,0
999,455.27667236328125,391.6341857910156,467.17236328125,429.6369323730469,187.8376922607422,training,11.74863338470459,0
1000,455.3124694824219,370.373779296875,466.0562744140625,406.9017028808594,119.22248077392578,training,10.775507926940918,0
1001,455.3124694824219,370.373779296875,466.0562744140625,406.9017028808594,119.26860809326172,training,10.775507926940918,0
1002,455.4556884765625,542.00439453125,466.7355651855469,587.0995483398438,190.93453979492188,training,13.074146270751953,0
1003,455.57952880859375,569.2817993164062,468.17510986328125,613.7171020507812,134.85919189453125,training,11.626519203186035,0
1004,455.6499938964844,231.4417266845703,462.0461730957031,255.46681213378906,110.8873291015625,training,2.678305149078369,1
1005,456.0111083984375,260.19036865234375,463.5965270996094,287.1026916503906,155.57313537597656,training,4.72927188873291,0
1006,457.5463562011719,605.2433471679688,470.47210693359375,650.5328979492188,133.48782348632812,training,11.265771865844727,0
1007,457.8846435546875,285.1112976074219,466.1497802734375,314.6604309082031,125.62642669677734,training,6.573104381561279,0
1008,457.92388916015625,578.8162841796875,470.9952392578125,623.2936401367188,159.9499969482422,training,11.467042922973633,0
1009,458.42877197265625,544.6925659179688,471.3096923828125,588.681396484375,169.94410705566406,training,12.205140113830566,0
1010,459.01885986328125,327.01263427734375,468.5988464355469,360.7640075683594,190.0762939453125,training,9.458109855651855,0
1011,459.0287780761719,470.1186828613281,472.2246398925781,512.307373046875,146.7753448486328,training,13.309247970581055,0
1012,459.09197998046875,253.3036346435547,466.6575927734375,279.94195556640625,144.63748168945312,training,4.778769016265869,0
1013,459.2992858886719,268.05999755859375,465.9684143066406,296.4685363769531,108.2681884765625,training,5.82993221282959,0
1014,459.649658203125,411.4772033691406,470.8616943359375,451.5692443847656,145.7635040283203,training,12.925092697143555,0
1015,461.176025390625,549.36181640625,473.9403991699219,594.247314453125,194.2781524658203,training,12.944826126098633,0
1016,461.6298522949219,516.2521362304688,474.2762145996094,560.6153564453125,190.43634033203125,training,13.624897956848145,0
1017,462.8777770996094,275.95672607421875,471.5642395019531,304.61248779296875,189.57847595214844,training,6.293684482574463,0
1018,463.5640869140625,528.0820922851562,476.468994140625,572.8211669921875,162.12033081054688,training,13.657501220703125,0
1019,463.89154052734375,287.43597412109375,471.8897399902344,317.51483154296875,127.38131713867188,training,7.069398403167725,0
1020,464.2462463378906,391.1617736816406,474.8509521484375,429.9288330078125,185.3914794921875,training,12.338706970214844,0
1021,464.3261413574219,281.1498107910156,472.9112243652344,310.7218933105469,145.31689453125,training,6.963738918304443,0
1022,464.4783020019531,299.6172180175781,472.9836730957031,330.8821105957031,170.5491180419922,training,7.904090404510498,0
1023,464.7088317871094,545.3504028320312,477.8869323730469,590.034912109375,194.2884521484375,training,13.059476852416992,0
1024,464.8524475097656,547.9644165039062,478.1554260253906,593.0220336914062,172.10752868652344,training,13.358838081359863,0
1025,465.5625,523.3240356445312,478.436767578125,568.3086547851562,170.4640655517578,training,14.106721878051758,0
1026,466.13580322265625,284.5383605957031,474.61859130859375,314.8275451660156,130.9121856689453,training,7.537682056427002,0
1027,466.89715576171875,287.77996826171875,475.37103271484375,318.1578063964844,124.51104736328125,training,7.5183820724487305,0
1028,467.0808410644531,320.8254089355469,476.16241455078125,354.40185546875,175.23983764648438,training,9.5675048828125,0
1029,467.0823669433594,577.161865234375,479.9693298339844,622.526123046875,127.63228607177734,training,12.556045532226562,0
1030,467.5736083984375,440.3894348144531,479.5011901855469,482.61456298828125,143.44337463378906,training,14.276476860046387,0
1031,467.8536682128906,358.4654541015625,478.2051086425781,395.06396484375,139.92140197753906,training,11.439764976501465,0
1032,468.4226989746094,570.1350708007812,481.3036193847656,615.4586181640625,138.4990997314453,training,12.798598289489746,0
1033,468.9833068847656,551.8311157226562,482.0433349609375,597.218994140625,129.94229125976562,training,13.574267387390137,0
1034,469.1174011230469,592.1550903320312,481.5812683105469,638.7211303710938,193.02072143554688,training,13.182783126831055,0
1035,469.44573974609375,563.454345703125,482.22003173828125,609.0878295898438,121.67579650878906,training,13.34829330444336,0
1036,470.7896423339844,408.3061218261719,482.0403747558594,448.548828125,178.73724365234375,training,13.432998657226562,0
1037,471.3486633300781,450.0596008300781,483.1267395019531,492.97119140625,179.9472198486328,training,14.643805503845215,0
1038,472.09716796875,291.5027770996094,480.93011474609375,322.43902587890625,157.73394775390625,training,8.122261047363281,0
1039,472.15478515625,341.4197692871094,481.7416687011719,377.11346435546875,152.53196716308594,training,11.102310180664062,0
1040,473.0682678222656,464.66790771484375,484.5079650878906,508.339111328125,196.00509643554688,training,14.838520050048828,0
1041,473.09295654296875,456.3814697265625,485.4464111328125,499.6367492675781,159.6339569091797,training,14.909089088439941,0
1042,473.6510314941406,346.97601318359375,483.9591979980469,383.22735595703125,161.72508239746094,training,11.63541316986084,0
1043,474.1986389160156,448.1836242675781,486.21185302734375,491.15155029296875,81.80464172363281,training,14.87663459777832,0
1044,474.8772277832031,352.7946472167969,485.4247131347656,389.5502014160156,153.92530822753906,training,11.995676040649414,0
1045,474.9649658203125,516.852294921875,488.5459289550781,562.1260375976562,165.67437744140625,training,14.988631248474121,0
1046,476.27630615234375,356.3692321777344,486.7417907714844,393.1260986328125,146.5503387451172,training,11.8751859664917,0
1047,476.613525390625,441.5812683105469,489.0995178222656,484.11456298828125,156.6588592529297,training,14.855712890625,0
1048,476.6152038574219,423.6559143066406,487.55224609375,465.328369140625,210.46139526367188,training,14.342384338378906,0
1049,477.1923828125,367.7583312988281,487.8681640625,405.53997802734375,136.38548278808594,training,12.523100852966309,0
1050,478.21380615234375,460.0925598144531,490.1679992675781,504.035888671875,200.1999053955078,training,15.473312377929688,0
1051,478.2742004394531,593.4874267578125,492.31683349609375,640.6644287109375,232.71871948242188,training,14.211812973022461,0
1052,480.01556396484375,486.4012451171875,492.8647155761719,531.606689453125,163.8444366455078,heldout,15.971773147583008,0
1053,480.695068359375,331.1447448730469,490.82470703125,366.3528137207031,143.19566345214844,training,11.308731079101562,0
1054,480.8200378417969,374.9687194824219,491.5376281738281,413.503662109375,120.56533813476562,training,13.080078125,0
1055,481.4227294921875,479.8432922363281,494.5348815917969,524.8838500976562,115.5941162109375,heldout,16.139842987060547,0
1056,481.5774230957031,541.5924072265625,494.7369079589844,587.9496459960938,158.1233673095703,heldout,15.186347961425781,0
1057,482.7381896972656,334.3503112792969,492.8416748046875,370.02056884765625,145.09307861328125,training,11.675870895385742,0
1058,482.8418273925781,319.7826843261719,492.274169921875,354.435546875,240.900390625,training,11.068403244018555,0
1059,483.2265930175781,472.1348876953125,495.918701171875,517.0439453125,172.6875762939453,heldout,16.237293243408203,0
1060,483.7075500488281,451.1512145996094,496.1714172363281,494.7362365722656,96.5556869506836,heldout,15.671545028686523,0
1061,483.80487060546875,544.5805053710938,497.5032958984375,590.8400268554688,114.91300964355469,heldout,15.144489288330078,0
1062,484.24285888671875,524.3114013671875,497.5468444824219,570.8525390625,117.5584945678711,heldout,16.08184814453125,0
1063,484.4076232910156,456.58502197265625,496.73724365234375,501.0032653808594,155.41879272460938,heldout,16.27335548400879,0
1064,484.4372253417969,575.8532104492188,498.0113830566406,623.3715209960938,153.68798828125,heldout,15.222582817077637,0
1065,485.685791015625,383.17626953125,496.9562683105469,422.43994140625,160.87261962890625,training,13.71881103515625,0
1066,485.6922302246094,433.0121154785156,497.79443359375,475.560302734375,193.3339080810547,heldout,15.284717559814453,0
1067,486.2331848144531,453.8336181640625,498.763916015625,497.8215026855469,145.63653564453125,heldout,16.034875869750977,0
1068,486.3528137207031,509.120361328125,499.6655578613281,555.64453125,151.26466369628906,heldout,16.665874481201172,0
1069,486.3528137207031,509.120361328125,499.6655578613281,555.64453125,166.117431640625,heldout,16.665874481201172,0
1070,487.2995300292969,564.0462036132812,501.02490234375,611.7716064453125,117.88553619384766,heldout,15.946189880371094,0
1071,487.4624328613281,490.2720947265625,500.3094482421875,536.5361328125,146.5435028076172,heldout,17.025548934936523,0
1072,487.587158203125,391.89935302734375,498.6929626464844,431.5377197265625,174.87710571289062,training,13.767964363098145,0
1073,488.5309753417969,521.4500732421875,501.84844970703125,568.2623901367188,107.9259033203125,heldout,16.545930862426758,0
1074,488.8118896484375,337.4720458984375,498.5995178222656,374.92449951171875,148.9362335205078,training,13.3698148727417,0
1075,488.8118896484375,337.4720458984375,498.5995178222656,374.92449951171875,164.62380981445312,training,13.3698148727417,0
1076,488.9302673339844,466.3018493652344,501.6819152832031,511.3686218261719,162.64993286132812,heldout,16.738475799560547,0
1077,489.0298767089844,493.7929382324219,502.0233154296875,540.177978515625,165.96084594726562,heldout,17.078916549682617,0
1078,489.0674133300781,387.0337219238281,499.89202880859375,426.4350280761719,91.36739349365234,training,13.686455726623535,0
1079,489.6623840332031,347.87353515625,500.2080383300781,385.3226318359375,95.54056549072266,training,13.160566329956055,0
1080,489.85369873046875,422.1036071777344,501.60638427734375,463.9151306152344,214.98837280273438,heldout,14.976183891296387,0
1081,490.93536376953125,518.039794921875,504.1635437011719,564.9929809570312,133.37916564941406,heldout,16.84149932861328,0
1082,491.0238952636719,526.3446044921875,504.4806823730469,573.3803100585938,162.38226318359375,heldout,16.668373107910156,0
1083,491.3240051269531,340.1640319824219,501.8759460449219,377.2563171386719,176.92654418945312,training,13.13217544555664,0
1084,491.880126953125,460.0249938964844,504.8204650878906,504.7339782714844,115.5724868774414,heldout,16.723472595214844,0
1085,491.880126953125,460.0249938964844,504.8204650878906,504.7339782714844,123.69316864013672,heldout,16.723472595214844,0
1086,492.5686950683594,357.8301696777344,503.505859375,395.9874572753906,122.04507446289062,training,13.637837409973145,0
1087,493.041259765625,488.99346923828125,506.0310974121094,535.8414916992188,133.33792114257812,heldout,17.79255485534668,0
1088,493.5780334472656,382.8608703613281,504.587646484375,422.64593505859375,121.22293853759766,training,14.34839916229248,0
1089,494.3126525878906,492.9090576171875,507.6622619628906,539.5342407226562,166.5532989501953,heldout,17.533449172973633,0
1090,495.46661376953125,444.25897216796875,508.3550109863281,487.9742431640625,151.7201385498047,heldout,16.3984432220459,0
1091,495.75506591796875,505.103271484375,508.5669860839844,552.9080810546875,174.49928283691406,heldout,18.17529296875,0
1092,496.1400451660156,452.5603332519531,508.6047058105469,497.3921203613281,165.70455932617188,heldout,17.10365867614746,0
1093,496.17999267578125,414.13446044921875,508.2825927734375,455.5517883300781,190.87168884277344,heldout,15.09696102142334,0
1094,496.295166015625,360.11907958984375,506.9781494140625,398.9273376464844,184.58872985839844,training,14.21153736114502,0
1095,498.35992431640625,394.5600280761719,510.0351867675781,435.02783203125,157.10824584960938,training,14.835646629333496,0
1096,498.4161071777344,445.57403564453125,511.46514892578125,489.46734619140625,159.5775604248047,heldout,16.62435531616211,0
1097,498.5928955078125,440.6611022949219,511.3837585449219,484.1515808105469,132.62730407714844,heldout,16.354352951049805,0
1098,498.6439208984375,516.5676879882812,512.108154296875,564.1439819335938,159.0471649169922,heldout,17.71821403503418,0
1099,499.65020751953125,488.45855712890625,513.0819702148438,535.3275146484375,131.47242736816406,heldout,18.065326690673828,0
1100,501.35638427734375,500.1621398925781,515.135009765625,547.4817504882812,139.7640838623047,heldout,18.190479278564453,0
1101,501.5296325683594,363.57769775390625,512.5570068359375,402.7682800292969,164.0914306640625,training,14.644161224365234,0
1102,501.8036804199219,412.85791015625,513.658935546875,454.6553039550781,197.76754760742188,heldout,15.576455116271973,0
1103,502.0335388183594,472.9908447265625,514.7658081054688,519.1325073242188,166.5773162841797,heldout,17.824548721313477,0
1104,502.0335388183594,472.9908447265625,514.7658081054688,519.1325073242188,161.64466857910156,heldout,17.824548721313477,0
1105,504.0226745605469,494.5581359863281,517.127685546875,541.9356079101562,184.07606506347656,heldout,18.368532180786133,0
1106,504.22613525390625,450.2962646484375,517.2485961914062,495.0964050292969,156.45765686035156,heldout,17.448219299316406,0
1107,506.3848571777344,497.31689453125,519.5509643554688,545.1712646484375,123.51518249511719,heldout,18.799205780029297,0
1108,507.9276428222656,461.58148193359375,520.92626953125,507.3423767089844,100.94552612304688,heldout,18.046823501586914,0
1109,507.9276428222656,461.58148193359375,520.92626953125,507.3423767089844,79.17701721191406,heldout,18.046823501586914,0
1110,508.6126403808594,472.8501892089844,521.4539794921875,519.444580078125,106.18851470947266,heldout,18.436594009399414,0
1111,508.6126403808594,472.8501892089844,521.4539794921875,519.444580078125,75.62406921386719,heldout,18.436594009399414,0
1112,508.6856384277344,383.0976867675781,520.35205078125,423.9451904296875,149.04026794433594,training,15.84106731414795,0
1113,509.7879943847656,464.1124572753906,523.0399780273438,509.9203186035156,83.67198181152344,heldout,18.09493064880371,0
1114,509.8247985839844,475.9131164550781,522.9241333007812,522.30419921875,175.53631591796875,heldout,18.20277976989746,0
1115,510.88031005859375,435.8359680175781,523.5927124023438,480.06610107421875,170.7190704345703,heldout,17.492469787597656,0
1116,515.4467163085938,445.59857177734375,528.1582641601562,490.8277282714844,166.04518127441406,heldout,18.210052490234375,0
1117,515.5772094726562,460.8001403808594,528.5986938476562,506.8710632324219,213.40806579589844,heldout,18.54684829711914,0
