match_id,source_x_working_px,source_y_working_px,target_x_working_px,target_y_working_px,source_x_native_px,source_y_native_px,target_x_native_px,target_y_native_px,descriptor_source,descriptor_distance,ratio,verification_state,population,residual_target_working_px,source_product_id,target_product_id
1,464.0345458984375,446.21258544921875,473.03326416015625,440.21685791015625,464.0345458984375,446.21258544921875,473.03326416015625,440.21685791015625,AKAZE:intensity,0.0,0.0,ROBUST_MODEL_INLIER,FIT,0.003843276731306437,SYNTHETIC_SOURCE,SYNTHETIC_TARGET
2,479.4700622558594,336.4883117675781,488.45355224609375,330.49237060546875,479.4700622558594,336.4883117675781,488.45355224609375,330.49237060546875,AKAZE:intensity,0.0,0.0,ROBUST_MODEL_INLIER,FIT,0.016295643764519134,SYNTHETIC_SOURCE,SYNTHETIC_TARGET
3,533.3209228515625,144.0408935546875,542.3229370117188,138.0324249267578,533.3209228515625,144.0408935546875,542.3229370117188,138.0324249267578,AKAZE:intensity,0.0,0.0,ROBUST_MODEL_INLIER,FIT,0.00933350329806693,SYNTHETIC_SOURCE,SYNTHETIC_TARGET
4,257.1258239746094,490.9096984863281,266.119140625,484.91522216796875,257.1258239746094,490.9096984863281,266.119140625,484.91522216796875,AKAZE:intensity,0.0,0.0,ROBUST_MODEL_INLIER,FIT,0.007889015297947772,SYNTHETIC_SOURCE,SYNTHETIC_TARGET
5,142.1977081298828,527.719482421875,151.205810546875,521.710693359375,142.1977081298828,527.719482421875,151.205810546875,521.710693359375,AKAZE:intensity,0.0,0.0,ROBUST_MODEL_INLIER,FIT,0.012727193050441852,SYNTHETIC_SOURCE,SYNTHETIC_TARGET
6,212.5152587890625,320.9631652832031,221.50563049316406,314.9738464355469,212.5152587890625,320.9631652832031,221.50563049316406,314.9738464355469,AKAZE:intensity,0.0,0.0,ROBUST_MODEL_INLIER,FIT,0.013609479827674222,SYNTHETIC_SOURCE,SYNTHETIC_TARGET
7,287.09576416015625,306.9282531738281,296.10101318359375,300.91412353515625,287.09576416015625,306.9282531738281,296.10101318359375,300.91412353515625,AKAZE:intensity,0.0,0.0,ROBUST_MODEL_INLIER,FIT,0.01574851923937533,SYNTHETIC_SOURCE,SYNTHETIC_TARGET
8,519.7057495117188,96.68592834472656,528.6915893554688,90.6972885131836,519.7057495117188,96.68592834472656,528.6915893554688,90.6972885131836,AKAZE:intensity,0.0,0.0,ROBUST_MODEL_INLIER,FIT,0.01737225197007592,SYNTHETIC_SOURCE,SYNTHETIC_TARGET
9,338.3033752441406,381.60357666015625,347.29351806640625,375.5858154296875,338.3033752441406,381.60357666015625,347.29351806640625,375.5858154296875,AKAZE:intensity,0.0,0.0,ROBUST_MODEL_INLIER,FIT,0.02045845722985157,SYNTHETIC_SOURCE,SYNTHETIC_TARGET
10,477.1077575683594,441.1272888183594,486.0965270996094,435.1609191894531,477.1077575683594,441.1272888183594,486.0965270996094,435.1609191894531,AKAZE:intensity,0.0,0.0,ROBUST_MODEL_INLIER,FIT,0.03480208339004189,SYNTHETIC_SOURCE,SYNTHETIC_TARGET
11,255.36483764648438,198.7980499267578,264.36700439453125,192.79226684570312,255.36483764648438,198.7980499267578,264.36700439453125,192.79226684570312,AKAZE:intensity,0.0,0.0,ROBUST_MODEL_INLIER,FIT,0.006858736574402467,SYNTHETIC_SOURCE,SYNTHETIC_TARGET
12,546.2659301757812,123.05743408203125,555.2722778320312,117.07634735107422,546.2659301757812,123.05743408203125,555.2722778320312,117.07634735107422,AKAZE:intensity,0.0,0.0,ROBUST_MODEL_INLIER,FIT,0.019695025968245346,SYNTHETIC_SOURCE,SYNTHETIC_TARGET
13,157.716064453125,203.74424743652344,166.7179412841797,197.76443481445312,157.716064453125,203.74424743652344,166.7179412841797,197.76443481445312,AKAZE:intensity,0.0,0.0,ROBUST_MODEL_INLIER,FIT,0.019855490106439447,SYNTHETIC_SOURCE,SYNTHETIC_TARGET
14,51.073097229003906,391.8235168457031,60.08112716674805,385.8255310058594,51.073097229003906,391.8235168457031,60.08112716674805,385.8255310058594,AKAZE:intensity,0.0,0.0,ROBUST_MODEL_INLIER,FIT,0.008773990297406708,SYNTHETIC_SOURCE,SYNTHETIC_TARGET
15,125.31958770751953,217.74566650390625,134.3277130126953,211.73828125,125.31958770751953,217.74566650390625,134.3277130126953,211.73828125,AKAZE:intensity,0.0,0.0,ROBUST_MODEL_INLIER,HELD_OUT,0.011760282926264288,SYNTHETIC_SOURCE,SYNTHETIC_TARGET
16,565.3429565429688,149.6123046875,574.3353271484375,143.61428833007812,565.3429565429688,149.6123046875,574.3353271484375,143.61428833007812,AKAZE:intensity,0.0,0.0,ROBUST_MODEL_INLIER,FIT,0.00717656392006722,SYNTHETIC_SOURCE,SYNTHETIC_TARGET
17,469.97674560546875,473.55743408203125,478.9879150390625,467.5221862792969,469.97674560546875,473.55743408203125,478.9879150390625,467.5221862792969,AKAZE:intensity,0.0,0.0,ROBUST_MODEL_INLIER,FIT,0.037627530305159695,SYNTHETIC_SOURCE,SYNTHETIC_TARGET
18,475.3301086425781,345.6900939941406,484.32623291015625,339.7048034667969,475.3301086425781,345.6900939941406,484.32623291015625,339.7048034667969,AKAZE:intensity,0.0,0.0,ROBUST_MODEL_INLIER,FIT,0.014591264412996272,SYNTHETIC_SOURCE,SYNTHETIC_TARGET
19,233.31893920898438,285.95166015625,242.31204223632812,279.93902587890625,233.31893920898438,285.95166015625,242.31204223632812,279.93902587890625,AKAZE:intensity,0.0,0.0,ROBUST_MODEL_INLIER,FIT,0.014550709564237218,SYNTHETIC_SOURCE,SYNTHETIC_TARGET
20,254.69491577148438,198.8901824951172,263.698974609375,192.88238525390625,254.69491577148438,198.8901824951172,263.698974609375,192.88238525390625,AKAZE:intensity,0.0,0.0,ROBUST_MODEL_INLIER,FIT,0.009510584240722203,SYNTHETIC_SOURCE,SYNTHETIC_TARGET
21,84.4492416381836,368.90289306640625,93.44979858398438,362.904541015625,84.4492416381836,368.90289306640625,93.44979858398438,362.904541015625,AKAZE:intensity,0.0,0.0,ROBUST_MODEL_INLIER,FIT,0.0016454218097704033,SYNTHETIC_SOURCE,SYNTHETIC_TARGET
22,252.70823669433594,211.35110473632812,261.7105712890625,205.35032653808594,252.70823669433594,211.35110473632812,261.7105712890625,205.35032653808594,AKAZE:intensity,0.0,0.0,ROBUST_MODEL_INLIER,FIT,0.003205725962959794,SYNTHETIC_SOURCE,SYNTHETIC_TARGET
23,45.00715637207031,366.7067565917969,54.00361251831055,360.71893310546875,45.00715637207031,366.7067565917969,54.00361251831055,360.71893310546875,AKAZE:intensity,0.0,0.0,ROBUST_MODEL_INLIER,HELD_OUT,0.012050734927344979,SYNTHETIC_SOURCE,SYNTHETIC_TARGET
24,204.5057830810547,314.7374572753906,213.50341796875,308.74212646484375,204.5057830810547,314.7374572753906,213.50341796875,308.74212646484375,AKAZE:intensity,0.0,0.0,ROBUST_MODEL_INLIER,HELD_OUT,0.004534223049793684,SYNTHETIC_SOURCE,SYNTHETIC_TARGET
25,221.7119598388672,131.669189453125,230.7097625732422,125.67205810546875,221.7119598388672,131.669189453125,230.7097625732422,125.67205810546875,AKAZE:intensity,0.0,0.0,ROBUST_MODEL_INLIER,FIT,0.002860850011049308,SYNTHETIC_SOURCE,SYNTHETIC_TARGET
26,545.18212890625,374.362548828125,554.1815185546875,368.3498229980469,545.18212890625,374.362548828125,554.1815185546875,368.3498229980469,AKAZE:intensity,0.0,0.0,ROBUST_MODEL_INLIER,HELD_OUT,0.013214111328125,SYNTHETIC_SOURCE,SYNTHETIC_TARGET
27,382.5673828125,173.96536254882812,391.5587463378906,167.9567413330078,382.5673828125,173.96536254882812,391.5587463378906,167.9567413330078,AKAZE:intensity,0.0,0.0,ROBUST_MODEL_INLIER,FIT,0.012140905569092038,SYNTHETIC_SOURCE,SYNTHETIC_TARGET
28,337.7052001953125,69.376708984375,346.70556640625,63.364219665527344,337.7052001953125,69.376708984375,346.70556640625,63.364219665527344,AKAZE:intensity,0.0,0.0,ROBUST_MODEL_INLIER,FIT,0.01301429132189278,SYNTHETIC_SOURCE,SYNTHETIC_TARGET
29,257.396240234375,463.2620544433594,266.38653564453125,457.2328186035156,257.396240234375,463.2620544433594,266.38653564453125,457.2328186035156,AKAZE:intensity,0.0,0.0,ROBUST_MODEL_INLIER,FIT,0.03108421697119081,SYNTHETIC_SOURCE,SYNTHETIC_TARGET
30,546.9909057617188,237.3727264404297,556.0025634765625,231.3893280029297,546.9909057617188,237.3727264404297,556.0025634765625,231.3893280029297,AKAZE:intensity,0.0,0.0,ROBUST_MODEL_INLIER,FIT,0.020251994617562028,SYNTHETIC_SOURCE,SYNTHETIC_TARGET
31,517.2982177734375,452.1888122558594,526.297607421875,446.19842529296875,517.2982177734375,452.1888122558594,526.297607421875,446.19842529296875,AKAZE:intensity,0.0,0.0,ROBUST_MODEL_INLIER,FIT,0.009124755859375,SYNTHETIC_SOURCE,SYNTHETIC_TARGET
32,502.4225158691406,334.69134521484375,511.4417724609375,328.68475341796875,502.4225158691406,334.69134521484375,511.4417724609375,328.68475341796875,AKAZE:intensity,0.0,0.0,ROBUST_MODEL_INLIER,FIT,0.02109082607914441,SYNTHETIC_SOURCE,SYNTHETIC_TARGET
33,275.0218505859375,284.2962646484375,284.0353088378906,278.3021240234375,275.0218505859375,284.2962646484375,284.0353088378906,278.3021240234375,AKAZE:intensity,0.0,0.0,ROBUST_MODEL_INLIER,FIT,0.015059025630868193,SYNTHETIC_SOURCE,SYNTHETIC_TARGET
34,481.0379638671875,236.20816040039062,490.0457763671875,230.2004852294922,481.0379638671875,236.20816040039062,490.0457763671875,230.2004852294922,AKAZE:intensity,0.0,0.0,ROBUST_MODEL_INLIER,FIT,0.011729722052279736,SYNTHETIC_SOURCE,SYNTHETIC_TARGET
35,459.6285400390625,313.3583984375,468.6189270019531,307.3511962890625,459.6285400390625,313.3583984375,468.6189270019531,307.3511962890625,AKAZE:intensity,0.0,0.0,ROBUST_MODEL_INLIER,FIT,0.011840230396166005,SYNTHETIC_SOURCE,SYNTHETIC_TARGET
36,435.49359130859375,314.52001953125,444.50738525390625,308.5377502441406,435.49359130859375,314.52001953125,444.50738525390625,308.5377502441406,AKAZE:intensity,0.0,0.0,ROBUST_MODEL_INLIER,FIT,0.022467425694653157,SYNTHETIC_SOURCE,SYNTHETIC_TARGET
37,188.28086853027344,250.20602416992188,197.27459716796875,244.20364379882812,188.28086853027344,250.20602416992188,197.27459716796875,244.20364379882812,AKAZE:intensity,0.0,0.0,ROBUST_MODEL_INLIER,FIT,0.006346353984175847,SYNTHETIC_SOURCE,SYNTHETIC_TARGET
38,143.96920776367188,538.5625610351562,152.96849060058594,532.5647583007812,143.96920776367188,538.5625610351562,152.96849060058594,532.5647583007812,AKAZE:intensity,0.0,0.0,ROBUST_MODEL_INLIER,HELD_OUT,0.0017123189818293728,SYNTHETIC_SOURCE,SYNTHETIC_TARGET
39,524.2886352539062,449.69580078125,533.2860107421875,443.6686706542969,524.2886352539062,449.69580078125,533.2860107421875,443.6686706542969,AKAZE:intensity,0.0,0.0,ROBUST_MODEL_INLIER,FIT,0.02769175532192691,SYNTHETIC_SOURCE,SYNTHETIC_TARGET
40,520.9998779296875,398.9716491699219,529.9771728515625,392.9577941894531,520.9998779296875,398.9716491699219,529.9771728515625,392.9577941894531,AKAZE:intensity,0.0,0.0,ROBUST_MODEL_INLIER,FIT,0.026342097460228985,SYNTHETIC_SOURCE,SYNTHETIC_TARGET
41,547.82177734375,236.88941955566406,556.8219604492188,230.90621948242188,547.82177734375,236.88941955566406,556.8219604492188,230.90621948242188,AKAZE:intensity,0.0,0.0,ROBUST_MODEL_INLIER,HELD_OUT,0.016330932405499075,SYNTHETIC_SOURCE,SYNTHETIC_TARGET
42,298.28790283203125,186.76756286621094,307.28094482421875,180.76710510253906,298.28790283203125,186.76756286621094,307.28094482421875,180.76710510253906,AKAZE:intensity,0.0,0.0,ROBUST_MODEL_INLIER,FIT,0.00641776759180087,SYNTHETIC_SOURCE,SYNTHETIC_TARGET
43,60.34474563598633,595.4258422851562,69.30659484863281,589.4171752929688,60.34474563598633,595.4258422851562,69.30659484863281,589.4171752929688,AKAZE:intensity,0.0,0.0,ROBUST_MODEL_INLIER,FIT,0.038640695530680606,SYNTHETIC_SOURCE,SYNTHETIC_TARGET
44,552.1098022460938,132.98301696777344,561.111572265625,126.98361206054688,552.1098022460938,132.98301696777344,561.111572265625,126.98361206054688,AKAZE:intensity,0.0,0.0,ROBUST_MODEL_INLIER,HELD_OUT,0.0023827663010668105,SYNTHETIC_SOURCE,SYNTHETIC_TARGET
45,128.9581756591797,569.0521240234375,137.9936065673828,563.0294799804688,128.9581756591797,569.0521240234375,137.9936065673828,563.0294799804688,AKAZE:intensity,0.0,0.0,ROBUST_MODEL_INLIER,FIT,0.042826123210659955,SYNTHETIC_SOURCE,SYNTHETIC_TARGET
46,358.63421630859375,248.47354125976562,367.6382141113281,242.48794555664062,358.63421630859375,248.47354125976562,367.6382141113281,242.48794555664062,AKAZE:intensity,0.0,0.0,ROBUST_MODEL_INLIER,FIT,0.014659146526965738,SYNTHETIC_SOURCE,SYNTHETIC_TARGET
47,499.25152587890625,113.1438980102539,508.2586669921875,107.14623260498047,499.25152587890625,113.1438980102539,508.2586669921875,107.14623260498047,AKAZE:intensity,0.0,0.0,ROBUST_MODEL_INLIER,HELD_OUT,0.007968317305280238,SYNTHETIC_SOURCE,SYNTHETIC_TARGET
48,461.5785827636719,395.0177001953125,470.5697021484375,389.03070068359375,461.5785827636719,395.0177001953125,470.5697021484375,389.03070068359375,AKAZE:intensity,0.0,0.0,ROBUST_MODEL_INLIER,FIT,0.014998419449901957,SYNTHETIC_SOURCE,SYNTHETIC_TARGET
49,558.6405639648438,40.66322326660156,567.63720703125,34.639808654785156,558.6405639648438,40.66322326660156,567.63720703125,34.639808654785156,AKAZE:intensity,0.0,0.0,ROBUST_MODEL_INLIER,FIT,0.024060174766581337,SYNTHETIC_SOURCE,SYNTHETIC_TARGET
50,229.2706298828125,282.0080871582031,238.26849365234375,276.0233459472656,229.2706298828125,282.0080871582031,238.26849365234375,276.0233459472656,AKAZE:intensity,0.0,0.0,ROBUST_MODEL_INLIER,FIT,0.014849114703431388,SYNTHETIC_SOURCE,SYNTHETIC_TARGET
51,536.0323486328125,128.61373901367188,545.0424194335938,122.66526794433594,536.0323486328125,128.61373901367188,545.0424194335938,122.66526794433594,AKAZE:intensity,0.0,0.0,ROBUST_MODEL_INLIER,FIT,0.0521462837410264,SYNTHETIC_SOURCE,SYNTHETIC_TARGET
52,303.7879333496094,454.33050537109375,312.7906799316406,448.32183837890625,303.7879333496094,454.33050537109375,312.7906799316406,448.32183837890625,AKAZE:intensity,0.0,0.0,ROBUST_MODEL_INLIER,FIT,0.009751309392499059,SYNTHETIC_SOURCE,SYNTHETIC_TARGET
53,238.58883666992188,132.56468200683594,247.59898376464844,126.56302642822266,238.58883666992188,132.56468200683594,247.59898376464844,126.56302642822266,AKAZE:intensity,0.0,0.0,ROBUST_MODEL_INLIER,FIT,0.010968992012735393,SYNTHETIC_SOURCE,SYNTHETIC_TARGET
54,483.3446044921875,456.24365234375,492.3842468261719,450.2003479003906,483.3446044921875,456.24365234375,492.3842468261719,450.2003479003906,AKAZE:intensity,0.0,0.0,ROBUST_MODEL_INLIER,FIT,0.059481773867699664,SYNTHETIC_SOURCE,SYNTHETIC_TARGET
55,265.6170959472656,515.2412109375,274.62689208984375,509.2309875488281,265.6170959472656,515.2412109375,274.62689208984375,509.2309875488281,AKAZE:intensity,0.0,0.0,ROBUST_MODEL_INLIER,HELD_OUT,0.01493435612318335,SYNTHETIC_SOURCE,SYNTHETIC_TARGET
56,109.046875,60.10691833496094,118.04971313476562,54.10460662841797,109.046875,60.10691833496094,118.04971313476562,54.10460662841797,AKAZE:intensity,0.0,0.0,ROBUST_MODEL_INLIER,FIT,0.004442070417726295,SYNTHETIC_SOURCE,SYNTHETIC_TARGET
57,103.67877960205078,513.1527099609375,112.67310333251953,507.1596984863281,103.67877960205078,513.1527099609375,112.67310333251953,507.1596984863281,AKAZE:intensity,0.0,0.0,ROBUST_MODEL_INLIER,HELD_OUT,0.008241158823480699,SYNTHETIC_SOURCE,SYNTHETIC_TARGET
58,248.28541564941406,100.89472961425781,257.2800598144531,94.8791275024414,248.28541564941406,100.89472961425781,257.2800598144531,94.8791275024414,AKAZE:intensity,0.0,0.0,ROBUST_MODEL_INLIER,FIT,0.016775588267369353,SYNTHETIC_SOURCE,SYNTHETIC_TARGET
59,141.57968139648438,546.8690185546875,150.55247497558594,540.8396606445312,141.57968139648438,546.8690185546875,150.55247497558594,540.8396606445312,AKAZE:intensity,0.0,0.0,ROBUST_MODEL_INLIER,FIT,0.039976818852686447,SYNTHETIC_SOURCE,SYNTHETIC_TARGET
60,424.9458312988281,76.27689361572266,433.94598388671875,70.2483139038086,424.9458312988281,76.27689361572266,433.94598388671875,70.2483139038086,AKAZE:intensity,0.0,0.0,ROBUST_MODEL_INLIER,HELD_OUT,0.029078003769088395,SYNTHETIC_SOURCE,SYNTHETIC_TARGET
61,349.1107482910156,213.79135131835938,358.0809326171875,207.8140411376953,349.1107482910156,213.79135131835938,358.0809326171875,207.8140411376953,AKAZE:intensity,0.0,0.0,ROBUST_MODEL_INLIER,FIT,0.036685952925068537,SYNTHETIC_SOURCE,SYNTHETIC_TARGET
62,130.48976135253906,52.79008865356445,139.464599609375,46.779808044433594,130.48976135253906,52.79008865356445,139.464599609375,46.779808044433594,AKAZE:intensity,0.0,0.0,ROBUST_MODEL_INLIER,FIT,0.02680932355745365,SYNTHETIC_SOURCE,SYNTHETIC_TARGET
63,199.0049591064453,108.5840835571289,207.9874725341797,102.59090423583984,199.0049591064453,108.5840835571289,207.9874725341797,102.59090423583984,AKAZE:intensity,0.0,0.0,ROBUST_MODEL_INLIER,FIT,0.018025151395310735,SYNTHETIC_SOURCE,SYNTHETIC_TARGET
64,569.7833862304688,174.82208251953125,578.7753295898438,168.8411102294922,569.7833862304688,174.82208251953125,578.7753295898438,168.8411102294922,AKAZE:intensity,0.0,0.0,ROBUST_MODEL_INLIER,FIT,0.019978929844469667,SYNTHETIC_SOURCE,SYNTHETIC_TARGET
65,47.98322296142578,547.9979858398438,56.97928237915039,542.0022583007812,47.98322296142578,547.9979858398438,56.97928237915039,542.0022583007812,AKAZE:intensity,0.0,0.0,ROBUST_MODEL_INLIER,FIT,0.005040878148534003,SYNTHETIC_SOURCE,SYNTHETIC_TARGET
66,120.91912078857422,483.597900390625,129.91372680664062,477.5582275390625,120.91912078857422,483.597900390625,129.91372680664062,477.5582275390625,AKAZE:intensity,0.0,0.0,ROBUST_MODEL_INLIER,FIT,0.040445020809866256,SYNTHETIC_SOURCE,SYNTHETIC_TARGET
67,276.5858459472656,284.1566162109375,285.5966796875,278.1617736816406,276.5858459472656,284.1566162109375,285.5966796875,278.1617736816406,AKAZE:intensity,0.0,0.0,ROBUST_MODEL_INLIER,FIT,0.012359958220175155,SYNTHETIC_SOURCE,SYNTHETIC_TARGET
68,53.847591400146484,185.8013153076172,62.852413177490234,179.77793884277344,53.847591400146484,185.8013153076172,62.852413177490234,179.77793884277344,AKAZE:intensity,0.0,0.0,ROBUST_MODEL_INLIER,FIT,0.024475173759817778,SYNTHETIC_SOURCE,SYNTHETIC_TARGET
69,338.67156982421875,219.85220336914062,347.65716552734375,213.85269165039062,338.67156982421875,219.85220336914062,347.65716552734375,213.85269165039062,AKAZE:intensity,0.0,0.0,ROBUST_MODEL_INLIER,FIT,0.0137939453125,SYNTHETIC_SOURCE,SYNTHETIC_TARGET
70,174.1444091796875,74.44091033935547,183.14793395996094,68.46623229980469,174.1444091796875,74.44091033935547,183.14793395996094,68.46623229980469,AKAZE:intensity,0.0,0.0,ROBUST_MODEL_INLIER,FIT,0.025175602035905593,SYNTHETIC_SOURCE,SYNTHETIC_TARGET
71,223.3707733154297,37.03818893432617,232.35675048828125,31.050668716430664,223.3707733154297,37.03818893432617,232.35675048828125,31.050668716430664,AKAZE:intensity,0.0,0.0,ROBUST_MODEL_INLIER,FIT,0.01799140333844629,SYNTHETIC_SOURCE,SYNTHETIC_TARGET
72,499.0987854003906,502.75067138671875,508.1009216308594,496.75445556640625,499.0987854003906,502.75067138671875,508.1009216308594,496.75445556640625,AKAZE:intensity,0.0,0.0,ROBUST_MODEL_INLIER,FIT,0.004290298283884271,SYNTHETIC_SOURCE,SYNTHETIC_TARGET
73,209.20672607421875,332.845458984375,218.19296264648438,326.84014892578125,209.20672607421875,332.845458984375,218.19296264648438,326.84014892578125,AKAZE:intensity,0.0,0.0,ROBUST_MODEL_INLIER,FIT,0.014374427213867155,SYNTHETIC_SOURCE,SYNTHETIC_TARGET
74,421.486328125,470.1341552734375,430.4873352050781,464.13836669921875,421.486328125,470.1341552734375,430.4873352050781,464.13836669921875,AKAZE:intensity,0.0,0.0,ROBUST_MODEL_INLIER,FIT,0.004059296775633886,SYNTHETIC_SOURCE,SYNTHETIC_TARGET
75,293.6069030761719,317.4603271484375,302.6163330078125,311.4437255859375,293.6069030761719,317.4603271484375,302.6163330078125,311.4437255859375,AKAZE:intensity,0.0,0.0,ROBUST_MODEL_INLIER,HELD_OUT,0.01982094967952767,SYNTHETIC_SOURCE,SYNTHETIC_TARGET
76,403.1554870605469,473.4841613769531,412.1921081542969,467.45166015625,403.1554870605469,473.4841613769531,412.1921081542969,467.45166015625,AKAZE:intensity,0.0,0.0,ROBUST_MODEL_INLIER,FIT,0.04974422337490974,SYNTHETIC_SOURCE,SYNTHETIC_TARGET
77,470.8420715332031,316.8659973144531,479.81695556640625,310.84332275390625,470.8420715332031,316.8659973144531,479.81695556640625,310.84332275390625,AKAZE:intensity,0.0,0.0,ROBUST_MODEL_INLIER,FIT,0.03372005958064564,SYNTHETIC_SOURCE,SYNTHETIC_TARGET
78,185.31976318359375,274.58502197265625,194.33709716796875,268.573974609375,185.31976318359375,274.58502197265625,194.33709716796875,268.573974609375,AKAZE:intensity,0.0,0.0,ROBUST_MODEL_INLIER,FIT,0.021332376496518434,SYNTHETIC_SOURCE,SYNTHETIC_TARGET
79,201.87442016601562,154.10069274902344,210.8968048095703,148.12127685546875,201.87442016601562,154.10069274902344,210.8968048095703,148.12127685546875,AKAZE:intensity,0.0,0.0,ROBUST_MODEL_INLIER,FIT,0.030538696611349243,SYNTHETIC_SOURCE,SYNTHETIC_TARGET
80,203.73178100585938,162.1607666015625,212.75460815429688,156.15545654296875,203.73178100585938,162.1607666015625,212.75460815429688,156.15545654296875,AKAZE:intensity,0.0,0.0,ROBUST_MODEL_INLIER,FIT,0.0241440914344197,SYNTHETIC_SOURCE,SYNTHETIC_TARGET
81,67.3068618774414,565.6887817382812,76.29339599609375,559.5641479492188,67.3068618774414,565.6887817382812,76.29339599609375,559.5641479492188,AKAZE:intensity,0.0,0.0,ROBUST_MODEL_INLIER,FIT,0.12578075021776278,SYNTHETIC_SOURCE,SYNTHETIC_TARGET
82,355.0057067871094,431.8130187988281,364.01416015625,425.8251953125,355.0057067871094,431.8130187988281,364.01416015625,425.8251953125,AKAZE:intensity,0.0,0.0,ROBUST_MODEL_INLIER,FIT,0.014790733928106025,SYNTHETIC_SOURCE,SYNTHETIC_TARGET
83,425.5433654785156,320.3463439941406,434.54901123046875,314.3542785644531,425.5433654785156,320.3463439941406,434.54901123046875,314.3542785644531,AKAZE:intensity,0.0,0.0,ROBUST_MODEL_INLIER,FIT,0.009725536077796566,SYNTHETIC_SOURCE,SYNTHETIC_TARGET
84,191.39065551757812,96.82324981689453,200.3789825439453,90.82814025878906,191.39065551757812,96.82324981689453,200.3789825439453,90.82814025878906,AKAZE:intensity,0.0,0.0,ROBUST_MODEL_INLIER,FIT,0.011906327116740284,SYNTHETIC_SOURCE,SYNTHETIC_TARGET
85,533.56103515625,374.8776550292969,542.5640258789062,368.8760681152344,533.56103515625,374.8776550292969,542.5640258789062,368.8760681152344,AKAZE:intensity,0.0,0.0,ROBUST_MODEL_INLIER,FIT,0.004156220773006157,SYNTHETIC_SOURCE,SYNTHETIC_TARGET
86,140.12742614746094,285.8826599121094,149.15518188476562,279.8673400878906,140.12742614746094,285.8826599121094,149.15518188476562,279.8673400878906,AKAZE:intensity,0.0,0.0,ROBUST_MODEL_INLIER,FIT,0.03247354609728205,SYNTHETIC_SOURCE,SYNTHETIC_TARGET
87,189.2811737060547,91.51714324951172,198.27821350097656,85.54593658447266,189.2811737060547,91.51714324951172,198.27821350097656,85.54593658447266,AKAZE:intensity,0.0,0.0,ROBUST_MODEL_INLIER,FIT,0.02840242731042458,SYNTHETIC_SOURCE,SYNTHETIC_TARGET
88,49.0224609375,539.0999145507812,57.98616409301758,533.10498046875,49.0224609375,539.0999145507812,57.98616409301758,533.10498046875,AKAZE:intensity,0.0,0.0,ROBUST_MODEL_INLIER,HELD_OUT,0.035978890128136,SYNTHETIC_SOURCE,SYNTHETIC_TARGET
89,325.5880432128906,475.7702331542969,334.58209228515625,469.76983642578125,325.5880432128906,475.7702331542969,334.58209228515625,469.76983642578125,AKAZE:intensity,0.0,0.0,ROBUST_MODEL_INLIER,HELD_OUT,0.0054134089197889574,SYNTHETIC_SOURCE,SYNTHETIC_TARGET
90,537.1353149414062,123.153076171875,546.177978515625,117.14458465576172,537.1353149414062,123.153076171875,546.177978515625,117.14458465576172,AKAZE:intensity,0.0,0.0,ROBUST_MODEL_INLIER,FIT,0.044195807642883125,SYNTHETIC_SOURCE,SYNTHETIC_TARGET
91,524.75634765625,327.96795654296875,533.75537109375,321.9757995605469,524.75634765625,327.96795654296875,533.75537109375,321.9757995605469,AKAZE:intensity,0.0,0.0,ROBUST_MODEL_INLIER,FIT,0.007363847968758334,SYNTHETIC_SOURCE,SYNTHETIC_TARGET
92,169.55502319335938,85.12089538574219,178.56459045410156,79.10212707519531,169.55502319335938,85.12089538574219,178.56459045410156,79.10212707519531,AKAZE:intensity,0.0,0.0,ROBUST_MODEL_INLIER,FIT,0.021780728175522505,SYNTHETIC_SOURCE,SYNTHETIC_TARGET
93,522.3740234375,77.96537780761719,531.3490600585938,71.97455596923828,522.3740234375,77.96537780761719,531.3490600585938,71.97455596923828,AKAZE:intensity,0.0,0.0,ROBUST_MODEL_INLIER,FIT,0.02585699057642547,SYNTHETIC_SOURCE,SYNTHETIC_TARGET
94,144.1647491455078,66.32148742675781,153.2013397216797,60.29682159423828,144.1647491455078,66.32148742675781,153.2013397216797,60.29682159423828,AKAZE:intensity,0.0,0.0,ROBUST_MODEL_INLIER,HELD_OUT,0.04490699793828032,SYNTHETIC_SOURCE,SYNTHETIC_TARGET
95,148.06439208984375,298.7008361816406,157.08709716796875,292.6665344238281,148.06439208984375,298.7008361816406,157.08709716796875,292.6665344238281,AKAZE:intensity,0.0,0.0,ROBUST_MODEL_INLIER,HELD_OUT,0.04188025882779418,SYNTHETIC_SOURCE,SYNTHETIC_TARGET
96,466.34088134765625,491.7536315917969,475.3603515625,485.77081298828125,466.34088134765625,491.7536315917969,475.3603515625,485.77081298828125,AKAZE:intensity,0.0,0.0,ROBUST_MODEL_INLIER,FIT,0.026113009084054995,SYNTHETIC_SOURCE,SYNTHETIC_TARGET
97,83.14895629882812,92.5509262084961,92.14154815673828,86.5492935180664,83.14895629882812,92.5509262084961,92.14154815673828,86.5492935180664,AKAZE:intensity,0.0,0.0,ROBUST_MODEL_INLIER,HELD_OUT,0.007120988479114457,SYNTHETIC_SOURCE,SYNTHETIC_TARGET
98,232.87274169921875,298.5789794921875,241.8676300048828,292.5849609375,232.87274169921875,298.5789794921875,241.8676300048828,292.5849609375,AKAZE:intensity,0.0,0.0,ROBUST_MODEL_INLIER,FIT,0.007101896801666405,SYNTHETIC_SOURCE,SYNTHETIC_TARGET
99,495.406005859375,42.93483352661133,504.4543151855469,36.931732177734375,495.406005859375,42.93483352661133,504.4543151855469,36.931732177734375,AKAZE:intensity,0.0,0.0,ROBUST_MODEL_INLIER,FIT,0.0490512009443544,SYNTHETIC_SOURCE,SYNTHETIC_TARGET
100,329.7028503417969,526.1516723632812,338.7076110839844,520.146484375,329.7028503417969,526.1516723632812,338.7076110839844,520.146484375,AKAZE:intensity,0.0,0.0,ROBUST_MODEL_INLIER,HELD_OUT,0.007814645472616538,SYNTHETIC_SOURCE,SYNTHETIC_TARGET
101,490.6947021484375,417.3203430175781,499.683837890625,411.3276672363281,490.6947021484375,417.3203430175781,499.683837890625,411.3276672363281,AKAZE:intensity,0.0,0.0,ROBUST_MODEL_INLIER,HELD_OUT,0.012323661586058557,SYNTHETIC_SOURCE,SYNTHETIC_TARGET
102,303.74835205078125,57.00115203857422,312.74652099609375,50.9970588684082,303.74835205078125,57.00115203857422,312.74652099609375,50.9970588684082,AKAZE:intensity,0.0,0.0,ROBUST_MODEL_INLIER,FIT,0.004741288136856517,SYNTHETIC_SOURCE,SYNTHETIC_TARGET
103,459.93310546875,280.09515380859375,468.89019775390625,274.0987854003906,459.93310546875,280.09515380859375,468.89019775390625,274.0987854003906,AKAZE:intensity,0.0,0.0,ROBUST_MODEL_INLIER,FIT,0.042413999360354254,SYNTHETIC_SOURCE,SYNTHETIC_TARGET
104,349.7796936035156,480.9567565917969,358.7643737792969,474.9322204589844,349.7796936035156,480.9567565917969,358.7643737792969,474.9322204589844,AKAZE:intensity,0.0,0.0,ROBUST_MODEL_INLIER,HELD_OUT,0.029027398867215337,SYNTHETIC_SOURCE,SYNTHETIC_TARGET
105,575.6334228515625,193.3875274658203,584.6216430664062,187.39598083496094,575.6334228515625,193.3875274658203,584.6216430664062,187.39598083496094,AKAZE:intensity,0.0,0.0,ROBUST_MODEL_INLIER,FIT,0.013718559396327738,SYNTHETIC_SOURCE,SYNTHETIC_TARGET
106,92.84928894042969,508.7752990722656,101.84613800048828,502.78778076171875,92.84928894042969,508.7752990722656,101.84613800048828,502.78778076171875,AKAZE:intensity,0.0,0.0,ROBUST_MODEL_INLIER,FIT,0.012259544430272258,SYNTHETIC_SOURCE,SYNTHETIC_TARGET
107,530.6996459960938,338.4216003417969,539.6901245117188,332.42095947265625,530.6996459960938,338.4216003417969,539.6901245117188,332.42095947265625,AKAZE:intensity,0.0,0.0,ROBUST_MODEL_INLIER,FIT,0.008982386576331635,SYNTHETIC_SOURCE,SYNTHETIC_TARGET
108,184.7574462890625,280.37884521484375,193.75526428222656,274.3686828613281,184.7574462890625,280.37884521484375,193.75526428222656,274.3686828613281,AKAZE:intensity,0.0,0.0,ROBUST_MODEL_INLIER,HELD_OUT,0.010765970518688215,SYNTHETIC_SOURCE,SYNTHETIC_TARGET
109,287.082763671875,217.86911010742188,296.0787048339844,211.82240295410156,287.082763671875,217.86911010742188,296.0787048339844,211.82240295410156,AKAZE:intensity,0.0,0.0,ROBUST_MODEL_INLIER,HELD_OUT,0.04732125423354619,SYNTHETIC_SOURCE,SYNTHETIC_TARGET
110,443.13555908203125,597.5916137695312,452.142578125,591.59814453125,443.13555908203125,597.5916137695312,452.142578125,591.59814453125,AKAZE:intensity,0.0,0.0,ROBUST_MODEL_INLIER,FIT,0.009732380547876897,SYNTHETIC_SOURCE,SYNTHETIC_TARGET
111,483.3226013183594,112.7538833618164,492.3041076660156,106.72901153564453,483.3226013183594,112.7538833618164,492.3041076660156,106.72901153564453,AKAZE:intensity,0.0,0.0,ROBUST_MODEL_INLIER,HELD_OUT,0.03103139531638396,SYNTHETIC_SOURCE,SYNTHETIC_TARGET
112,466.786865234375,490.7708435058594,475.8192138671875,484.74505615234375,466.786865234375,490.7708435058594,475.8192138671875,484.74505615234375,AKAZE:intensity,0.0,0.0,ROBUST_MODEL_INLIER,FIT,0.042150962425169074,SYNTHETIC_SOURCE,SYNTHETIC_TARGET
113,523.1566162109375,338.1179504394531,532.177978515625,332.1388244628906,523.1566162109375,338.1179504394531,532.177978515625,332.1388244628906,AKAZE:intensity,0.0,0.0,ROBUST_MODEL_INLIER,FIT,0.029972922900776317,SYNTHETIC_SOURCE,SYNTHETIC_TARGET
114,571.4745483398438,256.3939514160156,580.4881591796875,250.426025390625,571.4745483398438,256.3939514160156,580.4881591796875,250.426025390625,AKAZE:intensity,0.0,0.0,ROBUST_MODEL_INLIER,FIT,0.034639548351640854,SYNTHETIC_SOURCE,SYNTHETIC_TARGET
115,313.2726745605469,458.9739074707031,322.2677307128906,452.9660339355469,313.2726745605469,458.9739074707031,322.2677307128906,452.9660339355469,AKAZE:intensity,0.0,0.0,ROBUST_MODEL_INLIER,FIT,0.009418023253654567,SYNTHETIC_SOURCE,SYNTHETIC_TARGET
116,85.96878051757812,475.5912780761719,94.96326446533203,469.59088134765625,85.96878051757812,475.5912780761719,94.96326446533203,469.59088134765625,AKAZE:intensity,0.0,0.0,ROBUST_MODEL_INLIER,HELD_OUT,0.004984891321008293,SYNTHETIC_SOURCE,SYNTHETIC_TARGET
117,437.9594421386719,327.6313781738281,446.9912109375,321.6428527832031,437.9594421386719,327.6313781738281,446.9912109375,321.6428527832031,AKAZE:intensity,0.0,0.0,ROBUST_MODEL_INLIER,FIT,0.03419223282689911,SYNTHETIC_SOURCE,SYNTHETIC_TARGET
118,113.2442398071289,521.2988891601562,122.2327880859375,515.29443359375,113.2442398071289,521.2988891601562,122.2327880859375,515.29443359375,AKAZE:intensity,0.0,0.0,ROBUST_MODEL_INLIER,HELD_OUT,0.011915407046290087,SYNTHETIC_SOURCE,SYNTHETIC_TARGET
119,476.5340576171875,382.3185119628906,485.51019287109375,376.3248291015625,476.5340576171875,382.3185119628906,485.51019287109375,376.3248291015625,AKAZE:intensity,0.0,0.0,ROBUST_MODEL_INLIER,FIT,0.0239737865982739,SYNTHETIC_SOURCE,SYNTHETIC_TARGET
120,366.9437255859375,280.5939025878906,375.944580078125,274.5937194824219,366.9437255859375,280.5939025878906,375.944580078125,274.5937194824219,AKAZE:intensity,0.0,0.0,ROBUST_MODEL_INLIER,HELD_OUT,0.001611374363091319,SYNTHETIC_SOURCE,SYNTHETIC_TARGET
121,239.74411010742188,299.0302734375,248.75599670410156,293.008544921875,239.74411010742188,299.0302734375,248.75599670410156,293.008544921875,AKAZE:intensity,0.0,0.0,ROBUST_MODEL_INLIER,FIT,0.025490386006353907,SYNTHETIC_SOURCE,SYNTHETIC_TARGET
122,143.07955932617188,204.26022338867188,152.0655517578125,198.25791931152344,143.07955932617188,204.26022338867188,152.0655517578125,198.25791931152344,AKAZE:intensity,0.0,0.0,ROBUST_MODEL_INLIER,FIT,0.013685126354104082,SYNTHETIC_SOURCE,SYNTHETIC_TARGET
123,30.752023696899414,168.06100463867188,39.78923416137695,162.0369415283203,30.752023696899414,168.06100463867188,39.78923416137695,162.0369415283203,AKAZE:intensity,0.0,0.0,ROBUST_MODEL_INLIER,FIT,0.045090852237540925,SYNTHETIC_SOURCE,SYNTHETIC_TARGET
124,517.039306640625,308.9458312988281,526.0413818359375,302.9332580566406,517.039306640625,308.9458312988281,526.0413818359375,302.9332580566406,AKAZE:intensity,0.0,0.0,ROBUST_MODEL_INLIER,FIT,0.013334749961142282,SYNTHETIC_SOURCE,SYNTHETIC_TARGET
125,520.5160522460938,327.0452575683594,529.5320434570312,321.0439758300781,520.5160522460938,327.0452575683594,529.5320434570312,321.0439758300781,AKAZE:intensity,0.0,0.0,ROBUST_MODEL_INLIER,FIT,0.01669565352366935,SYNTHETIC_SOURCE,SYNTHETIC_TARGET
126,502.2616271972656,297.7090759277344,511.2715148925781,291.73968505859375,502.2616271972656,297.7090759277344,511.2715148925781,291.73968505859375,AKAZE:intensity,0.0,0.0,ROBUST_MODEL_INLIER,HELD_OUT,0.03189787719238199,SYNTHETIC_SOURCE,SYNTHETIC_TARGET
127,280.5094299316406,265.944091796875,289.560546875,259.9197082519531,280.5094299316406,265.944091796875,289.560546875,259.9197082519531,AKAZE:intensity,0.0,0.0,ROBUST_MODEL_INLIER,HELD_OUT,0.057396173888671374,SYNTHETIC_SOURCE,SYNTHETIC_TARGET
128,581.5379638671875,246.11373901367188,590.54345703125,240.09927368164062,581.5379638671875,246.11373901367188,590.54345703125,240.09927368164062,AKAZE:intensity,0.0,0.0,ROBUST_MODEL_INLIER,FIT,0.01615126784960845,SYNTHETIC_SOURCE,SYNTHETIC_TARGET
129,562.4223022460938,263.9442138671875,571.4327392578125,257.9481201171875,562.4223022460938,263.9442138671875,571.4327392578125,257.9481201171875,AKAZE:intensity,0.0,0.0,ROBUST_MODEL_INLIER,FIT,0.011564028097678047,SYNTHETIC_SOURCE,SYNTHETIC_TARGET
130,200.90647888183594,597.9148559570312,209.92547607421875,591.88525390625,200.90647888183594,597.9148559570312,209.92547607421875,591.88525390625,AKAZE:intensity,0.0,0.0,ROBUST_MODEL_INLIER,FIT,0.035914953171600136,SYNTHETIC_SOURCE,SYNTHETIC_TARGET
131,346.10870361328125,490.7868347167969,355.1203308105469,484.8065185546875,346.10870361328125,490.7868347167969,355.1203308105469,484.8065185546875,AKAZE:intensity,0.0,0.0,ROBUST_MODEL_INLIER,FIT,0.0227645996245088,SYNTHETIC_SOURCE,SYNTHETIC_TARGET
132,461.23980712890625,298.4665832519531,470.2187194824219,292.46240234375,461.23980712890625,298.4665832519531,470.2187194824219,292.46240234375,AKAZE:intensity,0.0,0.0,ROBUST_MODEL_INLIER,FIT,0.021002879266105907,SYNTHETIC_SOURCE,SYNTHETIC_TARGET
133,552.8062133789062,360.7286682128906,561.787841796875,354.7084655761719,552.8062133789062,360.7286682128906,561.787841796875,354.7084655761719,AKAZE:intensity,0.0,0.0,ROBUST_MODEL_INLIER,HELD_OUT,0.027268578880344955,SYNTHETIC_SOURCE,SYNTHETIC_TARGET
134,496.6983337402344,338.3854064941406,505.6770324707031,332.4149475097656,496.6983337402344,338.3854064941406,505.6770324707031,332.4149475097656,AKAZE:intensity,0.0,0.0,ROBUST_MODEL_INLIER,FIT,0.0356675687572597,SYNTHETIC_SOURCE,SYNTHETIC_TARGET
135,581.489501953125,222.6629180908203,590.4983520507812,216.68650817871094,581.489501953125,222.6629180908203,590.4983520507812,216.68650817871094,AKAZE:intensity,0.0,0.0,ROBUST_MODEL_INLIER,FIT,0.02496384524630316,SYNTHETIC_SOURCE,SYNTHETIC_TARGET
136,516.6887817382812,287.8638916015625,525.68603515625,281.85986328125,516.6887817382812,287.8638916015625,525.68603515625,281.85986328125,AKAZE:intensity,0.0,0.0,ROBUST_MODEL_INLIER,FIT,0.004996315671571732,SYNTHETIC_SOURCE,SYNTHETIC_TARGET
137,163.71498107910156,232.88803100585938,172.6885986328125,226.89718627929688,163.71498107910156,232.88803100585938,172.6885986328125,226.89718627929688,AKAZE:intensity,0.0,0.0,ROBUST_MODEL_INLIER,FIT,0.027190395734028892,SYNTHETIC_SOURCE,SYNTHETIC_TARGET
138,257.40338134765625,259.8918151855469,266.4073486328125,253.91905212402344,257.40338134765625,259.8918151855469,266.4073486328125,253.91905212402344,AKAZE:intensity,0.0,0.0,ROBUST_MODEL_INLIER,FIT,0.027137527915287025,SYNTHETIC_SOURCE,SYNTHETIC_TARGET
139,54.045475006103516,398.31011962890625,63.048683166503906,392.2960510253906,54.045475006103516,398.31011962890625,63.048683166503906,392.2960510253906,AKAZE:intensity,0.0,0.0,ROBUST_MODEL_INLIER,HELD_OUT,0.015049382967099482,SYNTHETIC_SOURCE,SYNTHETIC_TARGET
140,492.8141784667969,36.94697570800781,501.81243896484375,30.926376342773438,492.8141784667969,36.94697570800781,501.81243896484375,30.926376342773438,AKAZE:intensity,0.0,0.0,ROBUST_MODEL_INLIER,FIT,0.021117855356418698,SYNTHETIC_SOURCE,SYNTHETIC_TARGET
141,196.11314392089844,256.6539611816406,205.11009216308594,250.704833984375,196.11314392089844,256.6539611816406,205.11009216308594,250.704833984375,AKAZE:intensity,0.0,0.0,ROBUST_MODEL_INLIER,FIT,0.050443636562870695,SYNTHETIC_SOURCE,SYNTHETIC_TARGET
142,84.75849151611328,78.69207000732422,93.75422668457031,72.70106506347656,84.75849151611328,78.69207000732422,93.75422668457031,72.70106506347656,AKAZE:intensity,0.0,0.0,ROBUST_MODEL_INLIER,FIT,0.00925853353219571,SYNTHETIC_SOURCE,SYNTHETIC_TARGET
143,578.4208984375,550.7413940429688,587.4281616210938,544.7499389648438,578.4208984375,550.7413940429688,587.4281616210938,544.7499389648438,AKAZE:intensity,0.0,0.0,ROBUST_MODEL_INLIER,FIT,0.011265079405716815,SYNTHETIC_SOURCE,SYNTHETIC_TARGET
144,487.2736511230469,316.0755920410156,496.3179626464844,310.0346374511719,487.2736511230469,316.0755920410156,496.3179626464844,310.0346374511719,AKAZE:intensity,0.0,0.0,ROBUST_MODEL_INLIER,FIT,0.06111862578632478,SYNTHETIC_SOURCE,SYNTHETIC_TARGET
145,355.7962951660156,487.9788513183594,364.7841796875,481.9733581542969,355.7962951660156,487.9788513183594,364.7841796875,481.9733581542969,AKAZE:intensity,0.0,0.0,ROBUST_MODEL_INLIER,FIT,0.012967098142373705,SYNTHETIC_SOURCE,SYNTHETIC_TARGET
146,163.3464813232422,478.1502380371094,172.3251495361328,472.1369323730469,163.3464813232422,478.1502380371094,172.3251495361328,472.1369323730469,AKAZE:intensity,0.0,0.0,ROBUST_MODEL_INLIER,FIT,0.024892786473344752,SYNTHETIC_SOURCE,SYNTHETIC_TARGET
147,29.318408966064453,383.1552429199219,38.32720947265625,377.1662292480469,29.318408966064453,383.1552429199219,38.32720947265625,377.1662292480469,AKAZE:intensity,0.0,0.0,ROBUST_MODEL_INLIER,FIT,0.014098696372005223,SYNTHETIC_SOURCE,SYNTHETIC_TARGET
148,579.788818359375,179.42051696777344,588.7744140625,173.4257354736328,579.788818359375,179.42051696777344,588.7744140625,173.4257354736328,AKAZE:intensity,0.0,0.0,ROBUST_MODEL_INLIER,FIT,0.014582453570623072,SYNTHETIC_SOURCE,SYNTHETIC_TARGET
149,169.56849670410156,124.13812255859375,178.5641326904297,118.08998107910156,169.56849670410156,124.13812255859375,178.5641326904297,118.08998107910156,AKAZE:intensity,0.0,0.0,ROBUST_MODEL_INLIER,HELD_OUT,0.048774415517500135,SYNTHETIC_SOURCE,SYNTHETIC_TARGET
150,188.74244689941406,594.418701171875,197.75930786132812,588.4461669921875,188.74244689941406,594.418701171875,197.75930786132812,588.4461669921875,AKAZE:intensity,0.0,0.0,ROBUST_MODEL_INLIER,HELD_OUT,0.0321408526406041,SYNTHETIC_SOURCE,SYNTHETIC_TARGET
151,436.5393981933594,562.7041625976562,445.5350341796875,556.6978759765625,436.5393981933594,562.7041625976562,445.5350341796875,556.6978759765625,AKAZE:intensity,0.0,0.0,ROBUST_MODEL_INLIER,FIT,0.0077452747529514285,SYNTHETIC_SOURCE,SYNTHETIC_TARGET
152,112.0111083984375,508.2706604003906,120.98165893554688,502.2882385253906,112.0111083984375,508.2706604003906,120.98165893554688,502.2882385253906,AKAZE:intensity,0.0,0.0,ROBUST_MODEL_INLIER,FIT,0.03352248650675248,SYNTHETIC_SOURCE,SYNTHETIC_TARGET
153,28.73676872253418,369.2570495605469,37.728389739990234,363.26727294921875,28.73676872253418,369.2570495605469,37.728389739990234,363.26727294921875,AKAZE:intensity,0.0,0.0,ROBUST_MODEL_INLIER,FIT,0.012454876307748611,SYNTHETIC_SOURCE,SYNTHETIC_TARGET
154,581.8382568359375,212.83322143554688,590.8257446289062,206.8054656982422,581.8382568359375,212.83322143554688,590.8257446289062,206.8054656982422,AKAZE:intensity,0.0,0.0,ROBUST_MODEL_INLIER,FIT,0.03064928625133946,SYNTHETIC_SOURCE,SYNTHETIC_TARGET
155,348.3421630859375,513.7948608398438,357.29962158203125,507.79779052734375,348.3421630859375,513.7948608398438,357.29962158203125,507.79779052734375,AKAZE:intensity,0.0,0.0,ROBUST_MODEL_INLIER,FIT,0.04200216662688141,SYNTHETIC_SOURCE,SYNTHETIC_TARGET
156,215.19956970214844,245.9353485107422,224.19956970214844,239.93148803710938,215.19956970214844,245.9353485107422,224.19956970214844,239.93148803710938,AKAZE:intensity,0.0,0.0,ROBUST_MODEL_INLIER,FIT,0.0043913776950555905,SYNTHETIC_SOURCE,SYNTHETIC_TARGET
157,358.53466796875,238.66934204101562,367.5475158691406,232.66885375976562,358.53466796875,238.66934204101562,367.5475158691406,232.66885375976562,AKAZE:intensity,0.0,0.0,ROBUST_MODEL_INLIER,FIT,0.013493636276045058,SYNTHETIC_SOURCE,SYNTHETIC_TARGET
158,104.6363525390625,525.7657470703125,113.62374114990234,519.7537231445312,104.6363525390625,525.7657470703125,113.62374114990234,519.7537231445312,AKAZE:intensity,1.0,0.004219409282700422,ROBUST_MODEL_INLIER,FIT,0.01733724973037018,SYNTHETIC_SOURCE,SYNTHETIC_TARGET
159,326.1625671386719,244.4877471923828,335.1872863769531,238.4871063232422,326.1625671386719,244.4877471923828,335.1872863769531,238.4871063232422,AKAZE:intensity,1.0,0.004366812227074236,ROBUST_MODEL_INLIER,FIT,0.02535474516253815,SYNTHETIC_SOURCE,SYNTHETIC_TARGET
160,545.9281616210938,483.0824890136719,554.9232788085938,477.0652770996094,545.9281616210938,483.0824890136719,554.9232788085938,477.0652770996094,AKAZE:intensity,1.0,0.0043859649122807015,ROBUST_MODEL_INLIER,HELD_OUT,0.018208537463594115,SYNTHETIC_SOURCE,SYNTHETIC_TARGET
161,99.93494415283203,34.80564880371094,108.94230651855469,28.781755447387695,99.93494415283203,34.80564880371094,108.94230651855469,28.781755447387695,AKAZE:intensity,1.0,0.004545454545454545,ROBUST_MODEL_INLIER,FIT,0.025652065641229838,SYNTHETIC_SOURCE,SYNTHETIC_TARGET
162,151.2324676513672,551.58642578125,160.18284606933594,545.5875244140625,151.2324676513672,551.58642578125,160.18284606933594,545.5875244140625,AKAZE:intensity,1.0,0.004629629629629629,ROBUST_MODEL_INLIER,FIT,0.04901503076700835,SYNTHETIC_SOURCE,SYNTHETIC_TARGET
163,371.8939208984375,230.28477478027344,380.9061279296875,224.28175354003906,371.8939208984375,230.28477478027344,380.9061279296875,224.28175354003906,AKAZE:intensity,1.0,0.004651162790697674,ROBUST_MODEL_INLIER,FIT,0.013289170147584841,SYNTHETIC_SOURCE,SYNTHETIC_TARGET
164,509.67095947265625,237.64488220214844,518.6693115234375,231.6524200439453,509.67095947265625,237.64488220214844,518.6693115234375,231.6524200439453,AKAZE:intensity,1.0,0.004694835680751174,ROBUST_MODEL_INLIER,FIT,0.0071255114062298746,SYNTHETIC_SOURCE,SYNTHETIC_TARGET
165,394.32171630859375,481.9486389160156,403.32025146484375,475.95550537109375,394.32171630859375,481.9486389160156,403.32025146484375,475.95550537109375,AKAZE:intensity,1.0,0.004784688995215311,ROBUST_MODEL_INLIER,FIT,0.006435157984096215,SYNTHETIC_SOURCE,SYNTHETIC_TARGET
166,549.0260620117188,206.67263793945312,557.9686279296875,200.6489715576172,549.0260620117188,206.67263793945312,557.9686279296875,200.6489715576172,AKAZE:intensity,1.0,0.004878048780487805,ROBUST_MODEL_INLIER,HELD_OUT,0.06174450658301756,SYNTHETIC_SOURCE,SYNTHETIC_TARGET
167,164.84068298339844,42.77789306640625,173.8281707763672,36.771915435791016,164.84068298339844,42.77789306640625,173.8281707763672,36.771915435791016,AKAZE:intensity,1.0,0.005154639175257732,ROBUST_MODEL_INLIER,FIT,0.013544821144924467,SYNTHETIC_SOURCE,SYNTHETIC_TARGET
168,289.0558776855469,458.1884460449219,298.0657043457031,452.1786804199219,289.0558776855469,458.1884460449219,298.0657043457031,452.1786804199219,AKAZE:intensity,1.0,0.005154639175257732,ROBUST_MODEL_INLIER,HELD_OUT,0.014631261292216535,SYNTHETIC_SOURCE,SYNTHETIC_TARGET
169,142.11398315429688,220.64308166503906,151.1071014404297,214.6464385986328,142.11398315429688,220.64308166503906,151.1071014404297,214.6464385986328,AKAZE:intensity,1.0,0.005154639175257732,ROBUST_MODEL_INLIER,FIT,0.006896314336365308,SYNTHETIC_SOURCE,SYNTHETIC_TARGET
170,304.02740478515625,160.67718505859375,313.02313232421875,154.67913818359375,304.02740478515625,160.67718505859375,313.02313232421875,154.67913818359375,AKAZE:intensity,1.0,0.005319148936170213,ROBUST_MODEL_INLIER,FIT,0.003944212505225466,SYNTHETIC_SOURCE,SYNTHETIC_TARGET
171,134.34413146972656,509.8176574707031,143.34341430664062,503.81597900390625,134.34413146972656,509.8176574707031,143.34341430664062,503.81597900390625,AKAZE:intensity,1.0,0.0053475935828877,ROBUST_MODEL_INLIER,FIT,0.0021693791278095368,SYNTHETIC_SOURCE,SYNTHETIC_TARGET
172,94.2750244140625,492.6985778808594,103.28446960449219,486.6960144042969,94.2750244140625,492.6985778808594,103.28446960449219,486.6960144042969,AKAZE:intensity,1.0,0.005405405405405406,ROBUST_MODEL_INLIER,FIT,0.010508432352296938,SYNTHETIC_SOURCE,SYNTHETIC_TARGET
173,139.9984588623047,56.69411087036133,148.99671936035156,50.697322845458984,139.9984588623047,56.69411087036133,148.99671936035156,50.697322845458984,AKAZE:intensity,1.0,0.00546448087431694,ROBUST_MODEL_INLIER,FIT,0.0029484722790640407,SYNTHETIC_SOURCE,SYNTHETIC_TARGET
174,179.31503295898438,39.00666046142578,188.32969665527344,32.98282241821289,179.31503295898438,39.00666046142578,188.32969665527344,32.98282241821289,AKAZE:intensity,1.0,0.00546448087431694,ROBUST_MODEL_INLIER,FIT,0.028723972560313657,SYNTHETIC_SOURCE,SYNTHETIC_TARGET
175,510.75146484375,394.29833984375,519.7721557617188,388.2976989746094,510.75146484375,394.29833984375,519.7721557617188,388.2976989746094,AKAZE:intensity,1.0,0.00546448087431694,ROBUST_MODEL_INLIER,FIT,0.021331175875877264,SYNTHETIC_SOURCE,SYNTHETIC_TARGET
176,245.97970581054688,416.78857421875,254.97677612304688,410.7845458984375,245.97970581054688,416.78857421875,254.97677612304688,410.7845458984375,AKAZE:intensity,1.0,0.005555555555555556,ROBUST_MODEL_INLIER,HELD_OUT,0.0050773033064173394,SYNTHETIC_SOURCE,SYNTHETIC_TARGET
177,520.9127197265625,441.1686096191406,529.8995361328125,435.15863037109375,520.9127197265625,441.1686096191406,529.8995361328125,435.15863037109375,AKAZE:intensity,1.0,0.00558659217877095,ROBUST_MODEL_INLIER,FIT,0.016360183027291173,SYNTHETIC_SOURCE,SYNTHETIC_TARGET
178,510.95623779296875,451.9586181640625,519.9454956054688,445.953369140625,510.95623779296875,451.9586181640625,519.9454956054688,445.953369140625,AKAZE:intensity,1.0,0.00558659217877095,ROBUST_MODEL_INLIER,FIT,0.011643485927402754,SYNTHETIC_SOURCE,SYNTHETIC_TARGET
179,471.62493896484375,610.4247436523438,480.6466369628906,604.4151611328125,471.62493896484375,610.4247436523438,480.6466369628906,604.4151611328125,AKAZE:intensity,1.0,0.0056179775280898875,ROBUST_MODEL_INLIER,FIT,0.02447618210975166,SYNTHETIC_SOURCE,SYNTHETIC_TARGET
180,445.41290283203125,310.6346130371094,454.4146423339844,304.6630554199219,445.41290283203125,310.6346130371094,454.4146423339844,304.6630554199219,AKAZE:intensity,1.0,0.005649717514124294,ROBUST_MODEL_INLIER,HELD_OUT,0.028052693377133328,SYNTHETIC_SOURCE,SYNTHETIC_TARGET
181,464.0540771484375,445.9579162597656,473.062255859375,439.96575927734375,464.0540771484375,445.9579162597656,473.062255859375,439.96575927734375,AKAZE:intensity,1.0,0.005780346820809248,ROBUST_MODEL_INLIER,HELD_OUT,0.011460356280899293,SYNTHETIC_SOURCE,SYNTHETIC_TARGET
182,258.1865539550781,189.88197326660156,267.1592712402344,183.88442993164062,258.1865539550781,189.88197326660156,267.1592712402344,183.88442993164062,AKAZE:intensity,1.0,0.005813953488372093,ROBUST_MODEL_INLIER,FIT,0.026744896667364734,SYNTHETIC_SOURCE,SYNTHETIC_TARGET
183,183.61497497558594,284.0791015625,192.58160400390625,278.04736328125,183.61497497558594,284.0791015625,192.58160400390625,278.04736328125,AKAZE:intensity,1.0,0.005847953216374269,ROBUST_MODEL_INLIER,HELD_OUT,0.04595442917749144,SYNTHETIC_SOURCE,SYNTHETIC_TARGET
184,351.8829650878906,551.709228515625,360.88922119140625,545.7014770507812,351.8829650878906,551.709228515625,360.88922119140625,545.7014770507812,AKAZE:intensity,1.0,0.005847953216374269,ROBUST_MODEL_INLIER,HELD_OUT,0.010725745709710676,SYNTHETIC_SOURCE,SYNTHETIC_TARGET
185,523.0982666015625,107.22476196289062,532.1026000976562,101.21795654296875,523.0982666015625,107.22476196289062,532.1026000976562,101.21795654296875,AKAZE:intensity,1.0,0.005847953216374269,ROBUST_MODEL_INLIER,FIT,0.008811339650292647,SYNTHETIC_SOURCE,SYNTHETIC_TARGET
186,162.732666015625,72.44941711425781,171.71771240234375,66.4451904296875,162.732666015625,72.44941711425781,171.71771240234375,66.4451904296875,AKAZE:intensity,1.0,0.0058823529411764705,ROBUST_MODEL_INLIER,HELD_OUT,0.015098346247827089,SYNTHETIC_SOURCE,SYNTHETIC_TARGET
187,212.0883026123047,320.2545166015625,221.08518981933594,314.2695617675781,212.0883026123047,320.2545166015625,221.08518981933594,314.2695617675781,AKAZE:intensity,1.0,0.0058823529411764705,ROBUST_MODEL_INLIER,FIT,0.014770413232926142,SYNTHETIC_SOURCE,SYNTHETIC_TARGET
188,491.6786804199219,142.5033416748047,500.7008361816406,136.5452117919922,491.6786804199219,142.5033416748047,500.7008361816406,136.5452117919922,AKAZE:intensity,1.0,0.005917159763313609,ROBUST_MODEL_INLIER,FIT,0.04723084013113544,SYNTHETIC_SOURCE,SYNTHETIC_TARGET
189,288.91156005859375,120.2603530883789,297.8963928222656,114.27599334716797,288.91156005859375,120.2603530883789,297.8963928222656,114.27599334716797,AKAZE:intensity,1.0,0.005952380952380952,ROBUST_MODEL_INLIER,HELD_OUT,0.021011551999410696,SYNTHETIC_SOURCE,SYNTHETIC_TARGET
190,67.72631072998047,522.0718994140625,76.74067687988281,516.074951171875,67.72631072998047,522.0718994140625,76.74067687988281,516.074951171875,AKAZE:intensity,1.0,0.005952380952380952,ROBUST_MODEL_INLIER,HELD_OUT,0.015194308415092601,SYNTHETIC_SOURCE,SYNTHETIC_TARGET
191,308.4500427246094,461.3682556152344,317.46075439453125,455.35791015625,308.4500427246094,461.3682556152344,317.46075439453125,455.35791015625,AKAZE:intensity,1.0,0.006024096385542169,ROBUST_MODEL_INLIER,FIT,0.015670293486676142,SYNTHETIC_SOURCE,SYNTHETIC_TARGET
192,184.67527770996094,64.2386474609375,193.6611328125,58.20920181274414,184.67527770996094,64.2386474609375,193.6611328125,58.20920181274414,AKAZE:intensity,1.0,0.006024096385542169,ROBUST_MODEL_INLIER,FIT,0.03285154584790385,SYNTHETIC_SOURCE,SYNTHETIC_TARGET
193,226.16592407226562,303.0061950683594,235.17286682128906,297.025634765625,226.16592407226562,303.0061950683594,235.17286682128906,297.025634765625,AKAZE:intensity,1.0,0.006060606060606061,ROBUST_MODEL_INLIER,HELD_OUT,0.020401115103311808,SYNTHETIC_SOURCE,SYNTHETIC_TARGET
194,45.043373107910156,516.6009521484375,54.0590705871582,510.5767822265625,45.043373107910156,516.6009521484375,54.0590705871582,510.5767822265625,AKAZE:intensity,1.0,0.006060606060606061,ROBUST_MODEL_INLIER,FIT,0.029563022969567605,SYNTHETIC_SOURCE,SYNTHETIC_TARGET
195,505.3069152832031,386.0954284667969,514.3024291992188,380.09906005859375,505.3069152832031,386.0954284667969,514.3024291992188,380.09906005859375,AKAZE:intensity,1.0,0.006097560975609756,ROBUST_MODEL_INLIER,FIT,0.00499016061866436,SYNTHETIC_SOURCE,SYNTHETIC_TARGET
196,224.58346557617188,201.28887939453125,233.58157348632812,195.26771545410156,224.58346557617188,201.28887939453125,233.58157348632812,195.26771545410156,AKAZE:intensity,1.0,0.006097560975609756,ROBUST_MODEL_INLIER,HELD_OUT,0.021690125787739246,SYNTHETIC_SOURCE,SYNTHETIC_TARGET
197,226.79901123046875,294.1247253417969,235.8110809326172,288.11688232421875,226.79901123046875,294.1247253417969,235.8110809326172,288.11688232421875,AKAZE:intensity,1.0,0.006172839506172839,ROBUST_MODEL_INLIER,HELD_OUT,0.01517215549207748,SYNTHETIC_SOURCE,SYNTHETIC_TARGET
198,117.50785827636719,177.1586456298828,126.49134063720703,171.25767517089844,117.50785827636719,177.1586456298828,126.49134063720703,171.25767517089844,AKAZE:intensity,1.0,0.006211180124223602,ROBUST_MODEL_INLIER,FIT,0.09981694082124003,SYNTHETIC_SOURCE,SYNTHETIC_TARGET
199,383.32501220703125,270.01959228515625,392.3397521972656,264.032958984375,383.32501220703125,270.01959228515625,392.3397521972656,264.032958984375,AKAZE:intensity,1.0,0.006211180124223602,ROBUST_MODEL_INLIER,FIT,0.02003713159757929,SYNTHETIC_SOURCE,SYNTHETIC_TARGET
200,197.89364624023438,342.0970458984375,206.8905792236328,336.0955505371094,197.89364624023438,342.0970458984375,206.8905792236328,336.0955505371094,AKAZE:intensity,1.0,0.006289308176100629,ROBUST_MODEL_INLIER,HELD_OUT,0.003157537171895582,SYNTHETIC_SOURCE,SYNTHETIC_TARGET
201,350.3602600097656,541.1475830078125,359.3673400878906,535.1398315429688,350.3602600097656,541.1475830078125,359.3673400878906,535.1398315429688,AKAZE:intensity,1.0,0.006289308176100629,ROBUST_MODEL_INLIER,FIT,0.011271030319711226,SYNTHETIC_SOURCE,SYNTHETIC_TARGET
202,510.12164306640625,435.8359069824219,519.1026611328125,429.836181640625,510.12164306640625,435.8359069824219,519.1026611328125,429.836181640625,AKAZE:intensity,1.0,0.006289308176100629,ROBUST_MODEL_INLIER,HELD_OUT,0.01837282398372945,SYNTHETIC_SOURCE,SYNTHETIC_TARGET
203,474.1566467285156,129.2156524658203,483.16485595703125,123.23262023925781,474.1566467285156,129.2156524658203,483.16485595703125,123.23262023925781,AKAZE:intensity,1.0,0.006289308176100629,ROBUST_MODEL_INLIER,FIT,0.018691138422052653,SYNTHETIC_SOURCE,SYNTHETIC_TARGET
204,518.9366455078125,350.5525207519531,527.9454956054688,344.5176086425781,518.9366455078125,350.5525207519531,527.9454956054688,344.5176086425781,AKAZE:intensity,1.0,0.006289308176100629,ROBUST_MODEL_INLIER,FIT,0.03664270399169711,SYNTHETIC_SOURCE,SYNTHETIC_TARGET
205,263.51715087890625,184.14968872070312,272.5090637207031,178.1456298828125,263.51715087890625,184.14968872070312,272.5090637207031,178.1456298828125,AKAZE:intensity,1.0,0.006329113924050633,ROBUST_MODEL_INLIER,FIT,0.008750938807941257,SYNTHETIC_SOURCE,SYNTHETIC_TARGET
206,133.0739288330078,205.74497985839844,142.06671142578125,199.7499542236328,133.0739288330078,205.74497985839844,142.06671142578125,199.7499542236328,AKAZE:intensity,1.0,0.006369426751592357,ROBUST_MODEL_INLIER,HELD_OUT,0.007986121340355794,SYNTHETIC_SOURCE,SYNTHETIC_TARGET
207,168.06045532226562,587.9203491210938,177.0469970703125,581.9069213867188,168.06045532226562,587.9203491210938,177.0469970703125,581.9069213867188,AKAZE:intensity,1.0,0.006369426751592357,ROBUST_MODEL_INLIER,FIT,0.018940011492147153,SYNTHETIC_SOURCE,SYNTHETIC_TARGET
208,45.99476623535156,376.3232421875,54.985530853271484,370.33123779296875,45.99476623535156,376.3232421875,54.985530853271484,370.33123779296875,AKAZE:intensity,1.0,0.00641025641025641,ROBUST_MODEL_INLIER,FIT,0.011434643341818068,SYNTHETIC_SOURCE,SYNTHETIC_TARGET
209,300.9957580566406,138.27584838867188,309.9708251953125,132.27565002441406,300.9957580566406,138.27584838867188,309.9708251953125,132.27565002441406,AKAZE:intensity,1.0,0.00641025641025641,ROBUST_MODEL_INLIER,HELD_OUT,0.02433220013382108,SYNTHETIC_SOURCE,SYNTHETIC_TARGET
210,387.05023193359375,113.32827758789062,396.06439208984375,107.33515930175781,387.05023193359375,113.32827758789062,396.06439208984375,107.33515930175781,AKAZE:intensity,1.0,0.0064516129032258064,ROBUST_MODEL_INLIER,FIT,0.016094840218829155,SYNTHETIC_SOURCE,SYNTHETIC_TARGET
211,87.1020278930664,496.01959228515625,96.11521911621094,490.01727294921875,87.1020278930664,496.01959228515625,96.11521911621094,490.01727294921875,AKAZE:intensity,1.0,0.0064516129032258064,ROBUST_MODEL_INLIER,FIT,0.014084252861451691,SYNTHETIC_SOURCE,SYNTHETIC_TARGET
212,169.0111083984375,245.47474670410156,178.02789306640625,239.4671630859375,169.0111083984375,245.47474670410156,178.02789306640625,239.4671630859375,AKAZE:intensity,1.0,0.0064516129032258064,ROBUST_MODEL_INLIER,FIT,0.019176607224514756,SYNTHETIC_SOURCE,SYNTHETIC_TARGET
213,53.19343185424805,513.9512329101562,62.2153205871582,507.947265625,53.19343185424805,513.9512329101562,62.2153205871582,507.947265625,AKAZE:intensity,1.0,0.006493506493506494,ROBUST_MODEL_INLIER,HELD_OUT,0.022936016962590195,SYNTHETIC_SOURCE,SYNTHETIC_TARGET
214,401.8442687988281,505.830810546875,410.8837585449219,499.8460998535156,401.8442687988281,505.830810546875,410.8837585449219,499.8460998535156,AKAZE:intensity,1.0,0.006535947712418301,ROBUST_MODEL_INLIER,FIT,0.0427444520921103,SYNTHETIC_SOURCE,SYNTHETIC_TARGET
215,210.99024963378906,159.84934997558594,219.9904327392578,153.8461456298828,210.99024963378906,159.84934997558594,219.9904327392578,153.8461456298828,AKAZE:intensity,1.0,0.006578947368421052,ROBUST_MODEL_INLIER,HELD_OUT,0.0037769124791799565,SYNTHETIC_SOURCE,SYNTHETIC_TARGET
216,447.43951416015625,341.4520568847656,456.4649963378906,335.4787292480469,447.43951416015625,341.4520568847656,456.4649963378906,335.4787292480469,AKAZE:intensity,1.0,0.006578947368421052,ROBUST_MODEL_INLIER,FIT,0.03696520305540752,SYNTHETIC_SOURCE,SYNTHETIC_TARGET
217,533.432373046875,144.5520782470703,542.42919921875,138.55421447753906,533.432373046875,144.5520782470703,542.42919921875,138.55421447753906,AKAZE:intensity,1.0,0.006622516556291391,ROBUST_MODEL_INLIER,HELD_OUT,0.0030474823566454903,SYNTHETIC_SOURCE,SYNTHETIC_TARGET
218,168.26837158203125,66.8978271484375,177.26968383789062,60.90694808959961,168.26837158203125,66.8978271484375,177.26968383789062,60.90694808959961,AKAZE:intensity,1.0,0.006666666666666667,ROBUST_MODEL_INLIER,HELD_OUT,0.008844163977267104,SYNTHETIC_SOURCE,SYNTHETIC_TARGET
219,422.17315673828125,66.20751190185547,431.1717834472656,60.21826934814453,422.17315673828125,66.20751190185547,431.1717834472656,60.21826934814453,AKAZE:intensity,1.0,0.006711409395973154,ROBUST_MODEL_INLIER,FIT,0.010297467028771599,SYNTHETIC_SOURCE,SYNTHETIC_TARGET
220,56.44252014160156,577.527099609375,65.42540740966797,571.50537109375,56.44252014160156,577.527099609375,65.42540740966797,571.50537109375,AKAZE:intensity,1.0,0.006756756756756757,ROBUST_MODEL_INLIER,HELD_OUT,0.02767516253425208,SYNTHETIC_SOURCE,SYNTHETIC_TARGET
221,491.0709228515625,238.72723388671875,500.06005859375,232.73301696777344,491.0709228515625,238.72723388671875,500.06005859375,232.73301696777344,AKAZE:intensity,1.0,0.00684931506849315,ROBUST_MODEL_INLIER,FIT,0.011540255558500767,SYNTHETIC_SOURCE,SYNTHETIC_TARGET
222,512.054443359375,51.60770034790039,521.0527954101562,45.58889389038086,512.054443359375,51.60770034790039,521.0527954101562,45.58889389038086,AKAZE:intensity,1.0,0.00684931506849315,ROBUST_MODEL_INLIER,FIT,0.019322617656019274,SYNTHETIC_SOURCE,SYNTHETIC_TARGET
223,133.0280303955078,280.5192565917969,142.01451110839844,274.5123596191406,133.0280303955078,280.5192565917969,142.01451110839844,274.5123596191406,AKAZE:intensity,1.0,0.006896551724137931,ROBUST_MODEL_INLIER,FIT,0.014872208720064208,SYNTHETIC_SOURCE,SYNTHETIC_TARGET
224,465.41790771484375,278.4158935546875,474.4356994628906,272.40069580078125,465.41790771484375,278.4158935546875,474.4356994628906,272.40069580078125,AKAZE:intensity,1.0,0.006944444444444444,ROBUST_MODEL_INLIER,FIT,0.02418034261453858,SYNTHETIC_SOURCE,SYNTHETIC_TARGET
225,119.34115600585938,499.3926086425781,128.31906127929688,493.36724853515625,119.34115600585938,499.3926086425781,128.31906127929688,493.36724853515625,AKAZE:intensity,1.0,0.006944444444444444,ROBUST_MODEL_INLIER,HELD_OUT,0.03361127141410959,SYNTHETIC_SOURCE,SYNTHETIC_TARGET
226,200.80526733398438,349.45697021484375,209.8048858642578,343.45086669921875,200.80526733398438,349.45697021484375,209.8048858642578,343.45086669921875,AKAZE:intensity,1.0,0.006944444444444444,ROBUST_MODEL_INLIER,FIT,0.006595769321017972,SYNTHETIC_SOURCE,SYNTHETIC_TARGET
227,229.6869354248047,149.1044921875,238.71258544921875,143.11386108398438,229.6869354248047,149.1044921875,238.71258544921875,143.11386108398438,AKAZE:intensity,1.0,0.006944444444444444,ROBUST_MODEL_INLIER,FIT,0.027721339674904498,SYNTHETIC_SOURCE,SYNTHETIC_TARGET
228,159.48077392578125,58.76581954956055,168.4697265625,52.768775939941406,159.48077392578125,58.76581954956055,168.4697265625,52.768775939941406,AKAZE:intensity,1.0,0.006993006993006993,ROBUST_MODEL_INLIER,FIT,0.010724867192611582,SYNTHETIC_SOURCE,SYNTHETIC_TARGET
229,462.17047119140625,353.0974426269531,471.1469421386719,347.10906982421875,462.17047119140625,353.0974426269531,471.1469421386719,347.10906982421875,AKAZE:intensity,1.0,0.006993006993006993,ROBUST_MODEL_INLIER,HELD_OUT,0.025482196008367326,SYNTHETIC_SOURCE,SYNTHETIC_TARGET
230,231.37254333496094,35.386253356933594,240.3417510986328,29.381832122802734,231.37254333496094,35.386253356933594,240.3417510986328,29.381832122802734,AKAZE:intensity,1.0,0.006993006993006993,ROBUST_MODEL_INLIER,FIT,0.03057857925542587,SYNTHETIC_SOURCE,SYNTHETIC_TARGET
231,488.2250061035156,391.953369140625,497.2392578125,385.9723815917969,488.2250061035156,391.953369140625,497.2392578125,385.9723815917969,AKAZE:intensity,1.0,0.006993006993006993,ROBUST_MODEL_INLIER,FIT,0.023749225566183772,SYNTHETIC_SOURCE,SYNTHETIC_TARGET
232,545.8563842773438,121.77088165283203,554.8555908203125,115.79790496826172,545.8563842773438,121.77088165283203,554.8555908203125,115.79790496826172,AKAZE:intensity,1.0,0.007042253521126761,ROBUST_MODEL_INLIER,HELD_OUT,0.026535665933416296,SYNTHETIC_SOURCE,SYNTHETIC_TARGET
233,262.3318786621094,266.99334716796875,271.31884765625,261.01849365234375,262.3318786621094,266.99334716796875,271.31884765625,261.01849365234375,AKAZE:intensity,1.0,0.007042253521126761,ROBUST_MODEL_INLIER,HELD_OUT,0.02760977425688662,SYNTHETIC_SOURCE,SYNTHETIC_TARGET
234,479.0111999511719,336.2575378417969,487.9964294433594,330.2717590332031,479.0111999511719,336.2575378417969,487.9964294433594,330.2717590332031,AKAZE:intensity,1.0,0.0070921985815602835,ROBUST_MODEL_INLIER,FIT,0.019725690010340538,SYNTHETIC_SOURCE,SYNTHETIC_TARGET
235,68.22142791748047,463.55340576171875,77.24657440185547,457.5737609863281,68.22142791748047,463.55340576171875,77.24657440185547,457.5737609863281,AKAZE:intensity,1.0,0.0070921985815602835,ROBUST_MODEL_INLIER,FIT,0.03252860335083426,SYNTHETIC_SOURCE,SYNTHETIC_TARGET
236,137.10000610351562,598.4654541015625,146.0826416015625,592.4794311523438,137.10000610351562,598.4654541015625,146.0826416015625,592.4794311523438,AKAZE:intensity,1.0,0.0070921985815602835,ROBUST_MODEL_INLIER,FIT,0.021509264487165947,SYNTHETIC_SOURCE,SYNTHETIC_TARGET
237,259.2509460449219,166.4375762939453,268.2546691894531,160.43972778320312,259.2509460449219,166.4375762939453,268.2546691894531,160.43972778320312,AKAZE:intensity,1.0,0.007142857142857143,ROBUST_MODEL_INLIER,FIT,0.004641707581461604,SYNTHETIC_SOURCE,SYNTHETIC_TARGET
238,462.78790283203125,467.3412170410156,471.82000732421875,461.2666931152344,462.78790283203125,467.3412170410156,471.82000732421875,461.2666931152344,AKAZE:intensity,1.0,0.007142857142857143,ROBUST_MODEL_INLIER,HELD_OUT,0.08183576360788739,SYNTHETIC_SOURCE,SYNTHETIC_TARGET
239,510.5709228515625,436.6305847167969,519.56494140625,430.6369934082031,510.5709228515625,436.6305847167969,519.56494140625,430.6369934082031,AKAZE:intensity,1.0,0.007142857142857143,ROBUST_MODEL_INLIER,FIT,0.00799374158260806,SYNTHETIC_SOURCE,SYNTHETIC_TARGET
240,143.4693603515625,72.62525177001953,152.44483947753906,66.65637969970703,143.4693603515625,72.62525177001953,152.44483947753906,66.65637969970703,AKAZE:intensity,1.0,0.007142857142857143,ROBUST_MODEL_INLIER,FIT,0.03886516616108302,SYNTHETIC_SOURCE,SYNTHETIC_TARGET
241,444.619873046875,489.5549011230469,453.57305908203125,483.53009033203125,444.619873046875,489.5549011230469,453.57305908203125,483.53009033203125,AKAZE:intensity,1.0,0.007142857142857143,ROBUST_MODEL_INLIER,HELD_OUT,0.05267653118557274,SYNTHETIC_SOURCE,SYNTHETIC_TARGET
242,196.14097595214844,421.2348327636719,205.13479614257812,415.2158203125,196.14097595214844,421.2348327636719,205.13479614257812,415.2158203125,AKAZE:intensity,1.0,0.007246376811594203,ROBUST_MODEL_INLIER,FIT,0.020280469114158914,SYNTHETIC_SOURCE,SYNTHETIC_TARGET
243,522.8630981445312,58.491153717041016,531.9169311523438,52.49974060058594,522.8630981445312,58.491153717041016,531.9169311523438,52.49974060058594,AKAZE:intensity,1.0,0.007246376811594203,ROBUST_MODEL_INLIER,HELD_OUT,0.05504240855164965,SYNTHETIC_SOURCE,SYNTHETIC_TARGET
244,312.2271728515625,445.6735534667969,321.1902160644531,439.6846923828125,312.2271728515625,445.6735534667969,321.1902160644531,439.6846923828125,AKAZE:intensity,1.0,0.0072992700729927005,ROBUST_MODEL_INLIER,FIT,0.03787478577990744,SYNTHETIC_SOURCE,SYNTHETIC_TARGET
245,524.6998291015625,448.52581787109375,533.6964111328125,442.5133361816406,524.6998291015625,448.52581787109375,533.6964111328125,442.5133361816406,AKAZE:intensity,1.0,0.007352941176470588,ROBUST_MODEL_INLIER,FIT,0.013270375062953806,SYNTHETIC_SOURCE,SYNTHETIC_TARGET
246,456.13433837890625,577.3275146484375,465.12933349609375,571.2918090820312,456.13433837890625,577.3275146484375,465.12933349609375,571.2918090820312,AKAZE:intensity,1.0,0.007352941176470588,ROBUST_MODEL_INLIER,FIT,0.03645965596479292,SYNTHETIC_SOURCE,SYNTHETIC_TARGET
247,532.8548583984375,288.34417724609375,541.845703125,282.35235595703125,532.8548583984375,288.34417724609375,541.845703125,282.35235595703125,AKAZE:intensity,1.0,0.007352941176470588,ROBUST_MODEL_INLIER,HELD_OUT,0.011496016641786618,SYNTHETIC_SOURCE,SYNTHETIC_TARGET
248,197.8541717529297,342.119140625,206.86114501953125,336.118408203125,197.8541717529297,342.119140625,206.86114501953125,336.118408203125,AKAZE:intensity,1.0,0.007407407407407408,ROBUST_MODEL_INLIER,FIT,0.007681235615295462,SYNTHETIC_SOURCE,SYNTHETIC_TARGET
249,565.3689575195312,150.37985229492188,574.3685302734375,144.39149475097656,565.3689575195312,150.37985229492188,574.3685302734375,144.39149475097656,AKAZE:intensity,1.0,0.007407407407407408,ROBUST_MODEL_INLIER,FIT,0.011155677621113457,SYNTHETIC_SOURCE,SYNTHETIC_TARGET
250,519.6506958007812,319.82666015625,528.6380615234375,313.8130187988281,519.6506958007812,319.82666015625,528.6380615234375,313.8130187988281,AKAZE:intensity,1.0,0.007407407407407408,ROBUST_MODEL_INLIER,HELD_OUT,0.01855320673605385,SYNTHETIC_SOURCE,SYNTHETIC_TARGET
251,327.05352783203125,427.0330505371094,336.0491943359375,421.0484313964844,327.05352783203125,427.0330505371094,336.0491943359375,421.0484313964844,AKAZE:intensity,1.0,0.007407407407407408,ROBUST_MODEL_INLIER,FIT,0.015350918161784502,SYNTHETIC_SOURCE,SYNTHETIC_TARGET
252,95.00908660888672,476.7278137207031,103.96861267089844,470.73345947265625,95.00908660888672,476.7278137207031,103.96861267089844,470.73345947265625,AKAZE:intensity,1.0,0.007462686567164179,ROBUST_MODEL_INLIER,FIT,0.040195833450487425,SYNTHETIC_SOURCE,SYNTHETIC_TARGET
253,164.03880310058594,214.265869140625,173.03915405273438,208.27980041503906,164.03880310058594,214.265869140625,173.03915405273438,208.27980041503906,AKAZE:intensity,1.0,0.007462686567164179,ROBUST_MODEL_INLIER,FIT,0.013477320580653014,SYNTHETIC_SOURCE,SYNTHETIC_TARGET
254,156.0409393310547,231.84609985351562,165.060302734375,225.837158203125,156.0409393310547,231.84609985351562,165.060302734375,225.837158203125,AKAZE:intensity,1.0,0.007518796992481203,ROBUST_MODEL_INLIER,FIT,0.022087881176462733,SYNTHETIC_SOURCE,SYNTHETIC_TARGET
255,532.2235717773438,100.06694030761719,541.2317504882812,94.04352569580078,532.2235717773438,100.06694030761719,541.2317504882812,94.04352569580078,AKAZE:intensity,1.0,0.007518796992481203,ROBUST_MODEL_INLIER,HELD_OUT,0.02546754633986082,SYNTHETIC_SOURCE,SYNTHETIC_TARGET
256,587.117919921875,153.89175415039062,596.0938720703125,147.88494873046875,587.117919921875,153.89175415039062,596.0938720703125,147.88494873046875,AKAZE:intensity,1.0,0.007518796992481203,ROBUST_MODEL_INLIER,FIT,0.024546170435214752,SYNTHETIC_SOURCE,SYNTHETIC_TARGET
257,171.22454833984375,221.69464111328125,180.2141571044922,215.70094299316406,171.22454833984375,221.69464111328125,180.2141571044922,215.70094299316406,AKAZE:intensity,1.0,0.007575757575757576,ROBUST_MODEL_INLIER,FIT,0.011378207976592138,SYNTHETIC_SOURCE,SYNTHETIC_TARGET
258,483.2026672363281,246.9501495361328,492.2179870605469,240.93260192871094,483.2026672363281,246.9501495361328,492.2179870605469,240.93260192871094,AKAZE:intensity,1.0,0.007575757575757576,ROBUST_MODEL_INLIER,HELD_OUT,0.024063744110295743,SYNTHETIC_SOURCE,SYNTHETIC_TARGET
259,337.5708312988281,192.15928649902344,346.59429931640625,186.14491271972656,337.5708312988281,192.15928649902344,346.59429931640625,186.14491271972656,AKAZE:intensity,1.0,0.007575757575757576,ROBUST_MODEL_INLIER,HELD_OUT,0.028295736501656583,SYNTHETIC_SOURCE,SYNTHETIC_TARGET
260,457.27923583984375,355.2650451660156,466.28790283203125,349.2787780761719,457.27923583984375,355.2650451660156,466.28790283203125,349.2787780761719,AKAZE:intensity,1.0,0.007575757575757576,ROBUST_MODEL_INLIER,FIT,0.01617063084483525,SYNTHETIC_SOURCE,SYNTHETIC_TARGET
261,248.8213348388672,101.140380859375,257.81982421875,95.13453674316406,248.8213348388672,101.140380859375,257.81982421875,95.13453674316406,AKAZE:intensity,1.0,0.007692307692307693,ROBUST_MODEL_INLIER,FIT,0.006396072316183332,SYNTHETIC_SOURCE,SYNTHETIC_TARGET
262,460.72515869140625,261.1256408691406,469.7044677734375,255.11328125,460.72515869140625,261.1256408691406,469.7044677734375,255.11328125,AKAZE:intensity,1.0,0.007692307692307693,ROBUST_MODEL_INLIER,FIT,0.023838995189462957,SYNTHETIC_SOURCE,SYNTHETIC_TARGET
263,269.9371032714844,356.5851745605469,278.925537109375,350.5651550292969,269.9371032714844,356.5851745605469,278.925537109375,350.5651550292969,AKAZE:intensity,1.0,0.007692307692307693,ROBUST_MODEL_INLIER,FIT,0.023250809841254428,SYNTHETIC_SOURCE,SYNTHETIC_TARGET
264,517.6878051757812,372.9224853515625,526.6656494140625,366.902587890625,517.6878051757812,372.9224853515625,526.6656494140625,366.902587890625,AKAZE:intensity,1.0,0.007692307692307693,ROBUST_MODEL_INLIER,FIT,0.029661139279135215,SYNTHETIC_SOURCE,SYNTHETIC_TARGET
265,373.22076416015625,380.6669921875,382.2188415527344,374.6925964355469,373.22076416015625,380.6669921875,382.2188415527344,374.6925964355469,AKAZE:intensity,1.0,0.007692307692307693,ROBUST_MODEL_INLIER,HELD_OUT,0.025150224722300028,SYNTHETIC_SOURCE,SYNTHETIC_TARGET
266,205.12034606933594,119.18681335449219,214.12535095214844,113.18717193603516,205.12034606933594,119.18681335449219,214.12535095214844,113.18717193603516,AKAZE:intensity,1.0,0.007692307692307693,ROBUST_MODEL_INLIER,HELD_OUT,0.005616732065906797,SYNTHETIC_SOURCE,SYNTHETIC_TARGET
267,153.70550537109375,328.97772216796875,162.69459533691406,322.9693603515625,153.70550537109375,328.97772216796875,162.69459533691406,322.9693603515625,AKAZE:intensity,1.0,0.007692307692307693,ROBUST_MODEL_INLIER,HELD_OUT,0.013579679323899961,SYNTHETIC_SOURCE,SYNTHETIC_TARGET
268,365.57879638671875,394.74993896484375,374.5589294433594,388.73883056640625,365.57879638671875,394.74993896484375,374.5589294433594,388.73883056640625,AKAZE:intensity,1.0,0.007751937984496124,ROBUST_MODEL_INLIER,FIT,0.02247886357016183,SYNTHETIC_SOURCE,SYNTHETIC_TARGET
269,543.1781616210938,137.50653076171875,552.1588134765625,131.5033416748047,543.1781616210938,137.50653076171875,552.1588134765625,131.5033416748047,AKAZE:intensity,1.0,0.0078125,ROBUST_MODEL_INLIER,FIT,0.0190952329641143,SYNTHETIC_SOURCE,SYNTHETIC_TARGET
270,164.04055786132812,232.53140258789062,172.99642944335938,226.50474548339844,164.04055786132812,232.53140258789062,172.99642944335938,226.50474548339844,AKAZE:intensity,1.0,0.0078125,ROBUST_MODEL_INLIER,FIT,0.051290292169483116,SYNTHETIC_SOURCE,SYNTHETIC_TARGET
271,130.4217529296875,392.1138916015625,139.428955078125,386.1222229003906,130.4217529296875,392.1138916015625,139.428955078125,386.1222229003906,AKAZE:intensity,1.0,0.0078125,ROBUST_MODEL_INLIER,FIT,0.011070143674802859,SYNTHETIC_SOURCE,SYNTHETIC_TARGET
272,507.4914245605469,107.70710754394531,516.4695434570312,101.71692657470703,507.4914245605469,107.70710754394531,516.4695434570312,101.71692657470703,AKAZE:intensity,1.0,0.0078125,ROBUST_MODEL_INLIER,FIT,0.023227306669129994,SYNTHETIC_SOURCE,SYNTHETIC_TARGET
273,197.3530731201172,317.58966064453125,206.34896850585938,311.61029052734375,197.3530731201172,317.58966064453125,206.34896850585938,311.61029052734375,AKAZE:intensity,1.0,0.0078125,ROBUST_MODEL_INLIER,HELD_OUT,0.020442455461278496,SYNTHETIC_SOURCE,SYNTHETIC_TARGET
274,498.6481628417969,434.2449035644531,507.65478515625,428.23236083984375,498.6481628417969,434.2449035644531,507.65478515625,428.23236083984375,AKAZE:intensity,1.0,0.0078125,ROBUST_MODEL_INLIER,FIT,0.014903642890268218,SYNTHETIC_SOURCE,SYNTHETIC_TARGET
275,443.8253479003906,322.92816162109375,452.80902099609375,316.9329833984375,443.8253479003906,322.92816162109375,452.80902099609375,316.9329833984375,AKAZE:intensity,1.0,0.007874015748031496,ROBUST_MODEL_INLIER,FIT,0.016303043220421663,SYNTHETIC_SOURCE,SYNTHETIC_TARGET
276,150.59530639648438,580.0027465820312,159.59498596191406,574.0682983398438,150.59530639648438,580.0027465820312,159.59498596191406,574.0682983398438,AKAZE:intensity,1.0,0.007874015748031496,ROBUST_MODEL_INLIER,FIT,0.06506412248129799,SYNTHETIC_SOURCE,SYNTHETIC_TARGET
277,251.18760681152344,529.9066162109375,260.1824645996094,523.8981323242188,251.18760681152344,529.9066162109375,260.1824645996094,523.8981323242188,AKAZE:intensity,1.0,0.007874015748031496,ROBUST_MODEL_INLIER,FIT,0.010051743943491979,SYNTHETIC_SOURCE,SYNTHETIC_TARGET
278,254.063232421875,397.29962158203125,263.062255859375,391.28997802734375,254.063232421875,397.29962158203125,263.062255859375,391.28997802734375,AKAZE:intensity,1.0,0.007936507936507936,ROBUST_MODEL_INLIER,HELD_OUT,0.010138452047288143,SYNTHETIC_SOURCE,SYNTHETIC_TARGET
279,457.0291442871094,71.5975112915039,466.03436279296875,65.59823608398438,457.0291442871094,71.5975112915039,466.03436279296875,65.59823608398438,AKAZE:intensity,1.0,0.007936507936507936,ROBUST_MODEL_INLIER,FIT,0.0058336537784381,SYNTHETIC_SOURCE,SYNTHETIC_TARGET
280,586.2874755859375,227.21334838867188,595.2618408203125,221.1947784423828,586.2874755859375,227.21334838867188,595.2618408203125,221.1947784423828,AKAZE:intensity,1.0,0.008,ROBUST_MODEL_INLIER,FIT,0.03145532285801766,SYNTHETIC_SOURCE,SYNTHETIC_TARGET
281,260.6361999511719,177.34693908691406,269.63616943359375,171.33462524414062,260.6361999511719,177.34693908691406,269.63616943359375,171.33462524414062,AKAZE:intensity,1.0,0.008,ROBUST_MODEL_INLIER,FIT,0.012815248220807577,SYNTHETIC_SOURCE,SYNTHETIC_TARGET
282,478.9986877441406,374.2560729980469,487.9988098144531,368.23785400390625,478.9986877441406,374.2560729980469,487.9988098144531,368.23785400390625,AKAZE:intensity,1.0,0.008,ROBUST_MODEL_INLIER,FIT,0.01872160768587095,SYNTHETIC_SOURCE,SYNTHETIC_TARGET
283,450.01702880859375,511.1391906738281,458.99603271484375,505.0914001464844,450.01702880859375,511.1391906738281,458.99603271484375,505.0914001464844,AKAZE:intensity,1.0,0.008,ROBUST_MODEL_INLIER,FIT,0.05240631492260418,SYNTHETIC_SOURCE,SYNTHETIC_TARGET
284,540.3614501953125,106.3205795288086,549.3579711914062,100.34043884277344,540.3614501953125,106.3205795288086,549.3579711914062,100.34043884277344,AKAZE:intensity,1.0,0.008064516129032258,ROBUST_MODEL_INLIER,FIT,0.019582289822920332,SYNTHETIC_SOURCE,SYNTHETIC_TARGET
285,565.0340576171875,36.96514892578125,574.0297241210938,30.961509704589844,565.0340576171875,36.96514892578125,574.0297241210938,30.961509704589844,AKAZE:intensity,1.0,0.008130081300813009,ROBUST_MODEL_INLIER,FIT,0.005558604285645034,SYNTHETIC_SOURCE,SYNTHETIC_TARGET
286,501.5467224121094,45.75374221801758,510.58026123046875,39.66727828979492,501.5467224121094,45.75374221801758,510.58026123046875,39.66727828979492,AKAZE:intensity,1.0,0.008130081300813009,ROBUST_MODEL_INLIER,HELD_OUT,0.09341762434642503,SYNTHETIC_SOURCE,SYNTHETIC_TARGET
287,148.3943328857422,495.5957946777344,157.37725830078125,489.5947265625,148.3943328857422,495.5957946777344,157.37725830078125,489.5947265625,AKAZE:intensity,1.0,0.00819672131147541,ROBUST_MODEL_INLIER,FIT,0.016537634395970897,SYNTHETIC_SOURCE,SYNTHETIC_TARGET
288,568.6350708007812,162.0355682373047,577.62890625,156.05067443847656,568.6350708007812,162.0355682373047,577.62890625,156.05067443847656,AKAZE:intensity,1.0,0.00819672131147541,ROBUST_MODEL_INLIER,FIT,0.015637541744274036,SYNTHETIC_SOURCE,SYNTHETIC_TARGET
289,563.5460205078125,165.60665893554688,572.552490234375,159.61700439453125,563.5460205078125,165.60665893554688,572.552490234375,159.61700439453125,AKAZE:intensity,1.0,0.00819672131147541,ROBUST_MODEL_INLIER,FIT,0.012136369273516762,SYNTHETIC_SOURCE,SYNTHETIC_TARGET
290,569.9130859375,127.14837646484375,578.9263916015625,121.14018249511719,569.9130859375,127.14837646484375,578.9263916015625,121.14018249511719,AKAZE:intensity,1.0,0.008264462809917356,ROBUST_MODEL_INLIER,FIT,0.016402346566734425,SYNTHETIC_SOURCE,SYNTHETIC_TARGET
291,148.49790954589844,55.36259078979492,157.4851531982422,49.35924530029297,148.49790954589844,55.36259078979492,157.4851531982422,49.35924530029297,AKAZE:intensity,1.0,0.008333333333333333,ROBUST_MODEL_INLIER,FIT,0.012736680073234214,SYNTHETIC_SOURCE,SYNTHETIC_TARGET
292,91.9377670288086,299.8468933105469,100.92948913574219,293.8349609375,91.9377670288086,299.8468933105469,100.92948913574219,293.8349609375,AKAZE:intensity,1.0,0.008333333333333333,ROBUST_MODEL_INLIER,FIT,0.014596706679131575,SYNTHETIC_SOURCE,SYNTHETIC_TARGET
293,144.77047729492188,50.56953811645508,153.8420867919922,44.63859939575195,144.77047729492188,50.56953811645508,153.8420867919922,44.63859939575195,AKAZE:intensity,1.0,0.008333333333333333,ROBUST_MODEL_INLIER,FIT,0.09958896825292986,SYNTHETIC_SOURCE,SYNTHETIC_TARGET
294,472.4043273925781,463.13275146484375,481.3980712890625,457.1421203613281,472.4043273925781,463.13275146484375,481.3980712890625,457.1421203613281,AKAZE:intensity,1.0,0.008333333333333333,ROBUST_MODEL_INLIER,HELD_OUT,0.010523299960431998,SYNTHETIC_SOURCE,SYNTHETIC_TARGET
295,81.4494400024414,470.33428955078125,90.49264526367188,464.3808288574219,81.4494400024414,470.33428955078125,90.49264526367188,464.3808288574219,AKAZE:intensity,1.0,0.008403361344537815,ROBUST_MODEL_INLIER,FIT,0.06356496569613922,SYNTHETIC_SOURCE,SYNTHETIC_TARGET
296,498.61761474609375,57.15032958984375,507.6466064453125,51.17185592651367,498.61761474609375,57.15032958984375,507.6466064453125,51.17185592651367,AKAZE:intensity,1.0,0.008403361344537815,ROBUST_MODEL_INLIER,HELD_OUT,0.03631640381848687,SYNTHETIC_SOURCE,SYNTHETIC_TARGET
297,233.01303100585938,319.2709045410156,241.9730987548828,313.3256530761719,233.01303100585938,319.2709045410156,241.9730987548828,313.3256530761719,AKAZE:intensity,1.0,0.008403361344537815,ROBUST_MODEL_INLIER,FIT,0.06701034940589676,SYNTHETIC_SOURCE,SYNTHETIC_TARGET
298,585.2310791015625,166.01792907714844,594.214599609375,160.03842163085938,585.2310791015625,166.01792907714844,594.214599609375,160.03842163085938,AKAZE:intensity,1.0,0.00847457627118644,ROBUST_MODEL_INLIER,FIT,0.02553430126060723,SYNTHETIC_SOURCE,SYNTHETIC_TARGET
299,201.34095764160156,107.55148315429688,210.28305053710938,101.56107330322266,201.34095764160156,107.55148315429688,210.28305053710938,101.56107330322266,AKAZE:intensity,1.0,0.00847457627118644,ROBUST_MODEL_INLIER,HELD_OUT,0.0580151867313472,SYNTHETIC_SOURCE,SYNTHETIC_TARGET
300,527.2888793945312,473.5991516113281,536.2921752929688,467.5800476074219,527.2888793945312,473.5991516113281,536.2921752929688,467.5800476074219,AKAZE:intensity,1.0,0.00847457627118644,ROBUST_MODEL_INLIER,HELD_OUT,0.019977898455701342,SYNTHETIC_SOURCE,SYNTHETIC_TARGET
301,423.16339111328125,312.75421142578125,432.17169189453125,306.7550354003906,423.16339111328125,312.75421142578125,432.17169189453125,306.7550354003906,AKAZE:intensity,1.0,0.008547008547008548,ROBUST_MODEL_INLIER,FIT,0.008917453562174722,SYNTHETIC_SOURCE,SYNTHETIC_TARGET
302,298.36968994140625,186.36166381835938,307.3675231933594,180.36029052734375,298.36968994140625,186.36166381835938,307.3675231933594,180.36029052734375,AKAZE:intensity,1.0,0.008547008547008548,ROBUST_MODEL_INLIER,FIT,0.0024264833229839136,SYNTHETIC_SOURCE,SYNTHETIC_TARGET
303,120.0238265991211,183.75889587402344,129.0162811279297,177.73959350585938,120.0238265991211,183.75889587402344,129.0162811279297,177.73959350585938,AKAZE:intensity,1.0,0.008547008547008548,ROBUST_MODEL_INLIER,FIT,0.02097059103834637,SYNTHETIC_SOURCE,SYNTHETIC_TARGET
304,433.57049560546875,476.45367431640625,442.5911865234375,470.4453125,433.57049560546875,476.45367431640625,442.5911865234375,470.4453125,AKAZE:intensity,1.0,0.008547008547008548,ROBUST_MODEL_INLIER,HELD_OUT,0.02306660599585733,SYNTHETIC_SOURCE,SYNTHETIC_TARGET
305,183.06405639648438,58.58932876586914,192.04071044921875,52.564857482910156,183.06405639648438,58.58932876586914,192.04071044921875,52.564857482910156,AKAZE:intensity,1.0,0.008547008547008548,ROBUST_MODEL_INLIER,FIT,0.03376221493738777,SYNTHETIC_SOURCE,SYNTHETIC_TARGET
306,317.8129577636719,452.7885437011719,326.8201599121094,446.81976318359375,317.8129577636719,452.7885437011719,326.8201599121094,446.81976318359375,AKAZE:intensity,1.0,0.008547008547008548,ROBUST_MODEL_INLIER,FIT,0.03170870356410447,SYNTHETIC_SOURCE,SYNTHETIC_TARGET
307,527.787109375,460.2484436035156,536.7874755859375,454.26690673828125,527.787109375,460.2484436035156,536.7874755859375,454.26690673828125,AKAZE:intensity,1.0,0.008620689655172414,ROBUST_MODEL_INLIER,FIT,0.01800136198248851,SYNTHETIC_SOURCE,SYNTHETIC_TARGET
308,162.49468994140625,465.93927001953125,171.47837829589844,459.945068359375,162.49468994140625,465.93927001953125,171.47837829589844,459.945068359375,AKAZE:intensity,1.0,0.008620689655172414,ROBUST_MODEL_INLIER,FIT,0.01657490132176253,SYNTHETIC_SOURCE,SYNTHETIC_TARGET
309,332.63214111328125,371.7825012207031,341.6210021972656,365.8363037109375,332.63214111328125,371.7825012207031,341.6210021972656,365.8363037109375,AKAZE:intensity,1.0,0.008620689655172414,ROBUST_MODEL_INLIER,HELD_OUT,0.05434386395052545,SYNTHETIC_SOURCE,SYNTHETIC_TARGET
310,174.3183135986328,76.58943176269531,183.3311004638672,70.61607360839844,174.3183135986328,76.58943176269531,183.3311004638672,70.61607360839844,AKAZE:intensity,1.0,0.008695652173913044,ROBUST_MODEL_INLIER,FIT,0.02938527439902907,SYNTHETIC_SOURCE,SYNTHETIC_TARGET
311,118.07115173339844,480.5367431640625,127.04617309570312,474.56207275390625,118.07115173339844,480.5367431640625,127.04617309570312,474.56207275390625,AKAZE:intensity,1.0,0.008695652173913044,ROBUST_MODEL_INLIER,HELD_OUT,0.03479804565921109,SYNTHETIC_SOURCE,SYNTHETIC_TARGET
312,62.92472839355469,331.1768798828125,71.91264343261719,325.1545715332031,62.92472839355469,331.1768798828125,71.91264343261719,325.1545715332031,AKAZE:intensity,2.0,0.008733624454148471,ROBUST_MODEL_INLIER,FIT,0.025521619048317574,SYNTHETIC_SOURCE,SYNTHETIC_TARGET
313,43.734596252441406,193.5580291748047,52.73583221435547,187.55589294433594,43.734596252441406,193.5580291748047,52.73583221435547,187.55589294433594,AKAZE:intensity,1.0,0.008771929824561403,ROBUST_MODEL_INLIER,HELD_OUT,0.003208883795900435,SYNTHETIC_SOURCE,SYNTHETIC_TARGET
314,526.5537109375,460.0371398925781,535.5270385742188,454.0897521972656,526.5537109375,460.0371398925781,535.5270385742188,454.0897521972656,AKAZE:intensity,1.0,0.008771929824561403,ROBUST_MODEL_INLIER,HELD_OUT,0.05827642983352113,SYNTHETIC_SOURCE,SYNTHETIC_TARGET
315,346.6778564453125,186.19549560546875,355.6919250488281,180.1988067626953,346.6778564453125,186.19549560546875,355.6919250488281,180.1988067626953,AKAZE:intensity,1.0,0.008771929824561403,ROBUST_MODEL_INLIER,HELD_OUT,0.01494792129242944,SYNTHETIC_SOURCE,SYNTHETIC_TARGET
316,171.82958984375,328.86126708984375,180.8607177734375,322.87750244140625,171.82958984375,328.86126708984375,180.8607177734375,322.87750244140625,AKAZE:intensity,1.0,0.008771929824561403,ROBUST_MODEL_INLIER,FIT,0.035430053910923145,SYNTHETIC_SOURCE,SYNTHETIC_TARGET
317,80.33255767822266,506.6039733886719,89.3235855102539,500.6064147949219,80.33255767822266,506.6039733886719,89.3235855102539,500.6064147949219,AKAZE:intensity,1.0,0.008849557522123894,ROBUST_MODEL_INLIER,FIT,0.0085868894762572,SYNTHETIC_SOURCE,SYNTHETIC_TARGET
318,158.674072265625,87.55078125,167.67660522460938,81.55574798583984,158.674072265625,87.55078125,167.67660522460938,81.55574798583984,AKAZE:intensity,1.0,0.008849557522123894,ROBUST_MODEL_INLIER,HELD_OUT,0.0054714675094884885,SYNTHETIC_SOURCE,SYNTHETIC_TARGET
319,460.6254577636719,395.3043518066406,469.5963134765625,389.3211364746094,460.6254577636719,395.3043518066406,469.5963134765625,389.3211364746094,AKAZE:intensity,1.0,0.008849557522123894,ROBUST_MODEL_INLIER,FIT,0.03285966673416315,SYNTHETIC_SOURCE,SYNTHETIC_TARGET
320,271.6803283691406,386.25201416015625,280.6497802734375,380.2812194824219,271.6803283691406,386.25201416015625,280.6497802734375,380.2812194824219,AKAZE:intensity,2.0,0.008849557522123894,ROBUST_MODEL_INLIER,FIT,0.041484177332118025,SYNTHETIC_SOURCE,SYNTHETIC_TARGET
321,353.1297302246094,546.812744140625,362.1212158203125,540.8182373046875,353.1297302246094,546.812744140625,362.1212158203125,540.8182373046875,AKAZE:intensity,1.0,0.008928571428571428,ROBUST_MODEL_INLIER,FIT,0.009355367528570902,SYNTHETIC_SOURCE,SYNTHETIC_TARGET
322,444.12109375,477.4464111328125,453.1183776855469,471.43853759765625,444.12109375,477.4464111328125,453.1183776855469,471.43853759765625,AKAZE:intensity,1.0,0.008928571428571428,ROBUST_MODEL_INLIER,FIT,0.00862287657279031,SYNTHETIC_SOURCE,SYNTHETIC_TARGET
323,192.17955017089844,114.5318603515625,201.1473388671875,108.5526351928711,192.17955017089844,114.5318603515625,201.1473388671875,108.5526351928711,AKAZE:intensity,1.0,0.008928571428571428,ROBUST_MODEL_INLIER,HELD_OUT,0.03755215966757129,SYNTHETIC_SOURCE,SYNTHETIC_TARGET
324,138.55465698242188,549.224853515625,147.52565002441406,543.2485961914062,138.55465698242188,549.224853515625,147.52565002441406,543.2485961914062,AKAZE:intensity,1.0,0.008928571428571428,ROBUST_MODEL_INLIER,FIT,0.03670332577063001,SYNTHETIC_SOURCE,SYNTHETIC_TARGET
325,163.8465118408203,83.57862854003906,172.8325653076172,77.58302307128906,163.8465118408203,83.57862854003906,172.8325653076172,77.58302307128906,AKAZE:intensity,1.0,0.009009009009009009,ROBUST_MODEL_INLIER,FIT,0.013896493435908331,SYNTHETIC_SOURCE,SYNTHETIC_TARGET
326,370.9042053222656,379.63818359375,379.9073486328125,373.6261291503906,370.9042053222656,379.63818359375,379.9073486328125,373.6261291503906,AKAZE:intensity,2.0,0.009009009009009009,ROBUST_MODEL_INLIER,FIT,0.01309236112616738,SYNTHETIC_SOURCE,SYNTHETIC_TARGET
327,498.9891662597656,113.60480499267578,507.9849548339844,107.60812377929688,498.9891662597656,113.60480499267578,507.9849548339844,107.60812377929688,AKAZE:intensity,1.0,0.00909090909090909,ROBUST_MODEL_INLIER,HELD_OUT,0.004580337998962139,SYNTHETIC_SOURCE,SYNTHETIC_TARGET
328,86.22342681884766,394.19354248046875,95.23345947265625,388.2063293457031,86.22342681884766,394.19354248046875,95.23345947265625,388.2063293457031,AKAZE:intensity,1.0,0.00909090909090909,ROBUST_MODEL_INLIER,FIT,0.016264339253405154,SYNTHETIC_SOURCE,SYNTHETIC_TARGET
329,197.06259155273438,317.9156799316406,206.0666961669922,311.9262390136719,197.06259155273438,317.9156799316406,206.0666961669922,311.9262390136719,AKAZE:intensity,1.0,0.00909090909090909,ROBUST_MODEL_INLIER,FIT,0.0111198889860619,SYNTHETIC_SOURCE,SYNTHETIC_TARGET
330,292.5258483886719,362.22271728515625,301.536865234375,356.2256164550781,292.5258483886719,362.22271728515625,301.536865234375,356.2256164550781,AKAZE:intensity,1.0,0.00909090909090909,ROBUST_MODEL_INLIER,FIT,0.01187451474553519,SYNTHETIC_SOURCE,SYNTHETIC_TARGET
331,122.69498443603516,87.56293487548828,131.700927734375,81.56812286376953,122.69498443603516,87.56293487548828,131.700927734375,81.56812286376953,AKAZE:intensity,1.0,0.009174311926605505,ROBUST_MODEL_INLIER,FIT,0.008064587603967789,SYNTHETIC_SOURCE,SYNTHETIC_TARGET
332,197.0648651123047,294.6932067871094,206.1454620361328,288.7629089355469,197.0648651123047,294.6932067871094,206.1454620361328,288.7629089355469,AKAZE:intensity,1.0,0.009174311926605505,ROBUST_MODEL_INLIER,FIT,0.10670136356868969,SYNTHETIC_SOURCE,SYNTHETIC_TARGET
333,197.7942657470703,329.31182861328125,206.8071746826172,323.3137512207031,197.7942657470703,329.31182861328125,206.8071746826172,323.3137512207031,AKAZE:intensity,1.0,0.009259259259259259,ROBUST_MODEL_INLIER,FIT,0.013595161474327499,SYNTHETIC_SOURCE,SYNTHETIC_TARGET
334,178.8073272705078,268.6726379394531,187.7738494873047,262.6880798339844,178.8073272705078,268.6726379394531,187.7738494873047,262.6880798339844,AKAZE:intensity,1.0,0.009259259259259259,ROBUST_MODEL_INLIER,FIT,0.03610925937784288,SYNTHETIC_SOURCE,SYNTHETIC_TARGET
335,525.3648681640625,419.7628479003906,534.3509521484375,413.7758483886719,525.3648681640625,419.7628479003906,534.3509521484375,413.7758483886719,AKAZE:intensity,1.0,0.009259259259259259,ROBUST_MODEL_INLIER,FIT,0.018264611163037826,SYNTHETIC_SOURCE,SYNTHETIC_TARGET
336,489.0773010253906,128.04307556152344,498.0609130859375,121.96481323242188,489.0773010253906,128.04307556152344,498.0609130859375,121.96481323242188,AKAZE:intensity,1.0,0.009259259259259259,ROBUST_MODEL_INLIER,FIT,0.08031557078418866,SYNTHETIC_SOURCE,SYNTHETIC_TARGET
337,460.73199462890625,452.8779296875,469.7555236816406,446.888916015625,460.73199462890625,452.8779296875,469.7555236816406,446.888916015625,AKAZE:intensity,1.0,0.009259259259259259,ROBUST_MODEL_INLIER,FIT,0.026323370376866342,SYNTHETIC_SOURCE,SYNTHETIC_TARGET
338,147.62330627441406,89.24933624267578,156.67361450195312,83.22981262207031,147.62330627441406,89.24933624267578,156.67361450195312,83.22981262207031,AKAZE:intensity,2.0,0.009259259259259259,ROBUST_MODEL_INLIER,FIT,0.05470994346181497,SYNTHETIC_SOURCE,SYNTHETIC_TARGET
339,493.2683410644531,514.4380493164062,502.26080322265625,508.4181213378906,493.2683410644531,514.4380493164062,502.26080322265625,508.4181213378906,AKAZE:intensity,2.0,0.009302325581395349,ROBUST_MODEL_INLIER,FIT,0.02155954043491742,SYNTHETIC_SOURCE,SYNTHETIC_TARGET
340,468.3094177246094,163.6840057373047,477.30352783203125,157.69610595703125,468.3094177246094,163.6840057373047,477.30352783203125,157.69610595703125,AKAZE:intensity,2.0,0.009302325581395349,ROBUST_MODEL_INLIER,FIT,0.012755809206755144,SYNTHETIC_SOURCE,SYNTHETIC_TARGET
341,516.2717895507812,461.9586486816406,525.283935546875,455.955078125,516.2717895507812,461.9586486816406,525.283935546875,455.955078125,AKAZE:intensity,1.0,0.009345794392523364,ROBUST_MODEL_INLIER,FIT,0.013386507033184126,SYNTHETIC_SOURCE,SYNTHETIC_TARGET
342,255.94923400878906,111.60032653808594,264.9571838378906,105.61680603027344,255.94923400878906,111.60032653808594,264.9571838378906,105.61680603027344,AKAZE:intensity,1.0,0.009345794392523364,ROBUST_MODEL_INLIER,FIT,0.01813823365846325,SYNTHETIC_SOURCE,SYNTHETIC_TARGET
343,565.120849609375,190.92852783203125,574.1205444335938,184.89137268066406,565.120849609375,190.92852783203125,574.1205444335938,184.89137268066406,AKAZE:intensity,1.0,0.009345794392523364,ROBUST_MODEL_INLIER,FIT,0.0376446696288093,SYNTHETIC_SOURCE,SYNTHETIC_TARGET
344,67.74073028564453,599.9766845703125,76.7545394897461,593.9884643554688,67.74073028564453,599.9766845703125,76.7545394897461,593.9884643554688,AKAZE:intensity,1.0,0.009345794392523364,ROBUST_MODEL_INLIER,FIT,0.018314520086910712,SYNTHETIC_SOURCE,SYNTHETIC_TARGET
345,62.3323860168457,548.9622802734375,71.31809997558594,542.9764404296875,62.3323860168457,548.9622802734375,71.31809997558594,542.9764404296875,AKAZE:intensity,1.0,0.009345794392523364,ROBUST_MODEL_INLIER,FIT,0.019337648634503685,SYNTHETIC_SOURCE,SYNTHETIC_TARGET
346,522.6174926757812,468.2458190917969,531.6647338867188,462.2168273925781,522.6174926757812,468.2458190917969,531.6647338867188,462.2168273925781,AKAZE:intensity,1.0,0.009345794392523364,ROBUST_MODEL_INLIER,HELD_OUT,0.05620357001231584,SYNTHETIC_SOURCE,SYNTHETIC_TARGET
347,411.2227478027344,381.93572998046875,420.2029724121094,375.9354553222656,411.2227478027344,381.93572998046875,420.2029724121094,375.9354553222656,AKAZE:intensity,2.0,0.009478672985781991,ROBUST_MODEL_INLIER,FIT,0.01918021894755859,SYNTHETIC_SOURCE,SYNTHETIC_TARGET
348,146.15151977539062,279.1771240234375,155.1461944580078,273.1717529296875,146.15151977539062,279.1771240234375,155.1461944580078,273.1717529296875,AKAZE:intensity,1.0,0.009523809523809525,ROBUST_MODEL_INLIER,FIT,0.007520849558217484,SYNTHETIC_SOURCE,SYNTHETIC_TARGET
349,294.27685546875,520.5554809570312,303.312744140625,514.5487670898438,294.27685546875,520.5554809570312,303.312744140625,514.5487670898438,AKAZE:intensity,2.0,0.009523809523809525,ROBUST_MODEL_INLIER,FIT,0.03720281782347888,SYNTHETIC_SOURCE,SYNTHETIC_TARGET
350,499.0678405761719,398.9825134277344,508.0902099609375,392.9486999511719,499.0678405761719,398.9825134277344,508.0902099609375,392.9486999511719,AKAZE:intensity,2.0,0.009569377990430622,ROBUST_MODEL_INLIER,FIT,0.04128775691094822,SYNTHETIC_SOURCE,SYNTHETIC_TARGET
351,187.73231506347656,250.20413208007812,196.72689819335938,244.22073364257812,187.73231506347656,250.20413208007812,196.72689819335938,244.22073364257812,AKAZE:intensity,1.0,0.009615384615384616,ROBUST_MODEL_INLIER,FIT,0.01681488784554202,SYNTHETIC_SOURCE,SYNTHETIC_TARGET
352,402.5422668457031,473.7595520019531,411.5467529296875,467.76531982421875,402.5422668457031,473.7595520019531,411.5467529296875,467.76531982421875,AKAZE:intensity,1.0,0.009615384615384616,ROBUST_MODEL_INLIER,FIT,0.007338065727364245,SYNTHETIC_SOURCE,SYNTHETIC_TARGET
353,364.9756164550781,131.53184509277344,373.97149658203125,125.54151153564453,364.9756164550781,131.53184509277344,373.97149658203125,125.54151153564453,AKAZE:intensity,2.0,0.00966183574879227,ROBUST_MODEL_INLIER,FIT,0.009826260315715636,SYNTHETIC_SOURCE,SYNTHETIC_TARGET
354,195.989501953125,605.8394165039062,204.98150634765625,599.808837890625,195.989501953125,605.8394165039062,204.98150634765625,599.808837890625,AKAZE:intensity,1.0,0.00980392156862745,ROBUST_MODEL_INLIER,FIT,0.03193264647779122,SYNTHETIC_SOURCE,SYNTHETIC_TARGET
355,84.39366912841797,412.0951232910156,93.39838409423828,406.07366943359375,84.39366912841797,412.0951232910156,93.39838409423828,406.07366943359375,AKAZE:intensity,1.0,0.009900990099009901,ROBUST_MODEL_INLIER,FIT,0.022579115454850692,SYNTHETIC_SOURCE,SYNTHETIC_TARGET
356,62.60784912109375,556.8241577148438,71.59542083740234,550.83203125,62.60784912109375,556.8241577148438,71.59542083740234,550.83203125,AKAZE:intensity,1.0,0.009900990099009901,ROBUST_MODEL_INLIER,FIT,0.01393576316759206,SYNTHETIC_SOURCE,SYNTHETIC_TARGET
357,375.0841979980469,267.78302001953125,384.07135009765625,261.77740478515625,375.0841979980469,267.78302001953125,384.07135009765625,261.77740478515625,AKAZE:intensity,1.0,0.009900990099009901,ROBUST_MODEL_INLIER,FIT,0.013675178401226168,SYNTHETIC_SOURCE,SYNTHETIC_TARGET
358,227.90028381347656,314.6873474121094,236.90171813964844,308.6658020019531,227.90028381347656,314.6873474121094,236.90171813964844,308.6658020019531,AKAZE:intensity,1.0,0.009900990099009901,ROBUST_MODEL_INLIER,FIT,0.022128358819020085,SYNTHETIC_SOURCE,SYNTHETIC_TARGET
359,238.77975463867188,406.21484375,247.78123474121094,400.2215881347656,238.77975463867188,406.21484375,247.78123474121094,400.2215881347656,AKAZE:intensity,1.0,0.009900990099009901,ROBUST_MODEL_INLIER,FIT,0.006596122311552066,SYNTHETIC_SOURCE,SYNTHETIC_TARGET
360,230.45013427734375,354.6846008300781,239.47108459472656,348.6717224121094,230.45013427734375,354.6846008300781,239.47108459472656,348.6717224121094,AKAZE:intensity,2.0,0.009900990099009901,ROBUST_MODEL_INLIER,FIT,0.025367914643775802,SYNTHETIC_SOURCE,SYNTHETIC_TARGET
361,90.26996612548828,196.92674255371094,99.26736450195312,190.93142700195312,90.26996612548828,196.92674255371094,99.26736450195312,190.93142700195312,AKAZE:intensity,2.0,0.009900990099009901,ROBUST_MODEL_INLIER,FIT,0.004644672377618275,SYNTHETIC_SOURCE,SYNTHETIC_TARGET
362,524.23681640625,200.59274291992188,533.2234497070312,194.63160705566406,524.23681640625,200.59274291992188,533.2234497070312,194.63160705566406,AKAZE:intensity,2.0,0.009900990099009901,ROBUST_MODEL_INLIER,FIT,0.040440457632582034,SYNTHETIC_SOURCE,SYNTHETIC_TARGET
363,102.54100799560547,466.55194091796875,111.56550598144531,460.5254821777344,102.54100799560547,466.55194091796875,111.56550598144531,460.5254821777344,AKAZE:intensity,1.0,0.01,ROBUST_MODEL_INLIER,FIT,0.036831651795558966,SYNTHETIC_SOURCE,SYNTHETIC_TARGET
364,182.96661376953125,127.96260070800781,191.95376586914062,122.03512573242188,182.96661376953125,127.96260070800781,191.95376586914062,122.03512573242188,AKAZE:intensity,1.0,0.01,ROBUST_MODEL_INLIER,FIT,0.07306880296683291,SYNTHETIC_SOURCE,SYNTHETIC_TARGET
365,152.0537567138672,273.4196472167969,161.0352020263672,267.4240417480469,152.0537567138672,273.4196472167969,161.0352020263672,267.4240417480469,AKAZE:intensity,1.0,0.01,ROBUST_MODEL_INLIER,FIT,0.018364584974900847,SYNTHETIC_SOURCE,SYNTHETIC_TARGET
366,164.24464416503906,562.7836303710938,173.22610473632812,556.80322265625,164.24464416503906,562.7836303710938,173.22610473632812,556.80322265625,AKAZE:intensity,2.0,0.01,ROBUST_MODEL_INLIER,FIT,0.02619951855749718,SYNTHETIC_SOURCE,SYNTHETIC_TARGET
367,134.8260040283203,555.1767578125,143.81285095214844,549.144287109375,134.8260040283203,555.1767578125,143.81285095214844,549.144287109375,AKAZE:intensity,1.0,0.010101010101010102,ROBUST_MODEL_INLIER,FIT,0.0352649201283388,SYNTHETIC_SOURCE,SYNTHETIC_TARGET
368,519.8903198242188,69.48441314697266,528.8748779296875,63.425960540771484,519.8903198242188,69.48441314697266,528.8748779296875,63.425960540771484,AKAZE:intensity,1.0,0.010101010101010102,ROBUST_MODEL_INLIER,FIT,0.06077830929176615,SYNTHETIC_SOURCE,SYNTHETIC_TARGET
369,472.2745361328125,437.6556091308594,481.29339599609375,431.70465087890625,472.2745361328125,437.6556091308594,481.29339599609375,431.70465087890625,AKAZE:intensity,2.0,0.01015228426395939,ROBUST_MODEL_INLIER,HELD_OUT,0.05231183808715792,SYNTHETIC_SOURCE,SYNTHETIC_TARGET
370,340.00390625,532.697998046875,348.9808349609375,526.6849975585938,340.00390625,532.697998046875,348.9808349609375,526.6849975585938,AKAZE:intensity,1.0,0.01020408163265306,ROBUST_MODEL_INLIER,FIT,0.0262000117718692,SYNTHETIC_SOURCE,SYNTHETIC_TARGET
371,470.6491394042969,455.0281677246094,479.6474914550781,449.0430908203125,470.6491394042969,455.0281677246094,479.6474914550781,449.0430908203125,AKAZE:intensity,1.0,0.010309278350515464,ROBUST_MODEL_INLIER,FIT,0.01447205849879007,SYNTHETIC_SOURCE,SYNTHETIC_TARGET
372,451.9933776855469,568.2807006835938,460.9957275390625,562.2973022460938,451.9933776855469,568.2807006835938,460.9957275390625,562.2973022460938,AKAZE:intensity,1.0,0.010309278350515464,ROBUST_MODEL_INLIER,FIT,0.016382937671436053,SYNTHETIC_SOURCE,SYNTHETIC_TARGET
373,511.3750915527344,472.2087097167969,520.4077758789062,466.178955078125,511.3750915527344,472.2087097167969,520.4077758789062,466.178955078125,AKAZE:intensity,1.0,0.010309278350515464,ROBUST_MODEL_INLIER,HELD_OUT,0.044979659523353775,SYNTHETIC_SOURCE,SYNTHETIC_TARGET
374,459.3948669433594,471.5464782714844,468.4315185546875,465.5089111328125,459.3948669433594,471.5464782714844,468.4315185546875,465.5089111328125,AKAZE:intensity,1.0,0.010309278350515464,ROBUST_MODEL_INLIER,FIT,0.053260387380233684,SYNTHETIC_SOURCE,SYNTHETIC_TARGET
375,422.09674072265625,526.7581787109375,431.0963439941406,520.7280883789062,422.09674072265625,526.7581787109375,431.0963439941406,520.7280883789062,AKAZE:intensity,1.0,0.010309278350515464,ROBUST_MODEL_INLIER,FIT,0.03057935946043336,SYNTHETIC_SOURCE,SYNTHETIC_TARGET
376,378.5734558105469,283.86517333984375,387.5749816894531,277.8620300292969,378.5734558105469,283.86517333984375,387.5749816894531,277.8620300292969,AKAZE:intensity,1.0,0.010309278350515464,ROBUST_MODEL_INLIER,FIT,0.0042133050678470505,SYNTHETIC_SOURCE,SYNTHETIC_TARGET
377,110.15495300292969,493.3453063964844,119.19387817382812,487.35736083984375,110.15495300292969,493.3453063964844,119.19387817382812,487.35736083984375,AKAZE:intensity,1.0,0.010309278350515464,ROBUST_MODEL_INLIER,FIT,0.041192640631545284,SYNTHETIC_SOURCE,SYNTHETIC_TARGET
378,405.8307189941406,448.5650634765625,414.8251953125,442.5762023925781,405.8307189941406,448.5650634765625,414.8251953125,442.5762023925781,AKAZE:intensity,2.0,0.010362694300518135,ROBUST_MODEL_INLIER,FIT,0.01172931512780468,SYNTHETIC_SOURCE,SYNTHETIC_TARGET
379,99.99468231201172,390.9104919433594,108.98291778564453,384.91949462890625,99.99468231201172,390.9104919433594,108.98291778564453,384.91949462890625,AKAZE:intensity,1.0,0.010416666666666666,ROBUST_MODEL_INLIER,FIT,0.014032487167432895,SYNTHETIC_SOURCE,SYNTHETIC_TARGET
380,180.07127380371094,410.7667236328125,189.09417724609375,404.7690734863281,180.07127380371094,410.7667236328125,189.09417724609375,404.7690734863281,AKAZE:intensity,2.0,0.010471204188481676,ROBUST_MODEL_INLIER,HELD_OUT,0.02358736859004749,SYNTHETIC_SOURCE,SYNTHETIC_TARGET
381,121.81584167480469,272.1623840332031,130.82847595214844,266.1683349609375,121.81584167480469,272.1623840332031,130.82847595214844,266.1683349609375,AKAZE:intensity,1.0,0.010638297872340425,ROBUST_MODEL_INLIER,HELD_OUT,0.014326922261167177,SYNTHETIC_SOURCE,SYNTHETIC_TARGET
382,468.8520812988281,270.6852111816406,477.8260498046875,264.6785583496094,468.8520812988281,270.6852111816406,477.8260498046875,264.6785583496094,AKAZE:intensity,1.0,0.010638297872340425,ROBUST_MODEL_INLIER,FIT,0.02640511293051035,SYNTHETIC_SOURCE,SYNTHETIC_TARGET
383,131.0196990966797,269.93572998046875,140.03907775878906,263.93634033203125,131.0196990966797,269.93572998046875,140.03907775878906,263.93634033203125,AKAZE:intensity,1.0,0.010638297872340425,ROBUST_MODEL_INLIER,HELD_OUT,0.01998938640217852,SYNTHETIC_SOURCE,SYNTHETIC_TARGET
384,347.7311096191406,443.9052429199219,356.7071533203125,437.8975524902344,347.7311096191406,443.9052429199219,356.7071533203125,437.8975524902344,AKAZE:intensity,2.0,0.010638297872340425,ROBUST_MODEL_INLIER,FIT,0.024737109094001376,SYNTHETIC_SOURCE,SYNTHETIC_TARGET
385,170.2657012939453,554.6470336914062,179.24110412597656,548.6482543945312,170.2657012939453,554.6470336914062,179.24110412597656,548.6482543945312,AKAZE:intensity,2.0,0.0106951871657754,ROBUST_MODEL_INLIER,HELD_OUT,0.02399799581444506,SYNTHETIC_SOURCE,SYNTHETIC_TARGET
386,585.243896484375,144.9617156982422,594.2353515625,138.97669982910156,585.243896484375,144.9617156982422,594.2353515625,138.97669982910156,AKAZE:intensity,1.0,0.010752688172043012,ROBUST_MODEL_INLIER,FIT,0.01652534604604768,SYNTHETIC_SOURCE,SYNTHETIC_TARGET
387,252.1678924560547,399.73907470703125,261.1565246582031,393.7535095214844,252.1678924560547,399.73907470703125,261.1565246582031,393.7535095214844,AKAZE:intensity,1.0,0.010752688172043012,ROBUST_MODEL_INLIER,FIT,0.017613302900022262,SYNTHETIC_SOURCE,SYNTHETIC_TARGET
388,369.17584228515625,255.1936798095703,378.1983642578125,249.2235870361328,369.17584228515625,255.1936798095703,378.1983642578125,249.2235870361328,AKAZE:intensity,1.0,0.010752688172043012,ROBUST_MODEL_INLIER,FIT,0.03742430716875375,SYNTHETIC_SOURCE,SYNTHETIC_TARGET
389,57.09962463378906,461.9568786621094,66.09146118164062,455.95501708984375,57.09962463378906,461.9568786621094,66.09146118164062,455.95501708984375,AKAZE:intensity,1.0,0.010752688172043012,ROBUST_MODEL_INLIER,FIT,0.007910192159877318,SYNTHETIC_SOURCE,SYNTHETIC_TARGET
390,471.81170654296875,87.13102722167969,480.8199157714844,81.11409759521484,471.81170654296875,87.13102722167969,480.8199157714844,81.11409759521484,AKAZE:intensity,2.0,0.010752688172043012,ROBUST_MODEL_INLIER,FIT,0.019523537126178565,SYNTHETIC_SOURCE,SYNTHETIC_TARGET
391,257.8164367675781,461.8748779296875,266.8049011230469,455.87109375,257.8164367675781,461.8748779296875,266.8049011230469,455.87109375,AKAZE:intensity,2.0,0.010810810810810811,ROBUST_MODEL_INLIER,FIT,0.011730982436074209,SYNTHETIC_SOURCE,SYNTHETIC_TARGET
392,246.25450134277344,441.1117858886719,255.2183380126953,435.1510925292969,246.25450134277344,441.1117858886719,255.2183380126953,435.1510925292969,AKAZE:intensity,2.0,0.010810810810810811,ROBUST_MODEL_INLIER,FIT,0.052639142336279976,SYNTHETIC_SOURCE,SYNTHETIC_TARGET
393,434.6839294433594,503.65570068359375,443.6940002441406,497.6788635253906,434.6839294433594,503.65570068359375,443.6940002441406,497.6788635253906,AKAZE:intensity,1.0,0.01098901098901099,ROBUST_MODEL_INLIER,FIT,0.025064371354260942,SYNTHETIC_SOURCE,SYNTHETIC_TARGET
394,441.34307861328125,498.4989318847656,450.3659973144531,492.45819091796875,441.34307861328125,498.4989318847656,450.3659973144531,492.45819091796875,AKAZE:intensity,1.0,0.01098901098901099,ROBUST_MODEL_INLIER,FIT,0.04747069851063649,SYNTHETIC_SOURCE,SYNTHETIC_TARGET
395,76.41731262207031,466.32745361328125,85.40522003173828,460.30218505859375,76.41731262207031,466.32745361328125,85.40522003173828,460.30218505859375,AKAZE:intensity,1.0,0.01098901098901099,ROBUST_MODEL_INLIER,FIT,0.02820029086147549,SYNTHETIC_SOURCE,SYNTHETIC_TARGET
396,473.0539245605469,232.87278747558594,482.1412048339844,226.8311004638672,473.0539245605469,232.87278747558594,482.1412048339844,226.8311004638672,AKAZE:intensity,2.0,0.01098901098901099,ROBUST_MODEL_INLIER,FIT,0.0974859851460225,SYNTHETIC_SOURCE,SYNTHETIC_TARGET
397,37.76117706298828,515.1066284179688,46.732662200927734,509.1061096191406,37.76117706298828,515.1066284179688,46.732662200927734,509.1061096191406,AKAZE:intensity,2.0,0.011049723756906077,ROBUST_MODEL_INLIER,HELD_OUT,0.027922677457925923,SYNTHETIC_SOURCE,SYNTHETIC_TARGET
398,245.2624053955078,327.863037109375,254.2907257080078,321.873291015625,245.2624053955078,327.863037109375,254.2907257080078,321.873291015625,AKAZE:intensity,2.0,0.011049723756906077,ROBUST_MODEL_INLIER,FIT,0.030534419181275644,SYNTHETIC_SOURCE,SYNTHETIC_TARGET
399,133.75376892089844,235.4412841796875,142.76425170898438,229.45974731445312,133.75376892089844,235.4412841796875,142.76425170898438,229.45974731445312,AKAZE:intensity,2.0,0.011049723756906077,ROBUST_MODEL_INLIER,FIT,0.021122336664486544,SYNTHETIC_SOURCE,SYNTHETIC_TARGET
400,444.53607177734375,310.9588928222656,453.5361022949219,305.0326232910156,444.53607177734375,310.9588928222656,453.5361022949219,305.0326232910156,AKAZE:intensity,2.0,0.011111111111111112,ROBUST_MODEL_INLIER,FIT,0.07324499124882576,SYNTHETIC_SOURCE,SYNTHETIC_TARGET
401,337.1658020019531,379.01092529296875,346.1788330078125,373.04608154296875,337.1658020019531,379.01092529296875,346.1788330078125,373.04608154296875,AKAZE:intensity,1.0,0.011235955056179775,ROBUST_MODEL_INLIER,FIT,0.037255263917496555,SYNTHETIC_SOURCE,SYNTHETIC_TARGET
402,304.3239440917969,318.6453857421875,313.2949523925781,312.6248779296875,304.3239440917969,318.6453857421875,313.2949523925781,312.6248779296875,AKAZE:intensity,1.0,0.011235955056179775,ROBUST_MODEL_INLIER,FIT,0.03530349625099073,SYNTHETIC_SOURCE,SYNTHETIC_TARGET
403,325.5866394042969,378.01641845703125,334.6112060546875,371.9903259277344,325.5866394042969,378.01641845703125,334.6112060546875,371.9903259277344,AKAZE:intensity,1.0,0.011235955056179775,ROBUST_MODEL_INLIER,HELD_OUT,0.03661175926770689,SYNTHETIC_SOURCE,SYNTHETIC_TARGET
404,500.08526611328125,448.09033203125,509.0813903808594,442.0915222167969,500.08526611328125,448.09033203125,509.0813903808594,442.0915222167969,AKAZE:intensity,2.0,0.011235955056179775,ROBUST_MODEL_INLIER,HELD_OUT,0.0033399673349816163,SYNTHETIC_SOURCE,SYNTHETIC_TARGET
405,268.61279296875,190.13697814941406,277.6044921875,184.124755859375,268.61279296875,190.13697814941406,277.6044921875,184.124755859375,AKAZE:intensity,2.0,0.011235955056179775,ROBUST_MODEL_INLIER,FIT,0.014856020034744209,SYNTHETIC_SOURCE,SYNTHETIC_TARGET
406,472.36077880859375,377.2774963378906,481.3194274902344,371.15533447265625,472.36077880859375,377.2774963378906,481.3194274902344,371.15533447265625,AKAZE:intensity,2.0,0.011299435028248588,ROBUST_MODEL_INLIER,HELD_OUT,0.12923964100918386,SYNTHETIC_SOURCE,SYNTHETIC_TARGET
407,334.2027282714844,181.1970977783203,343.18206787109375,175.16685485839844,334.2027282714844,181.1970977783203,343.18206787109375,175.16685485839844,AKAZE:intensity,2.0,0.011299435028248588,ROBUST_MODEL_INLIER,FIT,0.036693476034255025,SYNTHETIC_SOURCE,SYNTHETIC_TARGET
408,60.818878173828125,581.3831176757812,69.81881713867188,575.3946533203125,60.818878173828125,581.3831176757812,69.81881713867188,575.3946533203125,AKAZE:intensity,1.0,0.011363636363636364,ROBUST_MODEL_INLIER,FIT,0.011061011887801503,SYNTHETIC_SOURCE,SYNTHETIC_TARGET
409,197.5044708251953,88.19662475585938,206.52413940429688,82.13990020751953,197.5044708251953,88.19662475585938,206.52413940429688,82.13990020751953,AKAZE:intensity,1.0,0.011363636363636364,ROBUST_MODEL_INLIER,FIT,0.060700435736116054,SYNTHETIC_SOURCE,SYNTHETIC_TARGET
410,113.11663055419922,50.19987869262695,122.10371398925781,44.2269172668457,113.11663055419922,50.19987869262695,122.10371398925781,44.2269172668457,AKAZE:intensity,2.0,0.011363636363636364,ROBUST_MODEL_INLIER,FIT,0.029263645440266443,SYNTHETIC_SOURCE,SYNTHETIC_TARGET
411,349.51812744140625,238.4072723388672,358.5598449707031,232.41790771484375,349.51812744140625,238.4072723388672,358.5598449707031,232.41790771484375,AKAZE:intensity,2.0,0.011363636363636364,ROBUST_MODEL_INLIER,FIT,0.04352715278346698,SYNTHETIC_SOURCE,SYNTHETIC_TARGET
412,409.55908203125,451.82861328125,418.5630187988281,445.81427001953125,409.55908203125,451.82861328125,418.5630187988281,445.81427001953125,AKAZE:intensity,2.0,0.011363636363636364,ROBUST_MODEL_INLIER,HELD_OUT,0.015512928779341307,SYNTHETIC_SOURCE,SYNTHETIC_TARGET
413,275.2147216796875,208.29443359375,284.22869873046875,202.3202362060547,275.2147216796875,208.29443359375,284.22869873046875,202.3202362060547,AKAZE:intensity,2.0,0.011428571428571429,ROBUST_MODEL_INLIER,FIT,0.02921656488851417,SYNTHETIC_SOURCE,SYNTHETIC_TARGET
414,433.3342590332031,407.27752685546875,442.3254699707031,401.2850036621094,433.3342590332031,407.27752685546875,442.3254699707031,401.2850036621094,AKAZE:intensity,2.0,0.011428571428571429,ROBUST_MODEL_INLIER,FIT,0.010757825046662194,SYNTHETIC_SOURCE,SYNTHETIC_TARGET
415,281.4269104003906,275.70855712890625,290.4325866699219,269.734130859375,281.4269104003906,275.70855712890625,290.4325866699219,269.734130859375,AKAZE:intensity,1.0,0.011494252873563218,ROBUST_MODEL_INLIER,FIT,0.02586119423543444,SYNTHETIC_SOURCE,SYNTHETIC_TARGET
416,420.8412780761719,471.022216796875,429.8371887207031,465.02496337890625,420.8412780761719,471.022216796875,429.8371887207031,465.02496337890625,AKAZE:intensity,1.0,0.011494252873563218,ROBUST_MODEL_INLIER,FIT,0.004147697023445314,SYNTHETIC_SOURCE,SYNTHETIC_TARGET
417,311.0809631347656,534.9065551757812,320.0662841796875,528.8734130859375,311.0809631347656,534.9065551757812,320.0662841796875,528.8734130859375,AKAZE:intensity,2.0,0.011494252873563218,ROBUST_MODEL_INLIER,FIT,0.0364544574062376,SYNTHETIC_SOURCE,SYNTHETIC_TARGET
418,310.1762390136719,300.8682556152344,319.1933898925781,294.8761901855469,310.1762390136719,300.8682556152344,319.1933898925781,294.8761901855469,AKAZE:intensity,2.0,0.011560693641618497,ROBUST_MODEL_INLIER,FIT,0.01925898565777441,SYNTHETIC_SOURCE,SYNTHETIC_TARGET
419,290.62457275390625,347.267578125,299.67840576171875,341.2552795410156,290.62457275390625,347.267578125,299.67840576171875,341.2552795410156,AKAZE:intensity,1.0,0.011627906976744186,ROBUST_MODEL_INLIER,FIT,0.0559248004248336,SYNTHETIC_SOURCE,SYNTHETIC_TARGET
420,49.17058563232422,350.8034973144531,58.14906311035156,344.795654296875,49.17058563232422,350.8034973144531,58.14906311035156,344.795654296875,AKAZE:intensity,2.0,0.011627906976744186,ROBUST_MODEL_INLIER,FIT,0.022510651066260424,SYNTHETIC_SOURCE,SYNTHETIC_TARGET
421,139.72166442871094,238.68421936035156,148.7376251220703,232.70062255859375,139.72166442871094,238.68421936035156,148.7376251220703,232.70062255859375,AKAZE:intensity,2.0,0.011695906432748537,ROBUST_MODEL_INLIER,HELD_OUT,0.022975728773447376,SYNTHETIC_SOURCE,SYNTHETIC_TARGET
422,222.02267456054688,484.1481018066406,231.02635192871094,478.14532470703125,222.02267456054688,484.1481018066406,231.02635192871094,478.14532470703125,AKAZE:intensity,3.0,0.01171875,ROBUST_MODEL_INLIER,FIT,0.005389550316151229,SYNTHETIC_SOURCE,SYNTHETIC_TARGET
423,418.90435791015625,274.21759033203125,427.8869934082031,268.2313537597656,418.90435791015625,274.21759033203125,427.8869934082031,268.2313537597656,AKAZE:intensity,1.0,0.011764705882352941,ROBUST_MODEL_INLIER,FIT,0.02137594604908269,SYNTHETIC_SOURCE,SYNTHETIC_TARGET
424,345.1886901855469,478.10516357421875,354.1784362792969,472.0855712890625,345.1886901855469,478.10516357421875,354.1784362792969,472.0855712890625,AKAZE:intensity,1.0,0.011764705882352941,ROBUST_MODEL_INLIER,FIT,0.0222761597724253,SYNTHETIC_SOURCE,SYNTHETIC_TARGET
425,365.88812255859375,273.94012451171875,374.8928527832031,267.91326904296875,365.88812255859375,273.94012451171875,374.8928527832031,267.91326904296875,AKAZE:intensity,1.0,0.011764705882352941,ROBUST_MODEL_INLIER,FIT,0.027860409507221875,SYNTHETIC_SOURCE,SYNTHETIC_TARGET
426,332.9249572753906,62.28721237182617,341.916015625,56.288047790527344,332.9249572753906,62.28721237182617,341.916015625,56.288047790527344,AKAZE:intensity,1.0,0.011764705882352941,ROBUST_MODEL_INLIER,FIT,0.008338527722177524,SYNTHETIC_SOURCE,SYNTHETIC_TARGET
427,364.89300537109375,197.66427612304688,373.8848876953125,191.6997833251953,364.89300537109375,197.66427612304688,373.8848876953125,191.6997833251953,AKAZE:intensity,1.0,0.011764705882352941,ROBUST_MODEL_INLIER,FIT,0.03581458833794482,SYNTHETIC_SOURCE,SYNTHETIC_TARGET
428,58.12453842163086,599.9281005859375,67.14470672607422,593.9116821289062,58.12453842163086,599.9281005859375,67.14470672607422,593.9116821289062,AKAZE:intensity,1.0,0.011764705882352941,ROBUST_MODEL_INLIER,FIT,0.026787876823677535,SYNTHETIC_SOURCE,SYNTHETIC_TARGET
429,314.1387023925781,520.3353881835938,323.1337890625,514.3640747070312,314.1387023925781,520.3353881835938,323.1337890625,514.3640747070312,AKAZE:intensity,2.0,0.011764705882352941,ROBUST_MODEL_INLIER,HELD_OUT,0.02852466453038204,SYNTHETIC_SOURCE,SYNTHETIC_TARGET
430,244.16600036621094,490.39849853515625,253.17315673828125,484.3760986328125,244.16600036621094,490.39849853515625,253.17315673828125,484.3760986328125,AKAZE:intensity,2.0,0.011764705882352941,ROBUST_MODEL_INLIER,FIT,0.024170042288123843,SYNTHETIC_SOURCE,SYNTHETIC_TARGET
431,249.78817749023438,475.115478515625,258.7839050292969,469.1185607910156,249.78817749023438,475.115478515625,258.7839050292969,469.1185607910156,AKAZE:intensity,2.0,0.011904761904761904,ROBUST_MODEL_INLIER,HELD_OUT,0.004487744497635724,SYNTHETIC_SOURCE,SYNTHETIC_TARGET
432,384.2547912597656,587.7399291992188,393.24346923828125,581.7610473632812,384.2547912597656,587.7399291992188,393.24346923828125,581.7610473632812,AKAZE:intensity,2.0,0.011904761904761904,ROBUST_MODEL_INLIER,HELD_OUT,0.023245041135104158,SYNTHETIC_SOURCE,SYNTHETIC_TARGET
433,259.4479675292969,480.2140197753906,268.44744873046875,474.21014404296875,259.4479675292969,480.2140197753906,268.44744873046875,474.21014404296875,AKAZE:intensity,2.0,0.011904761904761904,ROBUST_MODEL_INLIER,FIT,0.004364973909599399,SYNTHETIC_SOURCE,SYNTHETIC_TARGET
434,488.9335632324219,302.3424377441406,497.96136474609375,296.341552734375,488.9335632324219,302.3424377441406,497.96136474609375,296.341552734375,AKAZE:intensity,2.0,0.011976047904191617,ROBUST_MODEL_INLIER,HELD_OUT,0.028445034967633336,SYNTHETIC_SOURCE,SYNTHETIC_TARGET
435,203.9638214111328,512.943115234375,212.95265197753906,506.9468078613281,203.9638214111328,512.943115234375,212.95265197753906,506.9468078613281,AKAZE:intensity,3.0,0.012,ROBUST_MODEL_INLIER,FIT,0.01103458403057416,SYNTHETIC_SOURCE,SYNTHETIC_TARGET
436,64.47823333740234,581.5025024414062,73.46525573730469,575.5029907226562,64.47823333740234,581.5025024414062,73.46525573730469,575.5029907226562,AKAZE:intensity,1.0,0.012048192771084338,ROBUST_MODEL_INLIER,FIT,0.01236724853515625,SYNTHETIC_SOURCE,SYNTHETIC_TARGET
437,521.8031616210938,74.65592956542969,530.843017578125,68.84222412109375,521.8031616210938,74.65592956542969,530.843017578125,68.84222412109375,AKAZE:intensity,1.0,0.012048192771084338,ROBUST_MODEL_INLIER,FIT,0.19016175678310954,SYNTHETIC_SOURCE,SYNTHETIC_TARGET
438,157.04281616210938,505.6988830566406,166.0564422607422,499.7474060058594,157.04281616210938,505.6988830566406,166.0564422607422,499.7474060058594,AKAZE:intensity,2.0,0.012121212121212121,ROBUST_MODEL_INLIER,FIT,0.05009995849331285,SYNTHETIC_SOURCE,SYNTHETIC_TARGET
439,437.2687072753906,429.0590515136719,446.28240966796875,423.093994140625,437.2687072753906,429.0590515136719,446.28240966796875,423.093994140625,AKAZE:intensity,2.0,0.012121212121212121,ROBUST_MODEL_INLIER,FIT,0.037308934354460505,SYNTHETIC_SOURCE,SYNTHETIC_TARGET
440,46.731117248535156,170.10572814941406,55.71825408935547,164.0934600830078,46.731117248535156,170.10572814941406,55.71825408935547,164.0934600830078,AKAZE:intensity,1.0,0.012195121951219513,ROBUST_MODEL_INLIER,FIT,0.017687727384571566,SYNTHETIC_SOURCE,SYNTHETIC_TARGET
441,200.4873046875,268.8468322753906,209.47715759277344,262.8515625,200.4873046875,268.8468322753906,209.47715759277344,262.8515625,AKAZE:intensity,2.0,0.012195121951219513,ROBUST_MODEL_INLIER,FIT,0.010437602868544026,SYNTHETIC_SOURCE,SYNTHETIC_TARGET
442,515.42919921875,101.63225555419922,524.4541015625,95.5838394165039,515.42919921875,101.63225555419922,524.4541015625,95.5838394165039,AKAZE:intensity,2.0,0.012269938650306749,ROBUST_MODEL_INLIER,FIT,0.05515922238834681,SYNTHETIC_SOURCE,SYNTHETIC_TARGET
443,508.2726745605469,459.2918701171875,517.307373046875,453.3100891113281,508.2726745605469,459.2918701171875,517.307373046875,453.3100891113281,AKAZE:intensity,2.0,0.012269938650306749,ROBUST_MODEL_INLIER,FIT,0.03951065948318518,SYNTHETIC_SOURCE,SYNTHETIC_TARGET
444,80.28524017333984,360.98602294921875,89.23880767822266,354.9752502441406,80.28524017333984,360.98602294921875,89.23880767822266,354.9752502441406,AKAZE:intensity,2.0,0.012269938650306749,ROBUST_MODEL_INLIER,FIT,0.047185576747864465,SYNTHETIC_SOURCE,SYNTHETIC_TARGET
445,291.486328125,317.3085021972656,300.488037109375,311.2953186035156,291.486328125,317.3085021972656,300.488037109375,311.2953186035156,AKAZE:intensity,2.0,0.012345679012345678,ROBUST_MODEL_INLIER,FIT,0.013867208991235547,SYNTHETIC_SOURCE,SYNTHETIC_TARGET
446,297.8349914550781,451.5312194824219,306.8418884277344,445.5226745605469,297.8349914550781,451.5312194824219,306.8418884277344,445.5226745605469,AKAZE:intensity,2.0,0.012345679012345678,ROBUST_MODEL_INLIER,FIT,0.011745581110483213,SYNTHETIC_SOURCE,SYNTHETIC_TARGET
447,28.844831466674805,494.2991638183594,37.8192024230957,488.31365966796875,28.844831466674805,494.2991638183594,37.8192024230957,488.31365966796875,AKAZE:intensity,2.0,0.012345679012345678,ROBUST_MODEL_INLIER,FIT,0.02867310449819005,SYNTHETIC_SOURCE,SYNTHETIC_TARGET
448,87.92386627197266,484.08197021484375,96.91712188720703,478.0890808105469,87.92386627197266,484.08197021484375,96.91712188720703,478.0890808105469,AKAZE:intensity,2.0,0.012422360248447204,ROBUST_MODEL_INLIER,FIT,0.00902670549276469,SYNTHETIC_SOURCE,SYNTHETIC_TARGET
449,264.4159240722656,202.6262664794922,273.4200744628906,196.63316345214844,264.4159240722656,202.6262664794922,273.4200744628906,196.63316345214844,AKAZE:intensity,2.0,0.012422360248447204,ROBUST_MODEL_INLIER,FIT,0.007983482430392447,SYNTHETIC_SOURCE,SYNTHETIC_TARGET
450,81.61437225341797,516.5533447265625,90.5947494506836,510.5565490722656,81.61437225341797,516.5533447265625,90.5947494506836,510.5565490722656,AKAZE:intensity,2.0,0.0125,ROBUST_MODEL_INLIER,FIT,0.01920547592944419,SYNTHETIC_SOURCE,SYNTHETIC_TARGET
451,502.0932312011719,36.571353912353516,511.0355224609375,30.57383155822754,502.0932312011719,36.571353912353516,511.0355224609375,30.57383155822754,AKAZE:intensity,2.0,0.012578616352201259,ROBUST_MODEL_INLIER,FIT,0.057133033881737974,SYNTHETIC_SOURCE,SYNTHETIC_TARGET
452,49.25002670288086,570.7321166992188,58.20109176635742,564.7205200195312,49.25002670288086,570.7321166992188,58.20109176635742,564.7205200195312,AKAZE:intensity,2.0,0.012578616352201259,ROBUST_MODEL_INLIER,FIT,0.049812767364479635,SYNTHETIC_SOURCE,SYNTHETIC_TARGET
453,537.5382690429688,355.1744384765625,546.5828857421875,349.18914794921875,537.5382690429688,355.1744384765625,546.5828857421875,349.18914794921875,AKAZE:intensity,1.0,0.012658227848101266,ROBUST_MODEL_INLIER,FIT,0.04741021416723368,SYNTHETIC_SOURCE,SYNTHETIC_TARGET
454,157.32464599609375,495.1523742675781,166.322509765625,489.1507263183594,157.32464599609375,495.1523742675781,166.322509765625,489.1507263183594,AKAZE:intensity,2.0,0.012658227848101266,ROBUST_MODEL_INLIER,FIT,0.0026252213339363487,SYNTHETIC_SOURCE,SYNTHETIC_TARGET
455,166.6094207763672,238.67510986328125,175.61004638671875,232.691650390625,166.6094207763672,238.67510986328125,175.61004638671875,232.691650390625,AKAZE:intensity,2.0,0.012658227848101266,ROBUST_MODEL_INLIER,FIT,0.016099757964246703,SYNTHETIC_SOURCE,SYNTHETIC_TARGET
456,466.5517883300781,367.63922119140625,475.5151062011719,361.61834716796875,466.5517883300781,367.63922119140625,475.5151062011719,361.61834716796875,AKAZE:intensity,2.0,0.012738853503184714,ROBUST_MODEL_INLIER,FIT,0.04192280026785735,SYNTHETIC_SOURCE,SYNTHETIC_TARGET
457,434.60809326171875,356.8297119140625,443.60272216796875,350.8564758300781,434.60809326171875,356.8297119140625,443.60272216796875,350.8564758300781,AKAZE:intensity,2.0,0.012738853503184714,ROBUST_MODEL_INLIER,FIT,0.026703438889258503,SYNTHETIC_SOURCE,SYNTHETIC_TARGET
458,543.5192260742188,53.426734924316406,552.5280151367188,47.404632568359375,543.5192260742188,53.426734924316406,552.5280151367188,47.404632568359375,AKAZE:intensity,2.0,0.012738853503184714,ROBUST_MODEL_INLIER,FIT,0.02446805824208426,SYNTHETIC_SOURCE,SYNTHETIC_TARGET
459,538.6182250976562,50.36491775512695,547.678955078125,44.32499694824219,538.6182250976562,50.36491775512695,547.678955078125,44.32499694824219,AKAZE:intensity,2.0,0.012738853503184714,ROBUST_MODEL_INLIER,HELD_OUT,0.0734542765098619,SYNTHETIC_SOURCE,SYNTHETIC_TARGET
460,384.9554138183594,266.423095703125,393.9288330078125,260.4393615722656,384.9554138183594,266.423095703125,393.9288330078125,260.4393615722656,AKAZE:intensity,2.0,0.012738853503184714,ROBUST_MODEL_INLIER,FIT,0.030387448387541538,SYNTHETIC_SOURCE,SYNTHETIC_TARGET
461,252.22900390625,275.84332275390625,261.2284851074219,269.8296203613281,252.22900390625,275.84332275390625,261.2284851074219,269.8296203613281,AKAZE:intensity,2.0,0.012738853503184714,ROBUST_MODEL_INLIER,HELD_OUT,0.014190969156453107,SYNTHETIC_SOURCE,SYNTHETIC_TARGET
462,549.3558959960938,589.9099731445312,558.3526611328125,583.9765625,549.3558959960938,589.9099731445312,558.3526611328125,583.9765625,AKAZE:intensity,3.0,0.01276595744680851,ROBUST_MODEL_INLIER,HELD_OUT,0.06615315619556297,SYNTHETIC_SOURCE,SYNTHETIC_TARGET
463,550.838134765625,351.13360595703125,559.8189086914062,345.1324462890625,550.838134765625,351.13360595703125,559.8189086914062,345.1324462890625,AKAZE:intensity,1.0,0.01282051282051282,ROBUST_MODEL_INLIER,FIT,0.018688522323661607,SYNTHETIC_SOURCE,SYNTHETIC_TARGET
464,89.83424377441406,490.40087890625,98.8377685546875,484.3981628417969,89.83424377441406,490.40087890625,98.8377685546875,484.3981628417969,AKAZE:intensity,2.0,0.012903225806451613,ROBUST_MODEL_INLIER,HELD_OUT,0.005231361838538746,SYNTHETIC_SOURCE,SYNTHETIC_TARGET
465,123.62635040283203,363.640380859375,132.62921142578125,357.65313720703125,123.62635040283203,363.640380859375,132.62921142578125,357.65313720703125,AKAZE:intensity,2.0,0.012903225806451613,ROBUST_MODEL_INLIER,FIT,0.012749740952222142,SYNTHETIC_SOURCE,SYNTHETIC_TARGET
466,358.4613952636719,214.35232543945312,367.469482421875,208.3594512939453,358.4613952636719,214.35232543945312,367.469482421875,208.3594512939453,AKAZE:intensity,2.0,0.012903225806451613,ROBUST_MODEL_INLIER,FIT,0.010940934816940723,SYNTHETIC_SOURCE,SYNTHETIC_TARGET
467,123.20696258544922,505.1978759765625,132.13795471191406,499.2157287597656,123.20696258544922,505.1978759765625,132.13795471191406,499.2157287597656,AKAZE:intensity,2.0,0.012903225806451613,ROBUST_MODEL_INLIER,FIT,0.07056732204129668,SYNTHETIC_SOURCE,SYNTHETIC_TARGET
468,278.724853515625,179.97413635253906,287.718994140625,173.9925537109375,278.724853515625,179.97413635253906,287.718994140625,173.9925537109375,AKAZE:intensity,2.0,0.012903225806451613,ROBUST_MODEL_INLIER,FIT,0.018681650206607767,SYNTHETIC_SOURCE,SYNTHETIC_TARGET
469,272.5704345703125,514.4024658203125,281.56494140625,508.4602355957031,272.5704345703125,514.4024658203125,281.56494140625,508.4602355957031,AKAZE:intensity,1.0,0.012987012987012988,ROBUST_MODEL_INLIER,FIT,0.05748922880760023,SYNTHETIC_SOURCE,SYNTHETIC_TARGET
470,180.1774139404297,130.1422119140625,189.18841552734375,124.15553283691406,180.1774139404297,130.1422119140625,189.18841552734375,124.15553283691406,AKAZE:intensity,1.0,0.012987012987012988,ROBUST_MODEL_INLIER,FIT,0.017306467162815906,SYNTHETIC_SOURCE,SYNTHETIC_TARGET
471,502.39288330078125,334.290771484375,511.3953857421875,328.29205322265625,502.39288330078125,334.290771484375,511.3953857421875,328.29205322265625,AKAZE:intensity,2.0,0.012987012987012988,ROBUST_MODEL_INLIER,FIT,0.003212328458725773,SYNTHETIC_SOURCE,SYNTHETIC_TARGET
472,201.33836364746094,152.7921905517578,210.35023498535156,146.8074951171875,201.33836364746094,152.7921905517578,210.35023498535156,146.8074951171875,AKAZE:intensity,2.0,0.012987012987012988,ROBUST_MODEL_INLIER,FIT,0.019373044378659488,SYNTHETIC_SOURCE,SYNTHETIC_TARGET
473,309.469970703125,60.26768112182617,318.47454833984375,54.27100372314453,309.469970703125,60.26768112182617,318.47454833984375,54.27100372314453,AKAZE:intensity,2.0,0.012987012987012988,ROBUST_MODEL_INLIER,FIT,0.0059117334730425745,SYNTHETIC_SOURCE,SYNTHETIC_TARGET
474,140.30897521972656,457.3409729003906,149.32257080078125,451.32891845703125,140.30897521972656,457.3409729003906,149.32257080078125,451.32891845703125,AKAZE:intensity,2.0,0.013071895424836602,ROBUST_MODEL_INLIER,FIT,0.018950685004787898,SYNTHETIC_SOURCE,SYNTHETIC_TARGET
475,153.9711456298828,521.4525146484375,162.9637908935547,515.48583984375,153.9711456298828,521.4525146484375,162.9637908935547,515.48583984375,AKAZE:intensity,2.0,0.013071895424836602,ROBUST_MODEL_INLIER,FIT,0.03352237537846632,SYNTHETIC_SOURCE,SYNTHETIC_TARGET
476,90.2812271118164,516.5068359375,99.31375122070312,510.5009765625,90.2812271118164,516.5068359375,99.31375122070312,510.5009765625,AKAZE:intensity,2.0,0.013071895424836602,ROBUST_MODEL_INLIER,HELD_OUT,0.03373700059473286,SYNTHETIC_SOURCE,SYNTHETIC_TARGET
477,483.3541259765625,412.4663391113281,492.3606262207031,406.4563903808594,483.3541259765625,412.4663391113281,492.3606262207031,406.4563903808594,AKAZE:intensity,2.0,0.013071895424836602,ROBUST_MODEL_INLIER,FIT,0.012629005696040545,SYNTHETIC_SOURCE,SYNTHETIC_TARGET
478,363.30999755859375,147.95196533203125,372.3286437988281,141.9519500732422,363.30999755859375,147.95196533203125,372.3286437988281,141.9519500732422,AKAZE:intensity,1.0,0.013157894736842105,ROBUST_MODEL_INLIER,HELD_OUT,0.01926317419851704,SYNTHETIC_SOURCE,SYNTHETIC_TARGET
479,258.59857177734375,133.8081512451172,267.59393310546875,127.79642486572266,258.59857177734375,133.8081512451172,267.59393310546875,127.79642486572266,AKAZE:intensity,1.0,0.013157894736842105,ROBUST_MODEL_INLIER,HELD_OUT,0.012861776673584435,SYNTHETIC_SOURCE,SYNTHETIC_TARGET
480,393.3879699707031,120.85865020751953,402.3759765625,114.86029052734375,393.3879699707031,120.85865020751953,402.3759765625,114.86029052734375,AKAZE:intensity,2.0,0.013157894736842105,ROBUST_MODEL_INLIER,FIT,0.011441204978504881,SYNTHETIC_SOURCE,SYNTHETIC_TARGET
481,98.46994018554688,214.63693237304688,107.49832916259766,208.64956665039062,98.46994018554688,214.63693237304688,107.49832916259766,208.64956665039062,AKAZE:intensity,2.0,0.013157894736842105,ROBUST_MODEL_INLIER,FIT,0.031440201671275314,SYNTHETIC_SOURCE,SYNTHETIC_TARGET
482,154.54971313476562,586.1988525390625,163.5543670654297,580.2221069335938,154.54971313476562,586.1988525390625,163.5543670654297,580.2221069335938,AKAZE:intensity,2.0,0.013157894736842105,ROBUST_MODEL_INLIER,FIT,0.023366826513149138,SYNTHETIC_SOURCE,SYNTHETIC_TARGET
483,105.99605560302734,248.2222137451172,114.99156188964844,242.1804656982422,105.99605560302734,248.2222137451172,114.99156188964844,242.1804656982422,AKAZE:intensity,2.0,0.013157894736842105,ROBUST_MODEL_INLIER,FIT,0.042414477628279094,SYNTHETIC_SOURCE,SYNTHETIC_TARGET
484,163.82530212402344,60.84050369262695,172.83155822753906,54.84024429321289,163.82530212402344,60.84050369262695,172.83155822753906,54.84024429321289,AKAZE:intensity,2.0,0.013245033112582781,ROBUST_MODEL_INLIER,FIT,0.006907042182824826,SYNTHETIC_SOURCE,SYNTHETIC_TARGET
485,374.6402893066406,267.8204345703125,383.62255859375,261.8090515136719,374.6402893066406,267.8204345703125,383.62255859375,261.8090515136719,AKAZE:intensity,1.0,0.013333333333333334,ROBUST_MODEL_INLIER,FIT,0.020833517113510787,SYNTHETIC_SOURCE,SYNTHETIC_TARGET
486,207.116455078125,607.244873046875,216.1175994873047,601.2689819335938,207.116455078125,607.244873046875,216.1175994873047,601.2689819335938,AKAZE:intensity,2.0,0.013333333333333334,ROBUST_MODEL_INLIER,FIT,0.02368569585156123,SYNTHETIC_SOURCE,SYNTHETIC_TARGET
487,310.0173034667969,468.80780029296875,319.0045166015625,462.7769470214844,310.0173034667969,468.80780029296875,319.0045166015625,462.7769470214844,AKAZE:intensity,2.0,0.013333333333333334,ROBUST_MODEL_INLIER,FIT,0.0336238072353945,SYNTHETIC_SOURCE,SYNTHETIC_TARGET
488,201.3949737548828,408.9072265625,210.39309692382812,402.8882751464844,201.3949737548828,408.9072265625,210.39309692382812,402.8882751464844,AKAZE:intensity,2.0,0.013422818791946308,ROBUST_MODEL_INLIER,FIT,0.01948090860517752,SYNTHETIC_SOURCE,SYNTHETIC_TARGET
489,129.86228942871094,568.2742309570312,138.89404296875,562.2495727539062,129.86228942871094,568.2742309570312,138.89404296875,562.2495727539062,AKAZE:intensity,2.0,0.013422818791946308,ROBUST_MODEL_INLIER,FIT,0.04098496255969751,SYNTHETIC_SOURCE,SYNTHETIC_TARGET
490,270.7859191894531,223.60862731933594,279.8109436035156,217.59707641601562,270.7859191894531,223.60862731933594,279.8109436035156,217.59707641601562,AKAZE:intensity,2.0,0.013422818791946308,ROBUST_MODEL_INLIER,FIT,0.028321072962843977,SYNTHETIC_SOURCE,SYNTHETIC_TARGET
491,274.1235046386719,229.3842010498047,283.1287536621094,223.37294006347656,274.1235046386719,229.3842010498047,283.1287536621094,223.37294006347656,AKAZE:intensity,2.0,0.013422818791946308,ROBUST_MODEL_INLIER,FIT,0.013129263650829939,SYNTHETIC_SOURCE,SYNTHETIC_TARGET
492,311.83154296875,350.9953308105469,320.7640075683594,345.0377502441406,311.83154296875,350.9953308105469,320.7640075683594,345.0377502441406,AKAZE:intensity,2.0,0.013422818791946308,ROBUST_MODEL_INLIER,FIT,0.07897584249326933,SYNTHETIC_SOURCE,SYNTHETIC_TARGET
493,95.71829986572266,384.6559143066406,104.71735382080078,378.6416320800781,95.71829986572266,384.6559143066406,104.71735382080078,378.6416320800781,AKAZE:intensity,1.0,0.013513513513513514,ROBUST_MODEL_INLIER,HELD_OUT,0.014774322017292434,SYNTHETIC_SOURCE,SYNTHETIC_TARGET
494,504.94091796875,58.147945404052734,513.9354248046875,52.1497802734375,504.94091796875,58.147945404052734,513.9354248046875,52.1497802734375,AKAZE:intensity,2.0,0.013513513513513514,ROBUST_MODEL_INLIER,FIT,0.005065092053936218,SYNTHETIC_SOURCE,SYNTHETIC_TARGET
495,59.530399322509766,520.4771118164062,68.5503921508789,514.4654541015625,59.530399322509766,520.4771118164062,68.5503921508789,514.4654541015625,AKAZE:intensity,2.0,0.013513513513513514,ROBUST_MODEL_INLIER,HELD_OUT,0.023916861090137836,SYNTHETIC_SOURCE,SYNTHETIC_TARGET
496,362.89569091796875,231.8001708984375,371.9045104980469,225.78524780273438,362.89569091796875,231.8001708984375,371.9045104980469,225.78524780273438,AKAZE:intensity,3.0,0.013513513513513514,ROBUST_MODEL_INLIER,FIT,0.018067488766792494,SYNTHETIC_SOURCE,SYNTHETIC_TARGET
497,93.03657531738281,356.33465576171875,102.03614807128906,350.3299865722656,93.03657531738281,356.33465576171875,102.03614807128906,350.3299865722656,AKAZE:intensity,3.0,0.013574660633484163,ROBUST_MODEL_INLIER,FIT,0.005160720072458769,SYNTHETIC_SOURCE,SYNTHETIC_TARGET
498,173.15586853027344,60.986080169677734,182.17918395996094,55.00210952758789,173.15586853027344,60.986080169677734,182.17918395996094,55.00210952758789,AKAZE:intensity,2.0,0.013605442176870748,ROBUST_MODEL_INLIER,FIT,0.028530125695126283,SYNTHETIC_SOURCE,SYNTHETIC_TARGET
499,60.7878532409668,173.98004150390625,69.7877197265625,168.01272583007812,60.7878532409668,173.98004150390625,69.7877197265625,168.01272583007812,AKAZE:intensity,1.0,0.0136986301369863,ROBUST_MODEL_INLIER,FIT,0.032199575809113326,SYNTHETIC_SOURCE,SYNTHETIC_TARGET
500,59.04539489746094,174.15997314453125,68.05136108398438,168.1773223876953,59.04539489746094,174.15997314453125,68.05136108398438,168.1773223876953,AKAZE:intensity,1.0,0.0136986301369863,ROBUST_MODEL_INLIER,FIT,0.018098146033869122,SYNTHETIC_SOURCE,SYNTHETIC_TARGET
501,580.8098754882812,270.79388427734375,589.8189697265625,264.7553405761719,580.8098754882812,270.79388427734375,589.8189697265625,264.7553405761719,AKAZE:intensity,2.0,0.0136986301369863,ROBUST_MODEL_INLIER,FIT,0.040220327147065506,SYNTHETIC_SOURCE,SYNTHETIC_TARGET
502,262.63348388671875,266.77337646484375,271.63458251953125,260.7806396484375,262.63348388671875,266.77337646484375,271.63458251953125,260.7806396484375,AKAZE:intensity,2.0,0.0136986301369863,ROBUST_MODEL_INLIER,HELD_OUT,0.006987125972912137,SYNTHETIC_SOURCE,SYNTHETIC_TARGET
503,64.22782897949219,151.11314392089844,73.23246765136719,145.1204833984375,64.22782897949219,151.11314392089844,73.23246765136719,145.1204833984375,AKAZE:intensity,3.0,0.0136986301369863,ROBUST_MODEL_INLIER,HELD_OUT,0.00863082485274079,SYNTHETIC_SOURCE,SYNTHETIC_TARGET
504,515.7785034179688,242.7839813232422,524.7745971679688,236.77139282226562,515.7785034179688,242.7839813232422,524.7745971679688,236.77139282226562,AKAZE:intensity,3.0,0.0136986301369863,ROBUST_MODEL_INLIER,FIT,0.013485739872593414,SYNTHETIC_SOURCE,SYNTHETIC_TARGET
505,194.99969482421875,340.8047790527344,204.00830078125,334.8080749511719,194.99969482421875,340.8047790527344,204.00830078125,334.8080749511719,AKAZE:intensity,2.0,0.013793103448275862,ROBUST_MODEL_INLIER,HELD_OUT,0.009634472396907654,SYNTHETIC_SOURCE,SYNTHETIC_TARGET
506,307.6483154296875,275.1534423828125,316.6916809082031,269.17718505859375,307.6483154296875,275.1534423828125,316.6916809082031,269.17718505859375,AKAZE:intensity,2.0,0.013793103448275862,ROBUST_MODEL_INLIER,HELD_OUT,0.04974575857372318,SYNTHETIC_SOURCE,SYNTHETIC_TARGET
507,97.8680191040039,69.4275894165039,106.7859878540039,63.39756774902344,97.8680191040039,69.4275894165039,106.7859878540039,63.39756774902344,AKAZE:intensity,2.0,0.013793103448275862,ROBUST_MODEL_INLIER,FIT,0.08694952371293084,SYNTHETIC_SOURCE,SYNTHETIC_TARGET
508,100.12956237792969,440.558837890625,109.14125061035156,434.58404541015625,100.12956237792969,440.558837890625,109.14125061035156,434.58404541015625,AKAZE:intensity,3.0,0.013824884792626729,ROBUST_MODEL_INLIER,FIT,0.02760970679355253,SYNTHETIC_SOURCE,SYNTHETIC_TARGET
509,113.00141906738281,473.71282958984375,121.99168395996094,467.7647399902344,113.00141906738281,473.71282958984375,121.99168395996094,467.7647399902344,AKAZE:intensity,2.0,0.013888888888888888,ROBUST_MODEL_INLIER,FIT,0.05222542969096406,SYNTHETIC_SOURCE,SYNTHETIC_TARGET
510,335.046630859375,221.04725646972656,344.05816650390625,215.0461883544922,335.046630859375,221.04725646972656,344.05816650390625,215.0461883544922,AKAZE:intensity,2.0,0.013888888888888888,ROBUST_MODEL_INLIER,FIT,0.012245308943671658,SYNTHETIC_SOURCE,SYNTHETIC_TARGET
511,265.59130859375,489.5641784667969,274.5815124511719,483.55169677734375,265.59130859375,489.5641784667969,274.5815124511719,483.55169677734375,AKAZE:intensity,2.0,0.013888888888888888,ROBUST_MODEL_INLIER,HELD_OUT,0.015893360142608542,SYNTHETIC_SOURCE,SYNTHETIC_TARGET
512,331.3692932128906,221.27987670898438,340.3864440917969,215.29969787597656,331.3692932128906,221.27987670898438,340.3864440917969,215.29969787597656,AKAZE:intensity,2.0,0.013888888888888888,ROBUST_MODEL_INLIER,FIT,0.026253033708212276,SYNTHETIC_SOURCE,SYNTHETIC_TARGET
513,518.5362548828125,145.82382202148438,527.5475463867188,139.824951171875,518.5362548828125,145.82382202148438,527.5475463867188,139.824951171875,AKAZE:intensity,3.0,0.013888888888888888,ROBUST_MODEL_INLIER,HELD_OUT,0.01191909714929867,SYNTHETIC_SOURCE,SYNTHETIC_TARGET
514,448.0364074707031,40.0510139465332,457.01654052734375,34.03580856323242,448.0364074707031,40.0510139465332,457.01654052734375,34.03580856323242,AKAZE:intensity,3.0,0.013888888888888888,ROBUST_MODEL_INLIER,HELD_OUT,0.024841647180972554,SYNTHETIC_SOURCE,SYNTHETIC_TARGET
515,533.5973510742188,299.9752502441406,542.6492309570312,293.983642578125,533.5973510742188,299.9752502441406,542.6492309570312,293.983642578125,AKAZE:intensity,3.0,0.013953488372093023,ROBUST_MODEL_INLIER,HELD_OUT,0.05308200028606884,SYNTHETIC_SOURCE,SYNTHETIC_TARGET
516,429.88360595703125,556.8447875976562,438.88702392578125,550.8414306640625,429.88360595703125,556.8447875976562,438.88702392578125,550.8414306640625,AKAZE:intensity,3.0,0.013953488372093023,ROBUST_MODEL_INLIER,FIT,0.005568935422025958,SYNTHETIC_SOURCE,SYNTHETIC_TARGET
517,143.39801025390625,596.9493408203125,152.3812255859375,590.9469604492188,143.39801025390625,596.9493408203125,152.3812255859375,590.9469604492188,AKAZE:intensity,2.0,0.013986013986013986,ROBUST_MODEL_INLIER,HELD_OUT,0.016426736665533733,SYNTHETIC_SOURCE,SYNTHETIC_TARGET
518,479.1585388183594,330.14703369140625,488.1614074707031,324.118408203125,479.1585388183594,330.14703369140625,488.1614074707031,324.118408203125,AKAZE:intensity,2.0,0.013986013986013986,ROBUST_MODEL_INLIER,FIT,0.029320897743732942,SYNTHETIC_SOURCE,SYNTHETIC_TARGET
519,137.7744140625,107.35551452636719,146.76058959960938,101.39330291748047,137.7744140625,107.35551452636719,146.76058959960938,101.39330291748047,AKAZE:intensity,2.0,0.013986013986013986,ROBUST_MODEL_INLIER,FIT,0.039571592512873836,SYNTHETIC_SOURCE,SYNTHETIC_TARGET
520,501.1301574707031,283.4423522949219,510.1190185546875,277.4435119628906,501.1301574707031,283.4423522949219,510.1190185546875,277.4435119628906,AKAZE:intensity,3.0,0.014018691588785047,ROBUST_MODEL_INLIER,HELD_OUT,0.010549949268585192,SYNTHETIC_SOURCE,SYNTHETIC_TARGET
521,511.92425537109375,365.82940673828125,520.9027099609375,359.82177734375,511.92425537109375,365.82940673828125,520.9027099609375,359.82177734375,AKAZE:intensity,2.0,0.014084507042253521,ROBUST_MODEL_INLIER,FIT,0.022453804542064547,SYNTHETIC_SOURCE,SYNTHETIC_TARGET
522,343.63494873046875,223.8590850830078,352.6376037597656,217.83985900878906,343.63494873046875,223.8590850830078,352.6376037597656,217.83985900878906,AKAZE:intensity,2.0,0.014084507042253521,ROBUST_MODEL_INLIER,FIT,0.019982955830031894,SYNTHETIC_SOURCE,SYNTHETIC_TARGET
523,444.61053466796875,346.7696838378906,453.6167297363281,340.7347106933594,444.61053466796875,346.7696838378906,453.6167297363281,340.7347106933594,AKAZE:intensity,2.0,0.014184397163120567,ROBUST_MODEL_INLIER,HELD_OUT,0.036108537200392865,SYNTHETIC_SOURCE,SYNTHETIC_TARGET
524,102.91806030273438,68.18904876708984,111.91526794433594,62.18839645385742,102.91806030273438,68.18904876708984,111.91526794433594,62.18839645385742,AKAZE:intensity,2.0,0.014184397163120567,ROBUST_MODEL_INLIER,HELD_OUT,0.0024621351720425923,SYNTHETIC_SOURCE,SYNTHETIC_TARGET
525,49.22123718261719,63.11912536621094,58.213157653808594,57.10693359375,49.22123718261719,63.11912536621094,58.213157653808594,57.10693359375,AKAZE:intensity,3.0,0.014218009478672985,ROBUST_MODEL_INLIER,FIT,0.01471639802553004,SYNTHETIC_SOURCE,SYNTHETIC_TARGET
526,343.2601318359375,477.6023864746094,352.2418518066406,471.5848693847656,343.2601318359375,477.6023864746094,352.2418518066406,471.5848693847656,AKAZE:intensity,1.0,0.014285714285714285,ROBUST_MODEL_INLIER,FIT,0.025227185722159255,SYNTHETIC_SOURCE,SYNTHETIC_TARGET
527,67.78304290771484,572.4396362304688,76.74434661865234,566.4099731445312,67.78304290771484,572.4396362304688,76.74434661865234,566.4099731445312,AKAZE:intensity,1.0,0.014285714285714285,ROBUST_MODEL_INLIER,FIT,0.048576162657515035,SYNTHETIC_SOURCE,SYNTHETIC_TARGET
528,277.41876220703125,39.69549560546875,286.44268798828125,33.71910858154297,277.41876220703125,39.69549560546875,286.44268798828125,33.71910858154297,AKAZE:intensity,1.0,0.014285714285714285,ROBUST_MODEL_INLIER,FIT,0.033716069226792864,SYNTHETIC_SOURCE,SYNTHETIC_TARGET
529,411.7052917480469,314.03094482421875,420.6841735839844,308.01007080078125,411.7052917480469,314.03094482421875,420.6841735839844,308.01007080078125,AKAZE:intensity,2.0,0.014285714285714285,ROBUST_MODEL_INLIER,HELD_OUT,0.029612808632359423,SYNTHETIC_SOURCE,SYNTHETIC_TARGET
530,197.4024658203125,283.319091796875,206.43113708496094,277.4068908691406,197.4024658203125,283.319091796875,206.43113708496094,277.4068908691406,AKAZE:intensity,2.0,0.014388489208633094,ROBUST_MODEL_INLIER,FIT,0.09209010411384483,SYNTHETIC_SOURCE,SYNTHETIC_TARGET
531,313.0936279296875,319.2135314941406,322.1112365722656,313.2009582519531,313.0936279296875,319.2135314941406,322.1112365722656,313.2009582519531,AKAZE:intensity,2.0,0.014388489208633094,ROBUST_MODEL_INLIER,FIT,0.02241729559970359,SYNTHETIC_SOURCE,SYNTHETIC_TARGET
532,348.05841064453125,382.2401123046875,357.02655029296875,376.2127380371094,348.05841064453125,382.2401123046875,357.02655029296875,376.2127380371094,AKAZE:intensity,1.0,0.014492753623188406,ROBUST_MODEL_INLIER,FIT,0.041867459048760644,SYNTHETIC_SOURCE,SYNTHETIC_TARGET
533,219.3561248779297,275.34765625,228.3338165283203,269.34320068359375,219.3561248779297,275.34765625,228.3338165283203,269.34320068359375,AKAZE:intensity,2.0,0.014492753623188406,ROBUST_MODEL_INLIER,FIT,0.02225409510383201,SYNTHETIC_SOURCE,SYNTHETIC_TARGET
534,514.8085327148438,382.7230529785156,523.8262329101562,376.70794677734375,514.8085327148438,382.7230529785156,523.8262329101562,376.70794677734375,AKAZE:intensity,2.0,0.014492753623188406,ROBUST_MODEL_INLIER,HELD_OUT,0.024051278736643936,SYNTHETIC_SOURCE,SYNTHETIC_TARGET
535,507.4838562011719,386.78521728515625,516.3975830078125,380.79046630859375,507.4838562011719,386.78521728515625,516.3975830078125,380.79046630859375,AKAZE:intensity,2.0,0.014492753623188406,ROBUST_MODEL_INLIER,FIT,0.08579502975634588,SYNTHETIC_SOURCE,SYNTHETIC_TARGET
536,448.6915283203125,483.6940612792969,457.6880187988281,477.69183349609375,448.6915283203125,483.6940612792969,457.6880187988281,477.69183349609375,AKAZE:intensity,2.0,0.014492753623188406,ROBUST_MODEL_INLIER,HELD_OUT,0.003972680751008555,SYNTHETIC_SOURCE,SYNTHETIC_TARGET
537,540.0588989257812,97.66936492919922,549.033447265625,91.68833923339844,540.0588989257812,97.66936492919922,549.033447265625,91.68833923339844,AKAZE:intensity,2.0,0.014492753623188406,ROBUST_MODEL_INLIER,FIT,0.030964877799354543,SYNTHETIC_SOURCE,SYNTHETIC_TARGET
538,490.4534606933594,123.96037292480469,499.4446105957031,117.97261810302734,490.4534606933594,123.96037292480469,499.4446105957031,117.97261810302734,AKAZE:intensity,2.0,0.014598540145985401,ROBUST_MODEL_INLIER,HELD_OUT,0.01435681169741813,SYNTHETIC_SOURCE,SYNTHETIC_TARGET
539,525.2830810546875,320.7999572753906,534.2737426757812,314.8116760253906,525.2830810546875,320.7999572753906,534.2737426757812,314.8116760253906,AKAZE:intensity,2.0,0.014598540145985401,ROBUST_MODEL_INLIER,HELD_OUT,0.014223286879549827,SYNTHETIC_SOURCE,SYNTHETIC_TARGET
540,563.1133422851562,104.99346923828125,572.1185913085938,99.0102767944336,563.1133422851562,104.99346923828125,572.1185913085938,99.0102767944336,AKAZE:intensity,2.0,0.014598540145985401,ROBUST_MODEL_INLIER,FIT,0.017339290894638443,SYNTHETIC_SOURCE,SYNTHETIC_TARGET
541,100.24638366699219,403.131103515625,109.24829864501953,397.0828552246094,100.24638366699219,403.131103515625,109.24829864501953,397.0828552246094,AKAZE:intensity,2.0,0.014598540145985401,ROBUST_MODEL_INLIER,FIT,0.04880195452786526,SYNTHETIC_SOURCE,SYNTHETIC_TARGET
542,446.69525146484375,504.5849609375,455.6929016113281,498.5562744140625,446.69525146484375,504.5849609375,455.6929016113281,498.5562744140625,AKAZE:intensity,1.0,0.014705882352941176,ROBUST_MODEL_INLIER,FIT,0.029226616218760215,SYNTHETIC_SOURCE,SYNTHETIC_TARGET
543,584.0462036132812,130.4040985107422,593.0496215820312,124.4093017578125,584.0462036132812,130.4040985107422,593.0496215820312,124.4093017578125,AKAZE:intensity,1.0,0.014705882352941176,ROBUST_MODEL_INLIER,HELD_OUT,0.006201472988477433,SYNTHETIC_SOURCE,SYNTHETIC_TARGET
544,444.1848449707031,322.66278076171875,453.1785888671875,316.6676330566406,444.1848449707031,322.66278076171875,453.1785888671875,316.6676330566406,AKAZE:intensity,2.0,0.014705882352941176,ROBUST_MODEL_INLIER,FIT,0.0071357641808377234,SYNTHETIC_SOURCE,SYNTHETIC_TARGET
545,238.88916015625,95.60214233398438,247.91358947753906,89.6191635131836,238.88916015625,95.60214233398438,247.91358947753906,89.6191635131836,AKAZE:intensity,2.0,0.014705882352941176,ROBUST_MODEL_INLIER,FIT,0.03000536503881527,SYNTHETIC_SOURCE,SYNTHETIC_TARGET
546,216.0123748779297,331.6255798339844,225.00286865234375,325.63824462890625,216.0123748779297,331.6255798339844,225.00286865234375,325.63824462890625,AKAZE:intensity,2.0,0.014705882352941176,ROBUST_MODEL_INLIER,FIT,0.015079922408362348,SYNTHETIC_SOURCE,SYNTHETIC_TARGET
547,226.92628479003906,192.7714385986328,235.93490600585938,186.77078247070312,226.92628479003906,192.7714385986328,235.93490600585938,186.77078247070312,AKAZE:intensity,2.0,0.014705882352941176,ROBUST_MODEL_INLIER,FIT,0.009302231383596123,SYNTHETIC_SOURCE,SYNTHETIC_TARGET
548,191.2096405029297,279.11053466796875,200.20741271972656,273.1460876464844,191.2096405029297,279.11053466796875,200.20741271972656,273.1460876464844,AKAZE:intensity,2.0,0.014705882352941176,ROBUST_MODEL_INLIER,HELD_OUT,0.035101981132722754,SYNTHETIC_SOURCE,SYNTHETIC_TARGET
549,401.9930114746094,601.63037109375,410.9909973144531,595.6257934570312,401.9930114746094,601.63037109375,410.9909973144531,595.6257934570312,AKAZE:intensity,3.0,0.014705882352941176,ROBUST_MODEL_INLIER,FIT,0.005256824462923456,SYNTHETIC_SOURCE,SYNTHETIC_TARGET
550,149.4292755126953,366.5502014160156,158.41513061523438,360.5609130859375,149.4292755126953,366.5502014160156,158.41513061523438,360.5609130859375,AKAZE:intensity,3.0,0.014778325123152709,ROBUST_MODEL_INLIER,FIT,0.01696176902958926,SYNTHETIC_SOURCE,SYNTHETIC_TARGET
551,145.0231170654297,487.6698303222656,154.02052307128906,481.6530456542969,145.0231170654297,487.6698303222656,154.02052307128906,481.6530456542969,AKAZE:intensity,2.0,0.014814814814814815,ROBUST_MODEL_INLIER,FIT,0.017386477866182862,SYNTHETIC_SOURCE,SYNTHETIC_TARGET
552,570.2720336914062,173.66419982910156,579.2420043945312,167.72659301757812,570.2720336914062,173.66419982910156,579.2420043945312,167.72659301757812,AKAZE:intensity,2.0,0.014814814814814815,ROBUST_MODEL_INLIER,FIT,0.06853971025638476,SYNTHETIC_SOURCE,SYNTHETIC_TARGET
553,138.9014129638672,189.92210388183594,147.8794403076172,183.9072265625,138.9014129638672,189.92210388183594,147.8794403076172,183.9072265625,AKAZE:intensity,2.0,0.014814814814814815,ROBUST_MODEL_INLIER,FIT,0.026314439817867057,SYNTHETIC_SOURCE,SYNTHETIC_TARGET
554,496.2076110839844,136.4892578125,505.2246398925781,130.4904022216797,496.2076110839844,136.4892578125,505.2246398925781,130.4904022216797,AKAZE:intensity,2.0,0.014814814814814815,ROBUST_MODEL_INLIER,FIT,0.017651359009378104,SYNTHETIC_SOURCE,SYNTHETIC_TARGET
555,489.8502502441406,511.1440124511719,498.8634033203125,505.14068603515625,489.8502502441406,511.1440124511719,498.8634033203125,505.14068603515625,AKAZE:intensity,2.0,0.014814814814814815,ROBUST_MODEL_INLIER,HELD_OUT,0.014282291770851406,SYNTHETIC_SOURCE,SYNTHETIC_TARGET
556,138.615966796875,309.07275390625,147.6087646484375,303.06951904296875,138.615966796875,309.07275390625,147.6087646484375,303.06951904296875,AKAZE:intensity,2.0,0.014814814814814815,ROBUST_MODEL_INLIER,FIT,0.007570574036480758,SYNTHETIC_SOURCE,SYNTHETIC_TARGET
557,469.61102294921875,224.71900939941406,478.6158447265625,218.7190399169922,469.61102294921875,224.71900939941406,478.6158447265625,218.7190399169922,AKAZE:intensity,3.0,0.01485148514851485,ROBUST_MODEL_INLIER,FIT,0.005451382579988796,SYNTHETIC_SOURCE,SYNTHETIC_TARGET
558,139.8635711669922,65.28562927246094,148.8486328125,59.314205169677734,139.8635711669922,65.28562927246094,148.8486328125,59.314205169677734,AKAZE:intensity,2.0,0.014925373134328358,ROBUST_MODEL_INLIER,HELD_OUT,0.031531029774674285,SYNTHETIC_SOURCE,SYNTHETIC_TARGET
559,234.50323486328125,287.4010009765625,243.53318786621094,281.4269714355469,234.50323486328125,287.4010009765625,243.53318786621094,281.4269714355469,AKAZE:intensity,2.0,0.014925373134328358,ROBUST_MODEL_INLIER,HELD_OUT,0.039792713150794266,SYNTHETIC_SOURCE,SYNTHETIC_TARGET
560,472.9901123046875,445.7112731933594,481.96429443359375,439.7290344238281,472.9901123046875,445.7112731933594,481.96429443359375,439.7290344238281,AKAZE:intensity,2.0,0.014925373134328358,ROBUST_MODEL_INLIER,FIT,0.030557712866506655,SYNTHETIC_SOURCE,SYNTHETIC_TARGET
561,421.5958557128906,358.01641845703125,430.5586853027344,351.9757385253906,421.5958557128906,358.01641845703125,430.5586853027344,351.9757385253906,AKAZE:intensity,2.0,0.014925373134328358,ROBUST_MODEL_INLIER,FIT,0.055058692655985356,SYNTHETIC_SOURCE,SYNTHETIC_TARGET
562,158.0383758544922,260.35205078125,167.02967834472656,254.3722686767578,158.0383758544922,260.35205078125,167.02967834472656,254.3722686767578,AKAZE:intensity,2.0,0.014925373134328358,ROBUST_MODEL_INLIER,FIT,0.021322753259474966,SYNTHETIC_SOURCE,SYNTHETIC_TARGET
563,378.88189697265625,71.55573272705078,387.8917236328125,65.55775451660156,378.88189697265625,71.55573272705078,387.8917236328125,65.55775451660156,AKAZE:intensity,3.0,0.014925373134328358,ROBUST_MODEL_INLIER,FIT,0.010549069216091523,SYNTHETIC_SOURCE,SYNTHETIC_TARGET
564,319.8965759277344,214.63766479492188,328.8908386230469,208.60765075683594,319.8965759277344,214.63766479492188,328.8908386230469,208.60765075683594,AKAZE:intensity,2.0,0.015037593984962405,ROBUST_MODEL_INLIER,FIT,0.030930197755873693,SYNTHETIC_SOURCE,SYNTHETIC_TARGET
565,130.6835479736328,291.2535400390625,139.68165588378906,285.2577819824219,130.6835479736328,291.2535400390625,139.68165588378906,285.2577819824219,AKAZE:intensity,3.0,0.01507537688442211,ROBUST_MODEL_INLIER,FIT,0.00396646344404928,SYNTHETIC_SOURCE,SYNTHETIC_TARGET
566,462.8340759277344,239.90219116210938,471.8417663574219,233.91259765625,462.8340759277344,239.90219116210938,471.8417663574219,233.91259765625,AKAZE:intensity,3.0,0.01507537688442211,ROBUST_MODEL_INLIER,FIT,0.012933441781061664,SYNTHETIC_SOURCE,SYNTHETIC_TARGET
567,157.1882781982422,230.43130493164062,166.2250213623047,224.4245147705078,157.1882781982422,230.43130493164062,166.2250213623047,224.4245147705078,AKAZE:intensity,2.0,0.015151515151515152,ROBUST_MODEL_INLIER,HELD_OUT,0.03805602255973475,SYNTHETIC_SOURCE,SYNTHETIC_TARGET
568,203.9568328857422,298.2174377441406,212.93548583984375,292.24395751953125,203.9568328857422,298.2174377441406,212.93548583984375,292.24395751953125,AKAZE:intensity,2.0,0.015151515151515152,ROBUST_MODEL_INLIER,FIT,0.03328136384187848,SYNTHETIC_SOURCE,SYNTHETIC_TARGET
569,421.28338623046875,65.96891784667969,430.2943115234375,59.97677993774414,421.28338623046875,65.96891784667969,430.2943115234375,59.97677993774414,AKAZE:intensity,3.0,0.015151515151515152,ROBUST_MODEL_INLIER,FIT,0.01369102501389444,SYNTHETIC_SOURCE,SYNTHETIC_TARGET
570,365.1783142089844,590.3729248046875,374.1883850097656,584.3931884765625,365.1783142089844,590.3729248046875,374.1883850097656,584.3931884765625,AKAZE:intensity,3.0,0.015151515151515152,ROBUST_MODEL_INLIER,FIT,0.022475610998629915,SYNTHETIC_SOURCE,SYNTHETIC_TARGET
571,166.24171447753906,512.3739624023438,175.2493438720703,506.3417663574219,166.24171447753906,512.3739624023438,175.2493438720703,506.3417663574219,AKAZE:intensity,3.0,0.015228426395939087,ROBUST_MODEL_INLIER,HELD_OUT,0.03370695170137729,SYNTHETIC_SOURCE,SYNTHETIC_TARGET
572,130.2823944091797,365.85260009765625,139.2800750732422,359.8410949707031,130.2823944091797,365.85260009765625,139.2800750732422,359.8410949707031,AKAZE:intensity,2.0,0.015267175572519083,ROBUST_MODEL_INLIER,HELD_OUT,0.012114556034819443,SYNTHETIC_SOURCE,SYNTHETIC_TARGET
573,319.0216369628906,360.2252502441406,328.071044921875,354.2108154296875,319.0216369628906,360.2252502441406,328.071044921875,354.2108154296875,AKAZE:intensity,2.0,0.015267175572519083,ROBUST_MODEL_INLIER,FIT,0.05219703224636679,SYNTHETIC_SOURCE,SYNTHETIC_TARGET
574,410.9647521972656,243.3682098388672,419.9502868652344,237.3596649169922,410.9647521972656,243.3682098388672,419.9502868652344,237.3596649169922,AKAZE:intensity,1.0,0.015384615384615385,ROBUST_MODEL_INLIER,FIT,0.016539626431299883,SYNTHETIC_SOURCE,SYNTHETIC_TARGET
575,291.5821228027344,319.26751708984375,300.61920166015625,313.2696533203125,291.5821228027344,319.26751708984375,300.61920166015625,313.2696533203125,AKAZE:intensity,2.0,0.015384615384615385,ROBUST_MODEL_INLIER,FIT,0.03772521982037311,SYNTHETIC_SOURCE,SYNTHETIC_TARGET
576,490.3046875,150.61886596679688,499.296875,144.59877014160156,490.3046875,150.61886596679688,499.296875,144.59877014160156,AKAZE:intensity,2.0,0.015384615384615385,ROBUST_MODEL_INLIER,HELD_OUT,0.021807713779021846,SYNTHETIC_SOURCE,SYNTHETIC_TARGET
577,184.90066528320312,238.57415771484375,193.95474243164062,232.63780212402344,184.90066528320312,238.57415771484375,193.95474243164062,232.63780212402344,AKAZE:intensity,2.0,0.015384615384615385,ROBUST_MODEL_INLIER,FIT,0.08354291802014731,SYNTHETIC_SOURCE,SYNTHETIC_TARGET
578,210.20834350585938,147.03738403320312,219.24090576171875,140.99267578125,210.20834350585938,147.03738403320312,219.24090576171875,140.99267578125,AKAZE:intensity,2.0,0.015384615384615385,ROBUST_MODEL_INLIER,FIT,0.056063789532522834,SYNTHETIC_SOURCE,SYNTHETIC_TARGET
579,154.4471893310547,469.0857849121094,163.4362335205078,463.0828552246094,154.4471893310547,469.0857849121094,163.4362335205078,463.0828552246094,AKAZE:intensity,2.0,0.015384615384615385,ROBUST_MODEL_INLIER,FIT,0.01089545923646002,SYNTHETIC_SOURCE,SYNTHETIC_TARGET
580,500.3768310546875,153.75035095214844,509.35736083984375,147.7209014892578,500.3768310546875,153.75035095214844,509.35736083984375,147.7209014892578,AKAZE:intensity,2.0,0.015384615384615385,ROBUST_MODEL_INLIER,FIT,0.03538308871787437,SYNTHETIC_SOURCE,SYNTHETIC_TARGET
581,589.756103515625,483.64263916015625,598.7684936523438,477.6125793457031,589.756103515625,483.64263916015625,598.7684936523438,477.6125793457031,AKAZE:intensity,3.0,0.015384615384615385,ROBUST_MODEL_INLIER,FIT,0.03319938021466971,SYNTHETIC_SOURCE,SYNTHETIC_TARGET
582,438.2057800292969,382.98382568359375,447.2236022949219,376.97906494140625,438.2057800292969,382.98382568359375,447.2236022949219,376.97906494140625,AKAZE:intensity,3.0,0.015384615384615385,ROBUST_MODEL_INLIER,FIT,0.01916542781751414,SYNTHETIC_SOURCE,SYNTHETIC_TARGET
583,142.4561004638672,517.87841796875,151.46739196777344,511.8656005859375,142.4561004638672,517.87841796875,151.46739196777344,511.8656005859375,AKAZE:intensity,2.0,0.015503875968992248,ROBUST_MODEL_INLIER,HELD_OUT,0.017852026768496575,SYNTHETIC_SOURCE,SYNTHETIC_TARGET
584,298.1479187011719,55.08382797241211,307.1549377441406,49.08243942260742,298.1479187011719,55.08382797241211,307.1549377441406,49.08243942260742,AKAZE:intensity,2.0,0.015503875968992248,ROBUST_MODEL_INLIER,FIT,0.00785685406007435,SYNTHETIC_SOURCE,SYNTHETIC_TARGET
585,366.60406494140625,290.0602722167969,375.5995788574219,284.08245849609375,366.60406494140625,290.0602722167969,375.5995788574219,284.08245849609375,AKAZE:intensity,1.0,0.015625,ROBUST_MODEL_INLIER,FIT,0.022041425113820665,SYNTHETIC_SOURCE,SYNTHETIC_TARGET
586,561.2662353515625,181.129150390625,570.3006591796875,175.13670349121094,561.2662353515625,181.129150390625,570.3006591796875,175.13670349121094,AKAZE:intensity,2.0,0.015625,ROBUST_MODEL_INLIER,FIT,0.03573940988076711,SYNTHETIC_SOURCE,SYNTHETIC_TARGET
587,460.84814453125,460.1587219238281,469.88275146484375,454.1529846191406,460.84814453125,460.1587219238281,469.88275146484375,454.1529846191406,AKAZE:intensity,2.0,0.015625,ROBUST_MODEL_INLIER,FIT,0.035763320511969024,SYNTHETIC_SOURCE,SYNTHETIC_TARGET
588,151.09652709960938,475.2690734863281,160.0995635986328,469.2832946777344,151.09652709960938,475.2690734863281,160.0995635986328,469.2832946777344,AKAZE:intensity,2.0,0.015625,ROBUST_MODEL_INLIER,FIT,0.014208882452740155,SYNTHETIC_SOURCE,SYNTHETIC_TARGET
589,215.2735595703125,121.71263885498047,224.26634216308594,115.720947265625,215.2735595703125,121.71263885498047,224.26634216308594,115.720947265625,AKAZE:intensity,2.0,0.015625,ROBUST_MODEL_INLIER,FIT,0.01023755870777951,SYNTHETIC_SOURCE,SYNTHETIC_TARGET
590,201.8766632080078,590.7035522460938,210.8723907470703,584.7019653320312,201.8766632080078,590.7035522460938,210.8723907470703,584.7019653320312,AKAZE:intensity,2.0,0.015625,ROBUST_MODEL_INLIER,FIT,0.004209213781632487,SYNTHETIC_SOURCE,SYNTHETIC_TARGET
591,222.76837158203125,326.9521789550781,231.74014282226562,320.96002197265625,222.76837158203125,326.9521789550781,231.74014282226562,320.96002197265625,AKAZE:intensity,2.0,0.015625,ROBUST_MODEL_INLIER,FIT,0.028580913528624026,SYNTHETIC_SOURCE,SYNTHETIC_TARGET
592,369.7136535644531,299.7864074707031,378.687255859375,293.78533935546875,369.7136535644531,299.7864074707031,378.687255859375,293.78533935546875,AKAZE:intensity,2.0,0.015625,ROBUST_MODEL_INLIER,FIT,0.025834278998191375,SYNTHETIC_SOURCE,SYNTHETIC_TARGET
593,464.9503173828125,278.9186706542969,473.9684753417969,272.8999328613281,464.9503173828125,278.9186706542969,473.9684753417969,272.8999328613281,AKAZE:intensity,3.0,0.015625,ROBUST_MODEL_INLIER,HELD_OUT,0.026868036970512432,SYNTHETIC_SOURCE,SYNTHETIC_TARGET
594,398.5672607421875,226.7341766357422,407.5987243652344,220.72544860839844,398.5672607421875,226.7341766357422,407.5987243652344,220.72544860839844,AKAZE:intensity,3.0,0.015706806282722512,ROBUST_MODEL_INLIER,FIT,0.033371847286868345,SYNTHETIC_SOURCE,SYNTHETIC_TARGET
595,124.21317291259766,562.7537231445312,133.19415283203125,556.758544921875,124.21317291259766,562.7537231445312,133.19415283203125,556.758544921875,AKAZE:intensity,2.0,0.015748031496062992,ROBUST_MODEL_INLIER,FIT,0.018912887415511507,SYNTHETIC_SOURCE,SYNTHETIC_TARGET
596,378.26397705078125,42.74713897705078,387.2508850097656,36.75109100341797,378.26397705078125,42.74713897705078,387.2508850097656,36.75109100341797,AKAZE:intensity,3.0,0.015789473684210527,ROBUST_MODEL_INLIER,FIT,0.012953381868882431,SYNTHETIC_SOURCE,SYNTHETIC_TARGET
597,231.17965698242188,263.655029296875,240.1024627685547,257.5700988769531,231.17965698242188,263.655029296875,240.1024627685547,257.5700988769531,AKAZE:intensity,2.0,0.015873015873015872,ROBUST_MODEL_INLIER,FIT,0.11472333012684653,SYNTHETIC_SOURCE,SYNTHETIC_TARGET
598,500.19012451171875,353.71685791015625,509.2148742675781,347.75433349609375,500.19012451171875,353.71685791015625,509.2148742675781,347.75433349609375,AKAZE:intensity,3.0,0.015957446808510637,ROBUST_MODEL_INLIER,HELD_OUT,0.04484635722659087,SYNTHETIC_SOURCE,SYNTHETIC_TARGET
599,415.8948974609375,237.21875,424.8728332519531,231.21554565429688,415.8948974609375,237.21875,424.8728332519531,231.21554565429688,AKAZE:intensity,2.0,0.016,ROBUST_MODEL_INLIER,HELD_OUT,0.021769324566763348,SYNTHETIC_SOURCE,SYNTHETIC_TARGET
600,185.4172821044922,239.8899383544922,194.44320678710938,233.9268798828125,185.4172821044922,239.8899383544922,194.44320678710938,233.9268798828125,AKAZE:intensity,2.0,0.016,ROBUST_MODEL_INLIER,FIT,0.04508821643053128,SYNTHETIC_SOURCE,SYNTHETIC_TARGET
601,373.5635070800781,268.9561767578125,382.5599060058594,262.89923095703125,373.5635070800781,268.9561767578125,382.5599060058594,262.89923095703125,AKAZE:intensity,1.0,0.016129032258064516,ROBUST_MODEL_INLIER,HELD_OUT,0.057511896167479655,SYNTHETIC_SOURCE,SYNTHETIC_TARGET
602,286.9516906738281,359.57696533203125,295.9390869140625,353.59466552734375,286.9516906738281,359.57696533203125,295.9390869140625,353.59466552734375,AKAZE:intensity,2.0,0.016129032258064516,ROBUST_MODEL_INLIER,FIT,0.020978365666125456,SYNTHETIC_SOURCE,SYNTHETIC_TARGET
603,538.2376098632812,384.0949401855469,547.2720947265625,378.08636474609375,538.2376098632812,384.0949401855469,547.2720947265625,378.08636474609375,AKAZE:intensity,2.0,0.016129032258064516,ROBUST_MODEL_INLIER,FIT,0.036246725892323396,SYNTHETIC_SOURCE,SYNTHETIC_TARGET
604,316.40155029296875,540.130859375,325.41937255859375,534.1168823242188,316.40155029296875,540.130859375,325.41937255859375,534.1168823242188,AKAZE:intensity,3.0,0.016129032258064516,ROBUST_MODEL_INLIER,FIT,0.02343090282415997,SYNTHETIC_SOURCE,SYNTHETIC_TARGET
605,274.943603515625,92.97074890136719,283.9599304199219,86.96261596679688,274.943603515625,92.97074890136719,283.9599304199219,86.96261596679688,AKAZE:intensity,3.0,0.016129032258064516,ROBUST_MODEL_INLIER,FIT,0.019005157149214507,SYNTHETIC_SOURCE,SYNTHETIC_TARGET
606,474.7740478515625,82.14764404296875,483.7811584472656,76.14291381835938,474.7740478515625,82.14764404296875,483.7811584472656,76.14291381835938,AKAZE:intensity,3.0,0.016216216216216217,ROBUST_MODEL_INLIER,FIT,0.009319111013551313,SYNTHETIC_SOURCE,SYNTHETIC_TARGET
607,520.4376831054688,423.8669738769531,529.447265625,417.89453125,520.4376831054688,423.8669738769531,529.447265625,417.89453125,AKAZE:intensity,2.0,0.016260162601626018,ROBUST_MODEL_INLIER,HELD_OUT,0.028924563122741366,SYNTHETIC_SOURCE,SYNTHETIC_TARGET
608,475.62957763671875,321.564208984375,484.67950439453125,315.6354064941406,475.62957763671875,321.564208984375,484.67950439453125,315.6354064941406,AKAZE:intensity,2.0,0.016260162601626018,ROBUST_MODEL_INLIER,FIT,0.08691256768302032,SYNTHETIC_SOURCE,SYNTHETIC_TARGET
609,537.055908203125,333.3122863769531,546.000732421875,327.2918395996094,537.055908203125,333.3122863769531,546.000732421875,327.2918395996094,AKAZE:intensity,2.0,0.016260162601626018,ROBUST_MODEL_INLIER,HELD_OUT,0.05844367198683919,SYNTHETIC_SOURCE,SYNTHETIC_TARGET
610,569.3731689453125,290.8170471191406,578.3600463867188,284.8057556152344,569.3731689453125,290.8170471191406,578.3600463867188,284.8057556152344,AKAZE:intensity,2.0,0.016260162601626018,ROBUST_MODEL_INLIER,FIT,0.017184838175562486,SYNTHETIC_SOURCE,SYNTHETIC_TARGET
611,208.77166748046875,41.53688049316406,217.7938995361328,35.56491470336914,208.77166748046875,41.53688049316406,217.7938995361328,35.56491470336914,AKAZE:intensity,2.0,0.016260162601626018,ROBUST_MODEL_INLIER,HELD_OUT,0.03578482597278246,SYNTHETIC_SOURCE,SYNTHETIC_TARGET
612,522.788330078125,137.9393310546875,531.7847290039062,131.94412231445312,522.788330078125,137.9393310546875,531.7847290039062,131.94412231445312,AKAZE:intensity,2.0,0.016260162601626018,ROBUST_MODEL_INLIER,FIT,0.005240233402486704,SYNTHETIC_SOURCE,SYNTHETIC_TARGET
613,94.81332397460938,43.13648986816406,103.81867218017578,37.13689041137695,94.81332397460938,43.13648986816406,103.81867218017578,37.13689041137695,AKAZE:intensity,3.0,0.016304347826086956,ROBUST_MODEL_INLIER,HELD_OUT,0.005959203052556214,SYNTHETIC_SOURCE,SYNTHETIC_TARGET
614,443.3215026855469,554.916259765625,452.3638000488281,548.9064331054688,443.3215026855469,554.916259765625,452.3638000488281,548.9064331054688,AKAZE:intensity,3.0,0.016304347826086956,ROBUST_MODEL_INLIER,FIT,0.04413014853053335,SYNTHETIC_SOURCE,SYNTHETIC_TARGET
615,521.926025390625,479.0472412109375,530.9188842773438,473.0027160644531,521.926025390625,479.0472412109375,530.9188842773438,473.0027160644531,AKAZE:intensity,1.0,0.01639344262295082,ROBUST_MODEL_INLIER,FIT,0.045484717488678446,SYNTHETIC_SOURCE,SYNTHETIC_TARGET
616,539.7568969726562,344.2021789550781,548.74755859375,338.203857421875,539.7568969726562,344.2021789550781,548.74755859375,338.203857421875,AKAZE:intensity,1.0,0.01639344262295082,ROBUST_MODEL_INLIER,HELD_OUT,0.008808802583168601,SYNTHETIC_SOURCE,SYNTHETIC_TARGET
617,521.3855590820312,481.5921936035156,530.3588256835938,475.6022033691406,521.3855590820312,481.5921936035156,530.3588256835938,475.6022033691406,AKAZE:intensity,1.0,0.01639344262295082,ROBUST_MODEL_INLIER,HELD_OUT,0.02780417671388269,SYNTHETIC_SOURCE,SYNTHETIC_TARGET
618,81.35844421386719,470.5296936035156,90.40303039550781,464.59393310546875,81.35844421386719,470.5296936035156,90.40303039550781,464.59393310546875,AKAZE:intensity,2.0,0.01639344262295082,ROBUST_MODEL_INLIER,FIT,0.0781469433485388,SYNTHETIC_SOURCE,SYNTHETIC_TARGET
619,294.574462890625,154.7523193359375,303.56939697265625,148.77149963378906,294.574462890625,154.7523193359375,303.56939697265625,148.77149963378906,AKAZE:intensity,2.0,0.01639344262295082,ROBUST_MODEL_INLIER,FIT,0.01921571119250057,SYNTHETIC_SOURCE,SYNTHETIC_TARGET
620,434.0693359375,323.17608642578125,443.11407470703125,317.1920166015625,434.0693359375,323.17608642578125,443.11407470703125,317.1920166015625,AKAZE:intensity,2.0,0.01639344262295082,ROBUST_MODEL_INLIER,FIT,0.04790610494174881,SYNTHETIC_SOURCE,SYNTHETIC_TARGET
621,438.6521301269531,449.8539123535156,447.6622314453125,443.8722839355469,438.6521301269531,449.8539123535156,447.6622314453125,443.8722839355469,AKAZE:intensity,3.0,0.01639344262295082,ROBUST_MODEL_INLIER,FIT,0.020845918529723232,SYNTHETIC_SOURCE,SYNTHETIC_TARGET
622,94.62272644042969,522.0803833007812,103.63298797607422,516.08154296875,94.62272644042969,522.0803833007812,103.63298797607422,516.08154296875,AKAZE:intensity,3.0,0.016483516483516484,ROBUST_MODEL_INLIER,FIT,0.010892598017393446,SYNTHETIC_SOURCE,SYNTHETIC_TARGET
623,470.52630615234375,266.1991271972656,479.52471923828125,260.19268798828125,470.52630615234375,266.1991271972656,479.52471923828125,260.19268798828125,AKAZE:intensity,2.0,0.01652892561983471,ROBUST_MODEL_INLIER,HELD_OUT,0.006995984224093651,SYNTHETIC_SOURCE,SYNTHETIC_TARGET
624,179.402587890625,278.4116516113281,188.41586303710938,272.4028015136719,179.402587890625,278.4116516113281,188.41586303710938,272.4028015136719,AKAZE:intensity,2.0,0.01652892561983471,ROBUST_MODEL_INLIER,FIT,0.016733570348448187,SYNTHETIC_SOURCE,SYNTHETIC_TARGET
625,359.837890625,205.5089569091797,368.8357238769531,199.5017547607422,359.837890625,205.5089569091797,368.8357238769531,199.5017547607422,AKAZE:intensity,2.0,0.01652892561983471,ROBUST_MODEL_INLIER,FIT,0.007846341745995786,SYNTHETIC_SOURCE,SYNTHETIC_TARGET
626,582.5603637695312,267.60565185546875,591.6455688476562,261.61456298828125,582.5603637695312,267.60565185546875,591.6455688476562,261.61456298828125,AKAZE:intensity,2.0,0.01652892561983471,ROBUST_MODEL_INLIER,FIT,0.08622779366824924,SYNTHETIC_SOURCE,SYNTHETIC_TARGET
627,413.27215576171875,197.52442932128906,422.2943420410156,191.5106201171875,413.27215576171875,197.52442932128906,422.2943420410156,191.5106201171875,AKAZE:intensity,3.0,0.016574585635359115,ROBUST_MODEL_INLIER,FIT,0.026909189246737866,SYNTHETIC_SOURCE,SYNTHETIC_TARGET
628,418.0524597167969,538.4435424804688,427.0545654296875,532.4468383789062,418.0524597167969,538.4435424804688,427.0545654296875,532.4468383789062,AKAZE:intensity,3.0,0.01675977653631285,ROBUST_MODEL_INLIER,FIT,0.003906369207470617,SYNTHETIC_SOURCE,SYNTHETIC_TARGET
629,241.1372833251953,88.64420318603516,250.16571044921875,82.63402557373047,241.1372833251953,88.64420318603516,250.16571044921875,82.63402557373047,AKAZE:intensity,3.0,0.01675977653631285,ROBUST_MODEL_INLIER,FIT,0.030934386590392264,SYNTHETIC_SOURCE,SYNTHETIC_TARGET
630,194.8699951171875,333.1306457519531,203.8963165283203,327.11944580078125,194.8699951171875,333.1306457519531,203.8963165283203,327.11944580078125,AKAZE:intensity,2.0,0.01680672268907563,ROBUST_MODEL_INLIER,HELD_OUT,0.02935872304825937,SYNTHETIC_SOURCE,SYNTHETIC_TARGET
631,299.69781494140625,152.33790588378906,308.68505859375,146.33187866210938,299.69781494140625,152.33790588378906,308.68505859375,146.33187866210938,AKAZE:intensity,2.0,0.01680672268907563,ROBUST_MODEL_INLIER,FIT,0.0137832144123262,SYNTHETIC_SOURCE,SYNTHETIC_TARGET
632,72.24602508544922,408.2090148925781,81.2344741821289,402.2017517089844,72.24602508544922,408.2090148925781,81.2344741821289,402.2017517089844,AKAZE:intensity,2.0,0.01680672268907563,ROBUST_MODEL_INLIER,FIT,0.013408239257608225,SYNTHETIC_SOURCE,SYNTHETIC_TARGET
633,110.36373901367188,385.11395263671875,119.35735321044922,379.1081237792969,110.36373901367188,385.11395263671875,119.35735321044922,379.1081237792969,AKAZE:intensity,3.0,0.016853932584269662,ROBUST_MODEL_INLIER,FIT,0.00855932724450352,SYNTHETIC_SOURCE,SYNTHETIC_TARGET
634,453.40673828125,496.40557861328125,462.40850830078125,490.40234375,453.40673828125,496.40557861328125,462.40850830078125,490.40234375,AKAZE:intensity,1.0,0.01694915254237288,ROBUST_MODEL_INLIER,FIT,0.004419046474584461,SYNTHETIC_SOURCE,SYNTHETIC_TARGET
635,289.3838195800781,289.7137451171875,298.3880615234375,283.7631530761719,289.3838195800781,289.7137451171875,298.3880615234375,283.7631530761719,AKAZE:intensity,1.0,0.01694915254237288,ROBUST_MODEL_INLIER,FIT,0.0491597359191845,SYNTHETIC_SOURCE,SYNTHETIC_TARGET
636,547.3432006835938,357.16888427734375,556.3335571289062,351.14202880859375,547.3432006835938,357.16888427734375,556.3335571289062,351.14202880859375,AKAZE:intensity,1.0,0.01694915254237288,ROBUST_MODEL_INLIER,FIT,0.028797212065754033,SYNTHETIC_SOURCE,SYNTHETIC_TARGET
637,168.25254821777344,472.2616882324219,177.2407684326172,466.2810363769531,168.25254821777344,472.2616882324219,177.2407684326172,466.2810363769531,AKAZE:intensity,2.0,0.01694915254237288,ROBUST_MODEL_INLIER,FIT,0.02191918542721497,SYNTHETIC_SOURCE,SYNTHETIC_TARGET
638,552.8932495117188,112.99781036376953,561.9024047851562,106.98906707763672,552.8932495117188,112.99781036376953,561.9024047851562,106.98906707763672,AKAZE:intensity,2.0,0.01694915254237288,ROBUST_MODEL_INLIER,FIT,0.013438350642248945,SYNTHETIC_SOURCE,SYNTHETIC_TARGET
639,481.9404602050781,500.95635986328125,490.959228515625,494.9781494140625,481.9404602050781,500.95635986328125,490.959228515625,494.9781494140625,AKAZE:intensity,3.0,0.01694915254237288,ROBUST_MODEL_INLIER,HELD_OUT,0.02879716355463305,SYNTHETIC_SOURCE,SYNTHETIC_TARGET
640,191.68714904785156,412.7496032714844,200.71163940429688,406.7431640625,191.68714904785156,412.7496032714844,200.71163940429688,406.7431640625,AKAZE:intensity,3.0,0.017045454545454544,ROBUST_MODEL_INLIER,FIT,0.02603911794667445,SYNTHETIC_SOURCE,SYNTHETIC_TARGET
641,97.73631286621094,87.63389587402344,106.74921417236328,81.6530990600586,97.73631286621094,87.63389587402344,106.74921417236328,81.6530990600586,AKAZE:intensity,3.0,0.017045454545454544,ROBUST_MODEL_INLIER,HELD_OUT,0.023082732839084737,SYNTHETIC_SOURCE,SYNTHETIC_TARGET
642,184.938232421875,336.8778991699219,193.9488983154297,330.87884521484375,184.938232421875,336.8778991699219,193.9488983154297,330.87884521484375,AKAZE:intensity,2.0,0.017094017094017096,ROBUST_MODEL_INLIER,FIT,0.011285532841748476,SYNTHETIC_SOURCE,SYNTHETIC_TARGET
643,497.80560302734375,367.6333312988281,506.8298645019531,361.6411437988281,497.80560302734375,367.6333312988281,506.8298645019531,361.6411437988281,AKAZE:intensity,2.0,0.017094017094017096,ROBUST_MODEL_INLIER,FIT,0.02592782130110083,SYNTHETIC_SOURCE,SYNTHETIC_TARGET
644,43.545108795166016,182.92239379882812,52.59143829345703,176.887451171875,43.545108795166016,182.92239379882812,52.59143829345703,176.887451171875,AKAZE:intensity,2.0,0.017094017094017096,ROBUST_MODEL_INLIER,FIT,0.05881070277057452,SYNTHETIC_SOURCE,SYNTHETIC_TARGET
645,282.7421569824219,305.29779052734375,291.7682800292969,299.3091125488281,282.7421569824219,305.29779052734375,291.7682800292969,299.3091125488281,AKAZE:intensity,2.0,0.017094017094017096,ROBUST_MODEL_INLIER,FIT,0.028845181911092935,SYNTHETIC_SOURCE,SYNTHETIC_TARGET
646,277.2969665527344,202.70938110351562,286.27655029296875,196.6876220703125,277.2969665527344,202.70938110351562,286.27655029296875,196.6876220703125,AKAZE:intensity,2.0,0.017094017094017096,ROBUST_MODEL_INLIER,FIT,0.02978618807646992,SYNTHETIC_SOURCE,SYNTHETIC_TARGET
647,391.40338134765625,133.39292907714844,400.412841796875,127.36113739013672,391.40338134765625,133.39292907714844,400.412841796875,127.36113739013672,AKAZE:intensity,2.0,0.017094017094017096,ROBUST_MODEL_INLIER,HELD_OUT,0.03381445518344478,SYNTHETIC_SOURCE,SYNTHETIC_TARGET
648,237.68836975097656,193.7137908935547,246.65554809570312,187.72647094726562,237.68836975097656,193.7137908935547,246.65554809570312,187.72647094726562,AKAZE:intensity,3.0,0.017142857142857144,ROBUST_MODEL_INLIER,FIT,0.03444136179795349,SYNTHETIC_SOURCE,SYNTHETIC_TARGET
649,203.6204376220703,303.01104736328125,212.6190185546875,296.9351501464844,203.6204376220703,303.01104736328125,212.6190185546875,296.9351501464844,AKAZE:intensity,2.0,0.017241379310344827,ROBUST_MODEL_INLIER,HELD_OUT,0.0763897789834947,SYNTHETIC_SOURCE,SYNTHETIC_TARGET
650,222.63568115234375,143.03565979003906,231.6285400390625,137.0169677734375,222.63568115234375,143.03565979003906,231.6285400390625,137.0169677734375,AKAZE:intensity,2.0,0.017241379310344827,ROBUST_MODEL_INLIER,FIT,0.0202616552705287,SYNTHETIC_SOURCE,SYNTHETIC_TARGET
651,527.3256225585938,338.882080078125,536.3038330078125,332.85150146484375,527.3256225585938,338.882080078125,536.3038330078125,332.85150146484375,AKAZE:intensity,2.0,0.017241379310344827,ROBUST_MODEL_INLIER,FIT,0.03759934062404967,SYNTHETIC_SOURCE,SYNTHETIC_TARGET
652,210.389892578125,149.9520263671875,219.40611267089844,143.92977905273438,210.389892578125,149.9520263671875,219.40611267089844,143.92977905273438,AKAZE:intensity,2.0,0.017241379310344827,ROBUST_MODEL_INLIER,FIT,0.028287296946174385,SYNTHETIC_SOURCE,SYNTHETIC_TARGET
653,438.3086853027344,486.58905029296875,447.3677062988281,480.5909423828125,438.3086853027344,486.58905029296875,447.3677062988281,480.5909423828125,AKAZE:intensity,2.0,0.017241379310344827,ROBUST_MODEL_INLIER,FIT,0.0596478692148214,SYNTHETIC_SOURCE,SYNTHETIC_TARGET
654,428.49237060546875,535.40234375,437.45794677734375,529.416748046875,428.49237060546875,535.40234375,437.45794677734375,529.416748046875,AKAZE:intensity,3.0,0.017241379310344827,ROBUST_MODEL_INLIER,FIT,0.036565102052612694,SYNTHETIC_SOURCE,SYNTHETIC_TARGET
655,568.537841796875,141.95037841796875,577.5362548828125,135.96971130371094,568.537841796875,141.95037841796875,577.5362548828125,135.96971130371094,AKAZE:intensity,2.0,0.017391304347826087,ROBUST_MODEL_INLIER,FIT,0.01886989117041695,SYNTHETIC_SOURCE,SYNTHETIC_TARGET
656,186.7418670654297,443.1131286621094,195.7419891357422,437.11419677734375,186.7418670654297,443.1131286621094,195.7419891357422,437.11419677734375,AKAZE:intensity,2.0,0.017391304347826087,ROBUST_MODEL_INLIER,HELD_OUT,0.0009341569741829814,SYNTHETIC_SOURCE,SYNTHETIC_TARGET
657,414.9237060546875,87.12387084960938,423.9245300292969,81.11640167236328,414.9237060546875,87.12387084960938,423.9245300292969,81.11640167236328,AKAZE:intensity,3.0,0.01744186046511628,ROBUST_MODEL_INLIER,HELD_OUT,0.00808569337066279,SYNTHETIC_SOURCE,SYNTHETIC_TARGET
658,285.1686706542969,204.8804931640625,294.16827392578125,198.89694213867188,285.1686706542969,204.8804931640625,294.16827392578125,198.89694213867188,AKAZE:intensity,3.0,0.01744186046511628,ROBUST_MODEL_INLIER,HELD_OUT,0.015962122895096173,SYNTHETIC_SOURCE,SYNTHETIC_TARGET
659,93.38182830810547,323.5495300292969,102.37570190429688,317.5527038574219,93.38182830810547,323.5495300292969,102.37570190429688,317.5527038574219,AKAZE:intensity,2.0,0.017543859649122806,ROBUST_MODEL_INLIER,FIT,0.006135062705421858,SYNTHETIC_SOURCE,SYNTHETIC_TARGET
660,568.3687133789062,262.0095520019531,577.4415893554688,256.02215576171875,568.3687133789062,262.0095520019531,577.4415893554688,256.02215576171875,AKAZE:intensity,2.0,0.017543859649122806,ROBUST_MODEL_INLIER,FIT,0.07447835417728924,SYNTHETIC_SOURCE,SYNTHETIC_TARGET
661,185.18661499023438,52.646053314208984,194.2085418701172,46.650264739990234,185.18661499023438,52.646053314208984,194.2085418701172,46.650264739990234,AKAZE:intensity,2.0,0.017543859649122806,ROBUST_MODEL_INLIER,HELD_OUT,0.022842692626311795,SYNTHETIC_SOURCE,SYNTHETIC_TARGET
662,139.69793701171875,562.9330444335938,148.7190704345703,556.9108276367188,139.69793701171875,562.9330444335938,148.7190704345703,556.9108276367188,AKAZE:intensity,2.0,0.017543859649122806,ROBUST_MODEL_INLIER,FIT,0.03143743466684253,SYNTHETIC_SOURCE,SYNTHETIC_TARGET
663,112.1085433959961,44.684505462646484,121.12910461425781,38.63125991821289,112.1085433959961,44.684505462646484,121.12910461425781,38.63125991821289,AKAZE:intensity,2.0,0.017543859649122806,ROBUST_MODEL_INLIER,FIT,0.05775430192995678,SYNTHETIC_SOURCE,SYNTHETIC_TARGET
664,593.9827880859375,151.24069213867188,602.9368896484375,145.19143676757812,593.9827880859375,151.24069213867188,602.9368896484375,145.19143676757812,AKAZE:intensity,2.0,0.017543859649122806,ROBUST_MODEL_INLIER,HELD_OUT,0.06727140310992666,SYNTHETIC_SOURCE,SYNTHETIC_TARGET
665,244.37655639648438,195.9744110107422,253.3553924560547,189.95310974121094,244.37655639648438,195.9744110107422,253.3553924560547,189.95310974121094,AKAZE:intensity,3.0,0.017543859649122806,ROBUST_MODEL_INLIER,FIT,0.029953873515290913,SYNTHETIC_SOURCE,SYNTHETIC_TARGET
666,585.495849609375,408.24652099609375,594.4818725585938,402.2232360839844,585.495849609375,408.24652099609375,594.4818725585938,402.2232360839844,AKAZE:intensity,3.0,0.017543859649122806,ROBUST_MODEL_INLIER,FIT,0.027273308756122046,SYNTHETIC_SOURCE,SYNTHETIC_TARGET
667,51.18393325805664,142.61436462402344,60.18642044067383,136.61807250976562,51.18393325805664,142.61436462402344,60.18642044067383,136.61807250976562,AKAZE:intensity,3.0,0.017543859649122806,ROBUST_MODEL_INLIER,FIT,0.004467725492960176,SYNTHETIC_SOURCE,SYNTHETIC_TARGET
668,544.5617065429688,178.50430297851562,553.5510864257812,172.5067138671875,544.5617065429688,178.50430297851562,553.5510864257812,172.5067138671875,AKAZE:intensity,3.0,0.01764705882352941,ROBUST_MODEL_INLIER,HELD_OUT,0.010192734037836977,SYNTHETIC_SOURCE,SYNTHETIC_TARGET
669,332.78717041015625,383.61956787109375,341.7985534667969,377.6202087402344,332.78717041015625,383.61956787109375,341.7985534667969,377.6202087402344,AKAZE:intensity,2.0,0.017699115044247787,ROBUST_MODEL_INLIER,FIT,0.011994378824730834,SYNTHETIC_SOURCE,SYNTHETIC_TARGET
670,488.0174865722656,431.47216796875,497.0259704589844,425.4063720703125,488.0174865722656,431.47216796875,497.0259704589844,425.4063720703125,AKAZE:intensity,2.0,0.017699115044247787,ROBUST_MODEL_INLIER,HELD_OUT,0.06690513916554498,SYNTHETIC_SOURCE,SYNTHETIC_TARGET
671,65.78064727783203,515.2863159179688,74.8165054321289,509.3055725097656,65.78064727783203,515.2863159179688,74.8165054321289,509.3055725097656,AKAZE:intensity,2.0,0.017699115044247787,ROBUST_MODEL_INLIER,FIT,0.041014648607530554,SYNTHETIC_SOURCE,SYNTHETIC_TARGET
672,239.33177185058594,226.3212432861328,248.34619140625,220.31166076660156,239.33177185058594,226.3212432861328,248.34619140625,220.31166076660156,AKAZE:intensity,2.0,0.017699115044247787,ROBUST_MODEL_INLIER,HELD_OUT,0.018091963398556312,SYNTHETIC_SOURCE,SYNTHETIC_TARGET
673,568.678466796875,216.9720001220703,577.6696166992188,210.9569091796875,568.678466796875,216.9720001220703,577.6696166992188,210.9569091796875,AKAZE:intensity,2.0,0.017699115044247787,ROBUST_MODEL_INLIER,FIT,0.01762400705545285,SYNTHETIC_SOURCE,SYNTHETIC_TARGET
674,75.2186508178711,511.02606201171875,84.17797088623047,505.03900146484375,75.2186508178711,511.02606201171875,84.17797088623047,505.03900146484375,AKAZE:intensity,2.0,0.017699115044247787,ROBUST_MODEL_INLIER,HELD_OUT,0.041959539185959405,SYNTHETIC_SOURCE,SYNTHETIC_TARGET
675,572.8320922851562,247.47589111328125,581.8483276367188,241.48297119140625,572.8320922851562,247.47589111328125,581.8483276367188,241.48297119140625,AKAZE:intensity,2.0,0.017699115044247787,ROBUST_MODEL_INLIER,FIT,0.018089485891447953,SYNTHETIC_SOURCE,SYNTHETIC_TARGET
676,377.4719543457031,183.4901580810547,386.4621887207031,177.45828247070312,377.4719543457031,183.4901580810547,386.4621887207031,177.45828247070312,AKAZE:intensity,2.0,0.017857142857142856,ROBUST_MODEL_INLIER,FIT,0.033633919059679634,SYNTHETIC_SOURCE,SYNTHETIC_TARGET
677,464.0373840332031,254.3614501953125,473.0206298828125,248.35348510742188,464.0373840332031,254.3614501953125,473.0206298828125,248.35348510742188,AKAZE:intensity,3.0,0.017857142857142856,ROBUST_MODEL_INLIER,FIT,0.018223108692828487,SYNTHETIC_SOURCE,SYNTHETIC_TARGET
678,93.30819702148438,563.7103881835938,102.2903823852539,557.7320556640625,93.30819702148438,563.7103881835938,102.2903823852539,557.7320556640625,AKAZE:intensity,3.0,0.017857142857142856,ROBUST_MODEL_INLIER,FIT,0.027286368217188692,SYNTHETIC_SOURCE,SYNTHETIC_TARGET
679,452.7163391113281,406.6961669921875,461.72711181640625,400.67938232421875,452.7163391113281,406.6961669921875,461.72711181640625,400.67938232421875,AKAZE:intensity,3.0,0.017964071856287425,ROBUST_MODEL_INLIER,HELD_OUT,0.020686438871811482,SYNTHETIC_SOURCE,SYNTHETIC_TARGET
680,363.3409729003906,64.18865203857422,372.3094787597656,58.18142318725586,363.3409729003906,64.18865203857422,372.3094787597656,58.18142318725586,AKAZE:intensity,3.0,0.017964071856287425,ROBUST_MODEL_INLIER,HELD_OUT,0.0318333561211291,SYNTHETIC_SOURCE,SYNTHETIC_TARGET
681,171.10089111328125,262.964599609375,180.0927276611328,256.974365234375,171.10089111328125,262.964599609375,180.0927276611328,256.974365234375,AKAZE:intensity,2.0,0.018018018018018018,ROBUST_MODEL_INLIER,FIT,0.011963211755918787,SYNTHETIC_SOURCE,SYNTHETIC_TARGET
682,520.4713134765625,96.37631225585938,529.4484252929688,90.43497467041016,520.4713134765625,96.37631225585938,529.4484252929688,90.43497467041016,AKAZE:intensity,2.0,0.018018018018018018,ROBUST_MODEL_INLIER,FIT,0.06229391290735921,SYNTHETIC_SOURCE,SYNTHETIC_TARGET
683,439.4635925292969,479.25054931640625,448.4727478027344,473.2562255859375,439.4635925292969,479.25054931640625,448.4727478027344,473.2562255859375,AKAZE:intensity,2.0,0.018018018018018018,ROBUST_MODEL_INLIER,FIT,0.011058148762203027,SYNTHETIC_SOURCE,SYNTHETIC_TARGET
684,415.3952941894531,456.2252197265625,424.3292236328125,450.2121276855469,415.3952941894531,456.2252197265625,424.3292236328125,450.2121276855469,AKAZE:intensity,2.0,0.018018018018018018,ROBUST_MODEL_INLIER,FIT,0.06685404701069646,SYNTHETIC_SOURCE,SYNTHETIC_TARGET
685,209.5043487548828,116.99906158447266,218.51365661621094,110.99994659423828,209.5043487548828,116.99906158447266,218.51365661621094,110.99994659423828,AKAZE:intensity,2.0,0.018018018018018018,ROBUST_MODEL_INLIER,FIT,0.0099261442896459,SYNTHETIC_SOURCE,SYNTHETIC_TARGET
686,262.6631774902344,327.69158935546875,271.6273193359375,321.7206115722656,262.6631774902344,327.69158935546875,271.6273193359375,321.7206115722656,AKAZE:intensity,2.0,0.018018018018018018,ROBUST_MODEL_INLIER,FIT,0.04534967558202187,SYNTHETIC_SOURCE,SYNTHETIC_TARGET
687,250.1202850341797,364.9917907714844,259.14459228515625,359.0257873535156,250.1202850341797,364.9917907714844,259.14459228515625,359.0257873535156,AKAZE:intensity,2.0,0.018018018018018018,ROBUST_MODEL_INLIER,FIT,0.04175755186240464,SYNTHETIC_SOURCE,SYNTHETIC_TARGET
688,339.8236083984375,368.69854736328125,348.817138671875,362.7026062011719,339.8236083984375,368.69854736328125,348.817138671875,362.7026062011719,AKAZE:intensity,2.0,0.018018018018018018,ROBUST_MODEL_INLIER,FIT,0.006861570528278222,SYNTHETIC_SOURCE,SYNTHETIC_TARGET
689,131.61875915527344,550.8519287109375,140.67332458496094,544.8651123046875,131.61875915527344,550.8519287109375,140.67332458496094,544.8651123046875,AKAZE:intensity,2.0,0.018018018018018018,ROBUST_MODEL_INLIER,FIT,0.056617469000481715,SYNTHETIC_SOURCE,SYNTHETIC_TARGET
690,526.7484741210938,68.06922149658203,535.7252807617188,62.12117385864258,526.7484741210938,68.06922149658203,535.7252807617188,62.12117385864258,AKAZE:intensity,2.0,0.018018018018018018,ROBUST_MODEL_INLIER,FIT,0.056200923974023195,SYNTHETIC_SOURCE,SYNTHETIC_TARGET
691,556.117919921875,224.20175170898438,565.1231689453125,218.2112274169922,556.117919921875,224.20175170898438,565.1231689453125,218.2112274169922,AKAZE:intensity,3.0,0.018072289156626505,ROBUST_MODEL_INLIER,FIT,0.010728751796815374,SYNTHETIC_SOURCE,SYNTHETIC_TARGET
692,427.3296203613281,427.0857849121094,436.3106994628906,421.0305480957031,427.3296203613281,427.0857849121094,436.3106994628906,421.0305480957031,AKAZE:intensity,3.0,0.018072289156626505,ROBUST_MODEL_INLIER,FIT,0.05865630942754728,SYNTHETIC_SOURCE,SYNTHETIC_TARGET
693,150.4032745361328,310.9563903808594,159.402587890625,304.9504699707031,150.4032745361328,310.9563903808594,159.402587890625,304.9504699707031,AKAZE:intensity,3.0,0.018072289156626505,ROBUST_MODEL_INLIER,FIT,0.006409145520787771,SYNTHETIC_SOURCE,SYNTHETIC_TARGET
694,174.1619110107422,467.90484619140625,183.16470336914062,461.9042663574219,174.1619110107422,467.90484619140625,183.16470336914062,461.9042663574219,AKAZE:intensity,3.0,0.018072289156626505,ROBUST_MODEL_INLIER,FIT,0.0035664134970818016,SYNTHETIC_SOURCE,SYNTHETIC_TARGET
695,84.24698638916016,259.33099365234375,93.22846221923828,253.30860900878906,84.24698638916016,259.33099365234375,93.22846221923828,253.30860900878906,AKAZE:intensity,4.0,0.01809954751131222,ROBUST_MODEL_INLIER,FIT,0.0290529788031033,SYNTHETIC_SOURCE,SYNTHETIC_TARGET
696,470.55865478515625,427.0839538574219,479.56488037109375,421.08837890625,470.55865478515625,427.0839538574219,479.56488037109375,421.08837890625,AKAZE:intensity,2.0,0.01818181818181818,ROBUST_MODEL_INLIER,FIT,0.007888484041188295,SYNTHETIC_SOURCE,SYNTHETIC_TARGET
697,529.4669799804688,91.1964111328125,538.4700317382812,85.21668243408203,529.4669799804688,91.1964111328125,538.4700317382812,85.21668243408203,AKAZE:intensity,2.0,0.01818181818181818,ROBUST_MODEL_INLIER,FIT,0.020119118424216233,SYNTHETIC_SOURCE,SYNTHETIC_TARGET
698,223.0232391357422,98.33222198486328,232.02273559570312,92.31629943847656,223.0232391357422,98.33222198486328,232.02273559570312,92.31629943847656,AKAZE:intensity,2.0,0.01818181818181818,ROBUST_MODEL_INLIER,FIT,0.016411175229813096,SYNTHETIC_SOURCE,SYNTHETIC_TARGET
699,508.7522888183594,485.1268005371094,517.7457275390625,479.1390075683594,508.7522888183594,485.1268005371094,517.7457275390625,479.1390075683594,AKAZE:intensity,2.0,0.01818181818181818,ROBUST_MODEL_INLIER,HELD_OUT,0.013143159531187833,SYNTHETIC_SOURCE,SYNTHETIC_TARGET
700,236.01805114746094,527.12158203125,245.00436401367188,521.1438598632812,236.01805114746094,527.12158203125,245.00436401367188,521.1438598632812,AKAZE:intensity,2.0,0.01818181818181818,ROBUST_MODEL_INLIER,FIT,0.025412334734329575,SYNTHETIC_SOURCE,SYNTHETIC_TARGET
701,206.1588592529297,272.9103088378906,215.1371612548828,266.89849853515625,206.1588592529297,272.9103088378906,215.1371612548828,266.89849853515625,AKAZE:intensity,3.0,0.01818181818181818,ROBUST_MODEL_INLIER,FIT,0.024411964326344134,SYNTHETIC_SOURCE,SYNTHETIC_TARGET
702,173.3671875,409.87164306640625,182.36636352539062,403.8827819824219,173.3671875,409.87164306640625,182.36636352539062,403.8827819824219,AKAZE:intensity,3.0,0.01818181818181818,ROBUST_MODEL_INLIER,FIT,0.010652776901676674,SYNTHETIC_SOURCE,SYNTHETIC_TARGET
703,543.3236083984375,240.85641479492188,552.3493041992188,234.8456268310547,543.3236083984375,240.85641479492188,552.3493041992188,234.8456268310547,AKAZE:intensity,3.0,0.01818181818181818,ROBUST_MODEL_INLIER,FIT,0.028621099822953668,SYNTHETIC_SOURCE,SYNTHETIC_TARGET
704,286.70391845703125,65.89226531982422,295.703857421875,59.88998794555664,286.70391845703125,65.89226531982422,295.703857421875,59.88998794555664,AKAZE:intensity,3.0,0.01818181818181818,ROBUST_MODEL_INLIER,HELD_OUT,0.002819680647890066,SYNTHETIC_SOURCE,SYNTHETIC_TARGET
705,234.93849182128906,75.00526428222656,243.95352172851562,69.00731658935547,234.93849182128906,75.00526428222656,243.95352172851562,69.00731658935547,AKAZE:intensity,4.0,0.0182648401826484,ROBUST_MODEL_INLIER,HELD_OUT,0.015718265551222094,SYNTHETIC_SOURCE,SYNTHETIC_TARGET
706,291.8525085449219,111.3678970336914,300.8353576660156,105.35005950927734,291.8525085449219,111.3678970336914,300.8353576660156,105.35005950927734,AKAZE:intensity,3.0,0.018292682926829267,ROBUST_MODEL_INLIER,HELD_OUT,0.02468651854851807,SYNTHETIC_SOURCE,SYNTHETIC_TARGET
707,560.0867919921875,179.86216735839844,569.1185913085938,173.87405395507812,560.0867919921875,179.86216735839844,569.1185913085938,173.87405395507812,AKAZE:intensity,2.0,0.01834862385321101,ROBUST_MODEL_INLIER,FIT,0.03435561340566155,SYNTHETIC_SOURCE,SYNTHETIC_TARGET
708,125.28567504882812,553.9540405273438,134.339111328125,547.8980712890625,125.28567504882812,553.9540405273438,134.339111328125,547.8980712890625,AKAZE:intensity,2.0,0.01834862385321101,ROBUST_MODEL_INLIER,FIT,0.07815682835729083,SYNTHETIC_SOURCE,SYNTHETIC_TARGET
709,572.7008056640625,177.00595092773438,581.7070922851562,170.99551391601562,572.7008056640625,177.00595092773438,581.7070922851562,170.99551391601562,AKAZE:intensity,2.0,0.01834862385321101,ROBUST_MODEL_INLIER,FIT,0.012920149313149533,SYNTHETIC_SOURCE,SYNTHETIC_TARGET
710,261.8460388183594,434.1568298339844,270.8273010253906,428.1291809082031,261.8460388183594,434.1568298339844,270.8273010253906,428.1291809082031,AKAZE:intensity,3.0,0.018404907975460124,ROBUST_MODEL_INLIER,FIT,0.033470980736399876,SYNTHETIC_SOURCE,SYNTHETIC_TARGET
711,458.0852966308594,156.51528930664062,467.0838928222656,150.51287841796875,458.0852966308594,156.51528930664062,467.0838928222656,150.51287841796875,AKAZE:intensity,4.0,0.018433179723502304,ROBUST_MODEL_INLIER,FIT,0.0030057877996200527,SYNTHETIC_SOURCE,SYNTHETIC_TARGET
712,568.4444580078125,550.2247314453125,577.43603515625,544.2296142578125,568.4444580078125,550.2247314453125,577.43603515625,544.2296142578125,AKAZE:intensity,2.0,0.018518518518518517,ROBUST_MODEL_INLIER,FIT,0.00896365222201456,SYNTHETIC_SOURCE,SYNTHETIC_TARGET
713,239.5399932861328,234.96109008789062,248.55496215820312,228.96421813964844,239.5399932861328,234.96109008789062,248.55496215820312,228.96421813964844,AKAZE:intensity,2.0,0.018518518518518517,ROBUST_MODEL_INLIER,FIT,0.0158012846735669,SYNTHETIC_SOURCE,SYNTHETIC_TARGET
714,553.2811279296875,120.32532501220703,562.2718505859375,114.34783172607422,553.2811279296875,120.32532501220703,562.2718505859375,114.34783172607422,AKAZE:intensity,2.0,0.018518518518518517,ROBUST_MODEL_INLIER,FIT,0.023662800520982557,SYNTHETIC_SOURCE,SYNTHETIC_TARGET
715,245.67010498046875,523.9502563476562,254.6749267578125,517.9501953125,245.67010498046875,523.9502563476562,254.6749267578125,517.9501953125,AKAZE:intensity,2.0,0.018518518518518517,ROBUST_MODEL_INLIER,HELD_OUT,0.005459832686840526,SYNTHETIC_SOURCE,SYNTHETIC_TARGET
716,332.16668701171875,430.9153747558594,341.1720886230469,424.8995666503906,332.16668701171875,430.9153747558594,341.1720886230469,424.8995666503906,AKAZE:intensity,2.0,0.018518518518518517,ROBUST_MODEL_INLIER,FIT,0.017369971729548194,SYNTHETIC_SOURCE,SYNTHETIC_TARGET
717,424.6378479003906,79.0422592163086,433.6513671875,72.99755859375,424.6378479003906,79.0422592163086,433.6513671875,72.99755859375,AKAZE:intensity,3.0,0.018518518518518517,ROBUST_MODEL_INLIER,FIT,0.047346422424720584,SYNTHETIC_SOURCE,SYNTHETIC_TARGET
718,285.0155334472656,206.65225219726562,293.9982604980469,200.6441192626953,285.0155334472656,206.65225219726562,293.9982604980469,200.6441192626953,AKAZE:intensity,3.0,0.018518518518518517,ROBUST_MODEL_INLIER,FIT,0.01876079750102523,SYNTHETIC_SOURCE,SYNTHETIC_TARGET
719,477.409912109375,277.8249816894531,486.3899841308594,271.8329772949219,477.409912109375,277.8249816894531,486.3899841308594,271.8329772949219,AKAZE:intensity,3.0,0.018518518518518517,ROBUST_MODEL_INLIER,FIT,0.02072512069990261,SYNTHETIC_SOURCE,SYNTHETIC_TARGET
720,49.294410705566406,247.49853515625,58.292354583740234,241.49362182617188,49.294410705566406,247.49853515625,58.292354583740234,241.49362182617188,AKAZE:intensity,4.0,0.018518518518518517,ROBUST_MODEL_INLIER,FIT,0.005591748974645247,SYNTHETIC_SOURCE,SYNTHETIC_TARGET
721,213.69424438476562,135.074951171875,222.70823669433594,129.06307983398438,213.69424438476562,135.074951171875,222.70823669433594,129.06307983398438,AKAZE:intensity,3.0,0.018633540372670808,ROBUST_MODEL_INLIER,HELD_OUT,0.01913107151889451,SYNTHETIC_SOURCE,SYNTHETIC_TARGET
722,518.1871948242188,433.4214782714844,527.1806640625,427.43780517578125,518.1871948242188,433.4214782714844,527.1806640625,427.43780517578125,AKAZE:intensity,3.0,0.018633540372670808,ROBUST_MODEL_INLIER,FIT,0.016908969112256016,SYNTHETIC_SOURCE,SYNTHETIC_TARGET
723,231.85040283203125,248.22088623046875,240.90628051757812,242.2284698486328,231.85040283203125,248.22088623046875,240.90628051757812,242.2284698486328,AKAZE:intensity,3.0,0.018633540372670808,ROBUST_MODEL_INLIER,FIT,0.05693190794619644,SYNTHETIC_SOURCE,SYNTHETIC_TARGET
724,58.47355270385742,421.00262451171875,67.43644714355469,414.99945068359375,58.47355270385742,421.00262451171875,67.43644714355469,414.99945068359375,AKAZE:intensity,3.0,0.018633540372670808,ROBUST_MODEL_INLIER,FIT,0.03667848560215842,SYNTHETIC_SOURCE,SYNTHETIC_TARGET
725,463.6690979003906,254.56617736816406,472.65570068359375,248.5648956298828,463.6690979003906,254.56617736816406,472.65570068359375,248.5648956298828,AKAZE:intensity,3.0,0.01875,ROBUST_MODEL_INLIER,HELD_OUT,0.012908791254919049,SYNTHETIC_SOURCE,SYNTHETIC_TARGET
726,484.23651123046875,229.1173858642578,493.2174987792969,223.11363220214844,484.23651123046875,229.1173858642578,493.2174987792969,223.11363220214844,AKAZE:intensity,3.0,0.01875,ROBUST_MODEL_INLIER,FIT,0.01888468568701913,SYNTHETIC_SOURCE,SYNTHETIC_TARGET
727,360.2508239746094,410.31109619140625,369.245849609375,404.3001708984375,360.2508239746094,410.31109619140625,369.245849609375,404.3001708984375,AKAZE:intensity,1.0,0.018867924528301886,ROBUST_MODEL_INLIER,HELD_OUT,0.012219422726758682,SYNTHETIC_SOURCE,SYNTHETIC_TARGET
728,451.32586669921875,588.5452270507812,460.3228759765625,582.5306396484375,451.32586669921875,588.5452270507812,460.3228759765625,582.5306396484375,AKAZE:intensity,2.0,0.018867924528301886,ROBUST_MODEL_INLIER,FIT,0.015262450732527312,SYNTHETIC_SOURCE,SYNTHETIC_TARGET
729,247.0823211669922,228.93678283691406,256.06451416015625,222.93597412109375,247.0823211669922,228.93678283691406,256.06451416015625,222.93597412109375,AKAZE:intensity,2.0,0.018867924528301886,ROBUST_MODEL_INLIER,FIT,0.017245496629376755,SYNTHETIC_SOURCE,SYNTHETIC_TARGET
730,62.19515609741211,606.4063720703125,71.20104217529297,600.416259765625,62.19515609741211,606.4063720703125,71.20104217529297,600.416259765625,AKAZE:intensity,2.0,0.018867924528301886,ROBUST_MODEL_INLIER,FIT,0.011425960801213584,SYNTHETIC_SOURCE,SYNTHETIC_TARGET
731,251.981201171875,221.7904052734375,260.96844482421875,215.76519775390625,251.981201171875,221.7904052734375,260.96844482421875,215.76519775390625,AKAZE:intensity,3.0,0.018867924528301886,ROBUST_MODEL_INLIER,FIT,0.028421812027016827,SYNTHETIC_SOURCE,SYNTHETIC_TARGET
732,564.7756958007812,565.4042358398438,573.7813720703125,559.4129028320312,564.7756958007812,565.4042358398438,573.7813720703125,559.4129028320312,AKAZE:intensity,3.0,0.018867924528301886,ROBUST_MODEL_INLIER,FIT,0.010315663690503126,SYNTHETIC_SOURCE,SYNTHETIC_TARGET
733,141.24295043945312,410.0595397949219,150.2296905517578,404.06719970703125,141.24295043945312,410.0595397949219,150.2296905517578,404.06719970703125,AKAZE:intensity,3.0,0.018867924528301886,ROBUST_MODEL_INLIER,HELD_OUT,0.014541081581452902,SYNTHETIC_SOURCE,SYNTHETIC_TARGET
734,553.6558227539062,500.20062255859375,562.6470947265625,494.2129821777344,553.6558227539062,500.20062255859375,562.6470947265625,494.2129821777344,AKAZE:intensity,3.0,0.018867924528301886,ROBUST_MODEL_INLIER,FIT,0.014381422857383815,SYNTHETIC_SOURCE,SYNTHETIC_TARGET
735,143.71311950683594,446.76568603515625,152.7022247314453,440.74981689453125,143.71311950683594,446.76568603515625,152.7022247314453,440.74981689453125,AKAZE:intensity,3.0,0.018867924528301886,ROBUST_MODEL_INLIER,FIT,0.01932186905744974,SYNTHETIC_SOURCE,SYNTHETIC_TARGET
736,125.18150329589844,218.71054077148438,134.1796417236328,212.70887756347656,125.18150329589844,218.71054077148438,134.1796417236328,212.70887756347656,AKAZE:intensity,3.0,0.0189873417721519,ROBUST_MODEL_INLIER,HELD_OUT,0.0024888670664403112,SYNTHETIC_SOURCE,SYNTHETIC_TARGET
737,434.14300537109375,438.1295166015625,443.0975341796875,432.13824462890625,434.14300537109375,438.1295166015625,443.0975341796875,432.13824462890625,AKAZE:intensity,3.0,0.0189873417721519,ROBUST_MODEL_INLIER,FIT,0.04561127456206476,SYNTHETIC_SOURCE,SYNTHETIC_TARGET
738,244.6387481689453,81.78752136230469,253.6450653076172,75.80670166015625,244.6387481689453,81.78752136230469,253.6450653076172,75.80670166015625,AKAZE:intensity,3.0,0.0189873417721519,ROBUST_MODEL_INLIER,HELD_OUT,0.01993443266261794,SYNTHETIC_SOURCE,SYNTHETIC_TARGET
739,134.96347045898438,555.7841186523438,143.9591064453125,549.74609375,134.96347045898438,555.7841186523438,143.9591064453125,549.74609375,AKAZE:intensity,2.0,0.01904761904761905,ROBUST_MODEL_INLIER,FIT,0.038695675336621944,SYNTHETIC_SOURCE,SYNTHETIC_TARGET
740,243.05023193359375,142.1504669189453,252.12704467773438,136.14288330078125,243.05023193359375,142.1504669189453,252.12704467773438,136.14288330078125,AKAZE:intensity,2.0,0.01904761904761905,ROBUST_MODEL_INLIER,FIT,0.07784273446125846,SYNTHETIC_SOURCE,SYNTHETIC_TARGET
741,263.49053955078125,276.615966796875,272.3922119140625,270.6977844238281,263.49053955078125,276.615966796875,272.3922119140625,270.6977844238281,AKAZE:intensity,2.0,0.01904761904761905,ROBUST_MODEL_INLIER,HELD_OUT,0.12713430021361777,SYNTHETIC_SOURCE,SYNTHETIC_TARGET
742,519.3618774414062,411.5804443359375,528.3582763671875,405.5886535644531,519.3618774414062,411.5804443359375,528.3582763671875,405.5886535644531,AKAZE:intensity,3.0,0.01910828025477707,ROBUST_MODEL_INLIER,FIT,0.008279942553252964,SYNTHETIC_SOURCE,SYNTHETIC_TARGET
743,534.6655883789062,126.8371810913086,543.68896484375,120.8020248413086,534.6655883789062,126.8371810913086,543.68896484375,120.8020248413086,AKAZE:intensity,3.0,0.01910828025477707,ROBUST_MODEL_INLIER,FIT,0.04296393801014254,SYNTHETIC_SOURCE,SYNTHETIC_TARGET
744,490.05999755859375,150.52285766601562,499.0390930175781,144.52456665039062,490.05999755859375,150.52285766601562,499.0390930175781,144.52456665039062,AKAZE:intensity,3.0,0.01910828025477707,ROBUST_MODEL_INLIER,FIT,0.020330869181584804,SYNTHETIC_SOURCE,SYNTHETIC_TARGET
745,29.816791534423828,517.1976928710938,38.809478759765625,511.2020568847656,29.816791534423828,517.1976928710938,38.809478759765625,511.2020568847656,AKAZE:intensity,3.0,0.01910828025477707,ROBUST_MODEL_INLIER,FIT,0.007742336673110238,SYNTHETIC_SOURCE,SYNTHETIC_TARGET
746,379.8646545410156,485.94232177734375,388.9238586425781,479.9425964355469,379.8646545410156,485.94232177734375,388.9238586425781,479.9425964355469,AKAZE:intensity,3.0,0.01910828025477707,ROBUST_MODEL_INLIER,FIT,0.05981483459351015,SYNTHETIC_SOURCE,SYNTHETIC_TARGET
747,153.70677185058594,397.91607666015625,162.7093963623047,391.903076171875,153.70677185058594,397.91607666015625,162.7093963623047,391.903076171875,AKAZE:intensity,4.0,0.019138755980861243,ROBUST_MODEL_INLIER,FIT,0.013871238009476943,SYNTHETIC_SOURCE,SYNTHETIC_TARGET
748,235.17190551757812,305.346435546875,244.17074584960938,299.3155822753906,235.17190551757812,305.346435546875,244.17074584960938,299.3155822753906,AKAZE:intensity,2.0,0.019230769230769232,ROBUST_MODEL_INLIER,FIT,0.03134636623782387,SYNTHETIC_SOURCE,SYNTHETIC_TARGET
749,240.77293395996094,372.0341491699219,249.7898406982422,366.0342712402344,240.77293395996094,372.0341491699219,249.7898406982422,366.0342712402344,AKAZE:intensity,2.0,0.019230769230769232,ROBUST_MODEL_INLIER,FIT,0.017520917414472165,SYNTHETIC_SOURCE,SYNTHETIC_TARGET
750,446.6277770996094,591.7398681640625,455.6156005859375,585.7426147460938,446.6277770996094,591.7398681640625,455.6156005859375,585.7426147460938,AKAZE:intensity,2.0,0.019230769230769232,ROBUST_MODEL_INLIER,FIT,0.011784567381068187,SYNTHETIC_SOURCE,SYNTHETIC_TARGET
751,409.84124755859375,224.36550903320312,418.83685302734375,218.38128662109375,409.84124755859375,224.36550903320312,418.83685302734375,218.38128662109375,AKAZE:intensity,3.0,0.019230769230769232,ROBUST_MODEL_INLIER,FIT,0.0157506480329651,SYNTHETIC_SOURCE,SYNTHETIC_TARGET
752,80.68329620361328,68.03433990478516,89.65426635742188,62.038902282714844,80.68329620361328,68.03433990478516,89.65426635742188,62.038902282714844,AKAZE:intensity,4.0,0.019230769230769232,ROBUST_MODEL_INLIER,FIT,0.028710032022236966,SYNTHETIC_SOURCE,SYNTHETIC_TARGET
753,585.7789306640625,280.0876159667969,594.7647705078125,274.0730285644531,585.7789306640625,280.0876159667969,594.7647705078125,274.0730285644531,AKAZE:intensity,4.0,0.01932367149758454,ROBUST_MODEL_INLIER,HELD_OUT,0.020270013391417874,SYNTHETIC_SOURCE,SYNTHETIC_TARGET
754,460.51287841796875,314.07379150390625,469.5009460449219,308.0713195800781,460.51287841796875,314.07379150390625,469.5009460449219,308.0713195800781,AKAZE:intensity,3.0,0.01935483870967742,ROBUST_MODEL_INLIER,FIT,0.011702605889168707,SYNTHETIC_SOURCE,SYNTHETIC_TARGET
755,187.16305541992188,77.42526245117188,196.1584014892578,71.43382263183594,187.16305541992188,77.42526245117188,196.1584014892578,71.43382263183594,AKAZE:intensity,3.0,0.01935483870967742,ROBUST_MODEL_INLIER,FIT,0.009028072446615364,SYNTHETIC_SOURCE,SYNTHETIC_TARGET
756,554.9071044921875,194.6210479736328,563.916015625,188.61639404296875,554.9071044921875,194.6210479736328,563.916015625,188.61639404296875,AKAZE:intensity,2.0,0.019417475728155338,ROBUST_MODEL_INLIER,FIT,0.01082132191890138,SYNTHETIC_SOURCE,SYNTHETIC_TARGET
757,99.31317901611328,234.33895874023438,108.28974914550781,228.32138061523438,99.31317901611328,234.33895874023438,108.28974914550781,228.32138061523438,AKAZE:intensity,4.0,0.019417475728155338,ROBUST_MODEL_INLIER,FIT,0.02910542018494927,SYNTHETIC_SOURCE,SYNTHETIC_TARGET
758,96.85309600830078,588.8630981445312,105.84461975097656,582.8524169921875,96.85309600830078,588.8630981445312,105.84461975097656,582.8524169921875,AKAZE:intensity,4.0,0.019417475728155338,ROBUST_MODEL_INLIER,FIT,0.013661212254314449,SYNTHETIC_SOURCE,SYNTHETIC_TARGET
759,128.80259704589844,279.9145812988281,137.81492614746094,273.9090576171875,128.80259704589844,279.9145812988281,137.81492614746094,273.9090576171875,AKAZE:intensity,3.0,0.01948051948051948,ROBUST_MODEL_INLIER,FIT,0.014267906117308327,SYNTHETIC_SOURCE,SYNTHETIC_TARGET
760,361.0760803222656,509.9753723144531,370.0783386230469,503.9554748535156,361.0760803222656,509.9753723144531,370.0783386230469,503.9554748535156,AKAZE:intensity,1.0,0.0196078431372549,ROBUST_MODEL_INLIER,FIT,0.020586589100784026,SYNTHETIC_SOURCE,SYNTHETIC_TARGET
761,439.7977600097656,518.9625854492188,448.7528076171875,512.9899291992188,439.7977600097656,518.9625854492188,448.7528076171875,512.9899291992188,AKAZE:intensity,1.0,0.0196078431372549,ROBUST_MODEL_INLIER,FIT,0.051840455275909726,SYNTHETIC_SOURCE,SYNTHETIC_TARGET
762,164.7449493408203,127.57284545898438,173.7848358154297,121.57108306884766,164.7449493408203,127.57284545898438,173.7848358154297,121.57108306884766,AKAZE:intensity,1.0,0.0196078431372549,ROBUST_MODEL_INLIER,FIT,0.04055932015808517,SYNTHETIC_SOURCE,SYNTHETIC_TARGET
763,538.5282592773438,383.1289978027344,547.5420532226562,377.12298583984375,538.5282592773438,383.1289978027344,547.5420532226562,377.12298583984375,AKAZE:intensity,2.0,0.0196078431372549,ROBUST_MODEL_INLIER,FIT,0.015803067498143024,SYNTHETIC_SOURCE,SYNTHETIC_TARGET
764,68.45718383789062,588.6250610351562,77.39806365966797,582.6414184570312,68.45718383789062,588.6250610351562,77.39806365966797,582.6414184570312,AKAZE:intensity,2.0,0.0196078431372549,ROBUST_MODEL_INLIER,HELD_OUT,0.06062367062441498,SYNTHETIC_SOURCE,SYNTHETIC_TARGET
765,324.7986145019531,532.403564453125,333.7672424316406,526.4034423828125,324.7986145019531,532.403564453125,333.7672424316406,526.4034423828125,AKAZE:intensity,2.0,0.0196078431372549,ROBUST_MODEL_INLIER,FIT,0.03076777322920766,SYNTHETIC_SOURCE,SYNTHETIC_TARGET
766,251.2797393798828,63.1039924621582,260.2804260253906,57.10237503051758,251.2797393798828,63.1039924621582,260.2804260253906,57.10237503051758,AKAZE:intensity,2.0,0.0196078431372549,ROBUST_MODEL_INLIER,FIT,0.002473100923566101,SYNTHETIC_SOURCE,SYNTHETIC_TARGET
767,297.8316955566406,436.3854064941406,306.80718994140625,430.4224853515625,297.8316955566406,436.3854064941406,306.80718994140625,430.4224853515625,AKAZE:intensity,3.0,0.0196078431372549,ROBUST_MODEL_INLIER,HELD_OUT,0.043701875137552346,SYNTHETIC_SOURCE,SYNTHETIC_TARGET
768,126.92431640625,496.622314453125,135.9076690673828,490.63525390625,126.92431640625,496.622314453125,135.9076690673828,490.63525390625,AKAZE:intensity,3.0,0.019736842105263157,ROBUST_MODEL_INLIER,HELD_OUT,0.020303119042932763,SYNTHETIC_SOURCE,SYNTHETIC_TARGET
769,352.0843505859375,204.74803161621094,361.0804443359375,198.7029266357422,352.0843505859375,204.74803161621094,361.0804443359375,198.7029266357422,AKAZE:intensity,3.0,0.019736842105263157,ROBUST_MODEL_INLIER,FIT,0.045712235349682356,SYNTHETIC_SOURCE,SYNTHETIC_TARGET
770,354.72222900390625,304.4203186035156,363.7640686035156,298.4217834472656,354.72222900390625,304.4203186035156,363.7640686035156,298.4217834472656,AKAZE:intensity,3.0,0.019736842105263157,ROBUST_MODEL_INLIER,FIT,0.0424611826120161,SYNTHETIC_SOURCE,SYNTHETIC_TARGET
771,424.8836975097656,434.98095703125,433.872802734375,428.9555358886719,424.8836975097656,434.98095703125,433.872802734375,428.9555358886719,AKAZE:intensity,3.0,0.019736842105263157,ROBUST_MODEL_INLIER,HELD_OUT,0.027875932568829278,SYNTHETIC_SOURCE,SYNTHETIC_TARGET
772,331.62042236328125,493.2376403808594,340.6333312988281,487.2286376953125,331.62042236328125,493.2376403808594,340.6333312988281,487.2286376953125,AKAZE:intensity,3.0,0.019736842105263157,ROBUST_MODEL_INLIER,HELD_OUT,0.016518158937517725,SYNTHETIC_SOURCE,SYNTHETIC_TARGET
773,294.7001647949219,336.0198974609375,303.7270812988281,330.0093688964844,294.7001647949219,336.0198974609375,303.7270812988281,330.0093688964844,AKAZE:intensity,2.0,0.019801980198019802,ROBUST_MODEL_INLIER,HELD_OUT,0.029649597994642618,SYNTHETIC_SOURCE,SYNTHETIC_TARGET
774,374.0244445800781,79.86360931396484,383.0376281738281,73.85684967041016,374.0244445800781,79.86360931396484,383.0376281738281,73.85684967041016,AKAZE:intensity,4.0,0.019801980198019802,ROBUST_MODEL_INLIER,HELD_OUT,0.015582212335180298,SYNTHETIC_SOURCE,SYNTHETIC_TARGET
775,460.691650390625,271.7812805175781,469.7221374511719,265.76409912109375,460.691650390625,271.7812805175781,469.7221374511719,265.76409912109375,AKAZE:intensity,3.0,0.019867549668874173,ROBUST_MODEL_INLIER,FIT,0.03576683591173492,SYNTHETIC_SOURCE,SYNTHETIC_TARGET
776,39.957672119140625,378.6233825683594,48.93369674682617,372.6378479003906,39.957672119140625,378.6233825683594,48.93369674682617,372.6378479003906,AKAZE:intensity,3.0,0.019867549668874173,ROBUST_MODEL_INLIER,FIT,0.027226497080616915,SYNTHETIC_SOURCE,SYNTHETIC_TARGET
777,241.4104461669922,448.260986328125,250.42391967773438,442.27191162109375,241.4104461669922,448.260986328125,250.42391967773438,442.27191162109375,AKAZE:intensity,3.0,0.019867549668874173,ROBUST_MODEL_INLIER,FIT,0.017529586162677153,SYNTHETIC_SOURCE,SYNTHETIC_TARGET
778,147.33584594726562,438.9519348144531,156.29783630371094,432.9512939453125,147.33584594726562,438.9519348144531,156.29783630371094,432.9512939453125,AKAZE:intensity,3.0,0.019867549668874173,ROBUST_MODEL_INLIER,FIT,0.037416333627462064,SYNTHETIC_SOURCE,SYNTHETIC_TARGET
779,164.9468994140625,147.7188262939453,173.91964721679688,141.6959991455078,164.9468994140625,147.7188262939453,173.91964721679688,141.6959991455078,AKAZE:intensity,3.0,0.019867549668874173,ROBUST_MODEL_INLIER,FIT,0.035403350180200126,SYNTHETIC_SOURCE,SYNTHETIC_TARGET
780,390.2026062011719,505.85711669921875,399.24530029296875,499.8494567871094,390.2026062011719,505.85711669921875,399.24530029296875,499.8494567871094,AKAZE:intensity,3.0,0.019867549668874173,ROBUST_MODEL_INLIER,FIT,0.04406436053872881,SYNTHETIC_SOURCE,SYNTHETIC_TARGET
781,82.35291290283203,460.6092224121094,91.34254455566406,454.6248779296875,82.35291290283203,460.6092224121094,91.34254455566406,454.6248779296875,AKAZE:intensity,3.0,0.019867549668874173,ROBUST_MODEL_INLIER,HELD_OUT,0.01803506407167832,SYNTHETIC_SOURCE,SYNTHETIC_TARGET
782,205.77554321289062,60.48139572143555,214.76573181152344,54.483642578125,205.77554321289062,60.48139572143555,214.76573181152344,54.483642578125,AKAZE:intensity,4.0,0.01990049751243781,ROBUST_MODEL_INLIER,FIT,0.009367598682938313,SYNTHETIC_SOURCE,SYNTHETIC_TARGET
783,161.74160766601562,268.00146484375,170.7462921142578,261.9940185546875,161.74160766601562,268.00146484375,170.7462921142578,261.9940185546875,AKAZE:intensity,2.0,0.02,ROBUST_MODEL_INLIER,HELD_OUT,0.009538988993374777,SYNTHETIC_SOURCE,SYNTHETIC_TARGET
784,476.5512390136719,441.05267333984375,485.5279235839844,435.0859069824219,476.5512390136719,441.05267333984375,485.5279235839844,435.0859069824219,AKAZE:intensity,2.0,0.02,ROBUST_MODEL_INLIER,FIT,0.039846947953034215,SYNTHETIC_SOURCE,SYNTHETIC_TARGET
785,238.18264770507812,406.6395263671875,247.16934204101562,400.6468811035156,238.18264770507812,406.6395263671875,247.16934204101562,400.6468811035156,AKAZE:intensity,2.0,0.02,ROBUST_MODEL_INLIER,FIT,0.014433265909438683,SYNTHETIC_SOURCE,SYNTHETIC_TARGET
786,136.49119567871094,394.74298095703125,145.48348999023438,388.7451171875,136.49119567871094,394.74298095703125,145.48348999023438,388.7451171875,AKAZE:intensity,2.0,0.02,ROBUST_MODEL_INLIER,FIT,0.007284198140607976,SYNTHETIC_SOURCE,SYNTHETIC_TARGET
787,145.71774291992188,572.1312866210938,154.71463012695312,566.138427734375,145.71774291992188,572.1312866210938,154.71463012695312,566.138427734375,AKAZE:intensity,2.0,0.02,ROBUST_MODEL_INLIER,FIT,0.007107910173021355,SYNTHETIC_SOURCE,SYNTHETIC_TARGET
788,184.6731414794922,84.07740783691406,193.63449096679688,78.05936431884766,184.6731414794922,84.07740783691406,193.63449096679688,78.05936431884766,AKAZE:intensity,2.0,0.02,ROBUST_MODEL_INLIER,FIT,0.042314080929566386,SYNTHETIC_SOURCE,SYNTHETIC_TARGET
789,376.77410888671875,254.1390380859375,385.7707824707031,248.1214141845703,376.77410888671875,254.1390380859375,385.7707824707031,248.1214141845703,AKAZE:intensity,2.0,0.02,ROBUST_MODEL_INLIER,FIT,0.018314698066631573,SYNTHETIC_SOURCE,SYNTHETIC_TARGET
790,195.95657348632812,256.3347473144531,205.03477478027344,250.394287109375,195.95657348632812,256.3347473144531,205.03477478027344,250.394287109375,AKAZE:intensity,2.0,0.02,ROBUST_MODEL_INLIER,HELD_OUT,0.09848023524844333,SYNTHETIC_SOURCE,SYNTHETIC_TARGET
791,153.70291137695312,214.97535705566406,162.71461486816406,208.98501586914062,153.70291137695312,214.97535705566406,162.71461486816406,208.98501586914062,AKAZE:intensity,3.0,0.02,ROBUST_MODEL_INLIER,FIT,0.015353481206793472,SYNTHETIC_SOURCE,SYNTHETIC_TARGET
792,182.73574829101562,423.3504943847656,191.7438201904297,417.33453369140625,182.73574829101562,423.3504943847656,191.7438201904297,417.33453369140625,AKAZE:intensity,3.0,0.02,ROBUST_MODEL_INLIER,FIT,0.01859973784008484,SYNTHETIC_SOURCE,SYNTHETIC_TARGET
793,44.6616325378418,595.3431396484375,53.6577033996582,589.3396606445312,44.6616325378418,595.3431396484375,53.6577033996582,589.3396606445312,AKAZE:intensity,3.0,0.02,ROBUST_MODEL_INLIER,FIT,0.005172397524103542,SYNTHETIC_SOURCE,SYNTHETIC_TARGET
794,115.04110717773438,221.01170349121094,124.063232421875,215.0189971923828,115.04110717773438,221.01170349121094,124.063232421875,215.0189971923828,AKAZE:intensity,3.0,0.02,ROBUST_MODEL_INLIER,HELD_OUT,0.02373227869988487,SYNTHETIC_SOURCE,SYNTHETIC_TARGET
795,501.8223876953125,141.74551391601562,510.837646484375,135.76466369628906,501.8223876953125,141.74551391601562,510.837646484375,135.76466369628906,AKAZE:intensity,3.0,0.02,ROBUST_MODEL_INLIER,HELD_OUT,0.024496554247032055,SYNTHETIC_SOURCE,SYNTHETIC_TARGET
796,259.7361755371094,395.6049499511719,268.71148681640625,389.5795593261719,259.7361755371094,395.6049499511719,268.71148681640625,389.5795593261719,AKAZE:intensity,3.0,0.020134228187919462,ROBUST_MODEL_INLIER,FIT,0.035348064291676445,SYNTHETIC_SOURCE,SYNTHETIC_TARGET
797,167.6249542236328,77.9566650390625,176.62815856933594,71.95362854003906,167.6249542236328,77.9566650390625,176.62815856933594,71.95362854003906,AKAZE:intensity,3.0,0.020134228187919462,ROBUST_MODEL_INLIER,HELD_OUT,0.005193841661466105,SYNTHETIC_SOURCE,SYNTHETIC_TARGET
798,283.3787841796875,240.26754760742188,292.3643493652344,234.2382049560547,283.3787841796875,240.26754760742188,292.3643493652344,234.2382049560547,AKAZE:intensity,3.0,0.020134228187919462,ROBUST_MODEL_INLIER,FIT,0.03287856923628899,SYNTHETIC_SOURCE,SYNTHETIC_TARGET
799,426.4114685058594,387.9397888183594,435.3809509277344,381.916015625,426.4114685058594,387.9397888183594,435.3809509277344,381.916015625,AKAZE:intensity,4.0,0.020202020202020204,ROBUST_MODEL_INLIER,FIT,0.038510535582903196,SYNTHETIC_SOURCE,SYNTHETIC_TARGET
800,230.60336303710938,338.2806396484375,239.67742919921875,332.275146484375,230.60336303710938,338.2806396484375,239.67742919921875,332.275146484375,AKAZE:intensity,4.0,0.020202020202020204,ROBUST_MODEL_INLIER,FIT,0.07491568181770865,SYNTHETIC_SOURCE,SYNTHETIC_TARGET
801,136.7434844970703,75.42453002929688,145.74530029296875,69.4091567993164,136.7434844970703,75.42453002929688,145.74530029296875,69.4091567993164,AKAZE:intensity,3.0,0.02027027027027027,ROBUST_MODEL_INLIER,HELD_OUT,0.016045987972589902,SYNTHETIC_SOURCE,SYNTHETIC_TARGET
802,125.24418640136719,570.7281494140625,134.31005859375,564.74951171875,125.24418640136719,570.7281494140625,134.31005859375,564.74951171875,AKAZE:intensity,3.0,0.02027027027027027,ROBUST_MODEL_INLIER,FIT,0.06968251935679211,SYNTHETIC_SOURCE,SYNTHETIC_TARGET
803,269.3401184082031,193.65106201171875,278.3742980957031,187.65501403808594,269.3401184082031,193.65106201171875,278.3742980957031,187.65501403808594,AKAZE:intensity,3.0,0.02027027027027027,ROBUST_MODEL_INLIER,HELD_OUT,0.03496204153374222,SYNTHETIC_SOURCE,SYNTHETIC_TARGET
804,190.99876403808594,262.3885192871094,200.01437377929688,256.38873291015625,190.99876403808594,262.3885192871094,200.01437377929688,256.38873291015625,AKAZE:intensity,3.0,0.02027027027027027,ROBUST_MODEL_INLIER,HELD_OUT,0.016222418028995038,SYNTHETIC_SOURCE,SYNTHETIC_TARGET
805,390.27972412109375,200.02439880371094,399.2675476074219,194.02235412597656,390.27972412109375,200.02439880371094,399.2675476074219,194.02235412597656,AKAZE:intensity,3.0,0.02027027027027027,ROBUST_MODEL_INLIER,FIT,0.011840269724836,SYNTHETIC_SOURCE,SYNTHETIC_TARGET
806,368.8047180175781,434.8025817871094,377.8196105957031,428.8011779785156,368.8047180175781,434.8025817871094,377.8196105957031,428.8011779785156,AKAZE:intensity,4.0,0.02030456852791878,ROBUST_MODEL_INLIER,FIT,0.015617965068228023,SYNTHETIC_SOURCE,SYNTHETIC_TARGET
807,470.5067443847656,455.142578125,479.5017395019531,449.1557922363281,470.5067443847656,455.142578125,479.5017395019531,449.1557922363281,AKAZE:intensity,2.0,0.02040816326530612,ROBUST_MODEL_INLIER,FIT,0.013463233492907173,SYNTHETIC_SOURCE,SYNTHETIC_TARGET
808,71.9771728515625,363.65386962890625,80.96873474121094,357.6589050292969,71.9771728515625,363.65386962890625,80.96873474121094,357.6589050292969,AKAZE:intensity,2.0,0.02040816326530612,ROBUST_MODEL_INLIER,FIT,0.009052629459929499,SYNTHETIC_SOURCE,SYNTHETIC_TARGET
809,553.1253662109375,181.77088928222656,562.13818359375,175.79776000976562,553.1253662109375,181.77088928222656,562.13818359375,175.79776000976562,AKAZE:intensity,3.0,0.02040816326530612,ROBUST_MODEL_INLIER,FIT,0.029602998541377937,SYNTHETIC_SOURCE,SYNTHETIC_TARGET
810,527.8001098632812,81.75179290771484,536.792236328125,75.75627899169922,527.8001098632812,81.75179290771484,536.792236328125,75.75627899169922,AKAZE:intensity,3.0,0.02040816326530612,ROBUST_MODEL_INLIER,FIT,0.008290733539289235,SYNTHETIC_SOURCE,SYNTHETIC_TARGET
811,428.17095947265625,341.3042907714844,437.1879577636719,335.3062744140625,428.17095947265625,341.3042907714844,437.1879577636719,335.3062744140625,AKAZE:intensity,3.0,0.02040816326530612,ROBUST_MODEL_INLIER,FIT,0.017672023057528203,SYNTHETIC_SOURCE,SYNTHETIC_TARGET
812,86.12005615234375,435.3623962402344,95.14091491699219,429.34368896484375,86.12005615234375,435.3623962402344,95.14091491699219,429.34368896484375,AKAZE:intensity,4.0,0.020512820512820513,ROBUST_MODEL_INLIER,HELD_OUT,0.028799172655168098,SYNTHETIC_SOURCE,SYNTHETIC_TARGET
813,81.11396026611328,425.80804443359375,90.10887908935547,419.8016052246094,81.11396026611328,425.80804443359375,90.10887908935547,419.8016052246094,AKAZE:intensity,3.0,0.02054794520547945,ROBUST_MODEL_INLIER,FIT,0.008244901386578378,SYNTHETIC_SOURCE,SYNTHETIC_TARGET
814,524.7215576171875,346.1878967285156,533.7359008789062,340.1332702636719,524.7215576171875,346.1878967285156,533.7359008789062,340.1332702636719,AKAZE:intensity,3.0,0.02054794520547945,ROBUST_MODEL_INLIER,FIT,0.05710731815751557,SYNTHETIC_SOURCE,SYNTHETIC_TARGET
815,388.86212158203125,194.15660095214844,397.85888671875,188.14881896972656,388.86212158203125,194.15660095214844,397.85888671875,188.14881896972656,AKAZE:intensity,3.0,0.02054794520547945,ROBUST_MODEL_INLIER,HELD_OUT,0.008676711529386663,SYNTHETIC_SOURCE,SYNTHETIC_TARGET
816,363.1910705566406,157.9126434326172,372.2646179199219,151.92196655273438,363.1910705566406,157.9126434326172,372.2646179199219,151.92196655273438,AKAZE:intensity,2.0,0.020618556701030927,ROBUST_MODEL_INLIER,FIT,0.07468213339652334,SYNTHETIC_SOURCE,SYNTHETIC_TARGET
817,188.3027801513672,435.1768493652344,197.32546997070312,429.15838623046875,188.3027801513672,435.1768493652344,197.32546997070312,429.15838623046875,AKAZE:intensity,3.0,0.020689655172413793,ROBUST_MODEL_INLIER,FIT,0.030034216035942765,SYNTHETIC_SOURCE,SYNTHETIC_TARGET
818,89.06256103515625,566.8973999023438,98.05612182617188,560.9194946289062,89.06256103515625,566.8973999023438,98.05612182617188,560.9194946289062,AKAZE:intensity,3.0,0.020689655172413793,ROBUST_MODEL_INLIER,FIT,0.022378875259641638,SYNTHETIC_SOURCE,SYNTHETIC_TARGET
819,359.4828796386719,493.72265625,368.4732666015625,487.723388671875,359.4828796386719,493.72265625,368.4732666015625,487.723388671875,AKAZE:intensity,1.0,0.020833333333333332,ROBUST_MODEL_INLIER,FIT,0.009005995319823757,SYNTHETIC_SOURCE,SYNTHETIC_TARGET
820,450.8956298828125,566.9459838867188,459.9124450683594,560.9661254882812,450.8956298828125,566.9459838867188,459.9124450683594,560.9661254882812,AKAZE:intensity,2.0,0.020833333333333332,ROBUST_MODEL_INLIER,FIT,0.026265992135381642,SYNTHETIC_SOURCE,SYNTHETIC_TARGET
821,250.5814666748047,449.619873046875,259.5967102050781,443.62567138671875,250.5814666748047,449.619873046875,259.5967102050781,443.62567138671875,AKAZE:intensity,2.0,0.020833333333333332,ROBUST_MODEL_INLIER,HELD_OUT,0.016719518280648136,SYNTHETIC_SOURCE,SYNTHETIC_TARGET
822,369.3507080078125,505.2586975097656,378.3296813964844,499.2541809082031,369.3507080078125,505.2586975097656,378.3296813964844,499.2541809082031,AKAZE:intensity,2.0,0.020833333333333332,ROBUST_MODEL_INLIER,FIT,0.021020763896308244,SYNTHETIC_SOURCE,SYNTHETIC_TARGET
823,252.8770751953125,530.6015014648438,261.865234375,524.59423828125,252.8770751953125,530.6015014648438,261.865234375,524.59423828125,AKAZE:intensity,3.0,0.020833333333333332,ROBUST_MODEL_INLIER,FIT,0.013645828504294591,SYNTHETIC_SOURCE,SYNTHETIC_TARGET
824,456.2539367675781,282.1407470703125,465.3689270019531,276.0973815917969,456.2539367675781,282.1407470703125,465.3689270019531,276.0973815917969,AKAZE:intensity,3.0,0.020833333333333332,ROBUST_MODEL_INLIER,FIT,0.12363918357330929,SYNTHETIC_SOURCE,SYNTHETIC_TARGET
825,491.6003112792969,54.38455581665039,500.5657653808594,48.41318130493164,491.6003112792969,54.38455581665039,500.5657653808594,48.41318130493164,AKAZE:intensity,4.0,0.020833333333333332,ROBUST_MODEL_INLIER,FIT,0.04408314599963059,SYNTHETIC_SOURCE,SYNTHETIC_TARGET
826,512.261474609375,365.7751159667969,521.2489013671875,359.76654052734375,512.261474609375,365.7751159667969,521.2489013671875,359.76654052734375,AKAZE:intensity,3.0,0.02097902097902098,ROBUST_MODEL_INLIER,FIT,0.015008723632939933,SYNTHETIC_SOURCE,SYNTHETIC_TARGET
827,485.7573547363281,243.87261962890625,494.7456970214844,237.87548828125,485.7573547363281,243.87261962890625,494.7456970214844,237.87548828125,AKAZE:intensity,3.0,0.02097902097902098,ROBUST_MODEL_INLIER,FIT,0.011300902707831411,SYNTHETIC_SOURCE,SYNTHETIC_TARGET
828,460.2099304199219,461.31793212890625,469.2547607421875,455.3186950683594,460.2099304199219,461.31793212890625,469.2547607421875,455.3186950683594,AKAZE:intensity,3.0,0.02097902097902098,ROBUST_MODEL_INLIER,HELD_OUT,0.04544150388227251,SYNTHETIC_SOURCE,SYNTHETIC_TARGET
829,149.4452667236328,591.1698608398438,158.44229125976562,585.1581420898438,149.4452667236328,591.1698608398438,158.44229125976562,585.1581420898438,AKAZE:intensity,3.0,0.02097902097902098,ROBUST_MODEL_INLIER,FIT,0.012434040700925053,SYNTHETIC_SOURCE,SYNTHETIC_TARGET
830,501.2200927734375,305.125,510.22271728515625,299.11383056640625,501.2200927734375,305.125,510.22271728515625,299.11383056640625,AKAZE:intensity,3.0,0.02097902097902098,ROBUST_MODEL_INLIER,FIT,0.01209820878587275,SYNTHETIC_SOURCE,SYNTHETIC_TARGET
831,119.40074920654297,492.77294921875,128.33154296875,486.8162536621094,119.40074920654297,492.77294921875,128.33154296875,486.8162536621094,AKAZE:intensity,3.0,0.02097902097902098,ROBUST_MODEL_INLIER,FIT,0.0808617297954953,SYNTHETIC_SOURCE,SYNTHETIC_TARGET
832,226.1886749267578,41.909698486328125,235.17474365234375,35.90594482421875,226.1886749267578,41.909698486328125,235.17474365234375,35.90594482421875,AKAZE:intensity,3.0,0.02097902097902098,ROBUST_MODEL_INLIER,FIT,0.013980023929930366,SYNTHETIC_SOURCE,SYNTHETIC_TARGET
833,256.9812927246094,491.33673095703125,265.96923828125,485.3422546386719,256.9812927246094,491.33673095703125,265.96923828125,485.3422546386719,AKAZE:intensity,2.0,0.021052631578947368,ROBUST_MODEL_INLIER,FIT,0.012502899429700618,SYNTHETIC_SOURCE,SYNTHETIC_TARGET
834,148.29957580566406,42.72793960571289,157.28977966308594,36.74700164794922,148.29957580566406,42.72793960571289,157.28977966308594,36.74700164794922,AKAZE:intensity,2.0,0.021052631578947368,ROBUST_MODEL_INLIER,FIT,0.020721084763109812,SYNTHETIC_SOURCE,SYNTHETIC_TARGET
835,463.01629638671875,359.2313232421875,471.97650146484375,353.2289123535156,463.01629638671875,359.2313232421875,471.97650146484375,353.2289123535156,AKAZE:intensity,4.0,0.021052631578947368,ROBUST_MODEL_INLIER,FIT,0.03929167515913722,SYNTHETIC_SOURCE,SYNTHETIC_TARGET
836,348.7939758300781,535.15087890625,357.8530578613281,529.1585693359375,348.7939758300781,535.15087890625,357.8530578613281,529.1585693359375,AKAZE:intensity,3.0,0.02112676056338028,ROBUST_MODEL_INLIER,FIT,0.060125298402168695,SYNTHETIC_SOURCE,SYNTHETIC_TARGET
837,157.6417236328125,168.1069793701172,166.64181518554688,162.11138916015625,157.6417236328125,168.1069793701172,166.64181518554688,162.11138916015625,AKAZE:intensity,5.0,0.0211864406779661,ROBUST_MODEL_INLIER,FIT,0.003983829919143892,SYNTHETIC_SOURCE,SYNTHETIC_TARGET
838,427.443115234375,519.5556030273438,436.4208984375,513.5422973632812,427.443115234375,519.5556030273438,436.4208984375,513.5422973632812,AKAZE:intensity,1.0,0.02127659574468085,ROBUST_MODEL_INLIER,FIT,0.025634184331206913,SYNTHETIC_SOURCE,SYNTHETIC_TARGET
839,375.37640380859375,278.36212158203125,384.36181640625,272.36798095703125,375.37640380859375,278.36212158203125,384.36181640625,272.36798095703125,AKAZE:intensity,2.0,0.02127659574468085,ROBUST_MODEL_INLIER,HELD_OUT,0.014973529864829145,SYNTHETIC_SOURCE,SYNTHETIC_TARGET
840,426.9408264160156,253.57232666015625,435.9114990234375,247.54855346679688,426.9408264160156,253.57232666015625,435.9114990234375,247.54855346679688,AKAZE:intensity,2.0,0.02127659574468085,ROBUST_MODEL_INLIER,HELD_OUT,0.037593717492613525,SYNTHETIC_SOURCE,SYNTHETIC_TARGET
841,252.52381896972656,133.2616424560547,261.54339599609375,127.23729705810547,252.52381896972656,133.2616424560547,261.54339599609375,127.23729705810547,AKAZE:intensity,2.0,0.02127659574468085,ROBUST_MODEL_INLIER,FIT,0.032003778686988574,SYNTHETIC_SOURCE,SYNTHETIC_TARGET
842,337.5546569824219,485.2626953125,346.5804138183594,479.2532958984375,337.5546569824219,485.2626953125,346.5804138183594,479.2532958984375,AKAZE:intensity,2.0,0.02127659574468085,ROBUST_MODEL_INLIER,FIT,0.0281601685941862,SYNTHETIC_SOURCE,SYNTHETIC_TARGET
843,480.3427429199219,150.99246215820312,489.3851013183594,145.0126953125,480.3427429199219,150.99246215820312,489.3851013183594,145.0126953125,AKAZE:intensity,2.0,0.02127659574468085,ROBUST_MODEL_INLIER,FIT,0.047288196076819326,SYNTHETIC_SOURCE,SYNTHETIC_TARGET
844,482.05633544921875,457.8302917480469,491.03790283203125,451.8040771484375,482.05633544921875,457.8302917480469,491.03790283203125,451.8040771484375,AKAZE:intensity,3.0,0.02127659574468085,ROBUST_MODEL_INLIER,FIT,0.032104158581062865,SYNTHETIC_SOURCE,SYNTHETIC_TARGET
845,143.29295349121094,99.80490112304688,152.2833251953125,93.80183410644531,143.29295349121094,99.80490112304688,152.2833251953125,93.80183410644531,AKAZE:intensity,3.0,0.02127659574468085,ROBUST_MODEL_INLIER,HELD_OUT,0.009693475272542463,SYNTHETIC_SOURCE,SYNTHETIC_TARGET
846,410.6887512207031,291.9784240722656,419.7111511230469,285.9399108886719,410.6887512207031,291.9784240722656,419.7111511230469,285.9399108886719,AKAZE:intensity,3.0,0.02127659574468085,ROBUST_MODEL_INLIER,HELD_OUT,0.04528339701025488,SYNTHETIC_SOURCE,SYNTHETIC_TARGET
847,147.03346252441406,304.7799987792969,155.97238159179688,298.7973937988281,147.03346252441406,304.7799987792969,155.97238159179688,298.7973937988281,AKAZE:intensity,3.0,0.02127659574468085,ROBUST_MODEL_INLIER,FIT,0.06278956101456845,SYNTHETIC_SOURCE,SYNTHETIC_TARGET
848,245.94618225097656,149.59432983398438,254.9188995361328,143.62010192871094,245.94618225097656,149.59432983398438,254.9188995361328,143.62010192871094,AKAZE:intensity,3.0,0.02127659574468085,ROBUST_MODEL_INLIER,FIT,0.03675168277677332,SYNTHETIC_SOURCE,SYNTHETIC_TARGET
849,29.668018341064453,334.896728515625,38.664363861083984,328.9006652832031,29.668018341064453,334.896728515625,38.664363861083984,328.9006652832031,AKAZE:intensity,3.0,0.02127659574468085,ROBUST_MODEL_INLIER,HELD_OUT,0.004599866930722015,SYNTHETIC_SOURCE,SYNTHETIC_TARGET
850,132.6856689453125,176.85556030273438,141.69595336914062,170.87973022460938,132.6856689453125,176.85556030273438,141.69595336914062,170.87973022460938,AKAZE:intensity,4.0,0.0213903743315508,ROBUST_MODEL_INLIER,HELD_OUT,0.026067532171339475,SYNTHETIC_SOURCE,SYNTHETIC_TARGET
851,444.2056579589844,346.837158203125,453.2183532714844,340.75885009765625,444.2056579589844,346.837158203125,453.2183532714844,340.75885009765625,AKAZE:intensity,3.0,0.02142857142857143,ROBUST_MODEL_INLIER,FIT,0.07991189683692226,SYNTHETIC_SOURCE,SYNTHETIC_TARGET
852,395.6706237792969,280.28448486328125,404.68145751953125,274.27801513671875,395.6706237792969,280.28448486328125,404.68145751953125,274.27801513671875,AKAZE:intensity,3.0,0.02142857142857143,ROBUST_MODEL_INLIER,FIT,0.01339332332821517,SYNTHETIC_SOURCE,SYNTHETIC_TARGET
853,203.08465576171875,49.56925964355469,212.114013671875,43.500999450683594,203.08465576171875,49.56925964355469,212.114013671875,43.500999450683594,AKAZE:intensity,3.0,0.02142857142857143,ROBUST_MODEL_INLIER,HELD_OUT,0.07499632927298638,SYNTHETIC_SOURCE,SYNTHETIC_TARGET
854,440.3394775390625,486.7767028808594,449.35003662109375,480.7840270996094,440.3394775390625,486.7767028808594,449.35003662109375,480.7840270996094,AKAZE:intensity,2.0,0.021505376344086023,ROBUST_MODEL_INLIER,FIT,0.013095277328453081,SYNTHETIC_SOURCE,SYNTHETIC_TARGET
855,295.83673095703125,325.0802917480469,304.8832702636719,319.06964111328125,295.83673095703125,325.0802917480469,304.8832702636719,319.06964111328125,AKAZE:intensity,2.0,0.021505376344086023,ROBUST_MODEL_INLIER,FIT,0.04844755637464763,SYNTHETIC_SOURCE,SYNTHETIC_TARGET
856,498.8973388671875,130.26348876953125,507.90814208984375,124.27783203125,498.8973388671875,130.26348876953125,507.90814208984375,124.27783203125,AKAZE:intensity,4.0,0.021505376344086023,ROBUST_MODEL_INLIER,HELD_OUT,0.0179507704635862,SYNTHETIC_SOURCE,SYNTHETIC_TARGET
857,221.2885284423828,285.9413146972656,230.2728271484375,279.8952941894531,221.2885284423828,285.9413146972656,230.2728271484375,279.8952941894531,AKAZE:intensity,3.0,0.02158273381294964,ROBUST_MODEL_INLIER,FIT,0.04889584851561006,SYNTHETIC_SOURCE,SYNTHETIC_TARGET
858,545.9269409179688,107.71343231201172,554.9188232421875,101.72681427001953,545.9269409179688,107.71343231201172,554.9188232421875,101.72681427001953,AKAZE:intensity,3.0,0.02158273381294964,ROBUST_MODEL_INLIER,FIT,0.014920013983250303,SYNTHETIC_SOURCE,SYNTHETIC_TARGET
859,301.1709289550781,45.181915283203125,310.1789855957031,39.18086624145508,301.1709289550781,45.181915283203125,310.1789855957031,39.18086624145508,AKAZE:intensity,3.0,0.02158273381294964,ROBUST_MODEL_INLIER,FIT,0.008802278999129139,SYNTHETIC_SOURCE,SYNTHETIC_TARGET
860,600.6464233398438,200.93312072753906,609.62646484375,194.97219848632812,600.6464233398438,200.93312072753906,609.62646484375,194.97219848632812,AKAZE:intensity,3.0,0.02158273381294964,ROBUST_MODEL_INLIER,FIT,0.04316825770794958,SYNTHETIC_SOURCE,SYNTHETIC_TARGET
861,196.05282592773438,280.9306640625,205.08409118652344,274.9878845214844,196.05282592773438,280.9306640625,205.08409118652344,274.9878845214844,AKAZE:intensity,3.0,0.021739130434782608,ROBUST_MODEL_INLIER,FIT,0.06507376219160341,SYNTHETIC_SOURCE,SYNTHETIC_TARGET
862,137.66085815429688,190.8843231201172,146.63768005371094,184.8807373046875,137.66085815429688,190.8843231201172,146.63768005371094,184.8807373046875,AKAZE:intensity,3.0,0.021739130434782608,ROBUST_MODEL_INLIER,HELD_OUT,0.022932543682293617,SYNTHETIC_SOURCE,SYNTHETIC_TARGET
863,558.1336059570312,98.14177703857422,567.1087036132812,92.17542266845703,558.1336059570312,98.14177703857422,567.1087036132812,92.17542266845703,AKAZE:intensity,3.0,0.021739130434782608,ROBUST_MODEL_INLIER,FIT,0.0411036574138535,SYNTHETIC_SOURCE,SYNTHETIC_TARGET
864,405.20343017578125,447.39910888671875,414.205078125,441.3990783691406,405.20343017578125,447.39910888671875,414.205078125,441.3990783691406,AKAZE:intensity,4.0,0.021739130434782608,ROBUST_MODEL_INLIER,FIT,0.002317126376065456,SYNTHETIC_SOURCE,SYNTHETIC_TARGET
865,513.5755615234375,389.54791259765625,522.5801391601562,383.5351867675781,513.5755615234375,389.54791259765625,522.5801391601562,383.5351867675781,AKAZE:intensity,4.0,0.021739130434782608,ROBUST_MODEL_INLIER,HELD_OUT,0.01419605440249046,SYNTHETIC_SOURCE,SYNTHETIC_TARGET
866,114.31036376953125,92.06712341308594,123.32178497314453,86.07369995117188,114.31036376953125,92.06712341308594,123.32178497314453,86.07369995117188,AKAZE:intensity,4.0,0.02185792349726776,ROBUST_MODEL_INLIER,HELD_OUT,0.013484257163381612,SYNTHETIC_SOURCE,SYNTHETIC_TARGET
867,95.76909637451172,253.32435607910156,104.77042388916016,247.33963012695312,95.76909637451172,253.32435607910156,104.77042388916016,247.33963012695312,AKAZE:intensity,4.0,0.02185792349726776,ROBUST_MODEL_INLIER,FIT,0.014912217120447728,SYNTHETIC_SOURCE,SYNTHETIC_TARGET
868,66.16841125488281,530.3079833984375,75.1621322631836,524.30908203125,66.16841125488281,530.3079833984375,75.1621322631836,524.30908203125,AKAZE:intensity,4.0,0.02185792349726776,ROBUST_MODEL_INLIER,FIT,0.005701404215582768,SYNTHETIC_SOURCE,SYNTHETIC_TARGET
869,138.1947784423828,382.8561706542969,147.19619750976562,376.8164367675781,138.1947784423828,382.8561706542969,147.19619750976562,376.8164367675781,AKAZE:intensity,3.0,0.021897810218978103,ROBUST_MODEL_INLIER,FIT,0.040273332831564014,SYNTHETIC_SOURCE,SYNTHETIC_TARGET
870,596.5597534179688,208.74697875976562,605.5810546875,202.73971557617188,596.5597534179688,208.74697875976562,605.5810546875,202.73971557617188,AKAZE:intensity,3.0,0.021897810218978103,ROBUST_MODEL_INLIER,FIT,0.023242296491094896,SYNTHETIC_SOURCE,SYNTHETIC_TARGET
871,152.41770935058594,530.0694580078125,161.40330505371094,524.0692138671875,152.41770935058594,530.0694580078125,161.40330505371094,524.0692138671875,AKAZE:intensity,3.0,0.021897810218978103,ROBUST_MODEL_INLIER,FIT,0.013813376454988086,SYNTHETIC_SOURCE,SYNTHETIC_TARGET
872,246.37550354003906,203.81716918945312,255.41026306152344,197.80894470214844,246.37550354003906,203.81716918945312,255.41026306152344,197.80894470214844,AKAZE:intensity,3.0,0.021897810218978103,ROBUST_MODEL_INLIER,FIT,0.036427191152209444,SYNTHETIC_SOURCE,SYNTHETIC_TARGET
873,36.195133209228516,110.88055419921875,45.17955780029297,104.87967681884766,36.195133209228516,110.88055419921875,45.17955780029297,104.87967681884766,AKAZE:intensity,5.0,0.021929824561403508,ROBUST_MODEL_INLIER,FIT,0.015027241058887458,SYNTHETIC_SOURCE,SYNTHETIC_TARGET
874,336.8568420410156,69.20050048828125,345.8810119628906,63.17823791503906,336.8568420410156,69.20050048828125,345.8810119628906,63.17823791503906,AKAZE:intensity,2.0,0.02197802197802198,ROBUST_MODEL_INLIER,FIT,0.033640204098101964,SYNTHETIC_SOURCE,SYNTHETIC_TARGET
875,271.9505310058594,231.15170288085938,280.9728088378906,225.13284301757812,271.9505310058594,231.15170288085938,280.9728088378906,225.13284301757812,AKAZE:intensity,3.0,0.022058823529411766,ROBUST_MODEL_INLIER,HELD_OUT,0.02997031272815394,SYNTHETIC_SOURCE,SYNTHETIC_TARGET
876,561.03369140625,134.74269104003906,570.0285034179688,128.7352294921875,561.03369140625,134.74269104003906,570.0285034179688,128.7352294921875,AKAZE:intensity,3.0,0.022058823529411766,ROBUST_MODEL_INLIER,FIT,0.009173578400651422,SYNTHETIC_SOURCE,SYNTHETIC_TARGET
877,97.03880310058594,371.1619567871094,106.00957489013672,365.14752197265625,97.03880310058594,371.1619567871094,106.00957489013672,365.14752197265625,AKAZE:intensity,3.0,0.022058823529411766,ROBUST_MODEL_INLIER,FIT,0.032275077577362615,SYNTHETIC_SOURCE,SYNTHETIC_TARGET
878,164.1533660888672,204.2942352294922,173.17286682128906,198.300537109375,164.1533660888672,204.2942352294922,173.17286682128906,198.300537109375,AKAZE:intensity,3.0,0.022058823529411766,ROBUST_MODEL_INLIER,FIT,0.020934508068976065,SYNTHETIC_SOURCE,SYNTHETIC_TARGET
879,59.69709777832031,167.341796875,68.6820068359375,161.33114624023438,59.69709777832031,167.341796875,68.6820068359375,161.33114624023438,AKAZE:intensity,4.0,0.022099447513812154,ROBUST_MODEL_INLIER,FIT,0.01826918061951509,SYNTHETIC_SOURCE,SYNTHETIC_TARGET
880,423.52386474609375,296.4388732910156,432.5182189941406,290.45123291015625,423.52386474609375,296.4388732910156,432.5182189941406,290.45123291015625,AKAZE:intensity,4.0,0.022099447513812154,ROBUST_MODEL_INLIER,FIT,0.012895112268115204,SYNTHETIC_SOURCE,SYNTHETIC_TARGET
881,117.40557861328125,100.4070816040039,126.38208770751953,94.36286926269531,117.40557861328125,100.4070816040039,126.38208770751953,94.36286926269531,AKAZE:intensity,4.0,0.022099447513812154,ROBUST_MODEL_INLIER,HELD_OUT,0.05021618680853065,SYNTHETIC_SOURCE,SYNTHETIC_TARGET
882,350.7139587402344,498.3565673828125,359.7391662597656,492.36163330078125,350.7139587402344,498.3565673828125,359.7391662597656,492.36163330078125,AKAZE:intensity,1.0,0.022222222222222223,ROBUST_MODEL_INLIER,HELD_OUT,0.026220549684214098,SYNTHETIC_SOURCE,SYNTHETIC_TARGET
883,346.37786865234375,215.65884399414062,355.3744201660156,209.6097412109375,346.37786865234375,215.65884399414062,355.3744201660156,209.6097412109375,AKAZE:intensity,2.0,0.022222222222222223,ROBUST_MODEL_INLIER,FIT,0.04967221237816821,SYNTHETIC_SOURCE,SYNTHETIC_TARGET
884,577.5917358398438,252.43695068359375,586.5779418945312,246.4505615234375,577.5917358398438,252.43695068359375,586.5779418945312,246.4505615234375,AKAZE:intensity,3.0,0.022222222222222223,ROBUST_MODEL_INLIER,FIT,0.018601308776842587,SYNTHETIC_SOURCE,SYNTHETIC_TARGET
885,473.0464782714844,400.1258544921875,481.9351501464844,394.15533447265625,473.0464782714844,400.1258544921875,481.9351501464844,394.15533447265625,AKAZE:intensity,4.0,0.022222222222222223,ROBUST_MODEL_INLIER,FIT,0.11445061807848855,SYNTHETIC_SOURCE,SYNTHETIC_TARGET
886,295.6428527832031,467.0956115722656,304.66265869140625,461.08892822265625,295.6428527832031,467.0956115722656,304.66265869140625,461.08892822265625,AKAZE:intensity,4.0,0.0223463687150838,ROBUST_MODEL_INLIER,FIT,0.02163922253688006,SYNTHETIC_SOURCE,SYNTHETIC_TARGET
887,60.35546875,581.4517822265625,69.37169647216797,575.4766235351562,60.35546875,581.4517822265625,69.37169647216797,575.4766235351562,AKAZE:intensity,2.0,0.02247191011235955,ROBUST_MODEL_INLIER,FIT,0.029607273899468302,SYNTHETIC_SOURCE,SYNTHETIC_TARGET
888,185.73712158203125,592.41357421875,194.7421875,586.3787841796875,185.73712158203125,592.41357421875,194.7421875,586.3787841796875,AKAZE:intensity,2.0,0.02247191011235955,ROBUST_MODEL_INLIER,FIT,0.035732057313604924,SYNTHETIC_SOURCE,SYNTHETIC_TARGET
889,270.917236328125,261.0939025878906,279.93035888671875,255.1121826171875,270.917236328125,261.0939025878906,279.93035888671875,255.1121826171875,AKAZE:intensity,2.0,0.02247191011235955,ROBUST_MODEL_INLIER,FIT,0.022475300218753803,SYNTHETIC_SOURCE,SYNTHETIC_TARGET
890,525.9074096679688,406.5665588378906,534.9049072265625,400.567626953125,525.9074096679688,406.5665588378906,534.9049072265625,400.567626953125,AKAZE:intensity,3.0,0.022556390977443608,ROBUST_MODEL_INLIER,HELD_OUT,0.0019789419966886566,SYNTHETIC_SOURCE,SYNTHETIC_TARGET
891,93.72246551513672,70.29707336425781,102.78548431396484,64.28678894042969,93.72246551513672,70.29707336425781,102.78548431396484,64.28678894042969,AKAZE:intensity,4.0,0.022598870056497175,ROBUST_MODEL_INLIER,FIT,0.06453464150464489,SYNTHETIC_SOURCE,SYNTHETIC_TARGET
892,300.89276123046875,468.10772705078125,309.916015625,462.11285400390625,300.89276123046875,468.10772705078125,309.916015625,462.11285400390625,AKAZE:intensity,3.0,0.022727272727272728,ROBUST_MODEL_INLIER,FIT,0.02431138381259018,SYNTHETIC_SOURCE,SYNTHETIC_TARGET
893,153.1110382080078,44.669593811035156,162.0880584716797,38.703426361083984,153.1110382080078,44.669593811035156,162.0880584716797,38.703426361083984,AKAZE:intensity,3.0,0.022727272727272728,ROBUST_MODEL_INLIER,FIT,0.04015257945040491,SYNTHETIC_SOURCE,SYNTHETIC_TARGET
894,159.5557861328125,329.7197265625,168.52737426757812,323.7184143066406,159.5557861328125,329.7197265625,168.52737426757812,323.7184143066406,AKAZE:intensity,3.0,0.022727272727272728,ROBUST_MODEL_INLIER,FIT,0.027859757650232513,SYNTHETIC_SOURCE,SYNTHETIC_TARGET
895,493.1195373535156,503.7124328613281,502.115234375,497.743896484375,493.1195373535156,503.7124328613281,502.115234375,497.743896484375,AKAZE:intensity,3.0,0.022727272727272728,ROBUST_MODEL_INLIER,HELD_OUT,0.031194667705365553,SYNTHETIC_SOURCE,SYNTHETIC_TARGET
896,344.9183654785156,557.3780517578125,353.9331359863281,551.37353515625,344.9183654785156,557.3780517578125,353.9331359863281,551.37353515625,AKAZE:intensity,4.0,0.022727272727272728,ROBUST_MODEL_INLIER,FIT,0.016174661884576856,SYNTHETIC_SOURCE,SYNTHETIC_TARGET
897,119.33147430419922,580.834716796875,128.36141967773438,574.8195190429688,119.33147430419922,580.834716796875,128.36141967773438,574.8195190429688,AKAZE:intensity,4.0,0.022727272727272728,ROBUST_MODEL_INLIER,FIT,0.034346819869773254,SYNTHETIC_SOURCE,SYNTHETIC_TARGET
898,177.53189086914062,405.61431884765625,186.565673828125,399.6356506347656,177.53189086914062,405.61431884765625,186.565673828125,399.6356506347656,AKAZE:intensity,4.0,0.022727272727272728,ROBUST_MODEL_INLIER,FIT,0.04021630946374347,SYNTHETIC_SOURCE,SYNTHETIC_TARGET
899,35.673561096191406,311.4576721191406,44.69923400878906,305.471435546875,35.673561096191406,311.4576721191406,44.69923400878906,305.471435546875,AKAZE:intensity,5.0,0.022727272727272728,ROBUST_MODEL_INLIER,FIT,0.029445534281010557,SYNTHETIC_SOURCE,SYNTHETIC_TARGET
900,495.0738525390625,72.7978286743164,504.09027099609375,66.77462768554688,495.0738525390625,72.7978286743164,504.09027099609375,66.77462768554688,AKAZE:intensity,4.0,0.022857142857142857,ROBUST_MODEL_INLIER,FIT,0.029174677996180797,SYNTHETIC_SOURCE,SYNTHETIC_TARGET
901,234.25465393066406,603.9498291015625,243.28775024414062,597.9854125976562,234.25465393066406,603.9498291015625,243.28775024414062,597.9854125976562,AKAZE:intensity,4.0,0.022857142857142857,ROBUST_MODEL_INLIER,FIT,0.04866018262383043,SYNTHETIC_SOURCE,SYNTHETIC_TARGET
902,113.81778717041016,575.9891357421875,122.77743530273438,570.0009765625,113.81778717041016,575.9891357421875,122.77743530273438,570.0009765625,AKAZE:intensity,3.0,0.022900763358778626,ROBUST_MODEL_INLIER,HELD_OUT,0.041331201847366855,SYNTHETIC_SOURCE,SYNTHETIC_TARGET
903,194.7852020263672,593.6787109375,203.798583984375,587.692626953125,194.7852020263672,593.6787109375,203.798583984375,587.692626953125,AKAZE:intensity,2.0,0.022988505747126436,ROBUST_MODEL_INLIER,FIT,0.01939300847101902,SYNTHETIC_SOURCE,SYNTHETIC_TARGET
904,75.55148315429688,415.8073425292969,84.54469299316406,409.7960510253906,75.55148315429688,415.8073425292969,84.54469299316406,409.7960510253906,AKAZE:intensity,2.0,0.022988505747126436,ROBUST_MODEL_INLIER,FIT,0.013302382668256608,SYNTHETIC_SOURCE,SYNTHETIC_TARGET
905,151.94850158691406,96.19413757324219,161.01393127441406,90.21884155273438,151.94850158691406,96.19413757324219,161.01393127441406,90.21884155273438,AKAZE:intensity,3.0,0.023076923076923078,ROBUST_MODEL_INLIER,FIT,0.07033979528498223,SYNTHETIC_SOURCE,SYNTHETIC_TARGET
906,34.865631103515625,215.74440002441406,43.8743896484375,209.73779296875,34.865631103515625,215.74440002441406,43.8743896484375,209.73779296875,AKAZE:intensity,3.0,0.023076923076923078,ROBUST_MODEL_INLIER,HELD_OUT,0.011752447713518754,SYNTHETIC_SOURCE,SYNTHETIC_TARGET
907,124.89495849609375,373.4461669921875,133.9267578125,367.456787109375,124.89495849609375,373.4461669921875,133.9267578125,367.456787109375,AKAZE:intensity,4.0,0.023121387283236993,ROBUST_MODEL_INLIER,FIT,0.0339564526608572,SYNTHETIC_SOURCE,SYNTHETIC_TARGET
908,459.9836730957031,245.73355102539062,468.9510803222656,239.70571899414062,459.9836730957031,245.73355102539062,468.9510803222656,239.70571899414062,AKAZE:intensity,4.0,0.023121387283236993,ROBUST_MODEL_INLIER,FIT,0.04271902865337805,SYNTHETIC_SOURCE,SYNTHETIC_TARGET
909,513.438720703125,463.5663757324219,522.4697265625,457.540283203125,513.438720703125,463.5663757324219,522.4697265625,457.540283203125,AKAZE:intensity,3.0,0.023255813953488372,ROBUST_MODEL_INLIER,FIT,0.04130525733333901,SYNTHETIC_SOURCE,SYNTHETIC_TARGET
910,176.67019653320312,357.44964599609375,185.66590881347656,351.43865966796875,176.67019653320312,357.44964599609375,185.66590881347656,351.43865966796875,AKAZE:intensity,3.0,0.023255813953488372,ROBUST_MODEL_INLIER,FIT,0.012049468740276407,SYNTHETIC_SOURCE,SYNTHETIC_TARGET
911,380.0211181640625,192.68272399902344,389.0183410644531,186.65838623046875,380.0211181640625,192.68272399902344,389.0183410644531,186.65838623046875,AKAZE:intensity,3.0,0.023255813953488372,ROBUST_MODEL_INLIER,HELD_OUT,0.024920424274146313,SYNTHETIC_SOURCE,SYNTHETIC_TARGET
912,221.8751220703125,283.26312255859375,230.8432159423828,277.2236328125,221.8751220703125,283.26312255859375,230.8432159423828,277.2236328125,AKAZE:intensity,3.0,0.023255813953488372,ROBUST_MODEL_INLIER,HELD_OUT,0.050770742448014626,SYNTHETIC_SOURCE,SYNTHETIC_TARGET
913,566.6561279296875,537.17626953125,575.6610717773438,531.1862182617188,566.6561279296875,537.17626953125,575.6610717773438,531.1862182617188,AKAZE:intensity,4.0,0.023255813953488372,ROBUST_MODEL_INLIER,FIT,0.010970379591523284,SYNTHETIC_SOURCE,SYNTHETIC_TARGET
914,511.0001525878906,267.70343017578125,520.004638671875,261.6917419433594,511.0001525878906,267.70343017578125,520.004638671875,261.6917419433594,AKAZE:intensity,4.0,0.023255813953488372,ROBUST_MODEL_INLIER,HELD_OUT,0.0132000432001115,SYNTHETIC_SOURCE,SYNTHETIC_TARGET
915,148.81626892089844,416.4229431152344,157.82688903808594,410.4554138183594,148.81626892089844,416.4229431152344,157.82688903808594,410.4554138183594,AKAZE:intensity,4.0,0.023391812865497075,ROBUST_MODEL_INLIER,FIT,0.033896883888275116,SYNTHETIC_SOURCE,SYNTHETIC_TARGET
916,71.54717254638672,402.4022521972656,80.55682373046875,396.4150695800781,71.54717254638672,402.4022521972656,80.55682373046875,396.4150695800781,AKAZE:intensity,4.0,0.023391812865497075,ROBUST_MODEL_INLIER,FIT,0.016040756189233264,SYNTHETIC_SOURCE,SYNTHETIC_TARGET
917,146.29754638671875,408.74725341796875,155.27455139160156,402.7406311035156,146.29754638671875,408.74725341796875,155.27455139160156,402.7406311035156,AKAZE:intensity,4.0,0.023391812865497075,ROBUST_MODEL_INLIER,HELD_OUT,0.023486865229819673,SYNTHETIC_SOURCE,SYNTHETIC_TARGET
918,543.5450439453125,136.89772033691406,552.5328979492188,130.89991760253906,543.5450439453125,136.89772033691406,552.5328979492188,130.89991760253906,AKAZE:intensity,3.0,0.0234375,ROBUST_MODEL_INLIER,FIT,0.011661548882775057,SYNTHETIC_SOURCE,SYNTHETIC_TARGET
919,164.39242553710938,83.17424774169922,173.3786163330078,77.18504333496094,164.39242553710938,83.17424774169922,173.3786163330078,77.18504333496094,AKAZE:intensity,3.0,0.0234375,ROBUST_MODEL_INLIER,FIT,0.016746653076207145,SYNTHETIC_SOURCE,SYNTHETIC_TARGET
920,496.34344482421875,439.1197814941406,505.3410339355469,433.1634826660156,496.34344482421875,439.1197814941406,505.3410339355469,433.1634826660156,AKAZE:intensity,3.0,0.0234375,ROBUST_MODEL_INLIER,HELD_OUT,0.04325038554799771,SYNTHETIC_SOURCE,SYNTHETIC_TARGET
921,476.97955322265625,251.21131896972656,485.97900390625,245.22470092773438,476.97955322265625,251.21131896972656,485.97900390625,245.22470092773438,AKAZE:intensity,3.0,0.0234375,ROBUST_MODEL_INLIER,FIT,0.01289382121891151,SYNTHETIC_SOURCE,SYNTHETIC_TARGET
922,380.6373291015625,582.6337280273438,389.63800048828125,576.6340942382812,380.6373291015625,582.6337280273438,389.63800048828125,576.6340942382812,AKAZE:intensity,4.0,0.023529411764705882,ROBUST_MODEL_INLIER,HELD_OUT,0.0012875380315996697,SYNTHETIC_SOURCE,SYNTHETIC_TARGET
923,100.25662994384766,323.24078369140625,109.27679443359375,317.23834228515625,100.25662994384766,323.24078369140625,109.27679443359375,317.23834228515625,AKAZE:intensity,4.0,0.023529411764705882,ROBUST_MODEL_INLIER,FIT,0.020980398000155037,SYNTHETIC_SOURCE,SYNTHETIC_TARGET
924,181.62667846679688,333.0907897949219,190.618408203125,327.1286926269531,181.62667846679688,333.0907897949219,190.618408203125,327.1286926269531,AKAZE:intensity,4.0,0.023529411764705882,ROBUST_MODEL_INLIER,FIT,0.03819061224549935,SYNTHETIC_SOURCE,SYNTHETIC_TARGET
925,463.3027038574219,123.28314208984375,472.3144226074219,117.27652740478516,463.3027038574219,123.28314208984375,472.3144226074219,117.27652740478516,AKAZE:intensity,5.0,0.02358490566037736,ROBUST_MODEL_INLIER,HELD_OUT,0.014228804437459174,SYNTHETIC_SOURCE,SYNTHETIC_TARGET
926,554.1505126953125,133.4226837158203,563.1309814453125,127.40812683105469,554.1505126953125,133.4226837158203,563.1309814453125,127.40812683105469,AKAZE:intensity,3.0,0.023622047244094488,ROBUST_MODEL_INLIER,FIT,0.0241734858495813,SYNTHETIC_SOURCE,SYNTHETIC_TARGET
927,107.7743911743164,36.01628112792969,116.82465362548828,30.033138275146484,107.7743911743164,36.01628112792969,116.82465362548828,30.033138275146484,AKAZE:intensity,3.0,0.023622047244094488,ROBUST_MODEL_INLIER,FIT,0.0534413868746835,SYNTHETIC_SOURCE,SYNTHETIC_TARGET
928,383.9537048339844,122.471435546875,392.97735595703125,116.47345733642578,383.9537048339844,122.471435546875,392.97735595703125,116.47345733642578,AKAZE:intensity,4.0,0.023668639053254437,ROBUST_MODEL_INLIER,FIT,0.02430989094854012,SYNTHETIC_SOURCE,SYNTHETIC_TARGET
929,426.423828125,263.6986999511719,435.4254150390625,257.7203674316406,426.423828125,263.6986999511719,435.4254150390625,257.7203674316406,AKAZE:intensity,2.0,0.023809523809523808,ROBUST_MODEL_INLIER,FIT,0.021292873356461482,SYNTHETIC_SOURCE,SYNTHETIC_TARGET
930,573.6719970703125,153.79049682617188,582.6646118164062,147.7860565185547,573.6719970703125,153.79049682617188,582.6646118164062,147.7860565185547,AKAZE:intensity,2.0,0.023809523809523808,ROBUST_MODEL_INLIER,HELD_OUT,0.008377964549287244,SYNTHETIC_SOURCE,SYNTHETIC_TARGET
931,352.43670654296875,412.04437255859375,361.44586181640625,406.0180358886719,352.43670654296875,412.04437255859375,361.44586181640625,406.0180358886719,AKAZE:intensity,2.0,0.023809523809523808,ROBUST_MODEL_INLIER,HELD_OUT,0.028547249202227926,SYNTHETIC_SOURCE,SYNTHETIC_TARGET
932,518.2568359375,425.38671875,527.252197265625,419.3974914550781,518.2568359375,425.38671875,527.252197265625,419.3974914550781,AKAZE:intensity,3.0,0.023809523809523808,ROBUST_MODEL_INLIER,FIT,0.011045213353150105,SYNTHETIC_SOURCE,SYNTHETIC_TARGET
933,156.07508850097656,517.939453125,165.08642578125,511.89111328125,156.07508850097656,517.939453125,165.08642578125,511.89111328125,AKAZE:intensity,3.0,0.023809523809523808,ROBUST_MODEL_INLIER,FIT,0.050268595539389525,SYNTHETIC_SOURCE,SYNTHETIC_TARGET
934,184.0066680908203,335.7725830078125,193.02674865722656,329.77838134765625,184.0066680908203,335.7725830078125,193.02674865722656,329.77838134765625,AKAZE:intensity,3.0,0.023809523809523808,ROBUST_MODEL_INLIER,FIT,0.021361432738901197,SYNTHETIC_SOURCE,SYNTHETIC_TARGET
935,575.2003784179688,142.33474731445312,584.2343139648438,136.37335205078125,575.2003784179688,142.33474731445312,584.2343139648438,136.37335205078125,AKAZE:intensity,3.0,0.023809523809523808,ROBUST_MODEL_INLIER,FIT,0.051442037737406805,SYNTHETIC_SOURCE,SYNTHETIC_TARGET
936,72.27881622314453,456.45867919921875,81.28263092041016,450.4660339355469,72.27881622314453,456.45867919921875,81.28263092041016,450.4660339355469,AKAZE:intensity,3.0,0.023809523809523808,ROBUST_MODEL_INLIER,FIT,0.008168798104445906,SYNTHETIC_SOURCE,SYNTHETIC_TARGET
937,217.84744262695312,314.3204040527344,226.8289031982422,308.3245849609375,217.84744262695312,314.3204040527344,226.8289031982422,308.3245849609375,AKAZE:intensity,4.0,0.023809523809523808,ROBUST_MODEL_INLIER,HELD_OUT,0.018305389949672447,SYNTHETIC_SOURCE,SYNTHETIC_TARGET
938,245.7024688720703,243.1207733154297,254.648681640625,237.21115112304688,245.7024688720703,243.1207733154297,254.648681640625,237.21115112304688,AKAZE:intensity,4.0,0.023809523809523808,ROBUST_MODEL_INLIER,FIT,0.10444092830202327,SYNTHETIC_SOURCE,SYNTHETIC_TARGET
939,191.41456604003906,114.24127197265625,200.39306640625,108.27485656738281,191.41456604003906,114.24127197265625,200.39306640625,108.27485656738281,AKAZE:intensity,3.0,0.024,ROBUST_MODEL_INLIER,HELD_OUT,0.039137297782037436,SYNTHETIC_SOURCE,SYNTHETIC_TARGET
940,469.7422790527344,472.6209411621094,478.7594299316406,466.5824279785156,469.7422790527344,472.6209411621094,478.7594299316406,466.5824279785156,AKAZE:intensity,3.0,0.024,ROBUST_MODEL_INLIER,FIT,0.04285528634512107,SYNTHETIC_SOURCE,SYNTHETIC_TARGET
941,253.2957305908203,472.4716796875,262.29833984375,466.46380615234375,253.2957305908203,472.4716796875,262.29833984375,466.46380615234375,AKAZE:intensity,3.0,0.024,ROBUST_MODEL_INLIER,FIT,0.008960235861736318,SYNTHETIC_SOURCE,SYNTHETIC_TARGET
942,252.92642211914062,473.157958984375,261.935302734375,467.1492919921875,252.92642211914062,473.157958984375,261.935302734375,467.1492919921875,AKAZE:intensity,3.0,0.024,ROBUST_MODEL_INLIER,FIT,0.01318701946820345,SYNTHETIC_SOURCE,SYNTHETIC_TARGET
943,255.63768005371094,174.68577575683594,264.6690979003906,168.65606689453125,255.63768005371094,174.68577575683594,264.6690979003906,168.65606689453125,AKAZE:intensity,3.0,0.024,ROBUST_MODEL_INLIER,HELD_OUT,0.044019006820954824,SYNTHETIC_SOURCE,SYNTHETIC_TARGET
944,279.2271423339844,105.85493469238281,288.19757080078125,99.85275268554688,279.2271423339844,105.85493469238281,288.19757080078125,99.85275268554688,AKAZE:intensity,5.0,0.02403846153846154,ROBUST_MODEL_INLIER,HELD_OUT,0.029084024489110415,SYNTHETIC_SOURCE,SYNTHETIC_TARGET
945,132.9930419921875,500.8687744140625,142.00222778320312,494.86724853515625,132.9930419921875,500.8687744140625,142.00222778320312,494.86724853515625,AKAZE:intensity,4.0,0.024096385542168676,ROBUST_MODEL_INLIER,FIT,0.010001062470856711,SYNTHETIC_SOURCE,SYNTHETIC_TARGET
946,135.2077178955078,497.4270935058594,144.16702270507812,491.4557800292969,135.2077178955078,497.4270935058594,144.16702270507812,491.4557800292969,AKAZE:intensity,4.0,0.024096385542168676,ROBUST_MODEL_INLIER,FIT,0.04900954161664125,SYNTHETIC_SOURCE,SYNTHETIC_TARGET
947,488.8603210449219,135.7662353515625,497.84967041015625,129.78941345214844,488.8603210449219,135.7662353515625,497.84967041015625,129.78941345214844,AKAZE:intensity,3.0,0.024193548387096774,ROBUST_MODEL_INLIER,FIT,0.024811996862333294,SYNTHETIC_SOURCE,SYNTHETIC_TARGET
948,173.78273010253906,229.60903930664062,182.7657470703125,223.5980682373047,173.78273010253906,229.60903930664062,182.7657470703125,223.5980682373047,AKAZE:intensity,3.0,0.024193548387096774,ROBUST_MODEL_INLIER,FIT,0.019984528715453666,SYNTHETIC_SOURCE,SYNTHETIC_TARGET
949,558.693359375,449.86163330078125,567.7175903320312,443.85894775390625,558.693359375,449.86163330078125,567.7175903320312,443.85894775390625,AKAZE:intensity,4.0,0.024242424242424242,ROBUST_MODEL_INLIER,FIT,0.02504323856087624,SYNTHETIC_SOURCE,SYNTHETIC_TARGET
950,293.6715393066406,102.70521545410156,302.6746826171875,96.67953491210938,293.6715393066406,102.70521545410156,302.6746826171875,96.67953491210938,AKAZE:intensity,4.0,0.024242424242424242,ROBUST_MODEL_INLIER,FIT,0.026436665620161146,SYNTHETIC_SOURCE,SYNTHETIC_TARGET
951,598.1777954101562,410.1064147949219,607.1765747070312,404.0882568359375,598.1777954101562,410.1064147949219,607.1765747070312,404.0882568359375,AKAZE:intensity,5.0,0.024271844660194174,ROBUST_MODEL_INLIER,FIT,0.01865622694726539,SYNTHETIC_SOURCE,SYNTHETIC_TARGET
952,400.95574951171875,582.7359008789062,409.9374694824219,576.7407836914062,400.95574951171875,582.7359008789062,409.9374694824219,576.7407836914062,AKAZE:intensity,5.0,0.024271844660194174,ROBUST_MODEL_INLIER,HELD_OUT,0.018207949256956266,SYNTHETIC_SOURCE,SYNTHETIC_TARGET
953,579.9962158203125,235.98971557617188,589.01708984375,229.94920349121094,579.9962158203125,235.98971557617188,589.01708984375,229.94920349121094,AKAZE:intensity,3.0,0.024390243902439025,ROBUST_MODEL_INLIER,HELD_OUT,0.04628831816529534,SYNTHETIC_SOURCE,SYNTHETIC_TARGET
954,139.4402313232422,495.0672607421875,148.430908203125,489.0431213378906,139.4402313232422,495.0672607421875,148.430908203125,489.0431213378906,AKAZE:intensity,4.0,0.024390243902439025,ROBUST_MODEL_INLIER,FIT,0.026123461318962062,SYNTHETIC_SOURCE,SYNTHETIC_TARGET
955,92.11228942871094,116.8365707397461,101.10627746582031,110.82453918457031,92.11228942871094,116.8365707397461,101.10627746582031,110.82453918457031,AKAZE:intensity,5.0,0.024390243902439025,ROBUST_MODEL_INLIER,FIT,0.013635384448868589,SYNTHETIC_SOURCE,SYNTHETIC_TARGET
956,309.0684814453125,530.733154296875,318.077880859375,524.73974609375,309.0684814453125,530.733154296875,318.077880859375,524.73974609375,AKAZE:intensity,5.0,0.024509803921568627,ROBUST_MODEL_INLIER,FIT,0.011723835159709931,SYNTHETIC_SOURCE,SYNTHETIC_TARGET
957,503.08123779296875,573.3216552734375,512.0916748046875,567.3496704101562,503.08123779296875,573.3216552734375,512.0916748046875,567.3496704101562,AKAZE:intensity,5.0,0.024509803921568627,ROBUST_MODEL_INLIER,FIT,0.02966095088606167,SYNTHETIC_SOURCE,SYNTHETIC_TARGET
958,317.8385925292969,550.8228759765625,326.83319091796875,544.8126220703125,317.8385925292969,550.8228759765625,326.83319091796875,544.8126220703125,AKAZE:intensity,5.0,0.024509803921568627,ROBUST_MODEL_INLIER,FIT,0.011762260090086988,SYNTHETIC_SOURCE,SYNTHETIC_TARGET
959,49.75313186645508,340.68243408203125,58.75979995727539,334.69476318359375,49.75313186645508,340.68243408203125,58.75979995727539,334.69476318359375,AKAZE:intensity,4.0,0.024539877300613498,ROBUST_MODEL_INLIER,FIT,0.013898947772865178,SYNTHETIC_SOURCE,SYNTHETIC_TARGET
960,534.3013305664062,355.04266357421875,543.3206176757812,348.98876953125,534.3013305664062,355.04266357421875,543.3206176757812,348.98876953125,AKAZE:intensity,3.0,0.02459016393442623,ROBUST_MODEL_INLIER,HELD_OUT,0.05790808353928302,SYNTHETIC_SOURCE,SYNTHETIC_TARGET
961,544.3659057617188,348.0967102050781,553.3565063476562,342.0888977050781,544.3659057617188,348.0967102050781,553.3565063476562,342.0888977050781,AKAZE:intensity,3.0,0.02459016393442623,ROBUST_MODEL_INLIER,HELD_OUT,0.012089275784316355,SYNTHETIC_SOURCE,SYNTHETIC_TARGET
962,204.2642059326172,55.898502349853516,213.26451110839844,49.8956298828125,204.2642059326172,55.898502349853516,213.26451110839844,49.8956298828125,AKAZE:intensity,3.0,0.02459016393442623,ROBUST_MODEL_INLIER,FIT,0.003483219687691027,SYNTHETIC_SOURCE,SYNTHETIC_TARGET
963,175.25546264648438,366.28271484375,184.2829132080078,360.2582702636719,175.25546264648438,366.28271484375,184.2829132080078,360.2582702636719,AKAZE:intensity,4.0,0.024691358024691357,ROBUST_MODEL_INLIER,FIT,0.037537480166149266,SYNTHETIC_SOURCE,SYNTHETIC_TARGET
964,362.8975524902344,295.4375305175781,371.86944580078125,289.46478271484375,362.8975524902344,295.4375305175781,371.86944580078125,289.46478271484375,AKAZE:intensity,3.0,0.024793388429752067,ROBUST_MODEL_INLIER,HELD_OUT,0.03837128871808775,SYNTHETIC_SOURCE,SYNTHETIC_TARGET
965,247.2005615234375,423.1050109863281,256.2433776855469,417.09515380859375,247.2005615234375,423.1050109863281,256.2433776855469,417.09515380859375,AKAZE:intensity,5.0,0.024875621890547265,ROBUST_MODEL_INLIER,HELD_OUT,0.044641803405450944,SYNTHETIC_SOURCE,SYNTHETIC_TARGET
966,425.5635986328125,247.86375427246094,434.55718994140625,241.94857788085938,425.5635986328125,247.86375427246094,434.55718994140625,241.94857788085938,AKAZE:intensity,2.0,0.025,ROBUST_MODEL_INLIER,HELD_OUT,0.08453441991388833,SYNTHETIC_SOURCE,SYNTHETIC_TARGET
967,73.97030639648438,576.012939453125,82.94140625,570.0580444335938,73.97030639648438,576.012939453125,82.94140625,570.0580444335938,AKAZE:intensity,3.0,0.025,ROBUST_MODEL_INLIER,HELD_OUT,0.05282955939526802,SYNTHETIC_SOURCE,SYNTHETIC_TARGET
968,199.7696075439453,582.1142578125,208.7567901611328,576.1278686523438,199.7696075439453,582.1142578125,208.7567901611328,576.1278686523438,AKAZE:intensity,4.0,0.025,ROBUST_MODEL_INLIER,FIT,0.017922420483430204,SYNTHETIC_SOURCE,SYNTHETIC_TARGET
969,76.86592102050781,85.87763214111328,85.8734130859375,79.87034606933594,76.86592102050781,85.87763214111328,85.8734130859375,79.87034606933594,AKAZE:intensity,5.0,0.02512562814070352,ROBUST_MODEL_INLIER,HELD_OUT,0.011228968167603721,SYNTHETIC_SOURCE,SYNTHETIC_TARGET
970,314.5433044433594,384.8805847167969,323.5855712890625,378.8622131347656,314.5433044433594,384.8805847167969,323.5855712890625,378.8622131347656,AKAZE:intensity,5.0,0.02512562814070352,ROBUST_MODEL_INLIER,FIT,0.046841738741668866,SYNTHETIC_SOURCE,SYNTHETIC_TARGET
971,407.2457580566406,318.2493591308594,416.2443542480469,312.25531005859375,407.2457580566406,318.2493591308594,416.2443542480469,312.25531005859375,AKAZE:intensity,4.0,0.025157232704402517,ROBUST_MODEL_INLIER,FIT,0.005519971075440035,SYNTHETIC_SOURCE,SYNTHETIC_TARGET
972,133.61907958984375,199.07545471191406,142.60528564453125,193.0768280029297,133.61907958984375,199.07545471191406,142.60528564453125,193.0768280029297,AKAZE:intensity,3.0,0.025210084033613446,ROBUST_MODEL_INLIER,FIT,0.013213265548315098,SYNTHETIC_SOURCE,SYNTHETIC_TARGET
973,58.3933219909668,196.5456085205078,67.48919677734375,190.5541534423828,58.3933219909668,196.5456085205078,67.48919677734375,190.5541534423828,AKAZE:intensity,3.0,0.025210084033613446,ROBUST_MODEL_INLIER,FIT,0.09682092388195693,SYNTHETIC_SOURCE,SYNTHETIC_TARGET
974,515.759033203125,502.6741638183594,524.7360229492188,496.683349609375,515.759033203125,502.6741638183594,524.7360229492188,496.683349609375,AKAZE:intensity,3.0,0.025210084033613446,ROBUST_MODEL_INLIER,FIT,0.024029196847432894,SYNTHETIC_SOURCE,SYNTHETIC_TARGET
975,354.2580261230469,530.0684204101562,363.2431640625,524.0460205078125,354.2580261230469,530.0684204101562,363.2431640625,524.0460205078125,AKAZE:intensity,3.0,0.025210084033613446,ROBUST_MODEL_INLIER,FIT,0.026962569558492043,SYNTHETIC_SOURCE,SYNTHETIC_TARGET
976,482.66424560546875,604.3902587890625,491.67828369140625,598.3809814453125,482.66424560546875,604.3902587890625,491.67828369140625,598.3809814453125,AKAZE:intensity,6.0,0.025210084033613446,ROBUST_MODEL_INLIER,FIT,0.01760523083722651,SYNTHETIC_SOURCE,SYNTHETIC_TARGET
977,345.587158203125,452.314697265625,354.6021423339844,446.3057861328125,345.587158203125,452.314697265625,354.6021423339844,446.3057861328125,AKAZE:intensity,5.0,0.025252525252525252,ROBUST_MODEL_INLIER,FIT,0.01820815385272464,SYNTHETIC_SOURCE,SYNTHETIC_TARGET
978,415.1507873535156,237.1531982421875,424.1505432128906,231.16043090820312,415.1507873535156,237.1531982421875,424.1505432128906,231.16043090820312,AKAZE:intensity,2.0,0.02531645569620253,ROBUST_MODEL_INLIER,HELD_OUT,0.006754319826417699,SYNTHETIC_SOURCE,SYNTHETIC_TARGET
979,307.0486145019531,329.7275390625,316.0386962890625,323.7176208496094,307.0486145019531,329.7275390625,316.0386962890625,323.7176208496094,AKAZE:intensity,2.0,0.02531645569620253,ROBUST_MODEL_INLIER,FIT,0.01396178365404891,SYNTHETIC_SOURCE,SYNTHETIC_TARGET
980,508.688232421875,316.7336730957031,517.6802978515625,310.7135925292969,508.688232421875,316.7336730957031,517.6802978515625,310.7135925292969,AKAZE:intensity,3.0,0.025423728813559324,ROBUST_MODEL_INLIER,FIT,0.021833956906705497,SYNTHETIC_SOURCE,SYNTHETIC_TARGET
981,144.1717529296875,523.5508422851562,153.15965270996094,517.5831909179688,144.1717529296875,523.5508422851562,153.15965270996094,517.5831909179688,AKAZE:intensity,3.0,0.025423728813559324,ROBUST_MODEL_INLIER,HELD_OUT,0.03386885105984012,SYNTHETIC_SOURCE,SYNTHETIC_TARGET
982,251.83969116210938,109.4818344116211,260.8641052246094,103.3801040649414,251.83969116210938,109.4818344116211,260.8641052246094,103.3801040649414,AKAZE:intensity,3.0,0.025423728813559324,ROBUST_MODEL_INLIER,HELD_OUT,0.10523720442409774,SYNTHETIC_SOURCE,SYNTHETIC_TARGET
983,29.441944122314453,550.5260620117188,38.436668395996094,544.5410766601562,29.441944122314453,550.5260620117188,38.436668395996094,544.5410766601562,AKAZE:intensity,3.0,0.025423728813559324,ROBUST_MODEL_INLIER,FIT,0.015257164391809068,SYNTHETIC_SOURCE,SYNTHETIC_TARGET
984,408.47930908203125,244.01718139648438,417.4964904785156,238.02955627441406,408.47930908203125,244.01718139648438,417.4964904785156,238.02955627441406,AKAZE:intensity,4.0,0.025477707006369428,ROBUST_MODEL_INLIER,FIT,0.02139713717273968,SYNTHETIC_SOURCE,SYNTHETIC_TARGET
985,209.58544921875,332.7978515625,218.5897674560547,326.755859375,209.58544921875,332.7978515625,218.5897674560547,326.755859375,AKAZE:intensity,2.0,0.02564102564102564,ROBUST_MODEL_INLIER,FIT,0.04276542076773583,SYNTHETIC_SOURCE,SYNTHETIC_TARGET
986,174.078125,133.87631225585938,183.0504913330078,127.88874816894531,174.078125,133.87631225585938,183.0504913330078,127.88874816894531,AKAZE:intensity,2.0,0.02564102564102564,ROBUST_MODEL_INLIER,FIT,0.029546666196027832,SYNTHETIC_SOURCE,SYNTHETIC_TARGET
987,264.6622009277344,62.993438720703125,273.64752197265625,56.9732780456543,264.6622009277344,62.993438720703125,273.64752197265625,56.9732780456543,AKAZE:intensity,2.0,0.02564102564102564,ROBUST_MODEL_INLIER,FIT,0.02498609615587777,SYNTHETIC_SOURCE,SYNTHETIC_TARGET
988,535.76318359375,349.9586486816406,544.7274780273438,343.9438171386719,535.76318359375,349.9586486816406,544.7274780273438,343.9438171386719,AKAZE:intensity,2.0,0.02564102564102564,ROBUST_MODEL_INLIER,FIT,0.03829322549776095,SYNTHETIC_SOURCE,SYNTHETIC_TARGET
989,128.41690063476562,187.9142608642578,137.3954620361328,181.88526916503906,128.41690063476562,187.9142608642578,137.3954620361328,181.88526916503906,AKAZE:intensity,3.0,0.02564102564102564,ROBUST_MODEL_INLIER,FIT,0.03609550005831562,SYNTHETIC_SOURCE,SYNTHETIC_TARGET
990,374.19696044921875,199.93858337402344,383.2115173339844,193.9410400390625,374.19696044921875,199.93858337402344,383.2115173339844,193.9410400390625,AKAZE:intensity,3.0,0.02564102564102564,ROBUST_MODEL_INLIER,FIT,0.015294430116033705,SYNTHETIC_SOURCE,SYNTHETIC_TARGET
991,104.99942016601562,504.6219787597656,113.99349975585938,498.6374816894531,104.99942016601562,504.6219787597656,113.99349975585938,498.6374816894531,AKAZE:intensity,4.0,0.02564102564102564,ROBUST_MODEL_INLIER,FIT,0.015925965903855862,SYNTHETIC_SOURCE,SYNTHETIC_TARGET
992,142.5916748046875,198.07305908203125,151.58135986328125,192.0338592529297,142.5916748046875,198.07305908203125,151.58135986328125,192.0338592529297,AKAZE:intensity,4.0,0.02564102564102564,ROBUST_MODEL_INLIER,HELD_OUT,0.040857375922998505,SYNTHETIC_SOURCE,SYNTHETIC_TARGET
993,44.11441421508789,502.9585876464844,53.101898193359375,496.96673583984375,44.11441421508789,502.9585876464844,53.101898193359375,496.96673583984375,AKAZE:intensity,5.0,0.02564102564102564,ROBUST_MODEL_INLIER,FIT,0.014156950082037595,SYNTHETIC_SOURCE,SYNTHETIC_TARGET
994,366.0784606933594,539.833984375,375.0637512207031,533.828125,366.0784606933594,539.833984375,375.0637512207031,533.828125,AKAZE:intensity,6.0,0.02564102564102564,ROBUST_MODEL_INLIER,FIT,0.015462145888730653,SYNTHETIC_SOURCE,SYNTHETIC_TARGET
995,168.05999755859375,405.4184875488281,177.0445556640625,399.429443359375,168.05999755859375,405.4184875488281,177.0445556640625,399.429443359375,AKAZE:intensity,5.0,0.02577319587628866,ROBUST_MODEL_INLIER,HELD_OUT,0.01815334229322011,SYNTHETIC_SOURCE,SYNTHETIC_TARGET
996,267.6167297363281,178.27371215820312,276.5079345703125,172.203369140625,267.6167297363281,178.27371215820312,276.5079345703125,172.203369140625,AKAZE:intensity,4.0,0.025806451612903226,ROBUST_MODEL_INLIER,FIT,0.1293098100375073,SYNTHETIC_SOURCE,SYNTHETIC_TARGET
997,108.41170501708984,310.2781066894531,117.41895294189453,304.30743408203125,108.41170501708984,310.2781066894531,117.41895294189453,304.30743408203125,AKAZE:intensity,4.0,0.025806451612903226,ROBUST_MODEL_INLIER,FIT,0.02989058128673789,SYNTHETIC_SOURCE,SYNTHETIC_TARGET
998,496.1363830566406,50.219215393066406,505.11627197265625,44.18564987182617,496.1363830566406,50.219215393066406,505.11627197265625,44.18564987182617,AKAZE:intensity,3.0,0.02586206896551724,ROBUST_MODEL_INLIER,FIT,0.039242069632391456,SYNTHETIC_SOURCE,SYNTHETIC_TARGET
999,148.25180053710938,428.9873046875,157.23634338378906,423.01898193359375,148.25180053710938,428.9873046875,157.23634338378906,423.01898193359375,AKAZE:intensity,4.0,0.025974025974025976,ROBUST_MODEL_INLIER,HELD_OUT,0.034542423922771515,SYNTHETIC_SOURCE,SYNTHETIC_TARGET
1000,397.19952392578125,520.9379272460938,406.1714782714844,514.896728515625,397.19952392578125,520.9379272460938,406.1714782714844,514.896728515625,AKAZE:intensity,4.0,0.025974025974025976,ROBUST_MODEL_INLIER,HELD_OUT,0.049904937452781205,SYNTHETIC_SOURCE,SYNTHETIC_TARGET
1001,578.0684204101562,519.69873046875,587.0856323242188,513.6829833984375,578.0684204101562,519.69873046875,587.0856323242188,513.6829833984375,AKAZE:intensity,5.0,0.026041666666666668,ROBUST_MODEL_INLIER,FIT,0.024108500417197826,SYNTHETIC_SOURCE,SYNTHETIC_TARGET
1002,155.20252990722656,463.15325927734375,164.18991088867188,457.1550598144531,155.20252990722656,463.15325927734375,164.18991088867188,457.1550598144531,AKAZE:intensity,3.0,0.02608695652173913,ROBUST_MODEL_INLIER,FIT,0.012080153077246894,SYNTHETIC_SOURCE,SYNTHETIC_TARGET
1003,187.08706665039062,35.779747009277344,196.1096649169922,29.749011993408203,187.08706665039062,35.779747009277344,196.1096649169922,29.749011993408203,AKAZE:intensity,3.0,0.02608695652173913,ROBUST_MODEL_INLIER,FIT,0.03890416738699579,SYNTHETIC_SOURCE,SYNTHETIC_TARGET
1004,433.82354736328125,438.0127258300781,442.79840087890625,432.0057373046875,433.82354736328125,438.0127258300781,442.79840087890625,432.0057373046875,AKAZE:intensity,4.0,0.026143790849673203,ROBUST_MODEL_INLIER,HELD_OUT,0.02565003802987304,SYNTHETIC_SOURCE,SYNTHETIC_TARGET
1005,241.13853454589844,57.35963821411133,250.12957763671875,51.403709411621094,241.13853454589844,57.35963821411133,250.12957763671875,51.403709411621094,AKAZE:intensity,4.0,0.026143790849673203,ROBUST_MODEL_INLIER,FIT,0.04437494353531927,SYNTHETIC_SOURCE,SYNTHETIC_TARGET
1006,107.97782897949219,77.30984497070312,116.94319152832031,71.31979370117188,107.97782897949219,77.30984497070312,116.94319152832031,71.31979370117188,AKAZE:intensity,4.0,0.026143790849673203,ROBUST_MODEL_INLIER,FIT,0.035317752012930775,SYNTHETIC_SOURCE,SYNTHETIC_TARGET
1007,111.86779022216797,510.94464111328125,120.92694091796875,504.8491516113281,111.86779022216797,510.94464111328125,120.92694091796875,504.8491516113281,AKAZE:intensity,4.0,0.026143790849673203,ROBUST_MODEL_INLIER,FIT,0.11306245022350439,SYNTHETIC_SOURCE,SYNTHETIC_TARGET
1008,184.10707092285156,429.5420227050781,193.0998992919922,423.5749816894531,184.10707092285156,429.5420227050781,193.0998992919922,423.5749816894531,AKAZE:intensity,2.0,0.02631578947368421,ROBUST_MODEL_INLIER,FIT,0.03312698216625664,SYNTHETIC_SOURCE,SYNTHETIC_TARGET
1009,386.9088134765625,167.25782775878906,395.87506103515625,161.231201171875,386.9088134765625,167.25782775878906,395.87506103515625,161.231201171875,AKAZE:intensity,2.0,0.02631578947368421,ROBUST_MODEL_INLIER,FIT,0.042820721558209256,SYNTHETIC_SOURCE,SYNTHETIC_TARGET
1010,236.8710479736328,527.1237182617188,245.85874938964844,521.1449584960938,236.8710479736328,527.1237182617188,245.85874938964844,521.1449584960938,AKAZE:intensity,3.0,0.02631578947368421,ROBUST_MODEL_INLIER,FIT,0.023817185720608706,SYNTHETIC_SOURCE,SYNTHETIC_TARGET
1011,319.2226867675781,392.0313415527344,328.239501953125,386.02490234375,319.2226867675781,392.0313415527344,328.239501953125,386.02490234375,AKAZE:intensity,3.0,0.02631578947368421,ROBUST_MODEL_INLIER,FIT,0.018752052274286307,SYNTHETIC_SOURCE,SYNTHETIC_TARGET
1012,231.9707489013672,229.2633819580078,241.00677490234375,223.2749481201172,231.9707489013672,229.2633819580078,241.00677490234375,223.2749481201172,AKAZE:intensity,3.0,0.02631578947368421,ROBUST_MODEL_INLIER,FIT,0.03827455775970479,SYNTHETIC_SOURCE,SYNTHETIC_TARGET
1013,49.37083053588867,158.29905700683594,58.413856506347656,152.2898406982422,49.37083053588867,158.29905700683594,58.413856506347656,152.2898406982422,AKAZE:intensity,3.0,0.02631578947368421,ROBUST_MODEL_INLIER,FIT,0.04470243464955905,SYNTHETIC_SOURCE,SYNTHETIC_TARGET
1014,514.8406372070312,382.4026184082031,523.857421875,376.3858337402344,514.8406372070312,382.4026184082031,523.857421875,376.3858337402344,AKAZE:intensity,4.0,0.02631578947368421,ROBUST_MODEL_INLIER,HELD_OUT,0.024514107758718963,SYNTHETIC_SOURCE,SYNTHETIC_TARGET
1015,246.53431701660156,262.6745300292969,255.5135955810547,256.648193359375,246.53431701660156,262.6745300292969,255.5135955810547,256.648193359375,AKAZE:intensity,4.0,0.02631578947368421,ROBUST_MODEL_INLIER,FIT,0.03352661188369714,SYNTHETIC_SOURCE,SYNTHETIC_TARGET
1016,252.17471313476562,158.61663818359375,261.16839599609375,152.61941528320312,252.17471313476562,158.61663818359375,261.16839599609375,152.61941528320312,AKAZE:intensity,5.0,0.02631578947368421,ROBUST_MODEL_INLIER,FIT,0.006148667220946401,SYNTHETIC_SOURCE,SYNTHETIC_TARGET
1017,398.6214294433594,442.7646789550781,407.6112060546875,436.7626037597656,398.6214294433594,442.7646789550781,407.6112060546875,436.7626037597656,AKAZE:intensity,5.0,0.026455026455026454,ROBUST_MODEL_INLIER,FIT,0.009948964496504531,SYNTHETIC_SOURCE,SYNTHETIC_TARGET
1018,519.0751342773438,561.1356201171875,528.1270751953125,555.1378173828125,519.0751342773438,561.1356201171875,528.1270751953125,555.1378173828125,AKAZE:intensity,5.0,0.026455026455026454,ROBUST_MODEL_INLIER,HELD_OUT,0.05257905055190783,SYNTHETIC_SOURCE,SYNTHETIC_TARGET
1019,134.81741333007812,369.21722412109375,143.82705688476562,363.21624755859375,134.81741333007812,369.21722412109375,143.82705688476562,363.21624755859375,AKAZE:intensity,3.0,0.02654867256637168,ROBUST_MODEL_INLIER,HELD_OUT,0.010358009490037318,SYNTHETIC_SOURCE,SYNTHETIC_TARGET
1020,570.19580078125,127.31212615966797,579.2301025390625,121.2965316772461,570.19580078125,127.31212615966797,579.2301025390625,121.2965316772461,AKAZE:intensity,3.0,0.02654867256637168,ROBUST_MODEL_INLIER,FIT,0.03843840095968282,SYNTHETIC_SOURCE,SYNTHETIC_TARGET
1021,530.72412109375,90.72084045410156,539.7351684570312,84.73470306396484,530.72412109375,90.72084045410156,539.7351684570312,84.73470306396484,AKAZE:intensity,3.0,0.02654867256637168,ROBUST_MODEL_INLIER,HELD_OUT,0.017741899031226128,SYNTHETIC_SOURCE,SYNTHETIC_TARGET
1022,296.1689758300781,336.1522521972656,305.1863708496094,330.1324462890625,296.1689758300781,336.1522521972656,305.1863708496094,330.1324462890625,AKAZE:intensity,2.0,0.02666666666666667,ROBUST_MODEL_INLIER,FIT,0.027130195609006914,SYNTHETIC_SOURCE,SYNTHETIC_TARGET
1023,190.76382446289062,266.6934509277344,199.7406463623047,260.6847839355469,190.76382446289062,266.6934509277344,199.7406463623047,260.6847839355469,AKAZE:intensity,4.0,0.02666666666666667,ROBUST_MODEL_INLIER,FIT,0.024354102892536554,SYNTHETIC_SOURCE,SYNTHETIC_TARGET
1024,131.08978271484375,116.16863250732422,140.08798217773438,110.17559051513672,131.08978271484375,116.16863250732422,140.08798217773438,110.17559051513672,AKAZE:intensity,4.0,0.02666666666666667,ROBUST_MODEL_INLIER,HELD_OUT,0.0065782903120421956,SYNTHETIC_SOURCE,SYNTHETIC_TARGET
1025,79.74881744384766,493.7560119628906,88.76788330078125,487.7017517089844,79.74881744384766,493.7560119628906,88.76788330078125,487.7017517089844,AKAZE:intensity,5.0,0.026737967914438502,ROBUST_MODEL_INLIER,HELD_OUT,0.05817693084493968,SYNTHETIC_SOURCE,SYNTHETIC_TARGET
1026,30.55907440185547,446.2264404296875,39.567691802978516,440.21630859375,30.55907440185547,446.2264404296875,39.567691802978516,440.21630859375,AKAZE:intensity,5.0,0.026737967914438502,ROBUST_MODEL_INLIER,FIT,0.014069055003867547,SYNTHETIC_SOURCE,SYNTHETIC_TARGET
1027,489.21295166015625,255.9235382080078,498.15570068359375,249.91835021972656,489.21295166015625,255.9235382080078,498.15570068359375,249.91835021972656,AKAZE:intensity,5.0,0.026737967914438502,ROBUST_MODEL_INLIER,FIT,0.05692433957616041,SYNTHETIC_SOURCE,SYNTHETIC_TARGET
1028,198.84091186523438,328.14886474609375,207.84120178222656,322.1632385253906,198.84091186523438,328.14886474609375,207.84120178222656,322.1632385253906,AKAZE:intensity,3.0,0.026785714285714284,ROBUST_MODEL_INLIER,FIT,0.01391465197122546,SYNTHETIC_SOURCE,SYNTHETIC_TARGET
1029,256.2621154785156,517.1631469726562,265.251953125,511.1710510253906,256.2621154785156,517.1631469726562,265.251953125,511.1710510253906,AKAZE:intensity,3.0,0.026785714285714284,ROBUST_MODEL_INLIER,FIT,0.012092741956271672,SYNTHETIC_SOURCE,SYNTHETIC_TARGET
1030,279.6929931640625,523.8372192382812,288.6960144042969,517.8515014648438,279.6929931640625,523.8372192382812,288.6960144042969,517.8515014648438,AKAZE:intensity,3.0,0.026785714285714284,ROBUST_MODEL_INLIER,FIT,0.014263989142710763,SYNTHETIC_SOURCE,SYNTHETIC_TARGET
1031,368.3109436035156,140.93150329589844,377.3149108886719,134.93722534179688,368.3109436035156,140.93150329589844,377.3149108886719,134.93722534179688,AKAZE:intensity,3.0,0.026785714285714284,ROBUST_MODEL_INLIER,FIT,0.006953204320605168,SYNTHETIC_SOURCE,SYNTHETIC_TARGET
1032,487.425537109375,234.63551330566406,496.4398193359375,228.69200134277344,487.425537109375,234.63551330566406,496.4398193359375,228.69200134277344,AKAZE:intensity,4.0,0.026845637583892617,ROBUST_MODEL_INLIER,FIT,0.05794619521175513,SYNTHETIC_SOURCE,SYNTHETIC_TARGET
1033,329.0458068847656,541.14453125,338.09735107421875,535.1375732421875,329.0458068847656,541.14453125,338.09735107421875,535.1375732421875,AKAZE:intensity,4.0,0.026845637583892617,ROBUST_MODEL_INLIER,FIT,0.05268342594547945,SYNTHETIC_SOURCE,SYNTHETIC_TARGET
1034,347.658203125,497.0823974609375,356.6518249511719,491.068603515625,347.658203125,497.0823974609375,356.6518249511719,491.068603515625,AKAZE:intensity,2.0,0.02702702702702703,ROBUST_MODEL_INLIER,HELD_OUT,0.015402914310948434,SYNTHETIC_SOURCE,SYNTHETIC_TARGET
1035,266.4429016113281,497.9778137207031,275.45391845703125,492.0340576171875,266.4429016113281,497.9778137207031,275.45391845703125,492.0340576171875,AKAZE:intensity,2.0,0.02702702702702703,ROBUST_MODEL_INLIER,FIT,0.05695507305251594,SYNTHETIC_SOURCE,SYNTHETIC_TARGET
1036,545.3592529296875,290.1907043457031,554.3338012695312,284.2061462402344,545.3592529296875,290.1907043457031,554.3338012695312,284.2061462402344,AKAZE:intensity,3.0,0.02702702702702703,ROBUST_MODEL_INLIER,FIT,0.028994847176957047,SYNTHETIC_SOURCE,SYNTHETIC_TARGET
1037,223.84210205078125,98.19700622558594,232.83213806152344,92.1672134399414,223.84210205078125,98.19700622558594,232.83213806152344,92.1672134399414,AKAZE:intensity,3.0,0.02702702702702703,ROBUST_MODEL_INLIER,HELD_OUT,0.03169279966185139,SYNTHETIC_SOURCE,SYNTHETIC_TARGET
1038,359.9870910644531,385.4692687988281,369.0477600097656,379.4532775878906,359.9870910644531,385.4692687988281,369.0477600097656,379.4532775878906,AKAZE:intensity,3.0,0.02702702702702703,ROBUST_MODEL_INLIER,FIT,0.06345648814937885,SYNTHETIC_SOURCE,SYNTHETIC_TARGET
1039,260.6894836425781,384.64691162109375,269.72607421875,378.67779541015625,260.6894836425781,384.64691162109375,269.72607421875,378.67779541015625,AKAZE:intensity,4.0,0.02702702702702703,ROBUST_MODEL_INLIER,HELD_OUT,0.04803952455507798,SYNTHETIC_SOURCE,SYNTHETIC_TARGET
1040,285.40155029296875,413.07464599609375,294.4125061035156,407.05609130859375,285.40155029296875,413.07464599609375,294.4125061035156,407.05609130859375,AKAZE:intensity,5.0,0.02702702702702703,ROBUST_MODEL_INLIER,FIT,0.022280277483770674,SYNTHETIC_SOURCE,SYNTHETIC_TARGET
1041,578.149658203125,489.952880859375,587.1491088867188,483.9474792480469,578.149658203125,489.952880859375,587.1491088867188,483.9474792480469,AKAZE:intensity,6.0,0.027149321266968326,ROBUST_MODEL_INLIER,FIT,0.0058902088139683485,SYNTHETIC_SOURCE,SYNTHETIC_TARGET
1042,48.46113586425781,399.9625549316406,57.46717071533203,393.9497375488281,48.46113586425781,399.9625549316406,57.46717071533203,393.9497375488281,AKAZE:intensity,5.0,0.02717391304347826,ROBUST_MODEL_INLIER,HELD_OUT,0.014872774261285547,SYNTHETIC_SOURCE,SYNTHETIC_TARGET
1043,576.4337768554688,161.77761840820312,585.4534912109375,155.81240844726562,576.4337768554688,161.77761840820312,585.4534912109375,155.81240844726562,AKAZE:intensity,3.0,0.02727272727272727,ROBUST_MODEL_INLIER,FIT,0.03987109610900543,SYNTHETIC_SOURCE,SYNTHETIC_TARGET
1044,246.11546325683594,125.55062866210938,255.1031036376953,119.56156921386719,246.11546325683594,125.55062866210938,255.1031036376953,119.56156921386719,AKAZE:intensity,3.0,0.02727272727272727,ROBUST_MODEL_INLIER,FIT,0.01572562391102071,SYNTHETIC_SOURCE,SYNTHETIC_TARGET
1045,122.43693542480469,540.1954345703125,131.40916442871094,534.1485595703125,122.43693542480469,540.1954345703125,131.40916442871094,534.1485595703125,AKAZE:intensity,3.0,0.02727272727272727,ROBUST_MODEL_INLIER,HELD_OUT,0.05459836098382004,SYNTHETIC_SOURCE,SYNTHETIC_TARGET
1046,95.2365493774414,395.7471008300781,104.20530700683594,389.75115966796875,95.2365493774414,395.7471008300781,104.20530700683594,389.75115966796875,AKAZE:intensity,2.0,0.0273972602739726,ROBUST_MODEL_INLIER,FIT,0.03083941415417471,SYNTHETIC_SOURCE,SYNTHETIC_TARGET
1047,365.2969055175781,263.6614685058594,374.3047180175781,257.6626892089844,365.2969055175781,263.6614685058594,374.3047180175781,257.6626892089844,AKAZE:intensity,2.0,0.0273972602739726,ROBUST_MODEL_INLIER,HELD_OUT,0.008454636020958394,SYNTHETIC_SOURCE,SYNTHETIC_TARGET
1048,273.6033020019531,278.9986572265625,282.64227294921875,272.9983825683594,273.6033020019531,278.9986572265625,282.64227294921875,272.9983825683594,AKAZE:intensity,2.0,0.0273972602739726,ROBUST_MODEL_INLIER,FIT,0.03958865106985163,SYNTHETIC_SOURCE,SYNTHETIC_TARGET
1049,399.87646484375,176.1952362060547,408.88787841796875,170.21376037597656,399.87646484375,176.1952362060547,408.88787841796875,170.21376037597656,AKAZE:intensity,4.0,0.0273972602739726,ROBUST_MODEL_INLIER,FIT,0.02167644046833514,SYNTHETIC_SOURCE,SYNTHETIC_TARGET
1050,584.3616943359375,363.56109619140625,593.3675537109375,357.5454406738281,584.3616943359375,363.56109619140625,593.3675537109375,357.5454406738281,AKAZE:intensity,6.0,0.0273972602739726,ROBUST_MODEL_INLIER,FIT,0.017391940731168797,SYNTHETIC_SOURCE,SYNTHETIC_TARGET
1051,389.08587646484375,537.9564208984375,398.0766296386719,531.970458984375,389.08587646484375,537.9564208984375,398.0766296386719,531.970458984375,AKAZE:intensity,5.0,0.027472527472527472,ROBUST_MODEL_INLIER,FIT,0.016068164199676827,SYNTHETIC_SOURCE,SYNTHETIC_TARGET
1052,432.9931640625,289.88079833984375,442.00128173828125,283.8924255371094,432.9931640625,289.88079833984375,442.00128173828125,283.8924255371094,AKAZE:intensity,5.0,0.027472527472527472,ROBUST_MODEL_INLIER,FIT,0.01415110989697963,SYNTHETIC_SOURCE,SYNTHETIC_TARGET
1053,515.6492919921875,462.3182373046875,524.689453125,456.2998046875,515.6492919921875,462.3182373046875,524.689453125,456.2998046875,AKAZE:intensity,3.0,0.027522935779816515,ROBUST_MODEL_INLIER,FIT,0.04494790691259226,SYNTHETIC_SOURCE,SYNTHETIC_TARGET
1054,93.70166015625,379.3257751464844,102.64507293701172,373.2479553222656,93.70166015625,379.3257751464844,102.64507293701172,373.2479553222656,AKAZE:intensity,3.0,0.027522935779816515,ROBUST_MODEL_INLIER,FIT,0.09625782615921054,SYNTHETIC_SOURCE,SYNTHETIC_TARGET
1055,501.3654479980469,310.687255859375,510.41119384765625,304.71624755859375,501.3654479980469,310.687255859375,510.41119384765625,304.71624755859375,AKAZE:intensity,3.0,0.027522935779816515,ROBUST_MODEL_INLIER,FIT,0.05441821591148138,SYNTHETIC_SOURCE,SYNTHETIC_TARGET
1056,142.0569305419922,326.48394775390625,151.04208374023438,320.49774169921875,142.0569305419922,326.48394775390625,151.04208374023438,320.49774169921875,AKAZE:intensity,4.0,0.027586206896551724,ROBUST_MODEL_INLIER,HELD_OUT,0.019486333937088252,SYNTHETIC_SOURCE,SYNTHETIC_TARGET
1057,144.66798400878906,140.8988800048828,153.67738342285156,134.86404418945312,144.66798400878906,140.8988800048828,153.67738342285156,134.86404418945312,AKAZE:intensity,5.0,0.027624309392265192,ROBUST_MODEL_INLIER,HELD_OUT,0.0367149453779158,SYNTHETIC_SOURCE,SYNTHETIC_TARGET
1058,267.0283508300781,504.2515563964844,276.0440368652344,498.1961669921875,267.0283508300781,504.2515563964844,276.0440368652344,498.1961669921875,AKAZE:intensity,2.0,0.027777777777777776,ROBUST_MODEL_INLIER,FIT,0.05820556641905046,SYNTHETIC_SOURCE,SYNTHETIC_TARGET
1059,382.3442687988281,173.20892333984375,391.3324279785156,167.26365661621094,382.3442687988281,173.20892333984375,391.3324279785156,167.26365661621094,AKAZE:intensity,2.0,0.027777777777777776,ROBUST_MODEL_INLIER,FIT,0.05539533304898908,SYNTHETIC_SOURCE,SYNTHETIC_TARGET
1060,477.4967956542969,458.7948913574219,486.4614562988281,452.78973388671875,477.4967956542969,458.7948913574219,486.4614562988281,452.78973388671875,AKAZE:intensity,3.0,0.027777777777777776,ROBUST_MODEL_INLIER,FIT,0.03518491477091486,SYNTHETIC_SOURCE,SYNTHETIC_TARGET
1061,310.1235046386719,335.72760009765625,319.1259765625,329.6859130859375,310.1235046386719,335.72760009765625,319.1259765625,329.6859130859375,AKAZE:intensity,3.0,0.027777777777777776,ROBUST_MODEL_INLIER,FIT,0.042287773157066874,SYNTHETIC_SOURCE,SYNTHETIC_TARGET
1062,144.35243225097656,571.0986328125,153.31910705566406,565.0804443359375,144.35243225097656,571.0986328125,153.31910705566406,565.0804443359375,AKAZE:intensity,4.0,0.027777777777777776,ROBUST_MODEL_INLIER,HELD_OUT,0.037670708567449245,SYNTHETIC_SOURCE,SYNTHETIC_TARGET
1063,492.3638916015625,300.2806701660156,501.3651428222656,294.2919616699219,492.3638916015625,300.2806701660156,501.3651428222656,294.2919616699219,AKAZE:intensity,4.0,0.027777777777777776,ROBUST_MODEL_INLIER,FIT,0.010962439101799266,SYNTHETIC_SOURCE,SYNTHETIC_TARGET
1064,38.31633758544922,605.6578369140625,47.32198715209961,599.6292724609375,38.31633758544922,605.6578369140625,47.32198715209961,599.6292724609375,AKAZE:intensity,4.0,0.027777777777777776,ROBUST_MODEL_INLIER,FIT,0.029719487726008777,SYNTHETIC_SOURCE,SYNTHETIC_TARGET
1065,135.0262451171875,123.3636474609375,144.02760314941406,117.38439178466797,135.0262451171875,123.3636474609375,144.02760314941406,117.38439178466797,AKAZE:intensity,4.0,0.027777777777777776,ROBUST_MODEL_INLIER,FIT,0.020351456746670462,SYNTHETIC_SOURCE,SYNTHETIC_TARGET
1066,490.65545654296875,379.8284606933594,499.6590576171875,373.80322265625,490.65545654296875,379.8284606933594,499.6590576171875,373.80322265625,AKAZE:intensity,4.0,0.027777777777777776,ROBUST_MODEL_INLIER,FIT,0.026068746871280413,SYNTHETIC_SOURCE,SYNTHETIC_TARGET
1067,97.12677764892578,101.33853149414062,106.12840270996094,95.33619689941406,97.12677764892578,101.33853149414062,106.12840270996094,95.33619689941406,AKAZE:intensity,5.0,0.027777777777777776,ROBUST_MODEL_INLIER,FIT,0.0036007913381385973,SYNTHETIC_SOURCE,SYNTHETIC_TARGET
1068,492.8242492675781,181.94638061523438,501.8363037109375,175.9416046142578,492.8242492675781,181.94638061523438,501.8363037109375,175.9416046142578,AKAZE:intensity,5.0,0.027777777777777776,ROBUST_MODEL_INLIER,FIT,0.01371530888365452,SYNTHETIC_SOURCE,SYNTHETIC_TARGET
1069,384.6563720703125,551.3713989257812,393.65118408203125,545.4119262695312,384.6563720703125,551.3713989257812,393.65118408203125,545.4119262695312,AKAZE:intensity,6.0,0.027777777777777776,ROBUST_MODEL_INLIER,FIT,0.04029989185851191,SYNTHETIC_SOURCE,SYNTHETIC_TARGET
1070,548.1434326171875,561.4049072265625,557.1478271484375,555.4037475585938,548.1434326171875,561.4049072265625,557.1478271484375,555.4037475585938,AKAZE:intensity,6.0,0.027906976744186046,ROBUST_MODEL_INLIER,FIT,0.0052692113825919575,SYNTHETIC_SOURCE,SYNTHETIC_TARGET
1071,195.1526641845703,49.2164192199707,204.09747314453125,43.33064651489258,195.1526641845703,49.2164192199707,204.09747314453125,43.33064651489258,AKAZE:intensity,5.0,0.027932960893854747,ROBUST_MODEL_INLIER,FIT,0.12615710358765586,SYNTHETIC_SOURCE,SYNTHETIC_TARGET
1072,120.2018814086914,474.9339904785156,129.18869018554688,468.9324951171875,120.2018814086914,474.9339904785156,129.18869018554688,468.9324951171875,AKAZE:intensity,3.0,0.028037383177570093,ROBUST_MODEL_INLIER,HELD_OUT,0.012736293324249089,SYNTHETIC_SOURCE,SYNTHETIC_TARGET
1073,555.9146728515625,117.5531234741211,564.9345092773438,111.5687484741211,555.9146728515625,117.5531234741211,564.9345092773438,111.5687484741211,AKAZE:intensity,3.0,0.028037383177570093,ROBUST_MODEL_INLIER,FIT,0.02543994807898573,SYNTHETIC_SOURCE,SYNTHETIC_TARGET
1074,429.2845153808594,393.0643615722656,438.2819519042969,387.0728454589844,429.2845153808594,393.0643615722656,438.2819519042969,387.0728454589844,AKAZE:intensity,5.0,0.028089887640449437,ROBUST_MODEL_INLIER,HELD_OUT,0.008230698881475977,SYNTHETIC_SOURCE,SYNTHETIC_TARGET
1075,464.2784423828125,358.70703125,473.1885681152344,352.6874694824219,464.2784423828125,358.70703125,473.1885681152344,352.6874694824219,AKAZE:intensity,5.0,0.028089887640449437,ROBUST_MODEL_INLIER,FIT,0.09148798369433414,SYNTHETIC_SOURCE,SYNTHETIC_TARGET
1076,209.6090545654297,366.35577392578125,218.61021423339844,360.33038330078125,209.6090545654297,366.35577392578125,218.61021423339844,360.33038330078125,AKAZE:intensity,5.0,0.028089887640449437,ROBUST_MODEL_INLIER,FIT,0.02593936695135977,SYNTHETIC_SOURCE,SYNTHETIC_TARGET
1077,122.90384674072266,545.8766479492188,131.9355926513672,539.868896484375,122.90384674072266,545.8766479492188,131.9355926513672,539.868896484375,AKAZE:intensity,2.0,0.028169014084507043,ROBUST_MODEL_INLIER,HELD_OUT,0.033388937085502245,SYNTHETIC_SOURCE,SYNTHETIC_TARGET
1078,345.7752685546875,418.0298156738281,354.7615966796875,412.061279296875,345.7752685546875,418.0298156738281,354.7615966796875,412.061279296875,AKAZE:intensity,2.0,0.028169014084507043,ROBUST_MODEL_INLIER,FIT,0.0336165910517648,SYNTHETIC_SOURCE,SYNTHETIC_TARGET
1079,352.89208984375,524.1983642578125,361.9308166503906,518.1758422851562,352.89208984375,524.1983642578125,361.9308166503906,518.1758422851562,AKAZE:intensity,2.0,0.028169014084507043,ROBUST_MODEL_INLIER,FIT,0.045572840599723184,SYNTHETIC_SOURCE,SYNTHETIC_TARGET
1080,360.90966796875,550.5011596679688,369.9272766113281,544.3939208984375,360.90966796875,550.5011596679688,369.9272766113281,544.3939208984375,AKAZE:intensity,4.0,0.028169014084507043,ROBUST_MODEL_INLIER,FIT,0.10925680398731305,SYNTHETIC_SOURCE,SYNTHETIC_TARGET
1081,117.27127838134766,511.804443359375,126.2440414428711,505.8238525390625,117.27127838134766,511.804443359375,126.2440414428711,505.8238525390625,AKAZE:intensity,4.0,0.028169014084507043,ROBUST_MODEL_INLIER,FIT,0.03266459135477305,SYNTHETIC_SOURCE,SYNTHETIC_TARGET
1082,335.07403564453125,367.12725830078125,344.0705871582031,361.1409912109375,335.07403564453125,367.12725830078125,344.0705871582031,361.1409912109375,AKAZE:intensity,4.0,0.028169014084507043,ROBUST_MODEL_INLIER,FIT,0.013545301909227507,SYNTHETIC_SOURCE,SYNTHETIC_TARGET
1083,463.3417663574219,576.0289916992188,472.37213134765625,570.0507202148438,463.3417663574219,576.0289916992188,472.37213134765625,570.0507202148438,AKAZE:intensity,4.0,0.028169014084507043,ROBUST_MODEL_INLIER,FIT,0.03755821289329623,SYNTHETIC_SOURCE,SYNTHETIC_TARGET
1084,429.1243896484375,168.68170166015625,438.1540222167969,162.71017456054688,429.1243896484375,168.68170166015625,438.1540222167969,162.71017456054688,AKAZE:intensity,4.0,0.028169014084507043,ROBUST_MODEL_INLIER,FIT,0.04120404244545405,SYNTHETIC_SOURCE,SYNTHETIC_TARGET
1085,496.5842590332031,442.9232482910156,505.6148681640625,436.89837646484375,496.5842590332031,442.9232482910156,505.6148681640625,436.89837646484375,AKAZE:intensity,5.0,0.02824858757062147,ROBUST_MODEL_INLIER,FIT,0.04022177434100591,SYNTHETIC_SOURCE,SYNTHETIC_TARGET
1086,512.1737060546875,83.6170425415039,521.1929931640625,77.66450500488281,512.1737060546875,83.6170425415039,521.1929931640625,77.66450500488281,AKAZE:intensity,3.0,0.02830188679245283,ROBUST_MODEL_INLIER,FIT,0.05101453458024481,SYNTHETIC_SOURCE,SYNTHETIC_TARGET
1087,68.01560974121094,605.874267578125,77.00947570800781,599.8854370117188,68.01560974121094,605.874267578125,77.00947570800781,599.8854370117188,AKAZE:intensity,3.0,0.02830188679245283,ROBUST_MODEL_INLIER,FIT,0.012024893939547816,SYNTHETIC_SOURCE,SYNTHETIC_TARGET
1088,529.5834350585938,387.7603759765625,538.543212890625,381.7332458496094,529.5834350585938,387.7603759765625,538.543212890625,381.7332458496094,AKAZE:intensity,4.0,0.028368794326241134,ROBUST_MODEL_INLIER,HELD_OUT,0.048289465421320406,SYNTHETIC_SOURCE,SYNTHETIC_TARGET
1089,142.62728881835938,391.6798400878906,151.61422729492188,385.66180419921875,142.62728881835938,391.6798400878906,151.61422729492188,385.66180419921875,AKAZE:intensity,4.0,0.028368794326241134,ROBUST_MODEL_INLIER,FIT,0.022319869003990356,SYNTHETIC_SOURCE,SYNTHETIC_TARGET
1090,471.37689208984375,386.79840087890625,480.3496398925781,380.8280334472656,471.37689208984375,386.79840087890625,480.3496398925781,380.8280334472656,AKAZE:intensity,5.0,0.028409090909090908,ROBUST_MODEL_INLIER,FIT,0.03948642062257355,SYNTHETIC_SOURCE,SYNTHETIC_TARGET
1091,74.70780181884766,525.9815673828125,83.70445251464844,519.9783325195312,74.70780181884766,525.9815673828125,83.70445251464844,519.9783325195312,AKAZE:intensity,5.0,0.028409090909090908,ROBUST_MODEL_INLIER,FIT,0.004622084675421403,SYNTHETIC_SOURCE,SYNTHETIC_TARGET
1092,305.84613037109375,168.14462280273438,314.83624267578125,162.09288024902344,305.84613037109375,168.14462280273438,314.83624267578125,162.09288024902344,AKAZE:intensity,2.0,0.02857142857142857,ROBUST_MODEL_INLIER,FIT,0.0530483668718685,SYNTHETIC_SOURCE,SYNTHETIC_TARGET
1093,531.4507446289062,395.74273681640625,540.3787231445312,389.79656982421875,531.4507446289062,395.74273681640625,540.3787231445312,389.79656982421875,AKAZE:intensity,2.0,0.02857142857142857,ROBUST_MODEL_INLIER,FIT,0.08913590601767846,SYNTHETIC_SOURCE,SYNTHETIC_TARGET
1094,144.1929473876953,295.19171142578125,153.17498779296875,289.1844482421875,144.1929473876953,295.19171142578125,153.17498779296875,289.1844482421875,AKAZE:intensity,2.0,0.02857142857142857,ROBUST_MODEL_INLIER,FIT,0.019002143184116405,SYNTHETIC_SOURCE,SYNTHETIC_TARGET
1095,36.67959976196289,286.140625,45.693756103515625,280.1314697265625,36.67959976196289,286.140625,45.693756103515625,280.1314697265625,AKAZE:intensity,3.0,0.02857142857142857,ROBUST_MODEL_INLIER,FIT,0.017636705264031417,SYNTHETIC_SOURCE,SYNTHETIC_TARGET
1096,324.7845764160156,475.814208984375,333.82672119140625,469.79742431640625,324.7845764160156,475.814208984375,333.82672119140625,469.79742431640625,AKAZE:intensity,3.0,0.02857142857142857,ROBUST_MODEL_INLIER,FIT,0.04611242409038319,SYNTHETIC_SOURCE,SYNTHETIC_TARGET
1097,244.3618621826172,196.0705108642578,253.33322143554688,190.04293823242188,244.3618621826172,196.0705108642578,253.33322143554688,190.04293823242188,AKAZE:intensity,5.0,0.02857142857142857,ROBUST_MODEL_INLIER,FIT,0.039662550542557566,SYNTHETIC_SOURCE,SYNTHETIC_TARGET
1098,134.50668334960938,439.1930236816406,143.5417022705078,433.182861328125,134.50668334960938,439.1930236816406,143.5417022705078,433.182861328125,AKAZE:intensity,5.0,0.02857142857142857,ROBUST_MODEL_INLIER,FIT,0.03718710901651887,SYNTHETIC_SOURCE,SYNTHETIC_TARGET
1099,283.7747802734375,253.5946807861328,292.72869873046875,247.5959930419922,283.7747802734375,253.5946807861328,292.72869873046875,247.5959930419922,AKAZE:intensity,5.0,0.02857142857142857,ROBUST_MODEL_INLIER,HELD_OUT,0.045478656335260374,SYNTHETIC_SOURCE,SYNTHETIC_TARGET
1100,577.8729858398438,309.285888671875,586.8641967773438,303.2801208496094,577.8729858398438,309.285888671875,586.8641967773438,303.2801208496094,AKAZE:intensity,6.0,0.028708133971291867,ROBUST_MODEL_INLIER,HELD_OUT,0.010297093949139127,SYNTHETIC_SOURCE,SYNTHETIC_TARGET
1101,132.4627685546875,53.646060943603516,141.45262145996094,47.63559341430664,132.4627685546875,53.646060943603516,141.45262145996094,47.63559341430664,AKAZE:intensity,5.0,0.028735632183908046,ROBUST_MODEL_INLIER,FIT,0.01452512495355239,SYNTHETIC_SOURCE,SYNTHETIC_TARGET
1102,260.49237060546875,451.7033386230469,269.4481201171875,445.6454772949219,260.49237060546875,451.7033386230469,269.4481201171875,445.6454772949219,AKAZE:intensity,5.0,0.028735632183908046,ROBUST_MODEL_INLIER,FIT,0.07286383497350575,SYNTHETIC_SOURCE,SYNTHETIC_TARGET
1103,264.204345703125,196.14364624023438,273.201171875,190.0985107421875,264.204345703125,196.14364624023438,273.201171875,190.0985107421875,AKAZE:intensity,5.0,0.028735632183908046,ROBUST_MODEL_INLIER,FIT,0.045695739948232006,SYNTHETIC_SOURCE,SYNTHETIC_TARGET
1104,183.1168975830078,439.9236755371094,192.1583709716797,433.9033508300781,183.1168975830078,439.9236755371094,192.1583709716797,433.9033508300781,AKAZE:intensity,4.0,0.02877697841726619,ROBUST_MODEL_INLIER,FIT,0.0469491392179857,SYNTHETIC_SOURCE,SYNTHETIC_TARGET
1105,511.7872314453125,428.7084655761719,520.8048095703125,422.70513916015625,511.7872314453125,428.7084655761719,520.8048095703125,422.70513916015625,AKAZE:intensity,4.0,0.02877697841726619,ROBUST_MODEL_INLIER,FIT,0.01858420283178643,SYNTHETIC_SOURCE,SYNTHETIC_TARGET
1106,190.55630493164062,419.9037780761719,199.54794311523438,413.9029235839844,190.55630493164062,419.9037780761719,199.54794311523438,413.9029235839844,AKAZE:intensity,3.0,0.028846153846153848,ROBUST_MODEL_INLIER,HELD_OUT,0.007866908397099064,SYNTHETIC_SOURCE,SYNTHETIC_TARGET
1107,432.7071533203125,238.5592041015625,441.6773376464844,232.57115173339844,432.7071533203125,238.5592041015625,441.6773376464844,232.57115173339844,AKAZE:intensity,3.0,0.028846153846153848,ROBUST_MODEL_INLIER,FIT,0.03137303881504687,SYNTHETIC_SOURCE,SYNTHETIC_TARGET
1108,511.4042663574219,149.3849334716797,520.4207153320312,143.3760223388672,511.4042663574219,149.3849334716797,520.4207153320312,143.3760223388672,AKAZE:intensity,5.0,0.028901734104046242,ROBUST_MODEL_INLIER,HELD_OUT,0.019477412409166214,SYNTHETIC_SOURCE,SYNTHETIC_TARGET
1109,189.22515869140625,267.7807922363281,198.19802856445312,261.78155517578125,189.22515869140625,267.7807922363281,198.19802856445312,261.78155517578125,AKAZE:intensity,5.0,0.028901734104046242,ROBUST_MODEL_INLIER,FIT,0.026521197633171532,SYNTHETIC_SOURCE,SYNTHETIC_TARGET
1110,315.09124755859375,531.4176025390625,324.117919921875,525.4210815429688,315.09124755859375,531.4176025390625,324.117919921875,525.4210815429688,AKAZE:intensity,5.0,0.028901734104046242,ROBUST_MODEL_INLIER,HELD_OUT,0.0274461463825431,SYNTHETIC_SOURCE,SYNTHETIC_TARGET
1111,350.3673095703125,405.68927001953125,359.3958740234375,399.81365966796875,350.3673095703125,405.68927001953125,359.3958740234375,399.81365966796875,AKAZE:intensity,2.0,0.028985507246376812,ROBUST_MODEL_INLIER,FIT,0.12728989755469786,SYNTHETIC_SOURCE,SYNTHETIC_TARGET
1112,334.1000671386719,476.80792236328125,343.1040954589844,470.7904968261719,334.1000671386719,476.80792236328125,343.1040954589844,470.7904968261719,AKAZE:intensity,2.0,0.028985507246376812,ROBUST_MODEL_INLIER,FIT,0.018504652522449504,SYNTHETIC_SOURCE,SYNTHETIC_TARGET
1113,103.50308227539062,514.3865966796875,112.52762603759766,508.38232421875,103.50308227539062,514.3865966796875,112.52762603759766,508.38232421875,AKAZE:intensity,4.0,0.028985507246376812,ROBUST_MODEL_INLIER,HELD_OUT,0.025600666118411136,SYNTHETIC_SOURCE,SYNTHETIC_TARGET
1114,475.6174621582031,256.8246765136719,484.7036437988281,250.84019470214844,475.6174621582031,256.8246765136719,484.7036437988281,250.84019470214844,AKAZE:intensity,4.0,0.028985507246376812,ROBUST_MODEL_INLIER,FIT,0.08808375570509092,SYNTHETIC_SOURCE,SYNTHETIC_TARGET
1115,156.0976104736328,226.3007354736328,165.15371704101562,220.39105224609375,156.0976104736328,226.3007354736328,165.15371704101562,220.39105224609375,AKAZE:intensity,5.0,0.029069767441860465,ROBUST_MODEL_INLIER,HELD_OUT,0.10623543066172708,SYNTHETIC_SOURCE,SYNTHETIC_TARGET
1116,327.3900451660156,440.6046447753906,336.4231262207031,434.5990295410156,327.3900451660156,440.6046447753906,336.4231262207031,434.5990295410156,AKAZE:intensity,5.0,0.029069767441860465,ROBUST_MODEL_INLIER,HELD_OUT,0.03423979786866678,SYNTHETIC_SOURCE,SYNTHETIC_TARGET
1117,245.19517517089844,112.38773345947266,254.2418212890625,106.39146423339844,245.19517517089844,112.38773345947266,254.2418212890625,106.39146423339844,AKAZE:intensity,3.0,0.02912621359223301,ROBUST_MODEL_INLIER,HELD_OUT,0.04736758057754283,SYNTHETIC_SOURCE,SYNTHETIC_TARGET
1118,154.0135498046875,462.3656311035156,163.02981567382812,456.40545654296875,154.0135498046875,462.3656311035156,163.02981567382812,456.40545654296875,AKAZE:intensity,3.0,0.02912621359223301,ROBUST_MODEL_INLIER,FIT,0.042804425480530275,SYNTHETIC_SOURCE,SYNTHETIC_TARGET
1119,292.39666748046875,35.21485137939453,301.3662109375,29.25225067138672,292.39666748046875,35.21485137939453,301.3662109375,29.25225067138672,AKAZE:intensity,3.0,0.02912621359223301,ROBUST_MODEL_INLIER,FIT,0.047468071958616485,SYNTHETIC_SOURCE,SYNTHETIC_TARGET
1120,284.9999694824219,106.3153076171875,294.0048522949219,100.31124877929688,284.9999694824219,106.3153076171875,294.0048522949219,100.31124877929688,AKAZE:intensity,6.0,0.02912621359223301,ROBUST_MODEL_INLIER,FIT,0.007130998800769759,SYNTHETIC_SOURCE,SYNTHETIC_TARGET
1121,476.71209716796875,180.26368713378906,485.7693786621094,174.26312255859375,476.71209716796875,180.26368713378906,485.7693786621094,174.26312255859375,AKAZE:intensity,6.0,0.02912621359223301,ROBUST_MODEL_INLIER,FIT,0.05790141885661239,SYNTHETIC_SOURCE,SYNTHETIC_TARGET
1122,559.4855346679688,414.410400390625,568.4722900390625,408.4393615722656,559.4855346679688,414.410400390625,568.4722900390625,408.4393615722656,AKAZE:intensity,6.0,0.02912621359223301,ROBUST_MODEL_INLIER,FIT,0.03115013676780967,SYNTHETIC_SOURCE,SYNTHETIC_TARGET
1123,435.8541564941406,86.6558837890625,444.91754150390625,80.66271209716797,435.8541564941406,86.6558837890625,444.91754150390625,80.66271209716797,AKAZE:intensity,7.0,0.029288702928870293,ROBUST_MODEL_INLIER,FIT,0.0643086480346566,SYNTHETIC_SOURCE,SYNTHETIC_TARGET
1124,363.1160583496094,295.8021545410156,372.08251953125,289.829833984375,363.1160583496094,295.8021545410156,372.08251953125,289.829833984375,AKAZE:intensity,2.0,0.029411764705882353,ROBUST_MODEL_INLIER,FIT,0.04270413589397647,SYNTHETIC_SOURCE,SYNTHETIC_TARGET
1125,297.3971252441406,299.5591735839844,306.3681335449219,293.5754699707031,297.3971252441406,299.5591735839844,306.3681335449219,293.5754699707031,AKAZE:intensity,2.0,0.029411764705882353,ROBUST_MODEL_INLIER,HELD_OUT,0.032486875708446494,SYNTHETIC_SOURCE,SYNTHETIC_TARGET
1126,296.5823669433594,300.2786560058594,305.5299377441406,294.29278564453125,296.5823669433594,300.2786560058594,305.5299377441406,294.29278564453125,AKAZE:intensity,2.0,0.029411764705882353,ROBUST_MODEL_INLIER,HELD_OUT,0.05358432237821983,SYNTHETIC_SOURCE,SYNTHETIC_TARGET
1127,136.73822021484375,277.72808837890625,145.73207092285156,271.739990234375,136.73822021484375,277.72808837890625,145.73207092285156,271.739990234375,AKAZE:intensity,3.0,0.029411764705882353,ROBUST_MODEL_INLIER,HELD_OUT,0.012686588884745238,SYNTHETIC_SOURCE,SYNTHETIC_TARGET
1128,444.6697998046875,358.82232666015625,453.71051025390625,352.8180236816406,444.6697998046875,358.82232666015625,453.71051025390625,352.8180236816406,AKAZE:intensity,4.0,0.029411764705882353,ROBUST_MODEL_INLIER,FIT,0.04159765314708809,SYNTHETIC_SOURCE,SYNTHETIC_TARGET
1129,535.8074340820312,66.40400695800781,544.8004760742188,60.422447204589844,535.8074340820312,66.40400695800781,544.8004760742188,60.422447204589844,AKAZE:intensity,4.0,0.029411764705882353,ROBUST_MODEL_INLIER,FIT,0.01904116065660431,SYNTHETIC_SOURCE,SYNTHETIC_TARGET
1130,214.1614532470703,321.5888671875,223.1488494873047,315.5898132324219,214.1614532470703,321.5888671875,223.1488494873047,315.5898132324219,AKAZE:intensity,4.0,0.029411764705882353,ROBUST_MODEL_INLIER,FIT,0.012002140971763102,SYNTHETIC_SOURCE,SYNTHETIC_TARGET
1131,306.3320007324219,445.3795166015625,315.3079528808594,439.3603515625,306.3320007324219,445.3795166015625,315.3079528808594,439.3603515625,AKAZE:intensity,5.0,0.029411764705882353,ROBUST_MODEL_INLIER,HELD_OUT,0.030587079062174685,SYNTHETIC_SOURCE,SYNTHETIC_TARGET
1132,502.07733154296875,547.7476196289062,511.0706481933594,541.7598876953125,502.07733154296875,547.7476196289062,511.0706481933594,541.7598876953125,AKAZE:intensity,5.0,0.029411764705882353,ROBUST_MODEL_INLIER,FIT,0.013253099396169766,SYNTHETIC_SOURCE,SYNTHETIC_TARGET
1133,106.57342529296875,125.67164611816406,115.56668090820312,119.68911743164062,106.57342529296875,125.67164611816406,115.56668090820312,119.68911743164062,AKAZE:intensity,5.0,0.029411764705882353,ROBUST_MODEL_INLIER,FIT,0.01805684764695932,SYNTHETIC_SOURCE,SYNTHETIC_TARGET
1134,178.14755249023438,191.4270782470703,187.14332580566406,185.43524169921875,178.14755249023438,191.4270782470703,187.14332580566406,185.43524169921875,AKAZE:intensity,5.0,0.029411764705882353,ROBUST_MODEL_INLIER,FIT,0.008484463020345842,SYNTHETIC_SOURCE,SYNTHETIC_TARGET
1135,222.77919006347656,370.41650390625,231.78515625,364.4320373535156,222.77919006347656,370.41650390625,231.78515625,364.4320373535156,AKAZE:intensity,6.0,0.029411764705882353,ROBUST_MODEL_INLIER,HELD_OUT,0.016419740364375556,SYNTHETIC_SOURCE,SYNTHETIC_TARGET
1136,215.2236785888672,89.71597290039062,224.25201416015625,83.74978637695312,215.2236785888672,89.71597290039062,224.25201416015625,83.74978637695312,AKAZE:intensity,4.0,0.02962962962962963,ROBUST_MODEL_INLIER,FIT,0.04414108168526096,SYNTHETIC_SOURCE,SYNTHETIC_TARGET
1137,338.0970764160156,213.56427001953125,347.0876770019531,207.5435028076172,338.0970764160156,213.56427001953125,347.0876770019531,207.5435028076172,AKAZE:intensity,4.0,0.02962962962962963,ROBUST_MODEL_INLIER,FIT,0.02300094800821075,SYNTHETIC_SOURCE,SYNTHETIC_TARGET
1138,84.4770278930664,412.2862854003906,93.4725112915039,406.27838134765625,84.4770278930664,412.2862854003906,93.4725112915039,406.27838134765625,AKAZE:intensity,3.0,0.0297029702970297,ROBUST_MODEL_INLIER,HELD_OUT,0.009256892500607078,SYNTHETIC_SOURCE,SYNTHETIC_TARGET
1139,44.929134368896484,273.9855041503906,53.92634582519531,267.9862060546875,44.929134368896484,273.9855041503906,53.92634582519531,267.9862060546875,AKAZE:intensity,3.0,0.0297029702970297,ROBUST_MODEL_INLIER,FIT,0.0021886424557538207,SYNTHETIC_SOURCE,SYNTHETIC_TARGET
1140,183.46116638183594,70.32559967041016,192.46099853515625,64.36491394042969,183.46116638183594,70.32559967041016,192.46099853515625,64.36491394042969,AKAZE:intensity,3.0,0.0297029702970297,ROBUST_MODEL_INLIER,FIT,0.038828510330723216,SYNTHETIC_SOURCE,SYNTHETIC_TARGET
1141,217.8760986328125,42.16557693481445,226.8732147216797,36.18414306640625,217.8760986328125,42.16557693481445,226.8732147216797,36.18414306640625,AKAZE:intensity,3.0,0.0297029702970297,ROBUST_MODEL_INLIER,FIT,0.01822025647734315,SYNTHETIC_SOURCE,SYNTHETIC_TARGET
1142,151.99798583984375,266.9343566894531,160.99176025390625,260.9070739746094,151.99798583984375,266.9343566894531,160.99176025390625,260.9070739746094,AKAZE:intensity,3.0,0.0297029702970297,ROBUST_MODEL_INLIER,FIT,0.028333003390485438,SYNTHETIC_SOURCE,SYNTHETIC_TARGET
1143,270.1382751464844,147.02386474609375,279.1689453125,141.01902770996094,270.1382751464844,147.02386474609375,279.1689453125,141.01902770996094,AKAZE:intensity,6.0,0.0297029702970297,ROBUST_MODEL_INLIER,FIT,0.03173058122983366,SYNTHETIC_SOURCE,SYNTHETIC_TARGET
1144,401.0921630859375,356.0819091796875,410.0825500488281,350.0953063964844,401.0921630859375,356.0819091796875,410.0825500488281,350.0953063964844,AKAZE:intensity,6.0,0.0297029702970297,ROBUST_MODEL_INLIER,FIT,0.015738137247123148,SYNTHETIC_SOURCE,SYNTHETIC_TARGET
1145,456.964599609375,136.97219848632812,465.9757995605469,131.01669311523438,456.964599609375,136.97219848632812,465.9757995605469,131.01669311523438,AKAZE:intensity,6.0,0.0297029702970297,ROBUST_MODEL_INLIER,FIT,0.04556360263105109,SYNTHETIC_SOURCE,SYNTHETIC_TARGET
1146,104.58943176269531,425.3008117675781,113.57564544677734,419.3166809082031,104.58943176269531,425.3008117675781,113.57564544677734,419.3166809082031,AKAZE:intensity,6.0,0.029850746268656716,ROBUST_MODEL_INLIER,FIT,0.020252823798426443,SYNTHETIC_SOURCE,SYNTHETIC_TARGET
1147,244.2469024658203,533.4887084960938,253.2328338623047,527.4664306640625,244.2469024658203,533.4887084960938,253.2328338623047,527.4664306640625,AKAZE:intensity,6.0,0.03,ROBUST_MODEL_INLIER,FIT,0.026446558558128136,SYNTHETIC_SOURCE,SYNTHETIC_TARGET
1148,480.9473571777344,568.0411376953125,489.9511413574219,562.046142578125,480.9473571777344,568.0411376953125,489.9511413574219,562.046142578125,AKAZE:intensity,6.0,0.03,ROBUST_MODEL_INLIER,FIT,0.006301713622627103,SYNTHETIC_SOURCE,SYNTHETIC_TARGET
1149,493.5126953125,441.65057373046875,502.6981506347656,435.6688537597656,493.5126953125,441.65057373046875,502.6981506347656,435.6688537597656,AKAZE:intensity,4.0,0.03007518796992481,ROBUST_MODEL_INLIER,FIT,0.1869143688314991,SYNTHETIC_SOURCE,SYNTHETIC_TARGET
1150,183.14376831054688,120.03723907470703,192.1657257080078,114.0119400024414,183.14376831054688,120.03723907470703,192.1657257080078,114.0119400024414,AKAZE:intensity,4.0,0.03007518796992481,ROBUST_MODEL_INLIER,FIT,0.034267928115435886,SYNTHETIC_SOURCE,SYNTHETIC_TARGET
1151,133.02845764160156,82.50080871582031,142.01585388183594,76.52205657958984,133.02845764160156,82.50080871582031,142.01585388183594,76.52205657958984,AKAZE:intensity,4.0,0.03007518796992481,ROBUST_MODEL_INLIER,FIT,0.023975030901169106,SYNTHETIC_SOURCE,SYNTHETIC_TARGET
1152,436.21343994140625,352.89862060546875,445.3413391113281,346.7686767578125,436.21343994140625,352.89862060546875,445.3413391113281,346.7686767578125,AKAZE:intensity,4.0,0.03007518796992481,ROBUST_MODEL_INLIER,FIT,0.18310444386513303,SYNTHETIC_SOURCE,SYNTHETIC_TARGET
1153,498.5909729003906,366.8369140625,507.57183837890625,360.9103698730469,498.5909729003906,366.8369140625,507.57183837890625,360.9103698730469,AKAZE:intensity,5.0,0.030120481927710843,ROBUST_MODEL_INLIER,HELD_OUT,0.07528217055176352,SYNTHETIC_SOURCE,SYNTHETIC_TARGET
1154,161.31503295898438,267.8119812011719,170.32879638671875,261.8050842285156,161.31503295898438,267.8119812011719,170.32879638671875,261.8050842285156,AKAZE:intensity,3.0,0.030303030303030304,ROBUST_MODEL_INLIER,HELD_OUT,0.01616005898921948,SYNTHETIC_SOURCE,SYNTHETIC_TARGET
1155,460.1656494140625,471.211181640625,469.15875244140625,465.210693359375,460.1656494140625,471.211181640625,469.15875244140625,465.210693359375,AKAZE:intensity,3.0,0.030303030303030304,ROBUST_MODEL_INLIER,HELD_OUT,0.006362018476300481,SYNTHETIC_SOURCE,SYNTHETIC_TARGET
1156,186.03738403320312,324.9925231933594,195.05685424804688,318.99713134765625,186.03738403320312,324.9925231933594,195.05685424804688,318.99713134765625,AKAZE:intensity,3.0,0.030303030303030304,ROBUST_MODEL_INLIER,FIT,0.020498841457950327,SYNTHETIC_SOURCE,SYNTHETIC_TARGET
1157,32.060813903808594,259.58856201171875,41.06583786010742,253.61575317382812,32.060813903808594,259.58856201171875,41.06583786010742,253.61575317382812,AKAZE:intensity,4.0,0.030303030303030304,ROBUST_MODEL_INLIER,FIT,0.027290827603174653,SYNTHETIC_SOURCE,SYNTHETIC_TARGET
1158,428.8660583496094,241.6910400390625,437.87103271484375,235.66677856445312,428.8660583496094,241.6910400390625,437.87103271484375,235.66677856445312,AKAZE:intensity,4.0,0.030303030303030304,ROBUST_MODEL_INLIER,FIT,0.02537202153554117,SYNTHETIC_SOURCE,SYNTHETIC_TARGET
1159,473.9174499511719,273.04632568359375,482.8873291015625,267.06219482421875,473.9174499511719,273.04632568359375,482.8873291015625,267.06219482421875,AKAZE:intensity,4.0,0.030303030303030304,ROBUST_MODEL_INLIER,FIT,0.03327822606582476,SYNTHETIC_SOURCE,SYNTHETIC_TARGET
1160,47.668922424316406,385.5599670410156,56.68308639526367,379.5775146484375,47.668922424316406,385.5599670410156,56.68308639526367,379.5775146484375,AKAZE:intensity,5.0,0.030303030303030304,ROBUST_MODEL_INLIER,FIT,0.02256770291945963,SYNTHETIC_SOURCE,SYNTHETIC_TARGET
1161,471.7124328613281,339.0238342285156,480.6965637207031,333.0500183105469,471.7124328613281,339.0238342285156,480.6965637207031,333.0500183105469,AKAZE:intensity,5.0,0.030303030303030304,ROBUST_MODEL_INLIER,FIT,0.029884859401435333,SYNTHETIC_SOURCE,SYNTHETIC_TARGET
1162,323.55078125,143.01568603515625,332.5834045410156,136.99761962890625,323.55078125,143.01568603515625,332.5834045410156,136.99761962890625,AKAZE:intensity,5.0,0.030303030303030304,ROBUST_MODEL_INLIER,HELD_OUT,0.038062467434905205,SYNTHETIC_SOURCE,SYNTHETIC_TARGET
1163,54.91753005981445,449.95941162109375,63.91432571411133,443.9629821777344,54.91753005981445,449.95941162109375,63.91432571411133,443.9629821777344,AKAZE:intensity,5.0,0.030303030303030304,ROBUST_MODEL_INLIER,FIT,0.004028551499639706,SYNTHETIC_SOURCE,SYNTHETIC_TARGET
1164,147.90908813476562,354.0684814453125,156.89401245117188,348.06097412109375,147.90908813476562,354.0684814453125,156.89401245117188,348.06097412109375,AKAZE:intensity,6.0,0.030303030303030304,ROBUST_MODEL_INLIER,FIT,0.016528022797243844,SYNTHETIC_SOURCE,SYNTHETIC_TARGET
1165,61.48286056518555,210.03643798828125,70.48828125,204.039794921875,61.48286056518555,210.03643798828125,70.48828125,204.039794921875,AKAZE:intensity,7.0,0.030434782608695653,ROBUST_MODEL_INLIER,FIT,0.006678515257857411,SYNTHETIC_SOURCE,SYNTHETIC_TARGET
1166,443.6593017578125,79.12918090820312,452.6627197265625,73.11874389648438,443.6593017578125,79.12918090820312,452.6627197265625,73.11874389648438,AKAZE:intensity,7.0,0.030434782608695653,ROBUST_MODEL_INLIER,FIT,0.0116442857656929,SYNTHETIC_SOURCE,SYNTHETIC_TARGET
1167,113.1308364868164,472.60528564453125,122.13855743408203,466.6479187011719,113.1308364868164,472.60528564453125,122.13855743408203,466.6479187011719,AKAZE:intensity,5.0,0.03048780487804878,ROBUST_MODEL_INLIER,HELD_OUT,0.042960361182021595,SYNTHETIC_SOURCE,SYNTHETIC_TARGET
1168,457.4715881347656,252.10044860839844,466.4883117675781,246.09483337402344,457.4715881347656,252.10044860839844,466.4883117675781,246.09483337402344,AKAZE:intensity,5.0,0.03048780487804878,ROBUST_MODEL_INLIER,FIT,0.01837715748687384,SYNTHETIC_SOURCE,SYNTHETIC_TARGET
1169,209.127685546875,343.3142395019531,218.11375427246094,337.31317138671875,209.127685546875,343.3142395019531,218.11375427246094,337.31317138671875,AKAZE:intensity,3.0,0.030612244897959183,ROBUST_MODEL_INLIER,FIT,0.013411538153167028,SYNTHETIC_SOURCE,SYNTHETIC_TARGET
1170,396.8846435546875,110.65641021728516,405.888671875,104.68777465820312,396.8846435546875,110.65641021728516,405.888671875,104.68777465820312,AKAZE:intensity,6.0,0.030612244897959183,ROBUST_MODEL_INLIER,FIT,0.031222660242295436,SYNTHETIC_SOURCE,SYNTHETIC_TARGET
1171,133.04220581054688,198.01060485839844,142.02532958984375,192.0106201171875,133.04220581054688,198.01060485839844,142.02532958984375,192.0106201171875,AKAZE:intensity,4.0,0.03076923076923077,ROBUST_MODEL_INLIER,FIT,0.016272745593429772,SYNTHETIC_SOURCE,SYNTHETIC_TARGET
1172,35.74372100830078,368.721435546875,44.70669174194336,362.7627868652344,35.74372100830078,368.721435546875,44.70669174194336,362.7627868652344,AKAZE:intensity,4.0,0.03076923076923077,ROBUST_MODEL_INLIER,FIT,0.05473687200271804,SYNTHETIC_SOURCE,SYNTHETIC_TARGET
1173,477.4446716308594,264.7273864746094,486.44256591796875,258.6951599121094,477.4446716308594,264.7273864746094,486.44256591796875,258.6951599121094,AKAZE:intensity,4.0,0.03076923076923077,ROBUST_MODEL_INLIER,FIT,0.032749001619722176,SYNTHETIC_SOURCE,SYNTHETIC_TARGET
1174,473.6642150878906,112.22847747802734,482.6702575683594,106.24801635742188,473.6642150878906,112.22847747802734,482.6702575683594,106.24801635742188,AKAZE:intensity,4.0,0.03076923076923077,ROBUST_MODEL_INLIER,FIT,0.02017883702546912,SYNTHETIC_SOURCE,SYNTHETIC_TARGET
1175,563.4201049804688,244.12892150878906,572.4976196289062,238.2092742919922,563.4201049804688,244.12892150878906,572.4976196289062,238.2092742919922,AKAZE:intensity,5.0,0.030864197530864196,ROBUST_MODEL_INLIER,HELD_OUT,0.11172221935327237,SYNTHETIC_SOURCE,SYNTHETIC_TARGET
1176,250.18746948242188,449.0587158203125,259.1791076660156,443.0544128417969,250.18746948242188,449.0587158203125,259.1791076660156,443.0544128417969,AKAZE:intensity,3.0,0.030927835051546393,ROBUST_MODEL_INLIER,HELD_OUT,0.009112704174151005,SYNTHETIC_SOURCE,SYNTHETIC_TARGET
1177,254.34115600585938,379.9142150878906,263.36199951171875,373.9386291503906,254.34115600585938,379.9142150878906,263.36199951171875,373.9386291503906,AKAZE:intensity,3.0,0.030927835051546393,ROBUST_MODEL_INLIER,FIT,0.03213582123893822,SYNTHETIC_SOURCE,SYNTHETIC_TARGET
1178,164.0620574951172,215.80926513671875,173.05360412597656,209.8011932373047,164.0620574951172,215.80926513671875,173.05360412597656,209.8011932373047,AKAZE:intensity,3.0,0.030927835051546393,ROBUST_MODEL_INLIER,FIT,0.011609893097361717,SYNTHETIC_SOURCE,SYNTHETIC_TARGET
1179,368.78363037109375,64.32725524902344,377.7720031738281,58.344608306884766,368.78363037109375,64.32725524902344,377.7720031738281,58.344608306884766,AKAZE:intensity,6.0,0.030927835051546393,ROBUST_MODEL_INLIER,FIT,0.020144269145254783,SYNTHETIC_SOURCE,SYNTHETIC_TARGET
1180,504.75048828125,458.06219482421875,513.8087768554688,452.0893859863281,504.75048828125,458.06219482421875,513.8087768554688,452.0893859863281,AKAZE:intensity,4.0,0.031007751937984496,ROBUST_MODEL_INLIER,HELD_OUT,0.06466936913543514,SYNTHETIC_SOURCE,SYNTHETIC_TARGET
1181,297.21051025390625,474.0772399902344,306.2068786621094,468.0691223144531,297.21051025390625,474.0772399902344,306.2068786621094,468.0691223144531,AKAZE:intensity,4.0,0.031007751937984496,ROBUST_MODEL_INLIER,FIT,0.009120876546556675,SYNTHETIC_SOURCE,SYNTHETIC_TARGET
1182,477.4626770019531,259.0714111328125,486.486083984375,253.08828735351562,477.4626770019531,259.0714111328125,486.486083984375,253.08828735351562,AKAZE:intensity,4.0,0.031007751937984496,ROBUST_MODEL_INLIER,HELD_OUT,0.029075709642866935,SYNTHETIC_SOURCE,SYNTHETIC_TARGET
1183,126.98500061035156,394.9273681640625,135.9871063232422,388.9322814941406,126.98500061035156,394.9273681640625,135.9871063232422,388.9322814941406,AKAZE:intensity,5.0,0.031055900621118012,ROBUST_MODEL_INLIER,FIT,0.005192115488393882,SYNTHETIC_SOURCE,SYNTHETIC_TARGET
1184,78.17896270751953,521.6336669921875,87.18915557861328,515.6314697265625,78.17896270751953,521.6336669921875,87.18915557861328,515.6314697265625,AKAZE:intensity,5.0,0.031055900621118012,ROBUST_MODEL_INLIER,HELD_OUT,0.011132016069802252,SYNTHETIC_SOURCE,SYNTHETIC_TARGET
1185,582.9890747070312,136.31216430664062,591.9786376953125,130.2809600830078,582.9890747070312,136.31216430664062,591.9786376953125,130.2809600830078,AKAZE:intensity,2.0,0.03125,ROBUST_MODEL_INLIER,FIT,0.033180990274154346,SYNTHETIC_SOURCE,SYNTHETIC_TARGET
1186,365.33953857421875,157.54624938964844,374.39337158203125,151.59506225585938,365.33953857421875,157.54624938964844,374.39337158203125,151.59506225585938,AKAZE:intensity,3.0,0.03125,ROBUST_MODEL_INLIER,FIT,0.07279659945136358,SYNTHETIC_SOURCE,SYNTHETIC_TARGET
1187,573.521484375,184.27011108398438,582.3748168945312,178.31405639648438,573.521484375,184.27011108398438,582.3748168945312,178.31405639648438,AKAZE:intensity,4.0,0.03125,ROBUST_MODEL_INLIER,FIT,0.15238503361354228,SYNTHETIC_SOURCE,SYNTHETIC_TARGET
1188,485.7886657714844,244.2244110107422,494.78521728515625,238.21229553222656,485.7886657714844,244.2244110107422,494.78521728515625,238.21229553222656,AKAZE:intensity,5.0,0.03125,ROBUST_MODEL_INLIER,FIT,0.012919356376284262,SYNTHETIC_SOURCE,SYNTHETIC_TARGET
1189,555.154052734375,115.8932876586914,564.1491088867188,109.86196899414062,555.154052734375,115.8932876586914,564.1491088867188,109.86196899414062,AKAZE:intensity,5.0,0.03125,ROBUST_MODEL_INLIER,FIT,0.03210079422021179,SYNTHETIC_SOURCE,SYNTHETIC_TARGET
1190,386.0110778808594,580.6656494140625,395.00830078125,574.6500854492188,386.0110778808594,580.6656494140625,395.00830078125,574.6500854492188,AKAZE:intensity,6.0,0.03125,ROBUST_MODEL_INLIER,HELD_OUT,0.016197820895199107,SYNTHETIC_SOURCE,SYNTHETIC_TARGET
1191,388.8707275390625,154.10646057128906,397.8811950683594,148.07766723632812,388.8707275390625,154.10646057128906,397.8811950683594,148.07766723632812,AKAZE:intensity,7.0,0.03139013452914798,ROBUST_MODEL_INLIER,HELD_OUT,0.03130706776846316,SYNTHETIC_SOURCE,SYNTHETIC_TARGET
1192,148.8535614013672,563.749755859375,157.80511474609375,557.718505859375,148.8535614013672,563.749755859375,157.80511474609375,557.718505859375,AKAZE:intensity,4.0,0.031496062992125984,ROBUST_MODEL_INLIER,HELD_OUT,0.05740758181137013,SYNTHETIC_SOURCE,SYNTHETIC_TARGET
1193,368.7254333496094,254.834716796875,377.7444152832031,248.85797119140625,368.7254333496094,254.834716796875,377.7444152832031,248.85797119140625,AKAZE:intensity,3.0,0.031578947368421054,ROBUST_MODEL_INLIER,HELD_OUT,0.03003587108073481,SYNTHETIC_SOURCE,SYNTHETIC_TARGET
1194,65.26683807373047,546.41650390625,74.26189422607422,540.3829956054688,65.26683807373047,546.41650390625,74.26189422607422,540.3829956054688,AKAZE:intensity,3.0,0.031578947368421054,ROBUST_MODEL_INLIER,HELD_OUT,0.0342716614450198,SYNTHETIC_SOURCE,SYNTHETIC_TARGET
1195,361.8551940917969,483.3761901855469,370.83355712890625,477.4085998535156,361.8551940917969,483.3761901855469,370.83355712890625,477.4085998535156,AKAZE:intensity,3.0,0.031578947368421054,ROBUST_MODEL_INLIER,HELD_OUT,0.038224250339176355,SYNTHETIC_SOURCE,SYNTHETIC_TARGET
1196,578.0223999023438,121.89674377441406,587.0180053710938,115.97175598144531,578.0223999023438,121.89674377441406,587.0180053710938,115.97175598144531,AKAZE:intensity,3.0,0.031578947368421054,ROBUST_MODEL_INLIER,FIT,0.07461994056387707,SYNTHETIC_SOURCE,SYNTHETIC_TARGET
1197,168.5100555419922,348.1558837890625,177.54244995117188,342.1445617675781,168.5100555419922,348.1558837890625,177.54244995117188,342.1445617675781,AKAZE:intensity,5.0,0.03164556962025317,ROBUST_MODEL_INLIER,FIT,0.035054207769205495,SYNTHETIC_SOURCE,SYNTHETIC_TARGET
1198,516.816162109375,490.4477233886719,525.7994995117188,484.43121337890625,516.816162109375,490.4477233886719,525.7994995117188,484.43121337890625,AKAZE:intensity,2.0,0.031746031746031744,ROBUST_MODEL_INLIER,FIT,0.0233798310966138,SYNTHETIC_SOURCE,SYNTHETIC_TARGET
1199,51.3922233581543,606.3004760742188,60.40430450439453,600.3204956054688,51.3922233581543,606.3004760742188,60.40430450439453,600.3204956054688,AKAZE:intensity,4.0,0.031746031746031744,ROBUST_MODEL_INLIER,FIT,0.02329257055456335,SYNTHETIC_SOURCE,SYNTHETIC_TARGET
1200,186.5980682373047,140.01332092285156,195.66152954101562,134.09974670410156,186.5980682373047,140.01332092285156,195.66152954101562,134.09974670410156,AKAZE:intensity,6.0,0.031746031746031744,ROBUST_MODEL_INLIER,FIT,0.10719342757710573,SYNTHETIC_SOURCE,SYNTHETIC_TARGET
1201,148.65792846679688,428.906005859375,157.64865112304688,422.9216613769531,148.65792846679688,428.906005859375,157.64865112304688,422.9216613769531,AKAZE:intensity,5.0,0.03184713375796178,ROBUST_MODEL_INLIER,HELD_OUT,0.017468881229528718,SYNTHETIC_SOURCE,SYNTHETIC_TARGET
1202,544.6788330078125,490.6914978027344,553.7114868164062,484.71728515625,544.6788330078125,490.6914978027344,553.7114868164062,484.71728515625,AKAZE:intensity,7.0,0.03211009174311927,ROBUST_MODEL_INLIER,FIT,0.04179171459035829,SYNTHETIC_SOURCE,SYNTHETIC_TARGET
1203,595.525390625,242.58302307128906,604.50439453125,236.55227661132812,595.525390625,242.58302307128906,604.50439453125,236.55227661132812,AKAZE:intensity,3.0,0.03225806451612903,ROBUST_MODEL_INLIER,FIT,0.03729862655714624,SYNTHETIC_SOURCE,SYNTHETIC_TARGET
1204,63.88846206665039,546.5654296875,72.90580749511719,540.5552368164062,63.88846206665039,546.5654296875,72.90580749511719,540.5552368164062,AKAZE:intensity,3.0,0.03225806451612903,ROBUST_MODEL_INLIER,HELD_OUT,0.020892511860733563,SYNTHETIC_SOURCE,SYNTHETIC_TARGET
1205,467.5216064453125,82.03278350830078,476.5226135253906,76.02347564697266,467.5216064453125,82.03278350830078,476.5226135253906,76.02347564697266,AKAZE:intensity,3.0,0.03225806451612903,ROBUST_MODEL_INLIER,FIT,0.00992877104797207,SYNTHETIC_SOURCE,SYNTHETIC_TARGET
1206,235.4582061767578,420.80126953125,244.48008728027344,414.8036193847656,235.4582061767578,420.80126953125,244.48008728027344,414.8036193847656,AKAZE:intensity,4.0,0.03225806451612903,ROBUST_MODEL_INLIER,FIT,0.022568362874419115,SYNTHETIC_SOURCE,SYNTHETIC_TARGET
1207,130.1472625732422,459.9578552246094,139.15023803710938,453.943359375,130.1472625732422,459.9578552246094,139.15023803710938,453.943359375,AKAZE:intensity,4.0,0.03225806451612903,ROBUST_MODEL_INLIER,HELD_OUT,0.015407214216290339,SYNTHETIC_SOURCE,SYNTHETIC_TARGET
1208,341.4447326660156,566.8118286132812,350.482177734375,560.7365112304688,341.4447326660156,566.8118286132812,350.482177734375,560.7365112304688,AKAZE:intensity,6.0,0.03225806451612903,ROBUST_MODEL_INLIER,FIT,0.08482165813863134,SYNTHETIC_SOURCE,SYNTHETIC_TARGET
1209,330.88507080078125,237.6158905029297,339.885009765625,231.6261749267578,330.88507080078125,237.6158905029297,339.885009765625,231.6261749267578,AKAZE:intensity,6.0,0.03225806451612903,ROBUST_MODEL_INLIER,FIT,0.009811531884732829,SYNTHETIC_SOURCE,SYNTHETIC_TARGET
1210,476.03155517578125,285.0079650878906,484.99664306640625,279.0528869628906,476.03155517578125,285.0079650878906,484.99664306640625,279.0528869628906,AKAZE:intensity,6.0,0.032432432432432434,ROBUST_MODEL_INLIER,FIT,0.05613336657076114,SYNTHETIC_SOURCE,SYNTHETIC_TARGET
1211,440.0700378417969,486.5743103027344,449.097900390625,480.5837097167969,440.0700378417969,486.5743103027344,449.097900390625,480.5837097167969,AKAZE:intensity,3.0,0.03260869565217391,ROBUST_MODEL_INLIER,FIT,0.029834784139598988,SYNTHETIC_SOURCE,SYNTHETIC_TARGET
1212,429.13897705078125,364.4477233886719,438.15655517578125,358.4630432128906,429.13897705078125,364.4477233886719,438.15655517578125,358.4630432128906,AKAZE:intensity,6.0,0.03260869565217391,ROBUST_MODEL_INLIER,FIT,0.02346902951761085,SYNTHETIC_SOURCE,SYNTHETIC_TARGET
1213,489.8689270019531,309.0365905761719,498.8865966796875,303.01922607421875,489.8689270019531,309.0365905761719,498.8865966796875,303.01922607421875,AKAZE:intensity,5.0,0.032679738562091505,ROBUST_MODEL_INLIER,FIT,0.0255515427947588,SYNTHETIC_SOURCE,SYNTHETIC_TARGET
1214,292.945556640625,356.7018127441406,301.95513916015625,350.6720275878906,292.945556640625,356.7018127441406,301.95513916015625,350.6720275878906,AKAZE:intensity,2.0,0.03278688524590164,ROBUST_MODEL_INLIER,FIT,0.031943319163797154,SYNTHETIC_SOURCE,SYNTHETIC_TARGET
1215,472.1813049316406,361.1490783691406,481.1702575683594,355.1495666503906,472.1813049316406,361.1490783691406,481.1702575683594,355.1495666503906,AKAZE:intensity,5.0,0.03289473684210526,ROBUST_MODEL_INLIER,FIT,0.01043701171875,SYNTHETIC_SOURCE,SYNTHETIC_TARGET
1216,388.5278015136719,124.49293518066406,397.5308837890625,118.47960662841797,388.5278015136719,124.49293518066406,397.5308837890625,118.47960662841797,AKAZE:intensity,5.0,0.03289473684210526,ROBUST_MODEL_INLIER,FIT,0.01430176148849237,SYNTHETIC_SOURCE,SYNTHETIC_TARGET
1217,592.3101196289062,257.75213623046875,601.2997436523438,251.75851440429688,592.3101196289062,257.75213623046875,601.2997436523438,251.75851440429688,AKAZE:intensity,3.0,0.03296703296703297,ROBUST_MODEL_INLIER,FIT,0.011404309107634576,SYNTHETIC_SOURCE,SYNTHETIC_TARGET
1218,249.6978759765625,365.9770812988281,258.751220703125,360.01361083984375,249.6978759765625,365.9770812988281,258.751220703125,360.01361083984375,AKAZE:intensity,3.0,0.03296703296703297,ROBUST_MODEL_INLIER,HELD_OUT,0.06488545954964112,SYNTHETIC_SOURCE,SYNTHETIC_TARGET
1219,402.1743469238281,427.7142028808594,411.14398193359375,421.66455078125,402.1743469238281,427.7142028808594,411.14398193359375,421.66455078125,AKAZE:intensity,7.0,0.0330188679245283,ROBUST_MODEL_INLIER,HELD_OUT,0.058304342164345,SYNTHETIC_SOURCE,SYNTHETIC_TARGET
1220,360.65740966796875,206.52503967285156,369.6485900878906,200.52828979492188,360.65740966796875,206.52503967285156,369.6485900878906,200.52828979492188,AKAZE:intensity,4.0,0.03305785123966942,ROBUST_MODEL_INLIER,HELD_OUT,0.008661362337328641,SYNTHETIC_SOURCE,SYNTHETIC_TARGET
1221,48.85320281982422,468.6960144042969,57.87161636352539,462.6736145019531,48.85320281982422,468.6960144042969,57.87161636352539,462.6736145019531,AKAZE:intensity,4.0,0.03305785123966942,ROBUST_MODEL_INLIER,HELD_OUT,0.029762015039717385,SYNTHETIC_SOURCE,SYNTHETIC_TARGET
1222,354.2508850097656,470.1676940917969,363.270751953125,464.1064147949219,354.2508850097656,470.1676940917969,363.270751953125,464.1064147949219,AKAZE:intensity,4.0,0.03305785123966942,ROBUST_MODEL_INLIER,FIT,0.06507344554229033,SYNTHETIC_SOURCE,SYNTHETIC_TARGET
1223,557.810302734375,124.03569030761719,566.8316040039062,118.02383422851562,557.810302734375,124.03569030761719,566.8316040039062,118.02383422851562,AKAZE:intensity,4.0,0.03305785123966942,ROBUST_MODEL_INLIER,FIT,0.025149599826742735,SYNTHETIC_SOURCE,SYNTHETIC_TARGET
1224,130.27523803710938,575.2825927734375,139.30267333984375,569.259765625,130.27523803710938,575.2825927734375,139.30267333984375,569.259765625,AKAZE:intensity,4.0,0.03305785123966942,ROBUST_MODEL_INLIER,FIT,0.03647146811485081,SYNTHETIC_SOURCE,SYNTHETIC_TARGET
1225,492.1217956542969,145.0101776123047,501.11651611328125,139.02879333496094,492.1217956542969,145.0101776123047,501.11651611328125,139.02879333496094,AKAZE:intensity,6.0,0.03314917127071823,ROBUST_MODEL_INLIER,FIT,0.01871912022735579,SYNTHETIC_SOURCE,SYNTHETIC_TARGET
1226,453.9462890625,497.2628479003906,462.9401550292969,491.251953125,453.9462890625,497.2628479003906,462.9401550292969,491.251953125,AKAZE:intensity,2.0,0.03333333333333333,ROBUST_MODEL_INLIER,FIT,0.012652471590588719,SYNTHETIC_SOURCE,SYNTHETIC_TARGET
1227,547.9686279296875,364.1456604003906,556.9613647460938,358.1606140136719,547.9686279296875,364.1456604003906,556.9613647460938,358.1606140136719,AKAZE:intensity,2.0,0.03333333333333333,ROBUST_MODEL_INLIER,FIT,0.015921871900324198,SYNTHETIC_SOURCE,SYNTHETIC_TARGET
1228,289.31878662109375,290.0172119140625,298.32196044921875,284.07220458984375,289.31878662109375,290.0172119140625,298.32196044921875,284.07220458984375,AKAZE:intensity,2.0,0.03333333333333333,ROBUST_MODEL_INLIER,FIT,0.054635602304042026,SYNTHETIC_SOURCE,SYNTHETIC_TARGET
1229,445.1427917480469,528.8463745117188,454.169189453125,522.8644409179688,445.1427917480469,528.8463745117188,454.169189453125,522.8644409179688,AKAZE:intensity,3.0,0.03333333333333333,ROBUST_MODEL_INLIER,FIT,0.032224611743492476,SYNTHETIC_SOURCE,SYNTHETIC_TARGET
1230,112.634521484375,529.3846435546875,121.63911437988281,523.395751953125,112.634521484375,529.3846435546875,121.63911437988281,523.395751953125,AKAZE:intensity,4.0,0.03333333333333333,ROBUST_MODEL_INLIER,HELD_OUT,0.011826270297559942,SYNTHETIC_SOURCE,SYNTHETIC_TARGET
1231,155.9269561767578,502.2845458984375,164.95140075683594,496.2774353027344,155.9269561767578,502.2845458984375,164.95140075683594,496.2774353027344,AKAZE:intensity,4.0,0.03333333333333333,ROBUST_MODEL_INLIER,HELD_OUT,0.026181912276705955,SYNTHETIC_SOURCE,SYNTHETIC_TARGET
1232,49.72121047973633,362.9310607910156,58.73720932006836,356.91729736328125,49.72121047973633,362.9310607910156,58.73720932006836,356.91729736328125,AKAZE:intensity,5.0,0.03333333333333333,ROBUST_MODEL_INLIER,FIT,0.021885530936321323,SYNTHETIC_SOURCE,SYNTHETIC_TARGET
1233,376.5992736816406,61.70604705810547,385.5621032714844,55.76115798950195,376.5992736816406,61.70604705810547,385.5621032714844,55.76115798950195,AKAZE:intensity,7.0,0.03333333333333333,ROBUST_MODEL_INLIER,HELD_OUT,0.06572877447057462,SYNTHETIC_SOURCE,SYNTHETIC_TARGET
1234,520.1570434570312,168.06106567382812,529.14990234375,162.05099487304688,520.1570434570312,168.06106567382812,529.14990234375,162.05099487304688,AKAZE:intensity,7.0,0.03349282296650718,ROBUST_MODEL_INLIER,FIT,0.0124155169835878,SYNTHETIC_SOURCE,SYNTHETIC_TARGET
1235,191.8865509033203,424.2610168457031,200.87928771972656,418.1678161621094,191.8865509033203,424.2610168457031,200.87928771972656,418.1678161621094,AKAZE:intensity,5.0,0.03355704697986577,ROBUST_MODEL_INLIER,HELD_OUT,0.0939248758717809,SYNTHETIC_SOURCE,SYNTHETIC_TARGET
1236,436.63128662109375,495.0140686035156,445.6402893066406,489.0188903808594,436.63128662109375,495.0140686035156,445.6402893066406,489.0188903808594,AKAZE:intensity,3.0,0.033707865168539325,ROBUST_MODEL_INLIER,FIT,0.010544651291568032,SYNTHETIC_SOURCE,SYNTHETIC_TARGET
1237,404.3290710449219,455.1759948730469,413.3409729003906,449.1611328125,404.3290710449219,455.1759948730469,413.3409729003906,449.1611328125,AKAZE:intensity,6.0,0.033707865168539325,ROBUST_MODEL_INLIER,HELD_OUT,0.019803745051725684,SYNTHETIC_SOURCE,SYNTHETIC_TARGET
1238,317.7704772949219,540.3486328125,326.7814636230469,534.3624267578125,317.7704772949219,540.3486328125,326.7814636230469,534.3624267578125,AKAZE:intensity,5.0,0.033783783783783786,ROBUST_MODEL_INLIER,HELD_OUT,0.017650033312109615,SYNTHETIC_SOURCE,SYNTHETIC_TARGET
1239,300.8637390136719,406.3565979003906,309.88824462890625,400.3553161621094,300.8637390136719,406.3565979003906,309.88824462890625,400.3553161621094,AKAZE:intensity,5.0,0.033783783783783786,ROBUST_MODEL_INLIER,FIT,0.025178259615841875,SYNTHETIC_SOURCE,SYNTHETIC_TARGET
1240,568.7625122070312,282.9090576171875,577.7227783203125,276.949462890625,568.7625122070312,282.9090576171875,577.7227783203125,276.949462890625,AKAZE:intensity,2.0,0.03389830508474576,ROBUST_MODEL_INLIER,HELD_OUT,0.055892908927870855,SYNTHETIC_SOURCE,SYNTHETIC_TARGET
1241,343.969482421875,35.962791442871094,352.95123291015625,29.96360969543457,343.969482421875,35.962791442871094,352.95123291015625,29.96360969543457,AKAZE:intensity,2.0,0.03389830508474576,ROBUST_MODEL_INLIER,FIT,0.017642246231292517,SYNTHETIC_SOURCE,SYNTHETIC_TARGET
1242,261.42291259765625,125.94441223144531,270.4131774902344,119.93941497802734,261.42291259765625,125.94441223144531,270.4131774902344,119.93941497802734,AKAZE:intensity,2.0,0.03389830508474576,ROBUST_MODEL_INLIER,FIT,0.0106467018407902,SYNTHETIC_SOURCE,SYNTHETIC_TARGET
1243,545.6149291992188,374.4642639160156,554.6180419921875,368.4486999511719,545.6149291992188,374.4642639160156,554.6180419921875,368.4486999511719,AKAZE:intensity,4.0,0.03389830508474576,ROBUST_MODEL_INLIER,FIT,0.016478361868064704,SYNTHETIC_SOURCE,SYNTHETIC_TARGET
1244,174.6793212890625,442.8194885253906,183.66049194335938,436.8274230957031,174.6793212890625,442.8194885253906,183.66049194335938,436.8274230957031,AKAZE:intensity,4.0,0.03389830508474576,ROBUST_MODEL_INLIER,FIT,0.019681945236648617,SYNTHETIC_SOURCE,SYNTHETIC_TARGET
1245,189.46487426757812,170.65664672851562,198.4973602294922,164.61557006835938,189.46487426757812,170.65664672851562,198.4973602294922,164.61557006835938,AKAZE:intensity,4.0,0.03389830508474576,ROBUST_MODEL_INLIER,FIT,0.053132008430360395,SYNTHETIC_SOURCE,SYNTHETIC_TARGET
1246,161.8796844482422,324.6691589355469,170.89602661132812,318.6787414550781,161.8796844482422,324.6691589355469,170.89602661132812,318.6787414550781,AKAZE:intensity,4.0,0.03389830508474576,ROBUST_MODEL_INLIER,HELD_OUT,0.019237799323769882,SYNTHETIC_SOURCE,SYNTHETIC_TARGET
1247,396.74066162109375,111.18270874023438,405.7439270019531,105.2360610961914,396.74066162109375,111.18270874023438,405.7439270019531,105.2360610961914,AKAZE:intensity,6.0,0.03389830508474576,ROBUST_MODEL_INLIER,FIT,0.053005959065340516,SYNTHETIC_SOURCE,SYNTHETIC_TARGET
1248,458.6148986816406,213.53695678710938,467.61407470703125,207.52796936035156,458.6148986816406,213.53695678710938,467.61407470703125,207.52796936035156,AKAZE:intensity,7.0,0.03398058252427184,ROBUST_MODEL_INLIER,FIT,0.009478115691184515,SYNTHETIC_SOURCE,SYNTHETIC_TARGET
1249,211.5978546142578,399.5943603515625,220.6165313720703,393.5972595214844,211.5978546142578,399.5943603515625,220.6165313720703,393.5972595214844,AKAZE:intensity,7.0,0.03398058252427184,ROBUST_MODEL_INLIER,FIT,0.019437205875109418,SYNTHETIC_SOURCE,SYNTHETIC_TARGET
1250,327.3984680175781,367.78668212890625,336.39093017578125,361.7660827636719,327.3984680175781,367.78668212890625,336.39093017578125,361.7660827636719,AKAZE:intensity,5.0,0.034013605442176874,ROBUST_MODEL_INLIER,FIT,0.022196372568447628,SYNTHETIC_SOURCE,SYNTHETIC_TARGET
1251,322.524658203125,577.3123779296875,331.5371398925781,571.2801513671875,322.524658203125,577.3123779296875,331.5371398925781,571.2801513671875,AKAZE:intensity,7.0,0.03414634146341464,ROBUST_MODEL_INLIER,FIT,0.03523723229116784,SYNTHETIC_SOURCE,SYNTHETIC_TARGET
1252,573.04541015625,170.37171936035156,582.0404663085938,164.36566162109375,573.04541015625,170.37171936035156,582.0404663085938,164.36566162109375,AKAZE:intensity,4.0,0.03418803418803419,ROBUST_MODEL_INLIER,FIT,0.007850450489191581,SYNTHETIC_SOURCE,SYNTHETIC_TARGET
1253,254.29269409179688,594.4680786132812,263.30889892578125,588.4683837890625,254.29269409179688,594.4680786132812,263.30889892578125,588.4683837890625,AKAZE:intensity,6.0,0.03428571428571429,ROBUST_MODEL_INLIER,FIT,0.016816182461799112,SYNTHETIC_SOURCE,SYNTHETIC_TARGET
1254,248.0406951904297,161.9881591796875,256.97979736328125,155.99722290039062,248.0406951904297,161.9881591796875,256.97979736328125,155.99722290039062,AKAZE:intensity,6.0,0.03428571428571429,ROBUST_MODEL_INLIER,HELD_OUT,0.06089431725817462,SYNTHETIC_SOURCE,SYNTHETIC_TARGET
1255,274.9238586425781,134.4311065673828,283.93218994140625,128.4698028564453,274.9238586425781,134.4311065673828,283.93218994140625,128.4698028564453,AKAZE:intensity,7.0,0.03431372549019608,ROBUST_MODEL_INLIER,FIT,0.039240348784232604,SYNTHETIC_SOURCE,SYNTHETIC_TARGET
1256,222.453125,143.06649780273438,231.45062255859375,137.0541229248047,222.453125,143.06649780273438,231.45062255859375,137.0541229248047,AKAZE:intensity,4.0,0.034482758620689655,ROBUST_MODEL_INLIER,FIT,0.01300157175339969,SYNTHETIC_SOURCE,SYNTHETIC_TARGET
1257,46.10918426513672,357.1427001953125,55.11198425292969,351.17230224609375,46.10918426513672,357.1427001953125,55.11198425292969,351.17230224609375,AKAZE:intensity,4.0,0.034482758620689655,ROBUST_MODEL_INLIER,FIT,0.029312829799222725,SYNTHETIC_SOURCE,SYNTHETIC_TARGET
1258,159.00338745117188,482.72930908203125,168.03514099121094,476.6262512207031,159.00338745117188,482.72930908203125,168.03514099121094,476.6262512207031,AKAZE:intensity,4.0,0.034482758620689655,ROBUST_MODEL_INLIER,FIT,0.10848605957636713,SYNTHETIC_SOURCE,SYNTHETIC_TARGET
1259,189.93096923828125,170.3550567626953,198.94613647460938,164.31280517578125,189.93096923828125,170.3550567626953,198.94613647460938,164.31280517578125,AKAZE:intensity,4.0,0.034482758620689655,ROBUST_MODEL_INLIER,FIT,0.04555906726797466,SYNTHETIC_SOURCE,SYNTHETIC_TARGET
1260,293.6590881347656,295.26300048828125,302.6418151855469,289.307861328125,293.6590881347656,295.26300048828125,302.6418151855469,289.307861328125,AKAZE:intensity,4.0,0.034482758620689655,ROBUST_MODEL_INLIER,FIT,0.04739795477454534,SYNTHETIC_SOURCE,SYNTHETIC_TARGET
1261,116.04590606689453,504.87689208984375,125.01996612548828,498.9170227050781,116.04590606689453,504.87689208984375,125.01996612548828,498.9170227050781,AKAZE:intensity,5.0,0.034482758620689655,ROBUST_MODEL_INLIER,HELD_OUT,0.047043626192942826,SYNTHETIC_SOURCE,SYNTHETIC_TARGET
1262,185.7039031982422,158.64071655273438,194.7614288330078,152.62881469726562,185.7039031982422,158.64071655273438,194.7614288330078,152.62881469726562,AKAZE:intensity,5.0,0.034482758620689655,ROBUST_MODEL_INLIER,FIT,0.05944163855626167,SYNTHETIC_SOURCE,SYNTHETIC_TARGET
1263,298.7615661621094,204.9617156982422,307.7696533203125,198.9687957763672,298.7615661621094,204.9617156982422,307.7696533203125,198.9687957763672,AKAZE:intensity,7.0,0.034482758620689655,ROBUST_MODEL_INLIER,FIT,0.010913224187397692,SYNTHETIC_SOURCE,SYNTHETIC_TARGET
1264,556.1904296875,539.6126708984375,565.2033081054688,533.6268310546875,556.1904296875,539.6126708984375,565.2033081054688,533.6268310546875,AKAZE:intensity,7.0,0.034482758620689655,ROBUST_MODEL_INLIER,FIT,0.019205912357469598,SYNTHETIC_SOURCE,SYNTHETIC_TARGET
1265,288.80902099609375,565.750732421875,297.7775573730469,559.740966796875,288.80902099609375,565.750732421875,297.7775573730469,559.740966796875,AKAZE:intensity,7.0,0.034653465346534656,ROBUST_MODEL_INLIER,FIT,0.032512566104082534,SYNTHETIC_SOURCE,SYNTHETIC_TARGET
1266,198.6371612548828,415.316650390625,207.61329650878906,409.32574462890625,198.6371612548828,415.316650390625,207.61329650878906,409.32574462890625,AKAZE:intensity,6.0,0.03468208092485549,ROBUST_MODEL_INLIER,FIT,0.024795752891145516,SYNTHETIC_SOURCE,SYNTHETIC_TARGET
1267,243.9318084716797,112.96493530273438,252.91500854492188,106.9342041015625,243.9318084716797,112.96493530273438,252.91500854492188,106.9342041015625,AKAZE:intensity,5.0,0.034722222222222224,ROBUST_MODEL_INLIER,FIT,0.03516757636935534,SYNTHETIC_SOURCE,SYNTHETIC_TARGET
1268,159.51634216308594,608.9739379882812,168.48263549804688,602.9898071289062,159.51634216308594,608.9739379882812,168.48263549804688,602.9898071289062,AKAZE:intensity,5.0,0.034722222222222224,ROBUST_MODEL_INLIER,FIT,0.03649570934853052,SYNTHETIC_SOURCE,SYNTHETIC_TARGET
1269,495.2609558105469,157.14688110351562,504.2018127441406,151.16064453125,495.2609558105469,157.14688110351562,504.2018127441406,151.16064453125,AKAZE:intensity,5.0,0.034722222222222224,ROBUST_MODEL_INLIER,FIT,0.060019232094066025,SYNTHETIC_SOURCE,SYNTHETIC_TARGET
1270,239.22955322265625,96.34285736083984,248.21066284179688,90.35044860839844,239.22955322265625,96.34285736083984,248.21066284179688,90.35044860839844,AKAZE:intensity,4.0,0.034782608695652174,ROBUST_MODEL_INLIER,FIT,0.01961151706206397,SYNTHETIC_SOURCE,SYNTHETIC_TARGET
1271,359.44976806640625,531.3896484375,368.50616455078125,525.3372802734375,359.44976806640625,531.3896484375,368.50616455078125,525.3372802734375,AKAZE:intensity,4.0,0.034782608695652174,ROBUST_MODEL_INLIER,FIT,0.077740485943158,SYNTHETIC_SOURCE,SYNTHETIC_TARGET
1272,198.4434356689453,86.35702514648438,207.40997314453125,80.27758026123047,198.4434356689453,86.35702514648438,207.40997314453125,80.27758026123047,AKAZE:intensity,3.0,0.03488372093023256,ROBUST_MODEL_INLIER,FIT,0.08642092552391545,SYNTHETIC_SOURCE,SYNTHETIC_TARGET
1273,444.11395263671875,528.697509765625,453.111083984375,522.6891479492188,444.11395263671875,528.697509765625,453.111083984375,522.6891479492188,AKAZE:intensity,3.0,0.03488372093023256,ROBUST_MODEL_INLIER,HELD_OUT,0.009133682222617344,SYNTHETIC_SOURCE,SYNTHETIC_TARGET
1274,531.0505981445312,420.7480163574219,539.9910888671875,414.8392639160156,531.0505981445312,420.7480163574219,539.9910888671875,414.8392639160156,AKAZE:intensity,6.0,0.03488372093023256,ROBUST_MODEL_INLIER,FIT,0.1081957941980414,SYNTHETIC_SOURCE,SYNTHETIC_TARGET
1275,50.3494758605957,221.5815887451172,59.35536575317383,215.5579071044922,50.3494758605957,221.5815887451172,59.35536575317383,215.5579071044922,AKAZE:intensity,5.0,0.03496503496503497,ROBUST_MODEL_INLIER,FIT,0.025028749416048202,SYNTHETIC_SOURCE,SYNTHETIC_TARGET
1276,98.3558120727539,95.10039520263672,107.35400390625,89.0896987915039,98.3558120727539,95.10039520263672,107.35400390625,89.0896987915039,AKAZE:intensity,7.0,0.035,ROBUST_MODEL_INLIER,HELD_OUT,0.011248649000302214,SYNTHETIC_SOURCE,SYNTHETIC_TARGET
1277,68.94377899169922,449.48040771484375,77.9312744140625,443.4769592285156,68.94377899169922,449.48040771484375,77.9312744140625,443.4769592285156,AKAZE:intensity,6.0,0.03508771929824561,ROBUST_MODEL_INLIER,HELD_OUT,0.01252879694419226,SYNTHETIC_SOURCE,SYNTHETIC_TARGET
1278,570.2460327148438,388.1536560058594,579.208251953125,382.16619873046875,570.2460327148438,388.1536560058594,579.208251953125,382.16619873046875,AKAZE:intensity,7.0,0.035175879396984924,ROBUST_MODEL_INLIER,FIT,0.03907619474677944,SYNTHETIC_SOURCE,SYNTHETIC_TARGET
1279,143.80780029296875,524.3812255859375,152.7939910888672,518.415771484375,143.80780029296875,524.3812255859375,152.7939910888672,518.415771484375,AKAZE:intensity,5.0,0.035211267605633804,ROBUST_MODEL_INLIER,FIT,0.036525757991288994,SYNTHETIC_SOURCE,SYNTHETIC_TARGET
1280,516.730224609375,378.58758544921875,525.7349243164062,372.5680236816406,516.730224609375,378.58758544921875,525.7349243164062,372.5680236816406,AKAZE:intensity,5.0,0.035211267605633804,ROBUST_MODEL_INLIER,FIT,0.020741291673356674,SYNTHETIC_SOURCE,SYNTHETIC_TARGET
1281,59.924049377441406,537.1031494140625,68.91845703125,531.0720825195312,59.924049377441406,537.1031494140625,68.91845703125,531.0720825195312,AKAZE:intensity,5.0,0.035211267605633804,ROBUST_MODEL_INLIER,FIT,0.031946038706982705,SYNTHETIC_SOURCE,SYNTHETIC_TARGET
1282,482.2290954589844,157.7346954345703,491.38885498046875,151.69935607910156,482.2290954589844,157.7346954345703,491.38885498046875,151.69935607910156,AKAZE:intensity,5.0,0.035211267605633804,ROBUST_MODEL_INLIER,HELD_OUT,0.16432320509873682,SYNTHETIC_SOURCE,SYNTHETIC_TARGET
1283,202.7699737548828,357.71612548828125,211.76214599609375,351.7668762207031,202.7699737548828,357.71612548828125,211.76214599609375,351.7668762207031,AKAZE:intensity,5.0,0.035211267605633804,ROBUST_MODEL_INLIER,FIT,0.05077799685768586,SYNTHETIC_SOURCE,SYNTHETIC_TARGET
1284,32.33152770996094,534.4671630859375,41.344207763671875,528.4611206054688,32.33152770996094,534.4671630859375,41.344207763671875,528.4611206054688,AKAZE:intensity,6.0,0.03529411764705882,ROBUST_MODEL_INLIER,FIT,0.014808299056924322,SYNTHETIC_SOURCE,SYNTHETIC_TARGET
1285,505.9248352050781,232.90306091308594,514.9357299804688,226.88536071777344,505.9248352050781,232.90306091308594,514.9357299804688,226.88536071777344,AKAZE:intensity,7.0,0.03535353535353535,ROBUST_MODEL_INLIER,FIT,0.021521817438872007,SYNTHETIC_SOURCE,SYNTHETIC_TARGET
1286,340.3868408203125,432.4057312011719,349.2464599609375,426.45404052734375,340.3868408203125,432.4057312011719,349.2464599609375,426.45404052734375,AKAZE:intensity,4.0,0.035398230088495575,ROBUST_MODEL_INLIER,FIT,0.1477249037623112,SYNTHETIC_SOURCE,SYNTHETIC_TARGET
1287,530.6165771484375,174.04127502441406,539.5011596679688,168.0197296142578,530.6165771484375,174.04127502441406,539.5011596679688,168.0197296142578,AKAZE:intensity,6.0,0.03550295857988166,ROBUST_MODEL_INLIER,HELD_OUT,0.11690235414516749,SYNTHETIC_SOURCE,SYNTHETIC_TARGET
1288,290.4324035644531,91.44207763671875,299.4499206542969,85.416748046875,290.4324035644531,91.44207763671875,299.4499206542969,85.416748046875,AKAZE:intensity,6.0,0.03550295857988166,ROBUST_MODEL_INLIER,FIT,0.03154626126422145,SYNTHETIC_SOURCE,SYNTHETIC_TARGET
1289,140.1054229736328,65.2640380859375,149.0977325439453,59.3116340637207,140.1054229736328,65.2640380859375,149.0977325439453,59.3116340637207,AKAZE:intensity,7.0,0.03553299492385787,ROBUST_MODEL_INLIER,FIT,0.047636777587494954,SYNTHETIC_SOURCE,SYNTHETIC_TARGET
1290,547.8665161132812,360.866943359375,556.864990234375,354.8849182128906,547.8665161132812,360.866943359375,556.864990234375,354.8849182128906,AKAZE:intensity,3.0,0.03571428571428571,ROBUST_MODEL_INLIER,FIT,0.017510522548401557,SYNTHETIC_SOURCE,SYNTHETIC_TARGET
1291,210.9517364501953,159.5791015625,219.95269775390625,153.58645629882812,210.9517364501953,159.5791015625,219.95269775390625,153.58645629882812,AKAZE:intensity,3.0,0.03571428571428571,ROBUST_MODEL_INLIER,FIT,0.007044026237772862,SYNTHETIC_SOURCE,SYNTHETIC_TARGET
1292,110.42977905273438,468.82598876953125,119.455078125,462.79864501953125,110.42977905273438,468.82598876953125,119.455078125,462.79864501953125,AKAZE:intensity,4.0,0.03571428571428571,ROBUST_MODEL_INLIER,FIT,0.03802525748244696,SYNTHETIC_SOURCE,SYNTHETIC_TARGET
1293,132.80909729003906,560.9571533203125,141.8418426513672,554.9977416992188,132.80909729003906,560.9571533203125,141.8418426513672,554.9977416992188,AKAZE:intensity,4.0,0.03571428571428571,ROBUST_MODEL_INLIER,FIT,0.05215957644078979,SYNTHETIC_SOURCE,SYNTHETIC_TARGET
1294,110.99335479736328,463.2764587402344,119.94097900390625,457.3179016113281,110.99335479736328,463.2764587402344,119.94097900390625,457.3179016113281,AKAZE:intensity,4.0,0.03571428571428571,ROBUST_MODEL_INLIER,FIT,0.06600711631184839,SYNTHETIC_SOURCE,SYNTHETIC_TARGET
1295,259.88330078125,166.5321502685547,268.9385986328125,160.5819549560547,259.88330078125,166.5321502685547,268.9385986328125,160.5819549560547,AKAZE:intensity,5.0,0.03571428571428571,ROBUST_MODEL_INLIER,HELD_OUT,0.07455088934467045,SYNTHETIC_SOURCE,SYNTHETIC_TARGET
1296,187.01040649414062,59.630584716796875,196.02108764648438,53.645538330078125,187.01040649414062,59.630584716796875,196.02108764648438,53.645538330078125,AKAZE:intensity,5.0,0.03571428571428571,ROBUST_MODEL_INLIER,FIT,0.018350582858295435,SYNTHETIC_SOURCE,SYNTHETIC_TARGET
1297,199.15367126464844,123.18863677978516,208.13150024414062,117.14457702636719,199.15367126464844,123.18863677978516,208.13150024414062,117.14457702636719,AKAZE:intensity,7.0,0.03571428571428571,ROBUST_MODEL_INLIER,FIT,0.04949131073378345,SYNTHETIC_SOURCE,SYNTHETIC_TARGET
1298,130.1888885498047,134.6881103515625,139.18756103515625,128.69578552246094,130.1888885498047,134.6881103515625,139.18756103515625,128.69578552246094,AKAZE:intensity,7.0,0.03571428571428571,ROBUST_MODEL_INLIER,HELD_OUT,0.007222583035912394,SYNTHETIC_SOURCE,SYNTHETIC_TARGET
1299,436.3686218261719,201.6576385498047,445.36285400390625,195.63778686523438,436.3686218261719,201.6576385498047,445.36285400390625,195.63778686523438,AKAZE:intensity,8.0,0.03587443946188341,ROBUST_MODEL_INLIER,HELD_OUT,0.020983653486108502,SYNTHETIC_SOURCE,SYNTHETIC_TARGET
1300,166.27346801757812,55.05302429199219,175.2834930419922,49.0442008972168,166.27346801757812,55.05302429199219,175.2834930419922,49.0442008972168,AKAZE:intensity,5.0,0.03597122302158273,ROBUST_MODEL_INLIER,HELD_OUT,0.014135718325033126,SYNTHETIC_SOURCE,SYNTHETIC_TARGET
1301,91.57539367675781,70.37034606933594,100.69866180419922,64.37171936035156,91.57539367675781,70.37034606933594,100.69866180419922,64.37171936035156,AKAZE:intensity,5.0,0.03597122302158273,ROBUST_MODEL_INLIER,FIT,0.12388164029672231,SYNTHETIC_SOURCE,SYNTHETIC_TARGET
1302,486.6741638183594,423.71539306640625,495.68707275390625,417.7267150878906,486.6741638183594,423.71539306640625,495.68707275390625,417.7267150878906,AKAZE:intensity,4.0,0.036036036036036036,ROBUST_MODEL_INLIER,FIT,0.017324579400713563,SYNTHETIC_SOURCE,SYNTHETIC_TARGET
1303,364.99664306640625,404.0612487792969,373.9867858886719,398.0548095703125,364.99664306640625,404.0612487792969,373.9867858886719,398.0548095703125,AKAZE:intensity,4.0,0.036036036036036036,ROBUST_MODEL_INLIER,HELD_OUT,0.011553956690252628,SYNTHETIC_SOURCE,SYNTHETIC_TARGET
1304,257.41864013671875,388.9701232910156,266.5023498535156,382.63427734375,257.41864013671875,388.9701232910156,266.5023498535156,382.63427734375,AKAZE:intensity,7.0,0.03608247422680412,ROBUST_MODEL_INLIER,FIT,0.34674282573591964,SYNTHETIC_SOURCE,SYNTHETIC_TARGET
1305,572.289794921875,277.9415588378906,581.3012084960938,271.9098815917969,572.289794921875,277.9415588378906,581.3012084960938,271.9098815917969,AKAZE:intensity,3.0,0.03614457831325301,ROBUST_MODEL_INLIER,FIT,0.034339422541658116,SYNTHETIC_SOURCE,SYNTHETIC_TARGET
1306,376.1106872558594,163.1315155029297,385.2066955566406,157.17758178710938,376.1106872558594,163.1315155029297,385.2066955566406,157.17758178710938,AKAZE:intensity,3.0,0.03614457831325301,ROBUST_MODEL_INLIER,FIT,0.10682938889547684,SYNTHETIC_SOURCE,SYNTHETIC_TARGET
1307,336.1924133300781,485.92242431640625,345.2227783203125,479.89520263671875,336.1924133300781,485.92242431640625,345.2227783203125,479.89520263671875,AKAZE:intensity,3.0,0.03614457831325301,ROBUST_MODEL_INLIER,FIT,0.041560964071963094,SYNTHETIC_SOURCE,SYNTHETIC_TARGET
1308,140.31100463867188,546.5717163085938,149.31521606445312,540.5093383789062,140.31100463867188,546.5717163085938,149.31521606445312,540.5093383789062,AKAZE:intensity,3.0,0.03614457831325301,ROBUST_MODEL_INLIER,FIT,0.06305085260637595,SYNTHETIC_SOURCE,SYNTHETIC_TARGET
1309,523.8416137695312,86.05436706542969,532.849853515625,80.07669830322266,523.8416137695312,86.05436706542969,532.849853515625,80.07669830322266,AKAZE:intensity,5.0,0.036231884057971016,ROBUST_MODEL_INLIER,FIT,0.02356775294895937,SYNTHETIC_SOURCE,SYNTHETIC_TARGET
1310,129.60720825195312,312.0526123046875,138.6076202392578,306.0533142089844,129.60720825195312,312.0526123046875,138.6076202392578,306.0533142089844,AKAZE:intensity,7.0,0.03626943005181347,ROBUST_MODEL_INLIER,FIT,0.0010444192479643311,SYNTHETIC_SOURCE,SYNTHETIC_TARGET
1311,324.64141845703125,284.676025390625,333.6256408691406,278.6719665527344,324.64141845703125,284.676025390625,333.6256408691406,278.6719665527344,AKAZE:intensity,7.0,0.03626943005181347,ROBUST_MODEL_INLIER,HELD_OUT,0.015834182969519866,SYNTHETIC_SOURCE,SYNTHETIC_TARGET
1312,418.6232604980469,274.71783447265625,427.6196594238281,268.7112121582031,418.6232604980469,274.71783447265625,427.6196594238281,268.7112121582031,AKAZE:intensity,4.0,0.03636363636363636,ROBUST_MODEL_INLIER,HELD_OUT,0.007713947968446946,SYNTHETIC_SOURCE,SYNTHETIC_TARGET
1313,375.66473388671875,182.23605346679688,384.7073059082031,176.21546936035156,375.66473388671875,182.23605346679688,384.7073059082031,176.21546936035156,AKAZE:intensity,4.0,0.03636363636363636,ROBUST_MODEL_INLIER,FIT,0.04804958756473394,SYNTHETIC_SOURCE,SYNTHETIC_TARGET
1314,56.89278793334961,592.8495483398438,65.9837417602539,586.8451538085938,56.89278793334961,592.8495483398438,65.9837417602539,586.8451538085938,AKAZE:intensity,4.0,0.03636363636363636,ROBUST_MODEL_INLIER,FIT,0.09169427809961526,SYNTHETIC_SOURCE,SYNTHETIC_TARGET
1315,178.26783752441406,487.0315246582031,187.29776000976562,481.0122375488281,178.26783752441406,487.0315246582031,187.29776000976562,481.0122375488281,AKAZE:intensity,8.0,0.03636363636363636,ROBUST_MODEL_INLIER,HELD_OUT,0.03637746836150195,SYNTHETIC_SOURCE,SYNTHETIC_TARGET
1316,181.3817596435547,185.35498046875,190.36160278320312,179.36378479003906,181.3817596435547,185.35498046875,190.36160278320312,179.36378479003906,AKAZE:intensity,7.0,0.036458333333333336,ROBUST_MODEL_INLIER,FIT,0.02124199914725985,SYNTHETIC_SOURCE,SYNTHETIC_TARGET
1317,575.8717041015625,150.6662139892578,584.841552734375,144.71817016601562,575.8717041015625,150.6662139892578,584.841552734375,144.71817016601562,AKAZE:intensity,4.0,0.03669724770642202,ROBUST_MODEL_INLIER,FIT,0.059343204094147124,SYNTHETIC_SOURCE,SYNTHETIC_TARGET
1318,393.888427734375,232.61126708984375,402.8961486816406,226.61016845703125,393.888427734375,232.61126708984375,402.8961486816406,226.61016845703125,AKAZE:intensity,4.0,0.03669724770642202,ROBUST_MODEL_INLIER,FIT,0.008481086982532207,SYNTHETIC_SOURCE,SYNTHETIC_TARGET
1319,111.78193664550781,54.138671875,120.759033203125,48.161338806152344,111.78193664550781,54.138671875,120.759033203125,48.161338806152344,AKAZE:intensity,4.0,0.03669724770642202,ROBUST_MODEL_INLIER,FIT,0.03144637355584001,SYNTHETIC_SOURCE,SYNTHETIC_TARGET
1320,420.0077209472656,479.96600341796875,428.9822082519531,473.95440673828125,420.0077209472656,479.96600341796875,428.9822082519531,473.95440673828125,AKAZE:intensity,4.0,0.03669724770642202,ROBUST_MODEL_INLIER,HELD_OUT,0.02767983029398961,SYNTHETIC_SOURCE,SYNTHETIC_TARGET
1321,263.4893798828125,184.16934204101562,272.486083984375,178.1648406982422,263.4893798828125,184.16934204101562,272.486083984375,178.1648406982422,AKAZE:intensity,6.0,0.03680981595092025,ROBUST_MODEL_INLIER,HELD_OUT,0.0056664371445456704,SYNTHETIC_SOURCE,SYNTHETIC_TARGET
1322,477.0660400390625,284.952880859375,486.0472412109375,278.9885559082031,477.0660400390625,284.952880859375,486.0472412109375,278.9885559082031,AKAZE:intensity,6.0,0.03680981595092025,ROBUST_MODEL_INLIER,FIT,0.03960971209516172,SYNTHETIC_SOURCE,SYNTHETIC_TARGET
1323,517.3291625976562,602.8987426757812,526.3104858398438,596.9053955078125,517.3291625976562,602.8987426757812,526.3104858398438,596.9053955078125,AKAZE:intensity,6.0,0.03680981595092025,ROBUST_MODEL_INLIER,FIT,0.019089178115483364,SYNTHETIC_SOURCE,SYNTHETIC_TARGET
1324,577.1843872070312,125.14997863769531,586.1743774414062,119.12114715576172,577.1843872070312,125.14997863769531,586.1743774414062,119.12114715576172,AKAZE:intensity,3.0,0.037037037037037035,ROBUST_MODEL_INLIER,FIT,0.03078956800379541,SYNTHETIC_SOURCE,SYNTHETIC_TARGET
1325,196.5086669921875,294.1684875488281,205.52227783203125,288.2102355957031,196.5086669921875,294.1684875488281,205.52227783203125,288.2102355957031,AKAZE:intensity,4.0,0.037037037037037035,ROBUST_MODEL_INLIER,HELD_OUT,0.0436418439624534,SYNTHETIC_SOURCE,SYNTHETIC_TARGET
1326,571.0473022460938,228.77012634277344,579.9922485351562,222.7545928955078,571.0473022460938,228.77012634277344,579.9922485351562,222.7545928955078,AKAZE:intensity,4.0,0.037037037037037035,ROBUST_MODEL_INLIER,FIT,0.056751873666547714,SYNTHETIC_SOURCE,SYNTHETIC_TARGET
1327,353.3045349121094,147.76931762695312,362.31854248046875,141.7821807861328,353.3045349121094,147.76931762695312,362.31854248046875,141.7821807861328,AKAZE:intensity,4.0,0.037037037037037035,ROBUST_MODEL_INLIER,HELD_OUT,0.019152576500748322,SYNTHETIC_SOURCE,SYNTHETIC_TARGET
1328,138.10220336914062,381.378173828125,147.09588623046875,375.37603759765625,138.10220336914062,381.378173828125,147.09588623046875,375.37603759765625,AKAZE:intensity,5.0,0.037037037037037035,ROBUST_MODEL_INLIER,FIT,0.006281359794947647,SYNTHETIC_SOURCE,SYNTHETIC_TARGET
1329,459.8537292480469,484.5890808105469,468.9547119140625,478.5076599121094,459.8537292480469,484.5890808105469,468.9547119140625,478.5076599121094,AKAZE:intensity,5.0,0.037037037037037035,ROBUST_MODEL_INLIER,FIT,0.13050001891842153,SYNTHETIC_SOURCE,SYNTHETIC_TARGET
1330,482.55303955078125,157.80087280273438,491.60784912109375,151.79737854003906,482.55303955078125,157.80087280273438,491.60784912109375,151.79737854003906,AKAZE:intensity,5.0,0.037037037037037035,ROBUST_MODEL_INLIER,HELD_OUT,0.05556283287331063,SYNTHETIC_SOURCE,SYNTHETIC_TARGET
1331,384.531005859375,109.9292984008789,393.52923583984375,103.93658447265625,384.531005859375,109.9292984008789,393.52923583984375,103.93658447265625,AKAZE:intensity,5.0,0.037037037037037035,ROBUST_MODEL_INLIER,FIT,0.006895997814050492,SYNTHETIC_SOURCE,SYNTHETIC_TARGET
1332,507.0948486328125,155.12208557128906,516.1139526367188,149.0888214111328,507.0948486328125,155.12208557128906,516.1139526367188,149.0888214111328,AKAZE:intensity,6.0,0.037037037037037035,ROBUST_MODEL_INLIER,FIT,0.039088145420710006,SYNTHETIC_SOURCE,SYNTHETIC_TARGET
1333,331.6334228515625,334.31658935546875,340.5982360839844,328.3141784667969,331.6334228515625,334.31658935546875,340.5982360839844,328.3141784667969,AKAZE:intensity,8.0,0.037037037037037035,ROBUST_MODEL_INLIER,FIT,0.03469774820822633,SYNTHETIC_SOURCE,SYNTHETIC_TARGET
1334,354.877197265625,574.8873901367188,363.8461608886719,568.8753662109375,354.877197265625,574.8873901367188,363.8461608886719,568.8753662109375,AKAZE:intensity,7.0,0.03723404255319149,ROBUST_MODEL_INLIER,FIT,0.032898303084867755,SYNTHETIC_SOURCE,SYNTHETIC_TARGET
1335,246.94049072265625,413.35955810546875,255.95077514648438,407.3536682128906,246.94049072265625,413.35955810546875,255.95077514648438,407.3536682128906,AKAZE:intensity,6.0,0.037267080745341616,ROBUST_MODEL_INLIER,FIT,0.012624469580697116,SYNTHETIC_SOURCE,SYNTHETIC_TARGET
1336,236.5555419921875,104.07723236083984,245.5711669921875,98.06906127929688,236.5555419921875,104.07723236083984,245.5711669921875,98.06906127929688,AKAZE:intensity,5.0,0.03731343283582089,ROBUST_MODEL_INLIER,HELD_OUT,0.01840030446319361,SYNTHETIC_SOURCE,SYNTHETIC_TARGET
1337,527.223388671875,415.60943603515625,536.1871948242188,409.648681640625,527.223388671875,415.60943603515625,536.1871948242188,409.648681640625,AKAZE:intensity,4.0,0.037383177570093455,ROBUST_MODEL_INLIER,FIT,0.05261478285473795,SYNTHETIC_SOURCE,SYNTHETIC_TARGET
1338,480.2853698730469,416.7570495605469,489.36346435546875,410.8081359863281,480.2853698730469,416.7570495605469,489.36346435546875,410.8081359863281,AKAZE:intensity,4.0,0.037383177570093455,ROBUST_MODEL_INLIER,HELD_OUT,0.09356614303535919,SYNTHETIC_SOURCE,SYNTHETIC_TARGET
1339,414.9548034667969,480.5882873535156,424.115966796875,474.59991455078125,414.9548034667969,480.5882873535156,424.115966796875,474.59991455078125,AKAZE:intensity,4.0,0.037383177570093455,ROBUST_MODEL_INLIER,FIT,0.16215671284768152,SYNTHETIC_SOURCE,SYNTHETIC_TARGET
1340,533.0813598632812,190.716552734375,542.0822143554688,184.7089385986328,533.0813598632812,190.716552734375,542.0822143554688,184.7089385986328,AKAZE:intensity,4.0,0.037383177570093455,ROBUST_MODEL_INLIER,FIT,0.008233767565774661,SYNTHETIC_SOURCE,SYNTHETIC_TARGET
1341,340.5341796875,368.97222900390625,349.5380554199219,362.9640197753906,340.5341796875,368.97222900390625,349.5380554199219,362.9640197753906,AKAZE:intensity,4.0,0.037383177570093455,ROBUST_MODEL_INLIER,FIT,0.00978629785148644,SYNTHETIC_SOURCE,SYNTHETIC_TARGET
1342,90.69549560546875,399.57037353515625,99.78022003173828,393.5332946777344,90.69549560546875,399.57037353515625,99.78022003173828,393.5332946777344,AKAZE:intensity,4.0,0.037383177570093455,ROBUST_MODEL_INLIER,FIT,0.09323794407661518,SYNTHETIC_SOURCE,SYNTHETIC_TARGET
1343,594.37158203125,324.9806213378906,603.3798828125,318.96771240234375,594.37158203125,324.9806213378906,603.3798828125,318.96771240234375,AKAZE:intensity,7.0,0.0374331550802139,ROBUST_MODEL_INLIER,FIT,0.016090174203671127,SYNTHETIC_SOURCE,SYNTHETIC_TARGET
1344,176.82594299316406,359.8919982910156,185.83274841308594,353.9839172363281,176.82594299316406,359.8919982910156,185.83274841308594,353.9839172363281,AKAZE:intensity,6.0,0.0375,ROBUST_MODEL_INLIER,FIT,0.09173091080774352,SYNTHETIC_SOURCE,SYNTHETIC_TARGET
1345,252.61183166503906,134.10208129882812,261.65167236328125,128.05996704101562,252.61183166503906,134.10208129882812,261.65167236328125,128.05996704101562,AKAZE:intensity,5.0,0.03759398496240601,ROBUST_MODEL_INLIER,FIT,0.05874745751837391,SYNTHETIC_SOURCE,SYNTHETIC_TARGET
1346,169.03631591796875,223.20770263671875,178.00738525390625,217.24081420898438,169.03631591796875,223.20770263671875,178.00738525390625,217.24081420898438,AKAZE:intensity,5.0,0.03759398496240601,ROBUST_MODEL_INLIER,FIT,0.04320091685124073,SYNTHETIC_SOURCE,SYNTHETIC_TARGET
1347,204.0889129638672,605.1615600585938,213.02410888671875,599.107421875,204.0889129638672,605.1615600585938,213.02410888671875,599.107421875,AKAZE:intensity,5.0,0.03759398496240601,ROBUST_MODEL_INLIER,FIT,0.08429048028056373,SYNTHETIC_SOURCE,SYNTHETIC_TARGET
1348,315.3140563964844,287.0697326660156,324.27813720703125,281.0793151855469,315.3140563964844,287.0697326660156,324.27813720703125,281.0793151855469,AKAZE:intensity,5.0,0.03759398496240601,ROBUST_MODEL_INLIER,HELD_OUT,0.036461201339267314,SYNTHETIC_SOURCE,SYNTHETIC_TARGET
1349,514.2803344726562,508.6688232421875,523.3021850585938,502.6761169433594,514.2803344726562,508.6688232421875,523.3021850585938,502.6761169433594,AKAZE:intensity,5.0,0.03759398496240601,ROBUST_MODEL_INLIER,FIT,0.023469287455991486,SYNTHETIC_SOURCE,SYNTHETIC_TARGET
1350,92.91368865966797,476.666748046875,101.89497375488281,470.713623046875,92.91368865966797,476.666748046875,101.89497375488281,470.713623046875,AKAZE:intensity,5.0,0.03787878787878788,ROBUST_MODEL_INLIER,FIT,0.049794603360038873,SYNTHETIC_SOURCE,SYNTHETIC_TARGET
1351,140.9353485107422,119.86381530761719,149.90673828125,113.84801483154297,140.9353485107422,119.86381530761719,149.90673828125,113.84801483154297,AKAZE:intensity,5.0,0.03787878787878788,ROBUST_MODEL_INLIER,HELD_OUT,0.03239315945141337,SYNTHETIC_SOURCE,SYNTHETIC_TARGET
1352,93.97099304199219,609.4717407226562,102.92045593261719,603.5184936523438,93.97099304199219,609.4717407226562,102.92045593261719,603.5184936523438,AKAZE:intensity,8.0,0.037914691943127965,ROBUST_MODEL_INLIER,FIT,0.06806687036079667,SYNTHETIC_SOURCE,SYNTHETIC_TARGET
1353,144.79173278808594,91.48863983154297,153.7502899169922,85.54737854003906,144.79173278808594,91.48863983154297,153.7502899169922,85.54737854003906,AKAZE:intensity,6.0,0.0379746835443038,ROBUST_MODEL_INLIER,FIT,0.07113653720573117,SYNTHETIC_SOURCE,SYNTHETIC_TARGET
1354,599.1064453125,150.17428588867188,608.0780029296875,144.18643188476562,599.1064453125,150.17428588867188,608.0780029296875,144.18643188476562,AKAZE:intensity,7.0,0.03804347826086957,ROBUST_MODEL_INLIER,FIT,0.030174894844541972,SYNTHETIC_SOURCE,SYNTHETIC_TARGET
1355,348.6125183105469,214.882080078125,357.5726623535156,208.89735412597656,348.6125183105469,214.882080078125,357.5726623535156,208.89735412597656,AKAZE:intensity,4.0,0.0380952380952381,ROBUST_MODEL_INLIER,FIT,0.04193848402845125,SYNTHETIC_SOURCE,SYNTHETIC_TARGET
1356,290.16259765625,269.9583435058594,299.1709899902344,263.945556640625,290.16259765625,269.9583435058594,299.1709899902344,263.945556640625,AKAZE:intensity,4.0,0.0380952380952381,ROBUST_MODEL_INLIER,FIT,0.016039883454611693,SYNTHETIC_SOURCE,SYNTHETIC_TARGET
1357,528.6848754882812,241.34695434570312,537.6831665039062,235.3937530517578,528.6848754882812,241.34695434570312,537.6831665039062,235.3937530517578,AKAZE:intensity,4.0,0.0380952380952381,ROBUST_MODEL_INLIER,FIT,0.04632345453058652,SYNTHETIC_SOURCE,SYNTHETIC_TARGET
1358,436.8134765625,261.90203857421875,445.82733154296875,255.94879150390625,436.8134765625,261.90203857421875,445.82733154296875,255.94879150390625,AKAZE:intensity,5.0,0.03816793893129771,ROBUST_MODEL_INLIER,HELD_OUT,0.048473327983745644,SYNTHETIC_SOURCE,SYNTHETIC_TARGET
1359,443.1375732421875,511.55511474609375,452.11572265625,505.5809326171875,443.1375732421875,511.55511474609375,452.11572265625,505.5809326171875,AKAZE:intensity,2.0,0.038461538461538464,ROBUST_MODEL_INLIER,FIT,0.03305655272343949,SYNTHETIC_SOURCE,SYNTHETIC_TARGET
1360,356.0077209472656,421.7962646484375,365.004150390625,415.7709655761719,356.0077209472656,421.7962646484375,365.004150390625,415.7709655761719,AKAZE:intensity,3.0,0.038461538461538464,ROBUST_MODEL_INLIER,FIT,0.02595670270747758,SYNTHETIC_SOURCE,SYNTHETIC_TARGET
1361,162.5018768310547,280.3439025878906,171.5271759033203,274.3064880371094,162.5018768310547,280.3439025878906,171.5271759033203,274.3064880371094,AKAZE:intensity,3.0,0.038461538461538464,ROBUST_MODEL_INLIER,HELD_OUT,0.04591212170107762,SYNTHETIC_SOURCE,SYNTHETIC_TARGET
1362,372.3437194824219,151.812255859375,381.3705749511719,145.79795837402344,372.3437194824219,151.812255859375,381.3705749511719,145.79795837402344,AKAZE:intensity,3.0,0.038461538461538464,ROBUST_MODEL_INLIER,FIT,0.03119279050412801,SYNTHETIC_SOURCE,SYNTHETIC_TARGET
1363,159.03268432617188,482.00213623046875,168.04554748535156,475.9581604003906,159.03268432617188,482.00213623046875,168.04554748535156,475.9581604003906,AKAZE:intensity,4.0,0.038461538461538464,ROBUST_MODEL_INLIER,FIT,0.046460657420227446,SYNTHETIC_SOURCE,SYNTHETIC_TARGET
1364,234.81808471679688,105.01588439941406,243.8436737060547,99.01030731201172,234.81808471679688,105.01588439941406,243.8436737060547,99.01030731201172,AKAZE:intensity,4.0,0.038461538461538464,ROBUST_MODEL_INLIER,FIT,0.026892269452534628,SYNTHETIC_SOURCE,SYNTHETIC_TARGET
1365,578.705810546875,150.64793395996094,587.74169921875,144.6544189453125,578.705810546875,150.64793395996094,587.74169921875,144.6544189453125,AKAZE:intensity,4.0,0.038461538461538464,ROBUST_MODEL_INLIER,FIT,0.03698836535956774,SYNTHETIC_SOURCE,SYNTHETIC_TARGET
1366,539.7708740234375,367.9659729003906,548.779541015625,361.96356201171875,539.7708740234375,367.9659729003906,548.779541015625,361.96356201171875,AKAZE:intensity,5.0,0.038461538461538464,ROBUST_MODEL_INLIER,FIT,0.009719788747270629,SYNTHETIC_SOURCE,SYNTHETIC_TARGET
1367,194.61410522460938,60.94127655029297,203.6089630126953,54.950523376464844,194.61410522460938,60.94127655029297,203.6089630126953,54.950523376464844,AKAZE:intensity,6.0,0.038461538461538464,ROBUST_MODEL_INLIER,FIT,0.009861534738293352,SYNTHETIC_SOURCE,SYNTHETIC_TARGET
1368,55.292320251464844,154.52154541015625,64.27040100097656,148.50930786132812,55.292320251464844,154.52154541015625,64.27040100097656,148.50930786132812,AKAZE:intensity,8.0,0.03864734299516908,ROBUST_MODEL_INLIER,FIT,0.024819668100248084,SYNTHETIC_SOURCE,SYNTHETIC_TARGET
1369,278.35516357421875,316.9175109863281,287.360107421875,310.9143371582031,278.35516357421875,316.9175109863281,287.360107421875,310.9143371582031,AKAZE:intensity,7.0,0.03867403314917127,ROBUST_MODEL_INLIER,FIT,0.00665283203125,SYNTHETIC_SOURCE,SYNTHETIC_TARGET
1370,377.3328857421875,389.0090026855469,386.3350830078125,383.0320129394531,377.3328857421875,389.0090026855469,386.3350830078125,383.0320129394531,AKAZE:intensity,6.0,0.03870967741935484,ROBUST_MODEL_INLIER,HELD_OUT,0.022696298522014952,SYNTHETIC_SOURCE,SYNTHETIC_TARGET
1371,219.8469696044922,330.1822204589844,228.89451599121094,324.1373291015625,219.8469696044922,330.1822204589844,228.89451599121094,324.1373291015625,AKAZE:intensity,4.0,0.038834951456310676,ROBUST_MODEL_INLIER,FIT,0.06616935127291745,SYNTHETIC_SOURCE,SYNTHETIC_TARGET
1372,433.0984191894531,237.28170776367188,442.0483093261719,231.29440307617188,433.0984191894531,237.28170776367188,442.0483093261719,231.29440307617188,AKAZE:intensity,4.0,0.038834951456310676,ROBUST_MODEL_INLIER,HELD_OUT,0.050982480052790144,SYNTHETIC_SOURCE,SYNTHETIC_TARGET
1373,396.75189208984375,208.46144104003906,405.70556640625,202.48092651367188,396.75189208984375,208.46144104003906,405.70556640625,202.48092651367188,AKAZE:intensity,7.0,0.03888888888888889,ROBUST_MODEL_INLIER,FIT,0.0495054027471449,SYNTHETIC_SOURCE,SYNTHETIC_TARGET
1374,95.24889373779297,397.0286560058594,104.2354965209961,390.9953918457031,95.24889373779297,397.0286560058594,104.2354965209961,390.9953918457031,AKAZE:intensity,3.0,0.03896103896103896,ROBUST_MODEL_INLIER,FIT,0.03609336813604969,SYNTHETIC_SOURCE,SYNTHETIC_TARGET
1375,256.5760498046875,121.04579162597656,265.5758361816406,115.03244018554688,256.5760498046875,121.04579162597656,265.5758361816406,115.03244018554688,AKAZE:intensity,3.0,0.03896103896103896,ROBUST_MODEL_INLIER,FIT,0.013845406808263967,SYNTHETIC_SOURCE,SYNTHETIC_TARGET
1376,346.95916748046875,418.7200927734375,355.9566345214844,412.75140380859375,346.95916748046875,418.7200927734375,355.9566345214844,412.75140380859375,AKAZE:intensity,3.0,0.03896103896103896,ROBUST_MODEL_INLIER,HELD_OUT,0.030882658202685508,SYNTHETIC_SOURCE,SYNTHETIC_TARGET
1377,114.65066528320312,252.8977508544922,123.64793395996094,246.9043731689453,114.65066528320312,252.8977508544922,123.64793395996094,246.9043731689453,AKAZE:intensity,6.0,0.03896103896103896,ROBUST_MODEL_INLIER,FIT,0.00649036857220577,SYNTHETIC_SOURCE,SYNTHETIC_TARGET
1378,130.7759552001953,538.408447265625,139.75352478027344,532.4093017578125,130.7759552001953,538.408447265625,139.75352478027344,532.4093017578125,AKAZE:intensity,4.0,0.0392156862745098,ROBUST_MODEL_INLIER,FIT,0.021823141241776874,SYNTHETIC_SOURCE,SYNTHETIC_TARGET
1379,470.66943359375,419.8629150390625,479.61376953125,413.8324279785156,470.66943359375,419.8629150390625,479.61376953125,413.8324279785156,AKAZE:intensity,4.0,0.0392156862745098,ROBUST_MODEL_INLIER,FIT,0.06316947749841721,SYNTHETIC_SOURCE,SYNTHETIC_TARGET
1380,467.7339172363281,408.2987060546875,476.7063293457031,402.3193054199219,467.7339172363281,408.2987060546875,476.7063293457031,402.3193054199219,AKAZE:intensity,6.0,0.0392156862745098,ROBUST_MODEL_INLIER,HELD_OUT,0.03364882335082905,SYNTHETIC_SOURCE,SYNTHETIC_TARGET
1381,116.14752960205078,260.9593200683594,125.16368865966797,254.9698486328125,116.14752960205078,260.9593200683594,125.16368865966797,254.9698486328125,AKAZE:intensity,8.0,0.0392156862745098,ROBUST_MODEL_INLIER,HELD_OUT,0.01954534141514907,SYNTHETIC_SOURCE,SYNTHETIC_TARGET
1382,483.919921875,446.2207946777344,492.9021911621094,440.2438659667969,483.919921875,446.2207946777344,492.9021911621094,440.2438659667969,AKAZE:intensity,5.0,0.03937007874015748,ROBUST_MODEL_INLIER,HELD_OUT,0.028339001638466272,SYNTHETIC_SOURCE,SYNTHETIC_TARGET
1383,562.8294677734375,243.08607482910156,571.7657470703125,237.04666137695312,562.8294677734375,243.08607482910156,571.7657470703125,237.04666137695312,AKAZE:intensity,5.0,0.03937007874015748,ROBUST_MODEL_INLIER,HELD_OUT,0.07466635656399961,SYNTHETIC_SOURCE,SYNTHETIC_TARGET
1384,161.95230102539062,279.3628234863281,170.99989318847656,273.3226623535156,161.95230102539062,279.3628234863281,170.99989318847656,273.3226623535156,AKAZE:intensity,3.0,0.039473684210526314,ROBUST_MODEL_INLIER,FIT,0.06305439938701664,SYNTHETIC_SOURCE,SYNTHETIC_TARGET
1385,99.40728759765625,306.20758056640625,108.4070053100586,300.2164001464844,99.40728759765625,306.20758056640625,108.4070053100586,300.2164001464844,AKAZE:intensity,6.0,0.039473684210526314,ROBUST_MODEL_INLIER,HELD_OUT,0.008337755461066606,SYNTHETIC_SOURCE,SYNTHETIC_TARGET
1386,170.6560516357422,142.00782775878906,179.7091522216797,136.06256103515625,170.6560516357422,142.00782775878906,179.7091522216797,136.06256103515625,AKAZE:intensity,6.0,0.039473684210526314,ROBUST_MODEL_INLIER,HELD_OUT,0.07633730609860818,SYNTHETIC_SOURCE,SYNTHETIC_TARGET
1387,241.0946044921875,540.5851440429688,250.09512329101562,534.5717163085938,241.0946044921875,540.5851440429688,250.09512329101562,534.5717163085938,AKAZE:intensity,6.0,0.039473684210526314,ROBUST_MODEL_INLIER,HELD_OUT,0.013961750301444757,SYNTHETIC_SOURCE,SYNTHETIC_TARGET
1388,387.769287109375,514.0225830078125,396.72796630859375,508.0190124511719,387.769287109375,514.0225830078125,396.72796630859375,508.0190124511719,AKAZE:intensity,6.0,0.039473684210526314,ROBUST_MODEL_INLIER,FIT,0.04091228227091219,SYNTHETIC_SOURCE,SYNTHETIC_TARGET
1389,595.5196533203125,433.8230895996094,604.5068969726562,427.8135986328125,595.5196533203125,433.8230895996094,604.5068969726562,427.8135986328125,AKAZE:intensity,8.0,0.039603960396039604,ROBUST_MODEL_INLIER,FIT,0.01571975231008583,SYNTHETIC_SOURCE,SYNTHETIC_TARGET
1390,205.3046875,183.87136840820312,214.27403259277344,177.89559936523438,205.3046875,183.87136840820312,214.27403259277344,177.89559936523438,AKAZE:intensity,8.0,0.039603960396039604,ROBUST_MODEL_INLIER,FIT,0.0382934717452532,SYNTHETIC_SOURCE,SYNTHETIC_TARGET
1391,328.3099670410156,306.5138854980469,337.3130798339844,300.5315246582031,328.3099670410156,306.5138854980469,337.3130798339844,300.5315246582031,AKAZE:intensity,8.0,0.039603960396039604,ROBUST_MODEL_INLIER,FIT,0.01755034052254907,SYNTHETIC_SOURCE,SYNTHETIC_TARGET
1392,252.3946533203125,399.86370849609375,261.3846130371094,393.8821105957031,252.3946533203125,399.86370849609375,261.3846130371094,393.8821105957031,AKAZE:intensity,5.0,0.03968253968253968,ROBUST_MODEL_INLIER,HELD_OUT,0.020244221372024692,SYNTHETIC_SOURCE,SYNTHETIC_TARGET
1393,586.8178100585938,220.1763153076172,595.7854614257812,214.2539520263672,586.8178100585938,220.1763153076172,595.7854614257812,214.2539520263672,AKAZE:intensity,5.0,0.03968253968253968,ROBUST_MODEL_INLIER,FIT,0.08342181912063239,SYNTHETIC_SOURCE,SYNTHETIC_TARGET
1394,448.8849182128906,285.9940185546875,457.91314697265625,279.9684753417969,448.8849182128906,285.9940185546875,457.91314697265625,279.9684753417969,AKAZE:intensity,5.0,0.03968253968253968,ROBUST_MODEL_INLIER,FIT,0.03885013551314051,SYNTHETIC_SOURCE,SYNTHETIC_TARGET
1395,199.29331970214844,55.02143096923828,208.2825927734375,49.07556915283203,199.29331970214844,55.02143096923828,208.2825927734375,49.07556915283203,AKAZE:intensity,5.0,0.03968253968253968,ROBUST_MODEL_INLIER,FIT,0.05459539499531256,SYNTHETIC_SOURCE,SYNTHETIC_TARGET
1396,56.21072006225586,369.3029479980469,65.20174407958984,363.3812255859375,56.21072006225586,369.3029479980469,65.20174407958984,363.3812255859375,AKAZE:intensity,6.0,0.039735099337748346,ROBUST_MODEL_INLIER,FIT,0.07823784257882686,SYNTHETIC_SOURCE,SYNTHETIC_TARGET
1397,289.1001281738281,134.4038848876953,298.086181640625,128.42596435546875,289.1001281738281,134.4038848876953,298.086181640625,128.42596435546875,AKAZE:intensity,8.0,0.03980099502487562,ROBUST_MODEL_INLIER,FIT,0.025377806765786763,SYNTHETIC_SOURCE,SYNTHETIC_TARGET
1398,445.6235046386719,333.94403076171875,454.6150817871094,328.0234680175781,445.6235046386719,333.94403076171875,454.6150817871094,328.0234680175781,AKAZE:intensity,5.0,0.04,ROBUST_MODEL_INLIER,FIT,0.07933458103577366,SYNTHETIC_SOURCE,SYNTHETIC_TARGET
1399,349.2450866699219,458.3023376464844,358.2457580566406,452.29217529296875,349.2450866699219,458.3023376464844,358.2457580566406,452.29217529296875,AKAZE:intensity,6.0,0.04,ROBUST_MODEL_INLIER,FIT,0.010727482180472807,SYNTHETIC_SOURCE,SYNTHETIC_TARGET
1400,459.142333984375,270.5234069824219,468.1785583496094,264.50433349609375,459.142333984375,270.5234069824219,468.1785583496094,264.50433349609375,AKAZE:intensity,7.0,0.04,ROBUST_MODEL_INLIER,HELD_OUT,0.041706823330080744,SYNTHETIC_SOURCE,SYNTHETIC_TARGET
1401,501.39190673828125,565.2835693359375,510.36859130859375,559.3132934570312,501.39190673828125,565.2835693359375,510.36859130859375,559.3132934570312,AKAZE:intensity,7.0,0.04,ROBUST_MODEL_INLIER,FIT,0.03701695427816494,SYNTHETIC_SOURCE,SYNTHETIC_TARGET
1402,254.15744018554688,437.89654541015625,263.1143493652344,431.91070556640625,254.15744018554688,437.89654541015625,263.1143493652344,431.91070556640625,AKAZE:intensity,7.0,0.04,ROBUST_MODEL_INLIER,FIT,0.04462634189842757,SYNTHETIC_SOURCE,SYNTHETIC_TARGET
1403,478.95611572265625,521.9262084960938,487.9788513183594,515.9486083984375,478.95611572265625,521.9262084960938,487.9788513183594,515.9486083984375,AKAZE:intensity,8.0,0.04020100502512563,ROBUST_MODEL_INLIER,FIT,0.032018001072606224,SYNTHETIC_SOURCE,SYNTHETIC_TARGET
1404,157.25379943847656,203.37741088867188,166.27069091796875,197.4107666015625,157.25379943847656,203.37741088867188,166.27069091796875,197.4107666015625,AKAZE:intensity,5.0,0.04032258064516129,ROBUST_MODEL_INLIER,HELD_OUT,0.037236838653650246,SYNTHETIC_SOURCE,SYNTHETIC_TARGET
1405,499.06610107421875,102.25018310546875,508.1070251464844,96.41642761230469,499.06610107421875,102.25018310546875,508.1070251464844,96.41642761230469,AKAZE:intensity,5.0,0.04032258064516129,ROBUST_MODEL_INLIER,HELD_OUT,0.17088076159483406,SYNTHETIC_SOURCE,SYNTHETIC_TARGET
1406,306.72125244140625,153.19070434570312,315.7153015136719,147.2005157470703,306.72125244140625,153.19070434570312,315.7153015136719,147.2005157470703,AKAZE:intensity,5.0,0.04032258064516129,ROBUST_MODEL_INLIER,FIT,0.010744408897985282,SYNTHETIC_SOURCE,SYNTHETIC_TARGET
1407,277.2696838378906,350.81561279296875,286.33819580078125,344.8350524902344,277.2696838378906,350.81561279296875,286.33819580078125,344.8350524902344,AKAZE:intensity,4.0,0.04040404040404041,ROBUST_MODEL_INLIER,HELD_OUT,0.0716732204128849,SYNTHETIC_SOURCE,SYNTHETIC_TARGET
1408,600.3312377929688,133.82325744628906,609.309814453125,127.8222427368164,600.3312377929688,133.82325744628906,609.309814453125,127.8222427368164,AKAZE:intensity,10.0,0.04048582995951417,ROBUST_MODEL_INLIER,FIT,0.020867186257563345,SYNTHETIC_SOURCE,SYNTHETIC_TARGET
1409,436.1199035644531,503.8028564453125,445.1234130859375,497.8094482421875,436.1199035644531,503.8028564453125,445.1234130859375,497.8094482421875,AKAZE:intensity,3.0,0.04054054054054054,ROBUST_MODEL_INLIER,HELD_OUT,0.007363847968758334,SYNTHETIC_SOURCE,SYNTHETIC_TARGET
1410,176.02786254882812,443.0726623535156,184.98760986328125,437.0824890136719,176.02786254882812,443.0726623535156,184.98760986328125,437.0824890136719,AKAZE:intensity,5.0,0.04065040650406504,ROBUST_MODEL_INLIER,FIT,0.04072738592550997,SYNTHETIC_SOURCE,SYNTHETIC_TARGET
1411,548.488037109375,382.6107482910156,557.4984741210938,376.59771728515625,548.488037109375,382.6107482910156,557.4984741210938,376.59771728515625,AKAZE:intensity,5.0,0.04065040650406504,ROBUST_MODEL_INLIER,FIT,0.017458962151675105,SYNTHETIC_SOURCE,SYNTHETIC_TARGET
1412,188.9939422607422,434.8809509277344,197.99700927734375,428.8707580566406,188.9939422607422,434.8809509277344,197.99700927734375,428.8707580566406,AKAZE:intensity,6.0,0.04081632653061224,ROBUST_MODEL_INLIER,FIT,0.011296461924180354,SYNTHETIC_SOURCE,SYNTHETIC_TARGET
1413,296.18438720703125,590.08203125,305.1801452636719,584.0654296875,296.18438720703125,590.08203125,305.1801452636719,584.0654296875,AKAZE:intensity,7.0,0.04093567251461988,ROBUST_MODEL_INLIER,FIT,0.017471440077410444,SYNTHETIC_SOURCE,SYNTHETIC_TARGET
1414,142.60867309570312,190.08053588867188,151.6280975341797,184.08580017089844,142.60867309570312,190.08053588867188,151.6280975341797,184.08580017089844,AKAZE:intensity,7.0,0.04093567251461988,ROBUST_MODEL_INLIER,FIT,0.020596188900800165,SYNTHETIC_SOURCE,SYNTHETIC_TARGET
1415,475.8004150390625,468.1467590332031,484.78167724609375,462.1456604003906,475.8004150390625,468.1467590332031,484.78167724609375,462.1456604003906,AKAZE:intensity,5.0,0.040983606557377046,ROBUST_MODEL_INLIER,FIT,0.018196769718243598,SYNTHETIC_SOURCE,SYNTHETIC_TARGET
1416,91.3484878540039,98.61570739746094,100.34432983398438,92.61109161376953,91.3484878540039,98.61570739746094,100.34432983398438,92.61109161376953,AKAZE:intensity,8.0,0.041025641025641026,ROBUST_MODEL_INLIER,FIT,0.00621590141549131,SYNTHETIC_SOURCE,SYNTHETIC_TARGET
1417,273.5609130859375,57.30303192138672,282.5590515136719,51.28447723388672,273.5609130859375,57.30303192138672,282.5590515136719,51.28447723388672,AKAZE:intensity,3.0,0.0410958904109589,ROBUST_MODEL_INLIER,FIT,0.019084030288736318,SYNTHETIC_SOURCE,SYNTHETIC_TARGET
1418,522.14111328125,479.1825256347656,531.1340942382812,473.1376647949219,522.14111328125,479.1825256347656,531.1340942382812,473.1376647949219,AKAZE:intensity,3.0,0.0410958904109589,ROBUST_MODEL_INLIER,FIT,0.04579971735192417,SYNTHETIC_SOURCE,SYNTHETIC_TARGET
1419,372.39013671875,286.6204528808594,381.4360656738281,280.57586669921875,372.39013671875,286.6204528808594,381.4360656738281,280.57586669921875,AKAZE:intensity,3.0,0.0410958904109589,ROBUST_MODEL_INLIER,HELD_OUT,0.06478899804340589,SYNTHETIC_SOURCE,SYNTHETIC_TARGET
1420,576.4780883789062,219.9147491455078,585.4431762695312,213.8903045654297,576.4780883789062,219.9147491455078,585.4431762695312,213.8903045654297,AKAZE:intensity,7.0,0.041176470588235294,ROBUST_MODEL_INLIER,FIT,0.04240587415718388,SYNTHETIC_SOURCE,SYNTHETIC_TARGET
1421,319.9046936035156,36.2394905090332,328.9395446777344,30.212242126464844,319.9046936035156,36.2394905090332,328.9395446777344,30.212242126464844,AKAZE:intensity,4.0,0.041237113402061855,ROBUST_MODEL_INLIER,FIT,0.04502038691761531,SYNTHETIC_SOURCE,SYNTHETIC_TARGET
1422,43.09955596923828,165.89208984375,52.3655891418457,160.0382537841797,43.09955596923828,165.89208984375,52.3655891418457,160.0382537841797,AKAZE:intensity,4.0,0.041237113402061855,ROBUST_MODEL_INLIER,FIT,0.3038423384901982,SYNTHETIC_SOURCE,SYNTHETIC_TARGET
1423,416.7490234375,386.22607421875,425.7462463378906,380.22113037109375,416.7490234375,386.22607421875,425.7462463378906,380.22113037109375,AKAZE:intensity,8.0,0.041237113402061855,ROBUST_MODEL_INLIER,FIT,0.005848317839580322,SYNTHETIC_SOURCE,SYNTHETIC_TARGET
1424,448.0356140136719,247.71249389648438,457.054931640625,241.73394775390625,448.0356140136719,247.71249389648438,457.054931640625,241.73394775390625,AKAZE:intensity,8.0,0.041237113402061855,ROBUST_MODEL_INLIER,FIT,0.028925416365852098,SYNTHETIC_SOURCE,SYNTHETIC_TARGET
1425,203.34786987304688,303.4554748535156,212.3849334716797,297.3445129394531,203.34786987304688,303.4554748535156,212.3849334716797,297.3445129394531,AKAZE:intensity,5.0,0.04132231404958678,ROBUST_MODEL_INLIER,FIT,0.11764553777561342,SYNTHETIC_SOURCE,SYNTHETIC_TARGET
1426,154.83010864257812,162.2360382080078,163.85400390625,156.22219848632812,154.83010864257812,162.2360382080078,163.85400390625,156.22219848632812,AKAZE:intensity,10.0,0.04132231404958678,ROBUST_MODEL_INLIER,FIT,0.028386913287082934,SYNTHETIC_SOURCE,SYNTHETIC_TARGET
1427,196.10781860351562,400.7647705078125,205.100341796875,394.7574462890625,196.10781860351562,400.7647705078125,205.100341796875,394.7574462890625,AKAZE:intensity,6.0,0.041379310344827586,ROBUST_MODEL_INLIER,FIT,0.010401123092719776,SYNTHETIC_SOURCE,SYNTHETIC_TARGET
1428,459.0018005371094,261.2398986816406,467.9637756347656,255.2196502685547,459.0018005371094,261.2398986816406,467.9637756347656,255.2196502685547,AKAZE:intensity,6.0,0.041379310344827586,ROBUST_MODEL_INLIER,FIT,0.04277685241044317,SYNTHETIC_SOURCE,SYNTHETIC_TARGET
1429,279.4012451171875,198.05593872070312,288.4173278808594,192.05319213867188,279.4012451171875,198.05593872070312,288.4173278808594,192.05319213867188,AKAZE:intensity,7.0,0.04142011834319527,ROBUST_MODEL_INLIER,HELD_OUT,0.017003659508367668,SYNTHETIC_SOURCE,SYNTHETIC_TARGET
1430,127.96453857421875,105.27781677246094,136.97781372070312,99.28770446777344,127.96453857421875,105.27781677246094,136.97781372070312,99.28770446777344,AKAZE:intensity,7.0,0.04142011834319527,ROBUST_MODEL_INLIER,HELD_OUT,0.01676770827298985,SYNTHETIC_SOURCE,SYNTHETIC_TARGET
1431,115.97631072998047,266.97882080078125,125.01807403564453,260.96661376953125,115.97631072998047,266.97882080078125,125.01807403564453,260.96661376953125,AKAZE:intensity,8.0,0.04145077720207254,ROBUST_MODEL_INLIER,FIT,0.04423457681754024,SYNTHETIC_SOURCE,SYNTHETIC_TARGET
1432,92.6953125,404.9212951660156,101.69007873535156,398.99346923828125,92.6953125,404.9212951660156,101.69007873535156,398.99346923828125,AKAZE:intensity,3.0,0.041666666666666664,ROBUST_MODEL_INLIER,FIT,0.07183473102962856,SYNTHETIC_SOURCE,SYNTHETIC_TARGET
1433,238.46849060058594,134.49334716796875,247.500732421875,128.49269104003906,238.46849060058594,134.49334716796875,247.500732421875,128.49269104003906,AKAZE:intensity,4.0,0.041666666666666664,ROBUST_MODEL_INLIER,FIT,0.032872099620186924,SYNTHETIC_SOURCE,SYNTHETIC_TARGET
1434,320.9334716796875,424.9471130371094,329.9261779785156,418.9299011230469,320.9334716796875,424.9471130371094,329.9261779785156,418.9299011230469,AKAZE:intensity,4.0,0.041666666666666664,ROBUST_MODEL_INLIER,FIT,0.018919938586099583,SYNTHETIC_SOURCE,SYNTHETIC_TARGET
1435,583.05810546875,260.2710266113281,592.0715942382812,254.236328125,583.05810546875,260.2710266113281,592.0715942382812,254.236328125,AKAZE:intensity,5.0,0.041666666666666664,ROBUST_MODEL_INLIER,HELD_OUT,0.037906382420553074,SYNTHETIC_SOURCE,SYNTHETIC_TARGET
1436,429.662841796875,169.60511779785156,438.6727294921875,163.58004760742188,429.662841796875,169.60511779785156,438.6727294921875,163.58004760742188,AKAZE:intensity,6.0,0.041666666666666664,ROBUST_MODEL_INLIER,FIT,0.027630498779267182,SYNTHETIC_SOURCE,SYNTHETIC_TARGET
1437,289.9554138183594,91.29389190673828,298.9693298339844,85.29537963867188,289.9554138183594,91.29389190673828,298.9693298339844,85.29537963867188,AKAZE:intensity,7.0,0.041666666666666664,ROBUST_MODEL_INLIER,FIT,0.014560708957156334,SYNTHETIC_SOURCE,SYNTHETIC_TARGET
1438,293.5525207519531,555.849609375,302.57733154296875,549.8300170898438,293.5525207519531,555.849609375,302.57733154296875,549.8300170898438,AKAZE:intensity,8.0,0.041666666666666664,ROBUST_MODEL_INLIER,FIT,0.03239542617674871,SYNTHETIC_SOURCE,SYNTHETIC_TARGET
1439,455.5084228515625,392.94659423828125,464.46942138671875,386.97161865234375,455.5084228515625,392.94659423828125,464.46942138671875,386.97161865234375,AKAZE:intensity,7.0,0.041916167664670656,ROBUST_MODEL_INLIER,HELD_OUT,0.045562038939959755,SYNTHETIC_SOURCE,SYNTHETIC_TARGET
1440,570.5789184570312,554.8944702148438,579.560302734375,548.9129638671875,570.5789184570312,554.8944702148438,579.560302734375,548.9129638671875,AKAZE:intensity,6.0,0.04195804195804196,ROBUST_MODEL_INLIER,FIT,0.02546343999634174,SYNTHETIC_SOURCE,SYNTHETIC_TARGET
1441,45.46735382080078,204.1981964111328,54.41801834106445,198.2263946533203,45.46735382080078,204.1981964111328,54.41801834106445,198.2263946533203,AKAZE:intensity,5.0,0.04201680672268908,ROBUST_MODEL_INLIER,FIT,0.05605336788020641,SYNTHETIC_SOURCE,SYNTHETIC_TARGET
1442,107.86927795410156,182.70082092285156,116.84912109375,176.72161865234375,107.86927795410156,182.70082092285156,116.84912109375,176.72161865234375,AKAZE:intensity,5.0,0.04201680672268908,ROBUST_MODEL_INLIER,FIT,0.028187580487565627,SYNTHETIC_SOURCE,SYNTHETIC_TARGET
1443,588.6524658203125,514.0746459960938,597.6478271484375,508.0787658691406,588.6524658203125,514.0746459960938,597.6478271484375,508.0787658691406,AKAZE:intensity,9.0,0.04205607476635514,ROBUST_MODEL_INLIER,FIT,0.0054236356366583,SYNTHETIC_SOURCE,SYNTHETIC_TARGET
1444,258.40899658203125,523.0327758789062,267.4392395019531,517.0146484375,258.40899658203125,523.0327758789062,267.4392395019531,517.0146484375,AKAZE:intensity,4.0,0.042105263157894736,ROBUST_MODEL_INLIER,FIT,0.036034282167166407,SYNTHETIC_SOURCE,SYNTHETIC_TARGET
1445,593.3948974609375,521.4494018554688,602.442138671875,515.4212646484375,593.3948974609375,521.4494018554688,602.442138671875,515.4212646484375,AKAZE:intensity,8.0,0.042105263157894736,ROBUST_MODEL_INLIER,FIT,0.05576011668774902,SYNTHETIC_SOURCE,SYNTHETIC_TARGET
1446,569.7822265625,318.8479309082031,578.7833251953125,312.855224609375,569.7822265625,318.8479309082031,578.7833251953125,312.855224609375,AKAZE:intensity,8.0,0.042105263157894736,ROBUST_MODEL_INLIER,HELD_OUT,0.007016720594910935,SYNTHETIC_SOURCE,SYNTHETIC_TARGET
1447,62.97372817993164,301.86907958984375,71.94904327392578,295.88116455078125,62.97372817993164,301.86907958984375,71.94904327392578,295.88116455078125,AKAZE:intensity,10.0,0.04219409282700422,ROBUST_MODEL_INLIER,FIT,0.026722034941612318,SYNTHETIC_SOURCE,SYNTHETIC_TARGET
1448,577.7894287109375,284.30291748046875,586.780029296875,278.3021545410156,577.7894287109375,284.30291748046875,586.780029296875,278.3021545410156,AKAZE:intensity,5.0,0.0423728813559322,ROBUST_MODEL_INLIER,HELD_OUT,0.008877678349480504,SYNTHETIC_SOURCE,SYNTHETIC_TARGET
1449,400.44512939453125,274.6806945800781,409.44122314453125,268.6546325683594,400.44512939453125,274.6806945800781,409.44122314453125,268.6546325683594,AKAZE:intensity,7.0,0.04242424242424243,ROBUST_MODEL_INLIER,FIT,0.026754083860913096,SYNTHETIC_SOURCE,SYNTHETIC_TARGET
1450,129.70811462402344,127.99021911621094,138.65115356445312,122.00106048583984,129.70811462402344,127.99021911621094,138.65115356445312,122.00106048583984,AKAZE:intensity,7.0,0.04242424242424243,ROBUST_MODEL_INLIER,FIT,0.05729388040587919,SYNTHETIC_SOURCE,SYNTHETIC_TARGET
1451,103.6966323852539,67.70382690429688,112.80850982666016,61.56785583496094,103.6966323852539,67.70382690429688,112.80850982666016,61.56785583496094,AKAZE:intensity,6.0,0.0425531914893617,ROBUST_MODEL_INLIER,FIT,0.17684642470040543,SYNTHETIC_SOURCE,SYNTHETIC_TARGET
1452,138.9759979248047,434.14599609375,148.0135040283203,428.159423828125,138.9759979248047,434.14599609375,148.0135040283203,428.159423828125,AKAZE:intensity,6.0,0.0425531914893617,ROBUST_MODEL_INLIER,FIT,0.04025287064169204,SYNTHETIC_SOURCE,SYNTHETIC_TARGET
1453,235.29931640625,558.2310791015625,244.30979919433594,552.2401733398438,235.29931640625,558.2310791015625,244.30979919433594,552.2401733398438,AKAZE:intensity,8.0,0.0425531914893617,ROBUST_MODEL_INLIER,FIT,0.014039951698045738,SYNTHETIC_SOURCE,SYNTHETIC_TARGET
1454,40.67937088012695,472.61383056640625,49.69255065917969,466.6347961425781,40.67937088012695,472.61383056640625,49.69255065917969,466.6347961425781,AKAZE:intensity,8.0,0.0425531914893617,ROBUST_MODEL_INLIER,HELD_OUT,0.024687796777004466,SYNTHETIC_SOURCE,SYNTHETIC_TARGET
1455,405.7619323730469,214.0469970703125,414.76141357421875,208.0741729736328,405.7619323730469,214.0469970703125,414.76141357421875,208.0741729736328,AKAZE:intensity,9.0,0.04265402843601896,ROBUST_MODEL_INLIER,FIT,0.02668777910713071,SYNTHETIC_SOURCE,SYNTHETIC_TARGET
1456,282.8123779296875,275.721435546875,291.83892822265625,269.7723388671875,282.8123779296875,275.721435546875,291.83892822265625,269.7723388671875,AKAZE:intensity,7.0,0.042682926829268296,ROBUST_MODEL_INLIER,FIT,0.057265843004589756,SYNTHETIC_SOURCE,SYNTHETIC_TARGET
1457,310.23272705078125,453.71990966796875,319.217041015625,447.73883056640625,310.23272705078125,453.71990966796875,319.217041015625,447.73883056640625,AKAZE:intensity,5.0,0.042735042735042736,ROBUST_MODEL_INLIER,FIT,0.02381255156844355,SYNTHETIC_SOURCE,SYNTHETIC_TARGET
1458,446.49273681640625,503.7391357421875,455.4856262207031,497.7276306152344,446.49273681640625,503.7391357421875,455.4856262207031,497.7276306152344,AKAZE:intensity,3.0,0.04285714285714286,ROBUST_MODEL_INLIER,FIT,0.01364166464235636,SYNTHETIC_SOURCE,SYNTHETIC_TARGET
1459,319.22381591796875,81.80308532714844,328.1659240722656,75.80816650390625,319.22381591796875,81.80308532714844,328.1659240722656,75.80816650390625,AKAZE:intensity,4.0,0.043010752688172046,ROBUST_MODEL_INLIER,FIT,0.05746533094073452,SYNTHETIC_SOURCE,SYNTHETIC_TARGET
1460,256.66351318359375,426.1870422363281,265.6722106933594,420.1758117675781,256.66351318359375,426.1870422363281,265.6722106933594,420.1758117675781,AKAZE:intensity,8.0,0.043010752688172046,ROBUST_MODEL_INLIER,FIT,0.014965473065229341,SYNTHETIC_SOURCE,SYNTHETIC_TARGET
1461,162.1185302734375,352.4034729003906,171.11199951171875,346.38818359375,162.1185302734375,352.4034729003906,171.11199951171875,346.38818359375,AKAZE:intensity,9.0,0.0430622009569378,ROBUST_MODEL_INLIER,FIT,0.01685181106185993,SYNTHETIC_SOURCE,SYNTHETIC_TARGET
1462,148.30746459960938,495.77978515625,157.27584838867188,489.7790832519531,148.30746459960938,495.77978515625,157.27584838867188,489.7790832519531,AKAZE:intensity,5.0,0.04310344827586207,ROBUST_MODEL_INLIER,FIT,0.03102869409463224,SYNTHETIC_SOURCE,SYNTHETIC_TARGET
1463,563.5007934570312,243.21946716308594,572.48779296875,237.20928955078125,563.5007934570312,243.21946716308594,572.48779296875,237.20928955078125,AKAZE:intensity,5.0,0.04310344827586207,ROBUST_MODEL_INLIER,FIT,0.016348601568000897,SYNTHETIC_SOURCE,SYNTHETIC_TARGET
1464,255.43556213378906,326.8388977050781,264.450927734375,320.84234619140625,255.43556213378906,326.8388977050781,264.450927734375,320.84234619140625,AKAZE:intensity,5.0,0.04310344827586207,ROBUST_MODEL_INLIER,HELD_OUT,0.0162478878982384,SYNTHETIC_SOURCE,SYNTHETIC_TARGET
1465,564.94189453125,444.6086730957031,573.9277954101562,438.6200866699219,564.94189453125,444.6086730957031,573.9277954101562,438.6200866699219,AKAZE:intensity,10.0,0.04310344827586207,ROBUST_MODEL_INLIER,FIT,0.017358252501913796,SYNTHETIC_SOURCE,SYNTHETIC_TARGET
1466,348.6260681152344,102.0562515258789,357.64019775390625,96.02448272705078,348.6260681152344,102.0562515258789,357.64019775390625,96.02448272705078,AKAZE:intensity,10.0,0.04310344827586207,ROBUST_MODEL_INLIER,FIT,0.03546528622859315,SYNTHETIC_SOURCE,SYNTHETIC_TARGET
1467,85.95246124267578,295.63433837890625,95.02954864501953,289.6162109375,85.95246124267578,295.63433837890625,95.02954864501953,289.6162109375,AKAZE:intensity,6.0,0.04316546762589928,ROBUST_MODEL_INLIER,FIT,0.07989672141014678,SYNTHETIC_SOURCE,SYNTHETIC_TARGET
1468,33.73340606689453,399.1337890625,42.73125076293945,393.1477355957031,33.73340606689453,399.1337890625,42.73125076293945,393.1477355957031,AKAZE:intensity,6.0,0.04316546762589928,ROBUST_MODEL_INLIER,FIT,0.013546638827736043,SYNTHETIC_SOURCE,SYNTHETIC_TARGET
1469,203.0988006591797,400.1797180175781,212.17478942871094,394.1221008300781,203.0988006591797,400.1797180175781,212.17478942871094,394.1221008300781,AKAZE:intensity,7.0,0.043209876543209874,ROBUST_MODEL_INLIER,FIT,0.09614401099908514,SYNTHETIC_SOURCE,SYNTHETIC_TARGET
1470,343.8305969238281,336.41107177734375,352.7945556640625,330.4122619628906,343.8305969238281,336.41107177734375,352.7945556640625,330.4122619628906,AKAZE:intensity,11.0,0.04330708661417323,ROBUST_MODEL_INLIER,FIT,0.03543786006152519,SYNTHETIC_SOURCE,SYNTHETIC_TARGET
1471,302.70977783203125,159.13177490234375,311.6885070800781,153.11688232421875,302.70977783203125,159.13177490234375,311.6885070800781,153.11688232421875,AKAZE:intensity,3.0,0.043478260869565216,ROBUST_MODEL_INLIER,FIT,0.0257569986491917,SYNTHETIC_SOURCE,SYNTHETIC_TARGET
1472,349.3721618652344,383.0713195800781,358.3208923339844,377.00103759765625,349.3721618652344,383.0713195800781,358.3208923339844,377.00103759765625,AKAZE:intensity,3.0,0.043478260869565216,ROBUST_MODEL_INLIER,FIT,0.08703322760185976,SYNTHETIC_SOURCE,SYNTHETIC_TARGET
1473,527.3746337890625,339.6768798828125,536.3588256835938,333.63018798828125,527.3746337890625,339.6768798828125,536.3588256835938,333.63018798828125,AKAZE:intensity,5.0,0.043478260869565216,ROBUST_MODEL_INLIER,FIT,0.04956753686178673,SYNTHETIC_SOURCE,SYNTHETIC_TARGET
1474,135.03643798828125,369.5821533203125,144.05355834960938,363.5917663574219,135.03643798828125,369.5821533203125,144.05355834960938,363.5917663574219,AKAZE:intensity,5.0,0.043478260869565216,ROBUST_MODEL_INLIER,FIT,0.019940896396676202,SYNTHETIC_SOURCE,SYNTHETIC_TARGET
1475,407.9685974121094,242.0918426513672,416.9765930175781,236.0920867919922,407.9685974121094,242.0918426513672,416.9765930175781,236.0920867919922,AKAZE:intensity,5.0,0.043478260869565216,ROBUST_MODEL_INLIER,FIT,0.008609419322375737,SYNTHETIC_SOURCE,SYNTHETIC_TARGET
1476,248.13975524902344,228.3182830810547,257.0898742675781,222.35806274414062,248.13975524902344,228.3182830810547,257.0898742675781,222.35806274414062,AKAZE:intensity,6.0,0.043478260869565216,ROBUST_MODEL_INLIER,FIT,0.06301910548100897,SYNTHETIC_SOURCE,SYNTHETIC_TARGET
1477,180.264892578125,128.38185119628906,189.29103088378906,122.40929412841797,180.264892578125,128.38185119628906,189.29103088378906,122.40929412841797,AKAZE:intensity,6.0,0.043478260869565216,ROBUST_MODEL_INLIER,FIT,0.03797425269084114,SYNTHETIC_SOURCE,SYNTHETIC_TARGET
1478,179.85418701171875,345.3580627441406,188.8589324951172,339.3614196777344,179.85418701171875,345.3580627441406,188.8589324951172,339.3614196777344,AKAZE:intensity,6.0,0.043478260869565216,ROBUST_MODEL_INLIER,FIT,0.006075700321617481,SYNTHETIC_SOURCE,SYNTHETIC_TARGET
1479,81.32321166992188,300.2336730957031,90.3603744506836,294.2547302246094,81.32321166992188,300.2336730957031,90.3603744506836,294.2547302246094,AKAZE:intensity,6.0,0.043478260869565216,ROBUST_MODEL_INLIER,FIT,0.043010312943397196,SYNTHETIC_SOURCE,SYNTHETIC_TARGET
1480,295.3861389160156,443.7469787597656,304.3820495605469,437.753173828125,295.3861389160156,443.7469787597656,304.3820495605469,437.753173828125,AKAZE:intensity,8.0,0.043478260869565216,ROBUST_MODEL_INLIER,FIT,0.006683628302907892,SYNTHETIC_SOURCE,SYNTHETIC_TARGET
1481,309.35174560546875,582.2816772460938,318.3429870605469,576.3154907226562,309.35174560546875,582.2816772460938,318.3429870605469,576.3154907226562,AKAZE:intensity,8.0,0.043478260869565216,ROBUST_MODEL_INLIER,FIT,0.03430687536978608,SYNTHETIC_SOURCE,SYNTHETIC_TARGET
1482,217.25302124023438,295.32122802734375,226.25088500976562,289.3676452636719,217.25302124023438,295.32122802734375,226.25088500976562,289.3676452636719,AKAZE:intensity,7.0,0.04375,ROBUST_MODEL_INLIER,FIT,0.04595429491358738,SYNTHETIC_SOURCE,SYNTHETIC_TARGET
1483,353.2125549316406,546.7084350585938,362.2027282714844,540.7128295898438,353.2125549316406,546.7084350585938,362.2027282714844,540.7128295898438,AKAZE:intensity,5.0,0.043859649122807015,ROBUST_MODEL_INLIER,HELD_OUT,0.010009951706063827,SYNTHETIC_SOURCE,SYNTHETIC_TARGET
1484,417.0742492675781,456.5329284667969,426.07476806640625,450.54888916015625,417.0742492675781,456.5329284667969,426.07476806640625,450.54888916015625,AKAZE:intensity,5.0,0.043859649122807015,ROBUST_MODEL_INLIER,FIT,0.015513559136670822,SYNTHETIC_SOURCE,SYNTHETIC_TARGET
1485,110.2712173461914,481.025390625,119.25902557373047,475.0282287597656,110.2712173461914,481.025390625,119.25902557373047,475.0282287597656,AKAZE:intensity,5.0,0.043859649122807015,ROBUST_MODEL_INLIER,FIT,0.011817407565606767,SYNTHETIC_SOURCE,SYNTHETIC_TARGET
1486,479.7735900878906,457.9949951171875,488.52239990234375,452.11553955078125,479.7735900878906,457.9949951171875,488.52239990234375,452.11553955078125,AKAZE:intensity,3.0,0.04411764705882353,ROBUST_MODEL_INLIER,HELD_OUT,0.27785559723572717,SYNTHETIC_SOURCE,SYNTHETIC_TARGET
1487,48.09975051879883,556.0579223632812,57.202816009521484,550.0650024414062,48.09975051879883,556.0579223632812,57.202816009521484,550.0650024414062,AKAZE:intensity,3.0,0.04411764705882353,ROBUST_MODEL_INLIER,HELD_OUT,0.10388518691121393,SYNTHETIC_SOURCE,SYNTHETIC_TARGET
1488,457.1772155761719,414.9970703125,466.1617736816406,408.9873352050781,457.1772155761719,414.9970703125,466.1617736816406,408.9873352050781,AKAZE:intensity,6.0,0.04411764705882353,ROBUST_MODEL_INLIER,HELD_OUT,0.018013670996498733,SYNTHETIC_SOURCE,SYNTHETIC_TARGET
1489,65.61836242675781,417.1058044433594,74.62689971923828,411.13238525390625,65.61836242675781,417.1058044433594,74.62689971923828,411.13238525390625,AKAZE:intensity,5.0,0.04424778761061947,ROBUST_MODEL_INLIER,FIT,0.02764958366133461,SYNTHETIC_SOURCE,SYNTHETIC_TARGET
1490,256.449951171875,88.9549789428711,265.45623779296875,82.93173217773438,256.449951171875,88.9549789428711,265.45623779296875,82.93173217773438,AKAZE:intensity,7.0,0.04430379746835443,ROBUST_MODEL_INLIER,FIT,0.024716809235836874,SYNTHETIC_SOURCE,SYNTHETIC_TARGET
1491,463.88079833984375,266.4912109375,472.8957824707031,260.4771728515625,463.88079833984375,266.4912109375,472.8957824707031,260.4771728515625,AKAZE:intensity,6.0,0.044444444444444446,ROBUST_MODEL_INLIER,HELD_OUT,0.02131204414579336,SYNTHETIC_SOURCE,SYNTHETIC_TARGET
1492,229.70074462890625,84.57274627685547,238.67042541503906,78.5811996459961,229.70074462890625,84.57274627685547,238.67042541503906,78.5811996459961,AKAZE:intensity,6.0,0.044444444444444446,ROBUST_MODEL_INLIER,FIT,0.030758074135814533,SYNTHETIC_SOURCE,SYNTHETIC_TARGET
1493,363.7931823730469,217.23414611816406,372.7969055175781,211.22796630859375,363.7931823730469,217.23414611816406,372.7969055175781,211.22796630859375,AKAZE:intensity,8.0,0.044444444444444446,ROBUST_MODEL_INLIER,FIT,0.007952523095375601,SYNTHETIC_SOURCE,SYNTHETIC_TARGET
1494,272.40972900390625,376.3532409667969,281.4036865234375,370.36431884765625,272.40972900390625,376.3532409667969,281.4036865234375,370.36431884765625,AKAZE:intensity,9.0,0.04455445544554455,ROBUST_MODEL_INLIER,FIT,0.011901581589897705,SYNTHETIC_SOURCE,SYNTHETIC_TARGET
1495,533.3726196289062,190.8337860107422,542.35693359375,184.82977294921875,533.3726196289062,190.8337860107422,542.35693359375,184.82977294921875,AKAZE:intensity,5.0,0.044642857142857144,ROBUST_MODEL_INLIER,HELD_OUT,0.015733350647044033,SYNTHETIC_SOURCE,SYNTHETIC_TARGET
1496,545.5348510742188,81.72724151611328,554.5700073242188,75.74429321289062,545.5348510742188,81.72724151611328,554.5700073242188,75.74429321289062,AKAZE:intensity,8.0,0.0446927374301676,ROBUST_MODEL_INLIER,HELD_OUT,0.03941568877061619,SYNTHETIC_SOURCE,SYNTHETIC_TARGET
1497,306.00860595703125,339.9424743652344,314.99920654296875,333.91119384765625,306.00860595703125,339.9424743652344,314.99920654296875,333.91119384765625,AKAZE:intensity,3.0,0.04477611940298507,ROBUST_MODEL_INLIER,FIT,0.03296216313609868,SYNTHETIC_SOURCE,SYNTHETIC_TARGET
1498,352.0622863769531,197.22506713867188,361.04962158203125,191.22763061523438,352.0622863769531,197.22506713867188,361.04962158203125,191.22763061523438,AKAZE:intensity,6.0,0.04477611940298507,ROBUST_MODEL_INLIER,FIT,0.01223176358050637,SYNTHETIC_SOURCE,SYNTHETIC_TARGET
1499,426.01025390625,277.7889404296875,435.0375671386719,271.7441101074219,426.01025390625,277.7889404296875,435.0375671386719,271.7441101074219,AKAZE:intensity,6.0,0.04477611940298507,ROBUST_MODEL_INLIER,FIT,0.05323065251468239,SYNTHETIC_SOURCE,SYNTHETIC_TARGET
1500,471.1295166015625,386.7217712402344,480.10845947265625,380.725830078125,471.1295166015625,386.7217712402344,480.10845947265625,380.725830078125,AKAZE:intensity,7.0,0.04487179487179487,ROBUST_MODEL_INLIER,FIT,0.020756193737503984,SYNTHETIC_SOURCE,SYNTHETIC_TARGET
1501,252.1386260986328,209.32733154296875,261.132568359375,203.30081176757812,252.1386260986328,209.32733154296875,261.132568359375,203.30081176757812,AKAZE:intensity,8.0,0.0449438202247191,ROBUST_MODEL_INLIER,FIT,0.0275519356163274,SYNTHETIC_SOURCE,SYNTHETIC_TARGET
1502,558.3863525390625,527.9785766601562,567.3553466796875,521.9829711914062,558.3863525390625,527.9785766601562,567.3553466796875,521.9829711914062,AKAZE:intensity,9.0,0.045,ROBUST_MODEL_INLIER,FIT,0.03064548391267869,SYNTHETIC_SOURCE,SYNTHETIC_TARGET
1503,373.16925048828125,480.6417541503906,382.17816162109375,474.6324462890625,373.16925048828125,480.6417541503906,382.17816162109375,474.6324462890625,AKAZE:intensity,7.0,0.04516129032258064,ROBUST_MODEL_INLIER,HELD_OUT,0.013661005604066,SYNTHETIC_SOURCE,SYNTHETIC_TARGET
1504,421.339111328125,409.64361572265625,430.3212585449219,403.6643371582031,421.339111328125,409.64361572265625,430.3212585449219,403.6643371582031,AKAZE:intensity,8.0,0.04519774011299435,ROBUST_MODEL_INLIER,HELD_OUT,0.026583490773086544,SYNTHETIC_SOURCE,SYNTHETIC_TARGET
1505,597.99072265625,517.77587890625,606.99267578125,511.7833251953125,597.99072265625,517.77587890625,606.99267578125,511.7833251953125,AKAZE:intensity,8.0,0.04519774011299435,ROBUST_MODEL_INLIER,HELD_OUT,0.007415206322503633,SYNTHETIC_SOURCE,SYNTHETIC_TARGET
1506,101.81394958496094,290.12744140625,110.81746673583984,284.1401672363281,101.81394958496094,290.12744140625,110.81746673583984,284.1401672363281,AKAZE:intensity,9.0,0.04522613065326633,ROBUST_MODEL_INLIER,FIT,0.01291487041067614,SYNTHETIC_SOURCE,SYNTHETIC_TARGET
1507,421.5714111328125,357.3482666015625,430.5279846191406,351.29229736328125,421.5714111328125,357.3482666015625,430.5279846191406,351.29229736328125,AKAZE:intensity,6.0,0.045454545454545456,ROBUST_MODEL_INLIER,HELD_OUT,0.07085672338880591,SYNTHETIC_SOURCE,SYNTHETIC_TARGET
1508,385.1603088378906,498.5389709472656,394.1465148925781,492.5679931640625,385.1603088378906,498.5389709472656,394.1465148925781,492.5679931640625,AKAZE:intensity,8.0,0.045714285714285714,ROBUST_MODEL_INLIER,FIT,0.031432349927395756,SYNTHETIC_SOURCE,SYNTHETIC_TARGET
1509,65.83399963378906,440.0437316894531,74.84837341308594,434.0219421386719,65.83399963378906,440.0437316894531,74.84837341308594,434.0219421386719,AKAZE:intensity,8.0,0.045714285714285714,ROBUST_MODEL_INLIER,FIT,0.026848202502652997,SYNTHETIC_SOURCE,SYNTHETIC_TARGET
1510,470.9264831542969,255.93812561035156,479.8652038574219,249.9466094970703,470.9264831542969,255.93812561035156,479.8652038574219,249.9466094970703,AKAZE:intensity,7.0,0.0457516339869281,ROBUST_MODEL_INLIER,FIT,0.061193550576372185,SYNTHETIC_SOURCE,SYNTHETIC_TARGET
1511,593.9342651367188,263.8447570800781,602.9056396484375,257.8591613769531,593.9342651367188,263.8447570800781,602.9056396484375,257.8591613769531,AKAZE:intensity,7.0,0.0457516339869281,ROBUST_MODEL_INLIER,FIT,0.03128103860560737,SYNTHETIC_SOURCE,SYNTHETIC_TARGET
1512,270.3802795410156,231.723388671875,279.3861999511719,225.71853637695312,270.3802795410156,231.723388671875,279.3861999511719,225.71853637695312,AKAZE:intensity,6.0,0.04580152671755725,ROBUST_MODEL_INLIER,FIT,0.008436385628614276,SYNTHETIC_SOURCE,SYNTHETIC_TARGET
1513,266.7634582519531,544.2960205078125,275.7461853027344,538.3214111328125,266.7634582519531,544.2960205078125,275.7461853027344,538.3214111328125,AKAZE:intensity,9.0,0.04591836734693878,ROBUST_MODEL_INLIER,HELD_OUT,0.029962791673961757,SYNTHETIC_SOURCE,SYNTHETIC_TARGET
1514,127.50186920166016,420.73828125,136.54129028320312,414.7231750488281,127.50186920166016,420.73828125,136.54129028320312,414.7231750488281,AKAZE:intensity,7.0,0.046052631578947366,ROBUST_MODEL_INLIER,HELD_OUT,0.042961651719688194,SYNTHETIC_SOURCE,SYNTHETIC_TARGET
1515,260.06988525390625,243.31619262695312,269.067626953125,237.31251525878906,260.06988525390625,243.31619262695312,269.067626953125,237.31251525878906,AKAZE:intensity,9.0,0.046153846153846156,ROBUST_MODEL_INLIER,FIT,0.004479773617992095,SYNTHETIC_SOURCE,SYNTHETIC_TARGET
1516,531.13623046875,71.11201477050781,540.1234130859375,65.12068939208984,531.13623046875,71.11201477050781,540.1234130859375,65.12068939208984,AKAZE:intensity,5.0,0.046296296296296294,ROBUST_MODEL_INLIER,FIT,0.014697883520096289,SYNTHETIC_SOURCE,SYNTHETIC_TARGET
1517,338.1155090332031,55.74702453613281,347.1398620605469,49.72488021850586,338.1155090332031,55.74702453613281,347.1398620605469,49.72488021850586,AKAZE:intensity,4.0,0.046511627906976744,ROBUST_MODEL_INLIER,HELD_OUT,0.033695768552476545,SYNTHETIC_SOURCE,SYNTHETIC_TARGET
1518,583.8963012695312,205.1627960205078,592.8724975585938,199.12657165527344,583.8963012695312,205.1627960205078,592.8724975585938,199.12657165527344,AKAZE:intensity,8.0,0.046511627906976744,ROBUST_MODEL_INLIER,FIT,0.04342522689617859,SYNTHETIC_SOURCE,SYNTHETIC_TARGET
1519,575.7164306640625,61.69866943359375,584.74462890625,55.68555450439453,575.7164306640625,61.69866943359375,584.74462890625,55.68555450439453,AKAZE:intensity,8.0,0.046511627906976744,ROBUST_MODEL_INLIER,FIT,0.0318587885579203,SYNTHETIC_SOURCE,SYNTHETIC_TARGET
1520,62.823272705078125,557.1577758789062,71.81412506103516,551.1834716796875,62.823272705078125,557.1577758789062,71.81412506103516,551.1834716796875,AKAZE:intensity,5.0,0.04672897196261682,ROBUST_MODEL_INLIER,FIT,0.02661398887456404,SYNTHETIC_SOURCE,SYNTHETIC_TARGET
1521,582.4464111328125,547.1160278320312,591.4429931640625,541.1262817382812,582.4464111328125,547.1160278320312,591.4429931640625,541.1262817382812,AKAZE:intensity,10.0,0.04672897196261682,ROBUST_MODEL_INLIER,FIT,0.010161207896316776,SYNTHETIC_SOURCE,SYNTHETIC_TARGET
1522,61.134037017822266,245.67730712890625,70.14694213867188,239.6903839111328,61.134037017822266,245.67730712890625,70.14694213867188,239.6903839111328,AKAZE:intensity,8.0,0.04678362573099415,ROBUST_MODEL_INLIER,FIT,0.018469931005810625,SYNTHETIC_SOURCE,SYNTHETIC_TARGET
1523,567.95166015625,283.8551025390625,576.9447021484375,277.86810302734375,567.95166015625,283.8551025390625,576.9447021484375,277.86810302734375,AKAZE:intensity,3.0,0.046875,ROBUST_MODEL_INLIER,FIT,0.014030255331284103,SYNTHETIC_SOURCE,SYNTHETIC_TARGET
1524,245.52781677246094,140.91355895996094,254.54205322265625,134.90081787109375,245.52781677246094,140.91355895996094,254.54205322265625,134.90081787109375,AKAZE:intensity,6.0,0.046875,ROBUST_MODEL_INLIER,FIT,0.019885767677746764,SYNTHETIC_SOURCE,SYNTHETIC_TARGET
1525,424.24853515625,79.41570281982422,433.281494140625,73.34355926513672,424.24853515625,79.41570281982422,433.281494140625,73.34355926513672,AKAZE:intensity,9.0,0.046875,ROBUST_MODEL_INLIER,FIT,0.08001427314508734,SYNTHETIC_SOURCE,SYNTHETIC_TARGET
1526,388.2515563964844,41.219390869140625,397.26422119140625,35.2402229309082,388.2515563964844,41.219390869140625,397.26422119140625,35.2402229309082,AKAZE:intensity,9.0,0.046875,ROBUST_MODEL_INLIER,HELD_OUT,0.024291951752154563,SYNTHETIC_SOURCE,SYNTHETIC_TARGET
1527,362.2763671875,354.7538146972656,371.2576599121094,348.7277526855469,362.2763671875,354.7538146972656,371.2576599121094,348.7277526855469,AKAZE:intensity,9.0,0.046875,ROBUST_MODEL_INLIER,HELD_OUT,0.03213124194249911,SYNTHETIC_SOURCE,SYNTHETIC_TARGET
1528,308.81512451171875,238.620849609375,317.76153564453125,232.6031951904297,308.81512451171875,238.620849609375,317.76153564453125,232.6031951904297,AKAZE:intensity,10.0,0.046948356807511735,ROBUST_MODEL_INLIER,HELD_OUT,0.0559989347059867,SYNTHETIC_SOURCE,SYNTHETIC_TARGET
1529,552.706298828125,321.7803039550781,561.6827392578125,315.8067626953125,552.706298828125,321.7803039550781,561.6827392578125,315.8067626953125,AKAZE:intensity,8.0,0.047058823529411764,ROBUST_MODEL_INLIER,FIT,0.03465734238360547,SYNTHETIC_SOURCE,SYNTHETIC_TARGET
1530,297.1022644042969,269.8578186035156,306.0989685058594,263.8704833984375,297.1022644042969,269.8578186035156,306.0989685058594,263.8704833984375,AKAZE:intensity,9.0,0.04712041884816754,ROBUST_MODEL_INLIER,FIT,0.012469147814473171,SYNTHETIC_SOURCE,SYNTHETIC_TARGET
1531,365.2269287109375,252.60809326171875,374.22412109375,246.51364135742188,365.2269287109375,252.60809326171875,374.22412109375,246.51364135742188,AKAZE:intensity,5.0,0.04716981132075472,ROBUST_MODEL_INLIER,FIT,0.09496560855331712,SYNTHETIC_SOURCE,SYNTHETIC_TARGET
1532,346.0856628417969,437.41046142578125,355.0560302734375,431.3813781738281,346.0856628417969,437.41046142578125,355.0560302734375,431.3813781738281,AKAZE:intensity,6.0,0.047244094488188976,ROBUST_MODEL_INLIER,FIT,0.041433858664000116,SYNTHETIC_SOURCE,SYNTHETIC_TARGET
1533,145.4010009765625,373.76239013671875,154.38389587402344,367.77587890625,145.4010009765625,373.76239013671875,154.38389587402344,367.77587890625,AKAZE:intensity,7.0,0.0472972972972973,ROBUST_MODEL_INLIER,FIT,0.021002130971159286,SYNTHETIC_SOURCE,SYNTHETIC_TARGET
1534,562.4337158203125,123.61956024169922,571.3590087890625,117.58235931396484,562.4337158203125,123.61956024169922,571.3590087890625,117.58235931396484,AKAZE:intensity,7.0,0.0472972972972973,ROBUST_MODEL_INLIER,HELD_OUT,0.08313118797767699,SYNTHETIC_SOURCE,SYNTHETIC_TARGET
1535,121.21707916259766,401.3265075683594,130.23448181152344,395.3187561035156,121.21707916259766,401.3265075683594,130.23448181152344,395.3187561035156,AKAZE:intensity,8.0,0.047337278106508875,ROBUST_MODEL_INLIER,FIT,0.01980811960485621,SYNTHETIC_SOURCE,SYNTHETIC_TARGET
1536,289.47918701171875,347.24798583984375,298.4908142089844,341.26129150390625,289.47918701171875,347.24798583984375,298.4908142089844,341.26129150390625,AKAZE:intensity,2.0,0.047619047619047616,ROBUST_MODEL_INLIER,FIT,0.01772125569712581,SYNTHETIC_SOURCE,SYNTHETIC_TARGET
1537,334.18670654296875,37.182579040527344,343.2023620605469,31.18738555908203,334.18670654296875,37.182579040527344,343.2023620605469,31.18738555908203,AKAZE:intensity,3.0,0.047619047619047616,ROBUST_MODEL_INLIER,HELD_OUT,0.01682930991810215,SYNTHETIC_SOURCE,SYNTHETIC_TARGET
1538,442.6287536621094,514.333251953125,451.67938232421875,508.1754150390625,442.6287536621094,514.333251953125,451.67938232421875,508.1754150390625,AKAZE:intensity,3.0,0.047619047619047616,ROBUST_MODEL_INLIER,FIT,0.16641004775195475,SYNTHETIC_SOURCE,SYNTHETIC_TARGET
1539,277.7528991699219,294.1337890625,286.7900390625,288.1102600097656,277.7528991699219,294.1337890625,286.7900390625,288.1102600097656,AKAZE:intensity,4.0,0.047619047619047616,ROBUST_MODEL_INLIER,FIT,0.044742745382841745,SYNTHETIC_SOURCE,SYNTHETIC_TARGET
1540,363.5472717285156,281.8319396972656,372.6842956542969,275.7630310058594,363.5472717285156,281.8319396972656,372.6842956542969,275.7630310058594,AKAZE:intensity,4.0,0.047619047619047616,ROBUST_MODEL_INLIER,FIT,0.15413998220380268,SYNTHETIC_SOURCE,SYNTHETIC_TARGET
1541,361.3512268066406,105.3036117553711,370.3540954589844,99.28031158447266,361.3512268066406,105.3036117553711,370.3540954589844,99.28031158447266,AKAZE:intensity,9.0,0.047619047619047616,ROBUST_MODEL_INLIER,FIT,0.02404150419167244,SYNTHETIC_SOURCE,SYNTHETIC_TARGET
1542,401.81280517578125,163.67962646484375,410.82489013671875,157.69200134277344,401.81280517578125,163.67962646484375,410.82489013671875,157.69200134277344,AKAZE:intensity,11.0,0.047619047619047616,ROBUST_MODEL_INLIER,FIT,0.01739143870121774,SYNTHETIC_SOURCE,SYNTHETIC_TARGET
1543,75.70162963867188,77.06258392333984,84.69225311279297,71.07506561279297,75.70162963867188,77.06258392333984,84.69225311279297,71.07506561279297,AKAZE:intensity,9.0,0.047872340425531915,ROBUST_MODEL_INLIER,FIT,0.01485555964857624,SYNTHETIC_SOURCE,SYNTHETIC_TARGET
1544,94.88968658447266,161.68153381347656,103.88381958007812,155.70045471191406,94.88968658447266,161.68153381347656,103.88381958007812,155.70045471191406,AKAZE:intensity,9.0,0.047872340425531915,ROBUST_MODEL_INLIER,FIT,0.019167518759021018,SYNTHETIC_SOURCE,SYNTHETIC_TARGET
1545,207.64837646484375,166.4092559814453,216.65838623046875,160.35459899902344,207.64837646484375,166.4092559814453,216.65838623046875,160.35459899902344,AKAZE:intensity,7.0,0.04794520547945205,ROBUST_MODEL_INLIER,HELD_OUT,0.05615858789639257,SYNTHETIC_SOURCE,SYNTHETIC_TARGET
1546,93.15156555175781,446.718505859375,102.12615203857422,440.6977844238281,93.15156555175781,446.718505859375,102.12615203857422,440.6977844238281,AKAZE:intensity,7.0,0.04794520547945205,ROBUST_MODEL_INLIER,FIT,0.03263508714567405,SYNTHETIC_SOURCE,SYNTHETIC_TARGET
1547,586.276611328125,574.0908203125,595.3124389648438,568.0527954101562,586.276611328125,574.0908203125,595.3124389648438,568.0527954101562,AKAZE:intensity,8.0,0.04819277108433735,ROBUST_MODEL_INLIER,FIT,0.05301879195634701,SYNTHETIC_SOURCE,SYNTHETIC_TARGET
1548,374.77398681640625,327.01287841796875,383.771484375,321.0304870605469,374.77398681640625,327.01287841796875,383.771484375,321.0304870605469,AKAZE:intensity,8.0,0.04819277108433735,ROBUST_MODEL_INLIER,HELD_OUT,0.017224597991894613,SYNTHETIC_SOURCE,SYNTHETIC_TARGET
1549,359.8006591796875,551.1859130859375,368.8382873535156,545.0392456054688,359.8006591796875,551.1859130859375,368.8382873535156,545.0392456054688,AKAZE:intensity,7.0,0.04827586206896552,ROBUST_MODEL_INLIER,HELD_OUT,0.15204276711200373,SYNTHETIC_SOURCE,SYNTHETIC_TARGET
1550,334.65240478515625,95.29656219482422,343.67578125,89.27616119384766,334.65240478515625,95.29656219482422,343.67578125,89.27616119384766,AKAZE:intensity,8.0,0.048484848484848485,ROBUST_MODEL_INLIER,FIT,0.03180769518918534,SYNTHETIC_SOURCE,SYNTHETIC_TARGET
1551,446.7897644042969,232.45713806152344,455.7842102050781,226.45419311523438,446.7897644042969,232.45713806152344,455.7842102050781,226.45419311523438,AKAZE:intensity,8.0,0.048484848484848485,ROBUST_MODEL_INLIER,HELD_OUT,0.006019026581033329,SYNTHETIC_SOURCE,SYNTHETIC_TARGET
1552,157.3004913330078,486.92236328125,166.2648162841797,480.97283935546875,157.3004913330078,486.92236328125,166.2648162841797,480.97283935546875,AKAZE:intensity,5.0,0.04854368932038835,ROBUST_MODEL_INLIER,HELD_OUT,0.061059908616182365,SYNTHETIC_SOURCE,SYNTHETIC_TARGET
1553,479.9729919433594,164.70875549316406,489.0212097167969,158.71180725097656,479.9729919433594,164.70875549316406,489.0212097167969,158.71180725097656,AKAZE:intensity,7.0,0.04861111111111111,ROBUST_MODEL_INLIER,HELD_OUT,0.04889536995567281,SYNTHETIC_SOURCE,SYNTHETIC_TARGET
1554,416.6693115234375,127.3414077758789,425.6732482910156,121.3111801147461,416.6693115234375,127.3414077758789,425.6732482910156,121.3111801147461,AKAZE:intensity,11.0,0.048672566371681415,ROBUST_MODEL_INLIER,HELD_OUT,0.031050690957582498,SYNTHETIC_SOURCE,SYNTHETIC_TARGET
1555,520.204345703125,69.484619140625,529.191650390625,63.44411849975586,520.204345703125,69.484619140625,529.191650390625,63.44411849975586,AKAZE:intensity,4.0,0.04878048780487805,ROBUST_MODEL_INLIER,FIT,0.04273333613643892,SYNTHETIC_SOURCE,SYNTHETIC_TARGET
1556,162.63677978515625,267.5523986816406,171.62437438964844,261.57464599609375,162.63677978515625,267.5523986816406,171.62437438964844,261.57464599609375,AKAZE:intensity,6.0,0.04878048780487805,ROBUST_MODEL_INLIER,FIT,0.024750325000018673,SYNTHETIC_SOURCE,SYNTHETIC_TARGET
1557,403.9211730957031,472.3177490234375,412.88897705078125,466.35052490234375,403.9211730957031,472.3177490234375,412.88897705078125,466.35052490234375,AKAZE:intensity,8.0,0.04878048780487805,ROBUST_MODEL_INLIER,FIT,0.045167964171571276,SYNTHETIC_SOURCE,SYNTHETIC_TARGET
1558,304.0376281738281,492.13128662109375,313.0259094238281,486.1369934082031,304.0376281738281,492.13128662109375,313.0259094238281,486.1369934082031,AKAZE:intensity,8.0,0.04878048780487805,ROBUST_MODEL_INLIER,FIT,0.012273113673823104,SYNTHETIC_SOURCE,SYNTHETIC_TARGET
1559,209.7362060546875,172.0516357421875,218.7228240966797,166.0409393310547,209.7362060546875,172.0516357421875,218.7228240966797,166.0409393310547,AKAZE:intensity,8.0,0.04878048780487805,ROBUST_MODEL_INLIER,FIT,0.016976786353491397,SYNTHETIC_SOURCE,SYNTHETIC_TARGET
1560,447.0849914550781,563.577392578125,456.0671081542969,557.5551147460938,447.0849914550781,563.577392578125,456.0671081542969,557.5551147460938,AKAZE:intensity,5.0,0.049019607843137254,ROBUST_MODEL_INLIER,FIT,0.028577100774015266,SYNTHETIC_SOURCE,SYNTHETIC_TARGET
1561,341.5201110839844,532.7725830078125,350.5281066894531,526.762451171875,341.5201110839844,532.7725830078125,350.5281066894531,526.762451171875,AKAZE:intensity,5.0,0.049019607843137254,ROBUST_MODEL_INLIER,FIT,0.01366928621033133,SYNTHETIC_SOURCE,SYNTHETIC_TARGET
1562,284.90667724609375,60.8603630065918,293.92071533203125,54.854488372802734,284.90667724609375,60.8603630065918,293.92071533203125,54.854488372802734,AKAZE:intensity,5.0,0.049019607843137254,ROBUST_MODEL_INLIER,HELD_OUT,0.015970704711619144,SYNTHETIC_SOURCE,SYNTHETIC_TARGET
1563,354.20166015625,424.49273681640625,363.2042236328125,418.4735412597656,354.20166015625,424.49273681640625,363.2042236328125,418.4735412597656,AKAZE:intensity,3.0,0.04918032786885246,ROBUST_MODEL_INLIER,FIT,0.019938070595507618,SYNTHETIC_SOURCE,SYNTHETIC_TARGET
1564,286.3584289550781,359.25701904296875,295.3547058105469,353.2708740234375,286.3584289550781,359.25701904296875,295.3547058105469,353.2708740234375,AKAZE:intensity,6.0,0.04918032786885246,ROBUST_MODEL_INLIER,FIT,0.013724362574299445,SYNTHETIC_SOURCE,SYNTHETIC_TARGET
1565,254.10565185546875,163.45350646972656,263.0892639160156,157.43663024902344,254.10565185546875,163.45350646972656,263.0892639160156,157.43663024902344,AKAZE:intensity,6.0,0.04918032786885246,ROBUST_MODEL_INLIER,HELD_OUT,0.023461845786861668,SYNTHETIC_SOURCE,SYNTHETIC_TARGET
1566,168.71539306640625,602.60498046875,177.59970092773438,596.7039794921875,168.71539306640625,602.60498046875,177.59970092773438,596.7039794921875,AKAZE:intensity,6.0,0.04918032786885246,ROBUST_MODEL_INLIER,FIT,0.15148658043080782,SYNTHETIC_SOURCE,SYNTHETIC_TARGET
1567,55.14701461791992,547.9253540039062,64.12158203125,541.8820190429688,55.14701461791992,547.9253540039062,64.12158203125,541.8820190429688,AKAZE:intensity,6.0,0.04918032786885246,ROBUST_MODEL_INLIER,FIT,0.050364867830189,SYNTHETIC_SOURCE,SYNTHETIC_TARGET
1568,348.5322570800781,479.404296875,358.1485900878906,473.8027038574219,348.5322570800781,479.404296875,358.1485900878906,473.8027038574219,AKAZE:intensity,7.0,0.04929577464788732,ROBUST_MODEL_INLIER,FIT,0.7341378626792262,SYNTHETIC_SOURCE,SYNTHETIC_TARGET
1569,407.8461608886719,142.51803588867188,416.8647155761719,136.54302978515625,407.8461608886719,142.51803588867188,416.8647155761719,136.54302978515625,AKAZE:intensity,11.0,0.04932735426008968,ROBUST_MODEL_INLIER,HELD_OUT,0.03110986821383824,SYNTHETIC_SOURCE,SYNTHETIC_TARGET
1570,162.70010375976562,210.8658447265625,171.7508087158203,204.95179748535156,162.70010375976562,210.8658447265625,171.7508087158203,204.95179748535156,AKAZE:intensity,5.0,0.04950495049504951,ROBUST_MODEL_INLIER,FIT,0.09968669779299293,SYNTHETIC_SOURCE,SYNTHETIC_TARGET
1571,325.7236022949219,432.5333557128906,334.6995544433594,426.5279541015625,325.7236022949219,432.5333557128906,334.6995544433594,426.5279541015625,AKAZE:intensity,5.0,0.04950495049504951,ROBUST_MODEL_INLIER,FIT,0.02416624176060175,SYNTHETIC_SOURCE,SYNTHETIC_TARGET
1572,347.25970458984375,57.052276611328125,356.2034606933594,51.16530227661133,347.25970458984375,57.052276611328125,356.2034606933594,51.16530227661133,AKAZE:intensity,4.0,0.05,ROBUST_MODEL_INLIER,HELD_OUT,0.12553785933180048,SYNTHETIC_SOURCE,SYNTHETIC_TARGET
1573,508.6595153808594,306.9491882324219,517.6331787109375,300.9353942871094,508.6595153808594,306.9491882324219,517.6331787109375,300.9353942871094,AKAZE:intensity,5.0,0.05,ROBUST_MODEL_INLIER,FIT,0.029424912096903462,SYNTHETIC_SOURCE,SYNTHETIC_TARGET
1574,53.11092758178711,166.9175262451172,62.12014389038086,160.9135284423828,53.11092758178711,166.9175262451172,62.12014389038086,160.9135284423828,AKAZE:intensity,5.0,0.05,ROBUST_MODEL_INLIER,HELD_OUT,0.010802231220507046,SYNTHETIC_SOURCE,SYNTHETIC_TARGET
1575,124.34923553466797,463.44549560546875,133.3439483642578,457.4252624511719,124.34923553466797,463.44549560546875,133.3439483642578,457.4252624511719,AKAZE:intensity,6.0,0.05,ROBUST_MODEL_INLIER,FIT,0.021242658158928406,SYNTHETIC_SOURCE,SYNTHETIC_TARGET
1576,175.72445678710938,366.0787353515625,184.77061462402344,360.0607604980469,175.72445678710938,366.0787353515625,184.77061462402344,360.0607604980469,AKAZE:intensity,8.0,0.05,ROBUST_MODEL_INLIER,FIT,0.05028071995062226,SYNTHETIC_SOURCE,SYNTHETIC_TARGET
1577,437.5506286621094,302.4311828613281,446.5420227050781,296.42022705078125,437.5506286621094,302.4311828613281,446.5420227050781,296.42022705078125,AKAZE:intensity,8.0,0.05,ROBUST_MODEL_INLIER,FIT,0.013960549554627374,SYNTHETIC_SOURCE,SYNTHETIC_TARGET
1578,192.60633850097656,349.265869140625,201.60755920410156,343.25531005859375,192.60633850097656,349.265869140625,201.60755920410156,343.25531005859375,AKAZE:intensity,9.0,0.05,ROBUST_MODEL_INLIER,HELD_OUT,0.011198080046888685,SYNTHETIC_SOURCE,SYNTHETIC_TARGET
1579,402.92425537109375,422.22235107421875,412.0065002441406,416.2081604003906,402.92425537109375,422.22235107421875,412.0065002441406,416.2081604003906,AKAZE:intensity,10.0,0.05025125628140704,ROBUST_MODEL_INLIER,HELD_OUT,0.08414546908334157,SYNTHETIC_SOURCE,SYNTHETIC_TARGET
1580,575.7321166992188,55.523582458496094,584.7691040039062,49.52497863769531,575.7321166992188,55.523582458496094,584.7691040039062,49.52497863769531,AKAZE:intensity,9.0,0.05027932960893855,ROBUST_MODEL_INLIER,FIT,0.0376086164885038,SYNTHETIC_SOURCE,SYNTHETIC_TARGET
1581,135.24082946777344,332.3521728515625,144.25328063964844,326.3930969238281,135.24082946777344,332.3521728515625,144.25328063964844,326.3930969238281,AKAZE:intensity,8.0,0.050314465408805034,ROBUST_MODEL_INLIER,HELD_OUT,0.042493018127307235,SYNTHETIC_SOURCE,SYNTHETIC_TARGET
1582,355.3385009765625,467.8533630371094,364.35784912109375,461.7617492675781,355.3385009765625,467.8533630371094,364.35784912109375,461.7617492675781,AKAZE:intensity,7.0,0.050359712230215826,ROBUST_MODEL_INLIER,HELD_OUT,0.09423974386868944,SYNTHETIC_SOURCE,SYNTHETIC_TARGET
1583,157.59478759765625,194.16043090820312,166.5659942626953,188.1571807861328,157.59478759765625,194.16043090820312,166.5659942626953,188.1571807861328,AKAZE:intensity,6.0,0.05042016806722689,ROBUST_MODEL_INLIER,FIT,0.028429847214185434,SYNTHETIC_SOURCE,SYNTHETIC_TARGET
1584,321.17547607421875,72.47441101074219,330.1584167480469,66.46063232421875,321.17547607421875,72.47441101074219,330.1584167480469,66.46063232421875,AKAZE:intensity,6.0,0.05042016806722689,ROBUST_MODEL_INLIER,HELD_OUT,0.021774185062779446,SYNTHETIC_SOURCE,SYNTHETIC_TARGET
1585,477.2945861816406,195.02267456054688,486.30908203125,189.0452880859375,477.2945861816406,195.02267456054688,486.30908203125,189.0452880859375,AKAZE:intensity,11.0,0.05045871559633028,ROBUST_MODEL_INLIER,HELD_OUT,0.026790366591881838,SYNTHETIC_SOURCE,SYNTHETIC_TARGET
1586,181.8621063232422,72.01644897460938,190.88198852539062,66.05329132080078,181.8621063232422,72.01644897460938,190.88198852539062,66.05329132080078,AKAZE:intensity,5.0,0.050505050505050504,ROBUST_MODEL_INLIER,HELD_OUT,0.04173203560047894,SYNTHETIC_SOURCE,SYNTHETIC_TARGET
1587,143.44468688964844,373.5625915527344,152.47640991210938,367.5166320800781,143.44468688964844,373.5625915527344,152.47640991210938,367.5166320800781,AKAZE:intensity,5.0,0.050505050505050504,ROBUST_MODEL_INLIER,FIT,0.05659364733497096,SYNTHETIC_SOURCE,SYNTHETIC_TARGET
1588,251.0260467529297,376.0069274902344,259.9113464355469,369.87469482421875,251.0260467529297,376.0069274902344,259.9113464355469,369.87469482421875,AKAZE:intensity,5.0,0.050505050505050504,ROBUST_MODEL_INLIER,HELD_OUT,0.1750181994649839,SYNTHETIC_SOURCE,SYNTHETIC_TARGET
1589,487.8708190917969,566.9879760742188,496.8362731933594,560.9540405273438,487.8708190917969,566.9879760742188,496.8362731933594,560.9540405273438,AKAZE:intensity,10.0,0.050505050505050504,ROBUST_MODEL_INLIER,HELD_OUT,0.04833861070081414,SYNTHETIC_SOURCE,SYNTHETIC_TARGET
1590,346.7456970214844,429.4959411621094,355.74627685546875,423.4764404296875,346.7456970214844,429.4959411621094,355.74627685546875,423.4764404296875,AKAZE:intensity,4.0,0.05063291139240506,ROBUST_MODEL_INLIER,FIT,0.020024415327554404,SYNTHETIC_SOURCE,SYNTHETIC_TARGET
1591,597.5164184570312,336.3869934082031,606.5233154296875,330.3764953613281,597.5164184570312,336.3869934082031,606.5233154296875,330.3764953613281,AKAZE:intensity,8.0,0.05063291139240506,ROBUST_MODEL_INLIER,HELD_OUT,0.013306363988543088,SYNTHETIC_SOURCE,SYNTHETIC_TARGET
1592,216.63111877441406,561.3648681640625,225.64181518554688,555.3809814453125,216.63111877441406,561.3648681640625,225.64181518554688,555.3809814453125,AKAZE:intensity,11.0,0.05069124423963134,ROBUST_MODEL_INLIER,FIT,0.019286873972941036,SYNTHETIC_SOURCE,SYNTHETIC_TARGET
1593,62.96004867553711,113.19733428955078,71.97518920898438,107.2332763671875,62.96004867553711,113.19733428955078,71.97518920898438,107.2332763671875,AKAZE:intensity,10.0,0.050761421319796954,ROBUST_MODEL_INLIER,HELD_OUT,0.03879512929249974,SYNTHETIC_SOURCE,SYNTHETIC_TARGET
1594,544.4435424804688,348.8213806152344,553.4304809570312,342.8079528808594,544.4435424804688,348.8213806152344,553.4304809570312,342.8079528808594,AKAZE:intensity,3.0,0.05084745762711865,ROBUST_MODEL_INLIER,FIT,0.018673167164036077,SYNTHETIC_SOURCE,SYNTHETIC_TARGET
1595,329.8144226074219,361.1001281738281,338.81439208984375,355.07904052734375,329.8144226074219,361.1001281738281,338.81439208984375,355.07904052734375,AKAZE:intensity,8.0,0.050955414012738856,ROBUST_MODEL_INLIER,HELD_OUT,0.02158371759100847,SYNTHETIC_SOURCE,SYNTHETIC_TARGET
1596,64.21711730957031,171.943115234375,73.22496795654297,165.96725463867188,64.21711730957031,171.943115234375,73.22496795654297,165.96725463867188,AKAZE:intensity,9.0,0.05113636363636364,ROBUST_MODEL_INLIER,FIT,0.025118999135919768,SYNTHETIC_SOURCE,SYNTHETIC_TARGET
1597,394.2317199707031,82.85283660888672,403.2577819824219,76.84234619140625,394.2317199707031,82.85283660888672,403.2577819824219,76.84234619140625,AKAZE:intensity,9.0,0.05113636363636364,ROBUST_MODEL_INLIER,FIT,0.028843487806112653,SYNTHETIC_SOURCE,SYNTHETIC_TARGET
1598,332.9874572753906,133.07968139648438,341.9770202636719,127.09261322021484,332.9874572753906,133.07968139648438,341.9770202636719,127.09261322021484,AKAZE:intensity,11.0,0.05116279069767442,ROBUST_MODEL_INLIER,FIT,0.015855756030213813,SYNTHETIC_SOURCE,SYNTHETIC_TARGET
1599,432.17620849609375,511.61260986328125,441.1604919433594,505.5859069824219,432.17620849609375,511.61260986328125,441.1604919433594,505.5859069824219,AKAZE:intensity,2.0,0.05128205128205128,ROBUST_MODEL_INLIER,FIT,0.03110557202019388,SYNTHETIC_SOURCE,SYNTHETIC_TARGET
1600,384.1519775390625,159.23484802246094,393.15802001953125,153.2168731689453,384.1519775390625,159.23484802246094,393.15802001953125,153.2168731689453,AKAZE:intensity,4.0,0.05128205128205128,ROBUST_MODEL_INLIER,FIT,0.019625175652963123,SYNTHETIC_SOURCE,SYNTHETIC_TARGET
1601,518.4237060546875,359.7767333984375,527.4141235351562,353.7923583984375,518.4237060546875,359.7767333984375,527.4141235351562,353.7923583984375,AKAZE:intensity,6.0,0.05128205128205128,ROBUST_MODEL_INLIER,HELD_OUT,0.017596023771752102,SYNTHETIC_SOURCE,SYNTHETIC_TARGET
1602,144.29428100585938,524.6424560546875,153.20858764648438,518.6107788085938,144.29428100585938,524.6424560546875,153.20858764648438,518.6107788085938,AKAZE:intensity,10.0,0.05128205128205128,ROBUST_MODEL_INLIER,HELD_OUT,0.09096009766773266,SYNTHETIC_SOURCE,SYNTHETIC_TARGET
1603,257.0648498535156,565.6806030273438,266.0868225097656,559.6756591796875,257.0648498535156,565.6806030273438,266.0868225097656,559.6756591796875,AKAZE:intensity,11.0,0.0514018691588785,ROBUST_MODEL_INLIER,FIT,0.02322714503148316,SYNTHETIC_SOURCE,SYNTHETIC_TARGET
1604,355.7251281738281,315.7503967285156,364.7508239746094,309.75537109375,355.7251281738281,315.7503967285156,364.7508239746094,309.75537109375,AKAZE:intensity,7.0,0.051470588235294115,ROBUST_MODEL_INLIER,FIT,0.02668592514130716,SYNTHETIC_SOURCE,SYNTHETIC_TARGET
1605,83.36039733886719,368.2663879394531,92.37877655029297,362.28399658203125,83.36039733886719,368.2663879394531,92.37877655029297,362.28399658203125,AKAZE:intensity,5.0,0.05154639175257732,ROBUST_MODEL_INLIER,FIT,0.025567758495641715,SYNTHETIC_SOURCE,SYNTHETIC_TARGET
1606,93.70295715332031,414.27276611328125,102.67253875732422,408.28875732421875,93.70295715332031,414.27276611328125,102.67253875732422,408.28875732421875,AKAZE:intensity,5.0,0.05154639175257732,ROBUST_MODEL_INLIER,HELD_OUT,0.033598516959096096,SYNTHETIC_SOURCE,SYNTHETIC_TARGET
1607,142.04052734375,562.052001953125,151.01788330078125,556.0540771484375,142.04052734375,562.052001953125,151.01788330078125,556.0540771484375,AKAZE:intensity,6.0,0.05172413793103448,ROBUST_MODEL_INLIER,FIT,0.022090763980170885,SYNTHETIC_SOURCE,SYNTHETIC_TARGET
1608,538.031005859375,365.02191162109375,547.0647583007812,359.0545349121094,538.031005859375,365.02191162109375,547.0647583007812,359.0545349121094,AKAZE:intensity,6.0,0.05172413793103448,ROBUST_MODEL_INLIER,FIT,0.04704742706301789,SYNTHETIC_SOURCE,SYNTHETIC_TARGET
1609,379.2021179199219,597.208251953125,388.2227478027344,591.175537109375,379.2021179199219,597.208251953125,388.2227478027344,591.175537109375,AKAZE:intensity,9.0,0.05172413793103448,ROBUST_MODEL_INLIER,FIT,0.03941567031106482,SYNTHETIC_SOURCE,SYNTHETIC_TARGET
1610,252.2545623779297,209.77813720703125,261.2273254394531,203.684814453125,252.2545623779297,209.77813720703125,261.2273254394531,203.684814453125,AKAZE:intensity,4.0,0.05194805194805195,ROBUST_MODEL_INLIER,HELD_OUT,0.09751659062836077,SYNTHETIC_SOURCE,SYNTHETIC_TARGET
1611,263.5180969238281,52.72560119628906,272.5396423339844,46.75503158569336,263.5180969238281,52.72560119628906,272.5396423339844,46.75503158569336,AKAZE:intensity,4.0,0.05194805194805195,ROBUST_MODEL_INLIER,FIT,0.03644891495988661,SYNTHETIC_SOURCE,SYNTHETIC_TARGET
1612,260.68951416015625,115.59271240234375,269.6871643066406,109.6011734008789,260.68951416015625,115.59271240234375,269.6871643066406,109.6011734008789,AKAZE:intensity,4.0,0.05194805194805195,ROBUST_MODEL_INLIER,FIT,0.008160274992544977,SYNTHETIC_SOURCE,SYNTHETIC_TARGET
1613,559.9528198242188,316.9073486328125,568.9573974609375,310.9234313964844,559.9528198242188,316.9073486328125,568.9573974609375,310.9234313964844,AKAZE:intensity,12.0,0.05194805194805195,ROBUST_MODEL_INLIER,FIT,0.016434813793060013,SYNTHETIC_SOURCE,SYNTHETIC_TARGET
1614,261.6643371582031,471.2041931152344,270.6431579589844,465.2171325683594,261.6643371582031,471.2041931152344,270.6431579589844,465.2171325683594,AKAZE:intensity,9.0,0.05202312138728324,ROBUST_MODEL_INLIER,FIT,0.024043900993116988,SYNTHETIC_SOURCE,SYNTHETIC_TARGET
1615,336.18878173828125,90.15777587890625,345.1996154785156,84.14436340332031,336.18878173828125,90.15777587890625,345.1996154785156,84.14436340332031,AKAZE:intensity,9.0,0.05202312138728324,ROBUST_MODEL_INLIER,FIT,0.018005506870598362,SYNTHETIC_SOURCE,SYNTHETIC_TARGET
1616,246.29159545898438,38.48103713989258,255.30902099609375,32.458831787109375,246.29159545898438,38.48103713989258,255.30902099609375,32.458831787109375,AKAZE:intensity,9.0,0.05202312138728324,ROBUST_MODEL_INLIER,FIT,0.028987830305444114,SYNTHETIC_SOURCE,SYNTHETIC_TARGET
1617,138.4773406982422,405.3850402832031,147.28872680664062,399.5616760253906,138.4773406982422,405.3850402832031,147.28872680664062,399.5616760253906,AKAZE:intensity,10.0,0.052083333333333336,ROBUST_MODEL_INLIER,FIT,0.2576300818265357,SYNTHETIC_SOURCE,SYNTHETIC_TARGET
1618,323.8371887207031,93.31483459472656,332.8420104980469,87.30889892578125,323.8371887207031,93.31483459472656,332.8420104980469,87.30889892578125,AKAZE:intensity,9.0,0.05232558139534884,ROBUST_MODEL_INLIER,FIT,0.008412797428083736,SYNTHETIC_SOURCE,SYNTHETIC_TARGET
1619,263.779296875,571.1224365234375,272.76544189453125,565.1282348632812,263.779296875,571.1224365234375,272.76544189453125,565.1282348632812,AKAZE:intensity,9.0,0.05232558139534884,ROBUST_MODEL_INLIER,HELD_OUT,0.01426943997265945,SYNTHETIC_SOURCE,SYNTHETIC_TARGET
1620,328.22442626953125,561.6376953125,337.19464111328125,555.700439453125,328.22442626953125,561.6376953125,337.19464111328125,555.700439453125,AKAZE:intensity,11.0,0.05238095238095238,ROBUST_MODEL_INLIER,HELD_OUT,0.06875289997573591,SYNTHETIC_SOURCE,SYNTHETIC_TARGET
1621,439.9413757324219,518.9109497070312,448.90631103515625,512.9208374023438,439.9413757324219,518.9109497070312,448.90631103515625,512.9208374023438,AKAZE:intensity,3.0,0.05263157894736842,ROBUST_MODEL_INLIER,FIT,0.03571345576318219,SYNTHETIC_SOURCE,SYNTHETIC_TARGET
1622,54.27056121826172,359.1529541015625,63.27602767944336,353.1700744628906,54.27056121826172,359.1529541015625,63.27602767944336,353.1700744628906,AKAZE:intensity,6.0,0.05263157894736842,ROBUST_MODEL_INLIER,HELD_OUT,0.017707448739231534,SYNTHETIC_SOURCE,SYNTHETIC_TARGET
1623,443.6531982421875,357.89459228515625,452.65911865234375,351.8696594238281,443.6531982421875,357.89459228515625,452.65911865234375,351.8696594238281,AKAZE:intensity,7.0,0.05263157894736842,ROBUST_MODEL_INLIER,FIT,0.026246625280299373,SYNTHETIC_SOURCE,SYNTHETIC_TARGET
1624,112.80523681640625,577.22216796875,121.78923034667969,571.2324829101562,112.80523681640625,577.22216796875,121.78923034667969,571.2324829101562,AKAZE:intensity,7.0,0.05263157894736842,ROBUST_MODEL_INLIER,HELD_OUT,0.018264821497846796,SYNTHETIC_SOURCE,SYNTHETIC_TARGET
1625,594.7880249023438,374.8504638671875,603.7831420898438,368.84222412109375,594.7880249023438,374.8504638671875,603.7831420898438,368.84222412109375,AKAZE:intensity,7.0,0.05263157894736842,ROBUST_MODEL_INLIER,FIT,0.009717632621976974,SYNTHETIC_SOURCE,SYNTHETIC_TARGET
1626,411.0845642089844,351.0234069824219,420.08111572265625,345.0257263183594,411.0845642089844,351.0234069824219,420.08111572265625,345.0257263183594,AKAZE:intensity,8.0,0.05263157894736842,ROBUST_MODEL_INLIER,HELD_OUT,0.0033775390769708344,SYNTHETIC_SOURCE,SYNTHETIC_TARGET
1627,589.517578125,421.4644775390625,598.5321044921875,415.4643859863281,589.517578125,421.4644775390625,598.5321044921875,415.4643859863281,AKAZE:intensity,9.0,0.05263157894736842,ROBUST_MODEL_INLIER,HELD_OUT,0.015147820370140312,SYNTHETIC_SOURCE,SYNTHETIC_TARGET
1628,321.84393310546875,111.91156768798828,330.8326110839844,105.93976593017578,321.84393310546875,111.91156768798828,330.8326110839844,105.93976593017578,AKAZE:intensity,10.0,0.05291005291005291,ROBUST_MODEL_INLIER,FIT,0.029708278436708133,SYNTHETIC_SOURCE,SYNTHETIC_TARGET
1629,483.504638671875,131.7967529296875,492.5296325683594,125.79025268554688,483.504638671875,131.7967529296875,492.5296325683594,125.79025268554688,AKAZE:intensity,8.0,0.052980132450331126,ROBUST_MODEL_INLIER,FIT,0.026540855396563853,SYNTHETIC_SOURCE,SYNTHETIC_TARGET
1630,389.63763427734375,344.9193420410156,398.6653137207031,338.9215087890625,389.63763427734375,344.9193420410156,398.6653137207031,338.9215087890625,AKAZE:intensity,8.0,0.052980132450331126,ROBUST_MODEL_INLIER,FIT,0.028339543883237717,SYNTHETIC_SOURCE,SYNTHETIC_TARGET
1631,481.6968078613281,227.123779296875,490.74285888671875,221.15904235839844,481.6968078613281,227.123779296875,490.74285888671875,221.15904235839844,AKAZE:intensity,7.0,0.05303030303030303,ROBUST_MODEL_INLIER,FIT,0.05819423890925529,SYNTHETIC_SOURCE,SYNTHETIC_TARGET
1632,260.28717041015625,166.39907836914062,269.27581787109375,160.38316345214844,260.28717041015625,166.39907836914062,269.27581787109375,160.38316345214844,AKAZE:intensity,10.0,0.05319148936170213,ROBUST_MODEL_INLIER,FIT,0.019607638941434517,SYNTHETIC_SOURCE,SYNTHETIC_TARGET
1633,286.04693603515625,40.35520935058594,295.0125427246094,34.328819274902344,286.04693603515625,40.35520935058594,295.0125427246094,34.328819274902344,AKAZE:intensity,4.0,0.05333333333333334,ROBUST_MODEL_INLIER,FIT,0.04317099013445986,SYNTHETIC_SOURCE,SYNTHETIC_TARGET
1634,121.03763580322266,417.6285095214844,130.06185913085938,411.61761474609375,121.03763580322266,417.6285095214844,130.06185913085938,411.61761474609375,AKAZE:intensity,8.0,0.05333333333333334,ROBUST_MODEL_INLIER,HELD_OUT,0.027318228365935206,SYNTHETIC_SOURCE,SYNTHETIC_TARGET
1635,396.1011047363281,181.41477966308594,405.12261962890625,175.42848205566406,396.1011047363281,181.41477966308594,405.12261962890625,175.42848205566406,AKAZE:intensity,8.0,0.05333333333333334,ROBUST_MODEL_INLIER,FIT,0.02577089766528016,SYNTHETIC_SOURCE,SYNTHETIC_TARGET
1636,583.383056640625,104.17599487304688,592.4171752929688,98.17022705078125,583.383056640625,104.17599487304688,592.4171752929688,98.17022705078125,AKAZE:intensity,11.0,0.05339805825242718,ROBUST_MODEL_INLIER,HELD_OUT,0.03528799432552866,SYNTHETIC_SOURCE,SYNTHETIC_TARGET
1637,150.6414031982422,578.9065551757812,159.66017150878906,573.02587890625,150.6414031982422,578.9065551757812,159.66017150878906,573.02587890625,AKAZE:intensity,7.0,0.05343511450381679,ROBUST_MODEL_INLIER,FIT,0.1204051350074881,SYNTHETIC_SOURCE,SYNTHETIC_TARGET
1638,218.0954132080078,161.09750366210938,227.0925750732422,155.08303833007812,218.0954132080078,161.09750366210938,227.0925750732422,155.08303833007812,AKAZE:intensity,7.0,0.05343511450381679,ROBUST_MODEL_INLIER,HELD_OUT,0.015118649680619704,SYNTHETIC_SOURCE,SYNTHETIC_TARGET
1639,498.3088684082031,234.58258056640625,507.3247375488281,228.6047821044922,498.3088684082031,234.58258056640625,507.3247375488281,228.6047821044922,AKAZE:intensity,7.0,0.05343511450381679,ROBUST_MODEL_INLIER,FIT,0.02725874511383934,SYNTHETIC_SOURCE,SYNTHETIC_TARGET
1640,580.9191284179688,390.1370849609375,589.91650390625,384.1287536621094,580.9191284179688,390.1370849609375,589.91650390625,384.1287536621094,AKAZE:intensity,10.0,0.053475935828877004,ROBUST_MODEL_INLIER,FIT,0.009046647660292978,SYNTHETIC_SOURCE,SYNTHETIC_TARGET
1641,72.57658386230469,409.6457214355469,81.51667022705078,403.68389892578125,72.57658386230469,409.6457214355469,81.51667022705078,403.68389892578125,AKAZE:intensity,6.0,0.05357142857142857,ROBUST_MODEL_INLIER,FIT,0.07026632145239499,SYNTHETIC_SOURCE,SYNTHETIC_TARGET
1642,158.79544067382812,427.26873779296875,167.78460693359375,421.1980285644531,158.79544067382812,427.26873779296875,167.78460693359375,421.1980285644531,AKAZE:intensity,8.0,0.053691275167785234,ROBUST_MODEL_INLIER,FIT,0.07192776287889462,SYNTHETIC_SOURCE,SYNTHETIC_TARGET
1643,579.917236328125,94.34123992919922,588.92431640625,88.3031234741211,579.917236328125,94.34123992919922,588.92431640625,88.3031234741211,AKAZE:intensity,10.0,0.053763440860215055,ROBUST_MODEL_INLIER,FIT,0.039363287156212394,SYNTHETIC_SOURCE,SYNTHETIC_TARGET
1644,424.8941345214844,518.3887939453125,433.9856872558594,512.418701171875,424.8941345214844,518.3887939453125,433.9856872558594,512.418701171875,AKAZE:intensity,2.0,0.05405405405405406,ROBUST_MODEL_INLIER,FIT,0.09674455412488538,SYNTHETIC_SOURCE,SYNTHETIC_TARGET
1645,67.87992095947266,566.2344360351562,76.89935302734375,560.3450317382812,67.87992095947266,566.2344360351562,76.89935302734375,560.3450317382812,AKAZE:intensity,4.0,0.05405405405405406,ROBUST_MODEL_INLIER,FIT,0.11191667851000281,SYNTHETIC_SOURCE,SYNTHETIC_TARGET
1646,381.4610290527344,177.60324096679688,390.4679870605469,171.56622314453125,381.4610290527344,177.60324096679688,390.4679870605469,171.56622314453125,AKAZE:intensity,4.0,0.05405405405405406,ROBUST_MODEL_INLIER,FIT,0.03826209435660741,SYNTHETIC_SOURCE,SYNTHETIC_TARGET
1647,339.0303039550781,190.66802978515625,348.03778076171875,184.67745971679688,339.0303039550781,190.66802978515625,348.03778076171875,184.67745971679688,AKAZE:intensity,6.0,0.05405405405405406,ROBUST_MODEL_INLIER,FIT,0.012056336073224577,SYNTHETIC_SOURCE,SYNTHETIC_TARGET
1648,81.80070495605469,573.2540283203125,90.7957992553711,567.2545776367188,81.80070495605469,573.2540283203125,90.7957992553711,567.2545776367188,AKAZE:intensity,8.0,0.05405405405405406,ROBUST_MODEL_INLIER,FIT,0.004295782741524449,SYNTHETIC_SOURCE,SYNTHETIC_TARGET
1649,324.5399169921875,182.0927734375,333.66912841796875,176.34854125976562,324.5399169921875,182.0927734375,333.66912841796875,176.34854125976562,AKAZE:intensity,10.0,0.05405405405405406,ROBUST_MODEL_INLIER,FIT,0.2863936764906627,SYNTHETIC_SOURCE,SYNTHETIC_TARGET
1650,117.52324676513672,357.89874267578125,126.55276489257812,351.8657531738281,117.52324676513672,357.89874267578125,126.55276489257812,351.8657531738281,AKAZE:intensity,9.0,0.05421686746987952,ROBUST_MODEL_INLIER,FIT,0.04503873016953584,SYNTHETIC_SOURCE,SYNTHETIC_TARGET
1651,423.33160400390625,89.0011978149414,432.3441467285156,82.99607849121094,423.33160400390625,89.0011978149414,432.3441467285156,82.99607849121094,AKAZE:intensity,10.0,0.05434782608695652,ROBUST_MODEL_INLIER,FIT,0.014298553996825128,SYNTHETIC_SOURCE,SYNTHETIC_TARGET
1652,406.1287536621094,127.67161560058594,415.15740966796875,121.67522430419922,406.1287536621094,127.67161560058594,415.15740966796875,121.67522430419922,AKAZE:intensity,10.0,0.05434782608695652,ROBUST_MODEL_INLIER,FIT,0.029432239338354864,SYNTHETIC_SOURCE,SYNTHETIC_TARGET
1653,436.4183349609375,144.87013244628906,445.41400146484375,138.88067626953125,436.4183349609375,144.87013244628906,445.41400146484375,138.88067626953125,AKAZE:intensity,11.0,0.054455445544554455,ROBUST_MODEL_INLIER,FIT,0.010722673638473892,SYNTHETIC_SOURCE,SYNTHETIC_TARGET
1654,597.3098754882812,532.0557861328125,606.3235473632812,526.037353515625,597.3098754882812,532.0557861328125,606.3235473632812,526.037353515625,AKAZE:intensity,11.0,0.054455445544554455,ROBUST_MODEL_INLIER,FIT,0.0237061678317009,SYNTHETIC_SOURCE,SYNTHETIC_TARGET
1655,355.9654235839844,420.8777770996094,364.9562683105469,414.82763671875,355.9654235839844,420.8777770996094,364.9562683105469,414.82763671875,AKAZE:intensity,3.0,0.05454545454545454,ROBUST_MODEL_INLIER,FIT,0.05134468927586491,SYNTHETIC_SOURCE,SYNTHETIC_TARGET
1656,408.475830078125,279.5457763671875,417.44219970703125,273.5357666015625,408.475830078125,279.5457763671875,417.44219970703125,273.5357666015625,AKAZE:intensity,6.0,0.05454545454545454,ROBUST_MODEL_INLIER,HELD_OUT,0.03464867498236879,SYNTHETIC_SOURCE,SYNTHETIC_TARGET
1657,365.94677734375,52.535186767578125,374.9423828125,46.526790618896484,365.94677734375,52.535186767578125,374.9423828125,46.526790618896484,AKAZE:intensity,9.0,0.05454545454545454,ROBUST_MODEL_INLIER,FIT,0.009656765044129397,SYNTHETIC_SOURCE,SYNTHETIC_TARGET
1658,366.78265380859375,323.2943420410156,375.7915344238281,317.2873229980469,366.78265380859375,323.2943420410156,375.7915344238281,317.2873229980469,AKAZE:intensity,10.0,0.0546448087431694,ROBUST_MODEL_INLIER,FIT,0.012101172160779054,SYNTHETIC_SOURCE,SYNTHETIC_TARGET
1659,205.01564025878906,345.0838928222656,214.04421997070312,339.04278564453125,205.01564025878906,345.0838928222656,214.04421997070312,339.04278564453125,AKAZE:intensity,7.0,0.0546875,ROBUST_MODEL_INLIER,HELD_OUT,0.050815765406875164,SYNTHETIC_SOURCE,SYNTHETIC_TARGET
1660,133.37962341308594,47.737831115722656,142.35647583007812,41.73207092285156,133.37962341308594,47.737831115722656,142.35647583007812,41.73207092285156,AKAZE:intensity,11.0,0.05472636815920398,ROBUST_MODEL_INLIER,FIT,0.02338739468306722,SYNTHETIC_SOURCE,SYNTHETIC_TARGET
1661,363.0925598144531,263.7467956542969,372.13848876953125,257.7762756347656,363.0925598144531,263.7467956542969,372.13848876953125,257.7762756347656,AKAZE:intensity,4.0,0.0547945205479452,ROBUST_MODEL_INLIER,FIT,0.05483088259530929,SYNTHETIC_SOURCE,SYNTHETIC_TARGET
1662,528.04150390625,413.6944274902344,537.0172729492188,407.74481201171875,528.04150390625,413.6944274902344,537.0172729492188,407.74481201171875,AKAZE:intensity,8.0,0.0547945205479452,ROBUST_MODEL_INLIER,FIT,0.055204780519777494,SYNTHETIC_SOURCE,SYNTHETIC_TARGET
1663,281.3082275390625,503.7703552246094,290.31256103515625,497.7080993652344,281.3082275390625,503.7703552246094,290.31256103515625,497.7080993652344,AKAZE:intensity,8.0,0.0547945205479452,ROBUST_MODEL_INLIER,FIT,0.06293861145924641,SYNTHETIC_SOURCE,SYNTHETIC_TARGET
1664,226.5892791748047,238.86846923828125,235.57485961914062,232.8497772216797,226.5892791748047,238.86846923828125,235.57485961914062,232.8497772216797,AKAZE:intensity,8.0,0.0547945205479452,ROBUST_MODEL_INLIER,FIT,0.023634253607703874,SYNTHETIC_SOURCE,SYNTHETIC_TARGET
1665,190.32635498046875,419.49285888671875,199.3137664794922,413.4892578125,190.32635498046875,419.49285888671875,199.3137664794922,413.4892578125,AKAZE:intensity,6.0,0.05504587155963303,ROBUST_MODEL_INLIER,FIT,0.012656970077210476,SYNTHETIC_SOURCE,SYNTHETIC_TARGET
1666,272.8658752441406,526.776123046875,281.86846923828125,520.7894897460938,272.8658752441406,526.776123046875,281.86846923828125,520.7894897460938,AKAZE:intensity,6.0,0.05504587155963303,ROBUST_MODEL_INLIER,FIT,0.013271076850163988,SYNTHETIC_SOURCE,SYNTHETIC_TARGET
1667,482.3301086425781,418.41448974609375,491.3233337402344,412.42578125,482.3301086425781,418.41448974609375,491.3233337402344,412.42578125,AKAZE:intensity,6.0,0.05504587155963303,ROBUST_MODEL_INLIER,FIT,0.012438299968047213,SYNTHETIC_SOURCE,SYNTHETIC_TARGET
1668,196.6372833251953,431.452880859375,205.60963439941406,425.4085388183594,196.6372833251953,431.452880859375,205.60963439941406,425.4085388183594,AKAZE:intensity,6.0,0.05504587155963303,ROBUST_MODEL_INLIER,FIT,0.052353054258778876,SYNTHETIC_SOURCE,SYNTHETIC_TARGET
1669,165.92852783203125,417.1298828125,174.93130493164062,411.13702392578125,165.92852783203125,417.1298828125,174.93130493164062,411.13702392578125,AKAZE:intensity,10.0,0.055248618784530384,ROBUST_MODEL_INLIER,FIT,0.007465587684694575,SYNTHETIC_SOURCE,SYNTHETIC_TARGET
1670,404.64678955078125,440.4366760253906,413.61932373046875,434.4078369140625,404.64678955078125,440.4366760253906,413.61932373046875,434.4078369140625,AKAZE:intensity,10.0,0.055248618784530384,ROBUST_MODEL_INLIER,FIT,0.039765715851895436,SYNTHETIC_SOURCE,SYNTHETIC_TARGET
1671,138.8697052001953,335.1770935058594,147.89125061035156,329.1797790527344,138.8697052001953,335.1770935058594,147.89125061035156,329.1797790527344,AKAZE:intensity,11.0,0.05527638190954774,ROBUST_MODEL_INLIER,FIT,0.022264450443809175,SYNTHETIC_SOURCE,SYNTHETIC_TARGET
1672,521.995361328125,529.2698974609375,531.0592041015625,523.273193359375,521.995361328125,529.2698974609375,531.0592041015625,523.273193359375,AKAZE:intensity,11.0,0.05527638190954774,ROBUST_MODEL_INLIER,FIT,0.0645142467718346,SYNTHETIC_SOURCE,SYNTHETIC_TARGET
1673,318.03302001953125,360.0895690917969,327.1203308105469,354.0579833984375,318.03302001953125,360.0895690917969,327.1203308105469,354.0579833984375,AKAZE:intensity,7.0,0.05555555555555555,ROBUST_MODEL_INLIER,FIT,0.0935888196286598,SYNTHETIC_SOURCE,SYNTHETIC_TARGET
1674,236.03005981445312,518.8201904296875,245.02711486816406,512.8493041992188,236.03005981445312,518.8201904296875,245.02711486816406,512.8493041992188,AKAZE:intensity,10.0,0.05555555555555555,ROBUST_MODEL_INLIER,FIT,0.028720531190722685,SYNTHETIC_SOURCE,SYNTHETIC_TARGET
1675,570.051513671875,405.0260009765625,578.9766845703125,398.9915466308594,570.051513671875,405.0260009765625,578.9766845703125,398.9915466308594,AKAZE:intensity,10.0,0.05555555555555555,ROBUST_MODEL_INLIER,FIT,0.08203298135474388,SYNTHETIC_SOURCE,SYNTHETIC_TARGET
1676,596.3111572265625,424.0166015625,605.331787109375,418.02227783203125,596.3111572265625,424.0166015625,605.331787109375,418.02227783203125,AKAZE:intensity,11.0,0.05583756345177665,ROBUST_MODEL_INLIER,FIT,0.021864646777648135,SYNTHETIC_SOURCE,SYNTHETIC_TARGET
1677,463.7952880859375,552.2808837890625,472.7912292480469,546.2894287109375,463.7952880859375,552.2808837890625,472.7912292480469,546.2894287109375,AKAZE:intensity,10.0,0.055865921787709494,ROBUST_MODEL_INLIER,FIT,0.008763647420775521,SYNTHETIC_SOURCE,SYNTHETIC_TARGET
1678,470.6995849609375,545.2752685546875,479.6944885253906,539.2907104492188,470.6995849609375,545.2752685546875,479.6944885253906,539.2907104492188,AKAZE:intensity,10.0,0.055865921787709494,ROBUST_MODEL_INLIER,FIT,0.015612030607196563,SYNTHETIC_SOURCE,SYNTHETIC_TARGET
1679,118.96187591552734,500.00213623046875,128.03317260742188,493.7425231933594,118.96187591552734,500.00213623046875,128.03317260742188,493.7425231933594,AKAZE:intensity,9.0,0.055900621118012424,ROBUST_MODEL_INLIER,FIT,0.2698579602513447,SYNTHETIC_SOURCE,SYNTHETIC_TARGET
1680,166.08761596679688,592.9833374023438,175.08897399902344,586.9850463867188,166.08761596679688,592.9833374023438,175.08897399902344,586.9850463867188,AKAZE:intensity,9.0,0.055900621118012424,ROBUST_MODEL_INLIER,FIT,0.002316171595635524,SYNTHETIC_SOURCE,SYNTHETIC_TARGET
1681,343.1085205078125,247.77452087402344,352.0947265625,241.78871154785156,343.1085205078125,247.77452087402344,352.0947265625,241.78871154785156,AKAZE:intensity,6.0,0.056074766355140186,ROBUST_MODEL_INLIER,HELD_OUT,0.01901480230057873,SYNTHETIC_SOURCE,SYNTHETIC_TARGET
1682,560.851318359375,83.97216796875,569.8587646484375,77.97492218017578,560.851318359375,83.97216796875,569.8587646484375,77.97492218017578,AKAZE:intensity,12.0,0.056074766355140186,ROBUST_MODEL_INLIER,FIT,0.00836922324483679,SYNTHETIC_SOURCE,SYNTHETIC_TARGET
1683,59.38808059692383,78.68601989746094,68.39665985107422,72.65970611572266,59.38808059692383,78.68601989746094,68.39665985107422,72.65970611572266,AKAZE:intensity,10.0,0.056179775280898875,ROBUST_MODEL_INLIER,HELD_OUT,0.028333715492080944,SYNTHETIC_SOURCE,SYNTHETIC_TARGET
1684,281.19476318359375,276.1152648925781,290.1977844238281,270.13775634765625,281.19476318359375,276.1152648925781,290.1977844238281,270.13775634765625,AKAZE:intensity,4.0,0.056338028169014086,ROBUST_MODEL_INLIER,HELD_OUT,0.02230085463586126,SYNTHETIC_SOURCE,SYNTHETIC_TARGET
1685,273.1801452636719,65.70083618164062,282.16998291015625,59.7078742980957,273.1801452636719,65.70083618164062,282.16998291015625,59.7078742980957,AKAZE:intensity,4.0,0.056338028169014086,ROBUST_MODEL_INLIER,FIT,0.01158192913664147,SYNTHETIC_SOURCE,SYNTHETIC_TARGET
1686,192.09312438964844,512.4752197265625,201.09295654296875,506.4837646484375,192.09312438964844,512.4752197265625,201.09295654296875,506.4837646484375,AKAZE:intensity,12.0,0.056338028169014086,ROBUST_MODEL_INLIER,FIT,0.008068783596782932,SYNTHETIC_SOURCE,SYNTHETIC_TARGET
1687,56.00595474243164,436.1916809082031,65.01239776611328,430.22540283203125,56.00595474243164,436.1916809082031,65.01239776611328,430.22540283203125,AKAZE:intensity,11.0,0.05641025641025641,ROBUST_MODEL_INLIER,FIT,0.03397388852258774,SYNTHETIC_SOURCE,SYNTHETIC_TARGET
1688,508.5242614746094,511.2452392578125,517.5427856445312,505.25274658203125,508.5242614746094,511.2452392578125,517.5427856445312,505.25274658203125,AKAZE:intensity,9.0,0.05660377358490566,ROBUST_MODEL_INLIER,FIT,0.020381287413536155,SYNTHETIC_SOURCE,SYNTHETIC_TARGET
1689,255.6516571044922,111.620361328125,264.6729736328125,105.63330078125,255.6516571044922,111.620361328125,264.6729736328125,105.63330078125,AKAZE:intensity,5.0,0.056818181818181816,ROBUST_MODEL_INLIER,FIT,0.02521546633429726,SYNTHETIC_SOURCE,SYNTHETIC_TARGET
1690,378.0043640136719,151.11526489257812,387.02105712890625,145.11459350585938,378.0043640136719,151.11526489257812,387.02105712890625,145.11459350585938,AKAZE:intensity,5.0,0.056818181818181816,ROBUST_MODEL_INLIER,FIT,0.017342283384499873,SYNTHETIC_SOURCE,SYNTHETIC_TARGET
1691,71.90824127197266,93.56704711914062,80.84770202636719,87.55177307128906,71.90824127197266,93.56704711914062,80.84770202636719,87.55177307128906,AKAZE:intensity,12.0,0.05687203791469194,ROBUST_MODEL_INLIER,HELD_OUT,0.06196711514924137,SYNTHETIC_SOURCE,SYNTHETIC_TARGET
1692,592.75341796875,470.59051513671875,601.7662963867188,464.63372802734375,592.75341796875,470.59051513671875,601.7662963867188,464.63372802734375,AKAZE:intensity,11.0,0.05699481865284974,ROBUST_MODEL_INLIER,HELD_OUT,0.044803338600081094,SYNTHETIC_SOURCE,SYNTHETIC_TARGET
1693,329.4724426269531,580.3360595703125,338.4727783203125,574.355712890625,329.4724426269531,580.3360595703125,338.4727783203125,574.355712890625,AKAZE:intensity,11.0,0.05699481865284974,ROBUST_MODEL_INLIER,HELD_OUT,0.019188374690456624,SYNTHETIC_SOURCE,SYNTHETIC_TARGET
1694,175.89273071289062,270.1648864746094,184.8558807373047,264.1791687011719,175.89273071289062,270.1648864746094,184.8558807373047,264.1791687011719,AKAZE:intensity,6.0,0.05714285714285714,ROBUST_MODEL_INLIER,FIT,0.03877606577058004,SYNTHETIC_SOURCE,SYNTHETIC_TARGET
1695,459.9620056152344,370.61724853515625,468.9200134277344,364.60333251953125,459.9620056152344,370.61724853515625,468.9200134277344,364.60333251953125,AKAZE:intensity,6.0,0.05714285714285714,ROBUST_MODEL_INLIER,HELD_OUT,0.04381712124297192,SYNTHETIC_SOURCE,SYNTHETIC_TARGET
1696,344.2667541503906,192.06256103515625,353.2777404785156,186.0930633544922,344.2667541503906,192.06256103515625,353.2777404785156,186.0930633544922,AKAZE:intensity,6.0,0.05714285714285714,ROBUST_MODEL_INLIER,HELD_OUT,0.032176473734680466,SYNTHETIC_SOURCE,SYNTHETIC_TARGET
1697,150.5503387451172,529.7025756835938,159.56504821777344,523.677001953125,150.5503387451172,529.7025756835938,159.56504821777344,523.677001953125,AKAZE:intensity,8.0,0.05714285714285714,ROBUST_MODEL_INLIER,FIT,0.03023120025605436,SYNTHETIC_SOURCE,SYNTHETIC_TARGET
1698,590.06689453125,378.724365234375,599.0494384765625,372.7100524902344,590.06689453125,378.724365234375,599.0494384765625,372.7100524902344,AKAZE:intensity,8.0,0.05714285714285714,ROBUST_MODEL_INLIER,FIT,0.022424274043758043,SYNTHETIC_SOURCE,SYNTHETIC_TARGET
1699,32.275569915771484,42.43388366699219,41.29079818725586,36.45431137084961,32.275569915771484,42.43388366699219,41.29079818725586,36.45431137084961,AKAZE:intensity,11.0,0.057291666666666664,ROBUST_MODEL_INLIER,FIT,0.025464535219366688,SYNTHETIC_SOURCE,SYNTHETIC_TARGET
1700,300.48675537109375,298.6543273925781,309.4258117675781,292.6430358886719,300.48675537109375,298.6543273925781,309.4258117675781,292.6430358886719,AKAZE:intensity,9.0,0.05732484076433121,ROBUST_MODEL_INLIER,FIT,0.06147247050157224,SYNTHETIC_SOURCE,SYNTHETIC_TARGET
1701,87.12544250488281,445.9046630859375,96.09693145751953,439.8765869140625,87.12544250488281,445.9046630859375,96.09693145751953,439.8765869140625,AKAZE:intensity,8.0,0.05755395683453238,ROBUST_MODEL_INLIER,FIT,0.03992964823909741,SYNTHETIC_SOURCE,SYNTHETIC_TARGET
1702,256.6156311035156,71.20580291748047,265.6387023925781,65.20230102539062,256.6156311035156,71.20580291748047,265.6387023925781,65.20230102539062,AKAZE:intensity,8.0,0.05755395683453238,ROBUST_MODEL_INLIER,FIT,0.024015444738202336,SYNTHETIC_SOURCE,SYNTHETIC_TARGET
1703,585.7509155273438,94.39949798583984,594.7531127929688,88.46463012695312,585.7509155273438,94.39949798583984,594.7531127929688,88.46463012695312,AKAZE:intensity,11.0,0.05759162303664921,ROBUST_MODEL_INLIER,FIT,0.06470480146245014,SYNTHETIC_SOURCE,SYNTHETIC_TARGET
1704,527.0170288085938,495.1370544433594,536.0180053710938,489.0916442871094,527.0170288085938,495.1370544433594,536.0180053710938,489.0916442871094,AKAZE:intensity,7.0,0.05785123966942149,ROBUST_MODEL_INLIER,FIT,0.045925862661284504,SYNTHETIC_SOURCE,SYNTHETIC_TARGET
1705,380.92816162109375,289.6794738769531,389.97314453125,283.6026306152344,380.92816162109375,289.6794738769531,389.97314453125,283.6026306152344,AKAZE:intensity,5.0,0.05813953488372093,ROBUST_MODEL_INLIER,FIT,0.08977144898063115,SYNTHETIC_SOURCE,SYNTHETIC_TARGET
1706,534.055419921875,165.00057983398438,543.0641479492188,158.988525390625,534.055419921875,165.00057983398438,543.0641479492188,158.988525390625,AKAZE:intensity,10.0,0.05813953488372093,ROBUST_MODEL_INLIER,HELD_OUT,0.015637303515098636,SYNTHETIC_SOURCE,SYNTHETIC_TARGET
1707,343.7635192871094,247.47311401367188,352.76873779296875,241.4752197265625,343.7635192871094,247.47311401367188,352.76873779296875,241.4752197265625,AKAZE:intensity,6.0,0.05825242718446602,ROBUST_MODEL_INLIER,FIT,0.006049104392936375,SYNTHETIC_SOURCE,SYNTHETIC_TARGET
1708,349.8593444824219,136.68887329101562,358.870361328125,130.70921325683594,349.8593444824219,136.68887329101562,358.870361328125,130.70921325683594,AKAZE:intensity,6.0,0.05825242718446602,ROBUST_MODEL_INLIER,HELD_OUT,0.02300610998263159,SYNTHETIC_SOURCE,SYNTHETIC_TARGET
1709,373.4015808105469,87.51323699951172,382.3873291015625,81.54009246826172,373.4015808105469,87.51323699951172,382.3873291015625,81.54009246826172,AKAZE:intensity,13.0,0.05829596412556054,ROBUST_MODEL_INLIER,FIT,0.02968695351449017,SYNTHETIC_SOURCE,SYNTHETIC_TARGET
1710,140.23556518554688,535.0949096679688,149.2365264892578,529.0919189453125,140.23556518554688,535.0949096679688,149.2365264892578,529.0919189453125,AKAZE:intensity,7.0,0.058333333333333334,ROBUST_MODEL_INLIER,HELD_OUT,0.003817534345389267,SYNTHETIC_SOURCE,SYNTHETIC_TARGET
1711,390.2010192871094,103.81616973876953,399.2227478027344,97.82278442382812,390.2010192871094,103.81616973876953,399.2227478027344,97.82278442382812,AKAZE:intensity,10.0,0.05847953216374269,ROBUST_MODEL_INLIER,HELD_OUT,0.02316371755238602,SYNTHETIC_SOURCE,SYNTHETIC_TARGET
1712,514.5521850585938,202.34654235839844,523.5479125976562,196.22108459472656,514.5521850585938,202.34654235839844,523.5479125976562,196.22108459472656,AKAZE:intensity,10.0,0.05847953216374269,ROBUST_MODEL_INLIER,FIT,0.12599927490480817,SYNTHETIC_SOURCE,SYNTHETIC_TARGET
1713,456.6434631347656,137.21324157714844,465.6507568359375,131.2498321533203,456.6434631347656,137.21324157714844,465.6507568359375,131.2498321533203,AKAZE:intensity,12.0,0.05853658536585366,ROBUST_MODEL_INLIER,FIT,0.03695740451186774,SYNTHETIC_SOURCE,SYNTHETIC_TARGET
1714,278.1705017089844,294.9621887207031,287.2109069824219,288.9475402832031,278.1705017089844,294.9621887207031,287.2109069824219,288.9475402832031,AKAZE:intensity,5.0,0.058823529411764705,ROBUST_MODEL_INLIER,FIT,0.04371958083807788,SYNTHETIC_SOURCE,SYNTHETIC_TARGET
1715,560.1344604492188,288.8599853515625,569.1928100585938,282.8326721191406,560.1344604492188,288.8599853515625,569.1928100585938,282.8326721191406,AKAZE:intensity,6.0,0.058823529411764705,ROBUST_MODEL_INLIER,HELD_OUT,0.06518589691182425,SYNTHETIC_SOURCE,SYNTHETIC_TARGET
1716,583.2841796875,527.1483154296875,592.2919311523438,521.1589965820312,583.2841796875,527.1483154296875,592.2919311523438,521.1589965820312,AKAZE:intensity,10.0,0.058823529411764705,ROBUST_MODEL_INLIER,FIT,0.013183876317139659,SYNTHETIC_SOURCE,SYNTHETIC_TARGET
1717,576.8605346679688,436.26995849609375,585.8516845703125,430.26263427734375,576.8605346679688,436.26995849609375,585.8516845703125,430.26263427734375,AKAZE:intensity,11.0,0.058823529411764705,ROBUST_MODEL_INLIER,FIT,0.011354671811173953,SYNTHETIC_SOURCE,SYNTHETIC_TARGET
1718,456.9983215332031,498.5975646972656,466.0041809082031,492.5627746582031,456.9983215332031,498.5975646972656,466.0041809082031,492.5627746582031,AKAZE:intensity,11.0,0.05913978494623656,ROBUST_MODEL_INLIER,FIT,0.03586665925152311,SYNTHETIC_SOURCE,SYNTHETIC_TARGET
1719,501.1242980957031,566.40380859375,510.0744323730469,560.4156494140625,501.1242980957031,566.40380859375,510.0744323730469,560.4156494140625,AKAZE:intensity,11.0,0.05913978494623656,ROBUST_MODEL_INLIER,FIT,0.050546728130993916,SYNTHETIC_SOURCE,SYNTHETIC_TARGET
1720,538.001953125,514.2169189453125,546.9874267578125,508.2242736816406,538.001953125,514.2169189453125,546.9874267578125,508.2242736816406,AKAZE:intensity,11.0,0.05913978494623656,ROBUST_MODEL_INLIER,HELD_OUT,0.015517850889061692,SYNTHETIC_SOURCE,SYNTHETIC_TARGET
1721,107.94679260253906,131.0003204345703,116.95164489746094,125.00353240966797,107.94679260253906,131.0003204345703,116.95164489746094,125.00353240966797,AKAZE:intensity,10.0,0.05917159763313609,ROBUST_MODEL_INLIER,FIT,0.006104016283482135,SYNTHETIC_SOURCE,SYNTHETIC_TARGET
1722,411.6061706542969,471.94635009765625,420.620849609375,465.9472961425781,411.6061706542969,471.94635009765625,420.620849609375,465.9472961425781,AKAZE:intensity,6.0,0.0594059405940594,ROBUST_MODEL_INLIER,FIT,0.015296157855172266,SYNTHETIC_SOURCE,SYNTHETIC_TARGET
1723,126.98729705810547,347.300537109375,135.99285888671875,341.2799072265625,126.98729705810547,347.300537109375,135.99285888671875,341.2799072265625,AKAZE:intensity,11.0,0.05945945945945946,ROBUST_MODEL_INLIER,FIT,0.02200165133559237,SYNTHETIC_SOURCE,SYNTHETIC_TARGET
1724,479.4619445800781,530.129638671875,488.49261474609375,524.2044067382812,479.4619445800781,530.129638671875,488.49261474609375,524.2044067382812,AKAZE:intensity,13.0,0.05963302752293578,ROBUST_MODEL_INLIER,FIT,0.08059750159163773,SYNTHETIC_SOURCE,SYNTHETIC_TARGET
1725,158.38063049316406,229.1400146484375,167.3726806640625,223.1668243408203,158.38063049316406,229.1400146484375,167.3726806640625,223.1668243408203,AKAZE:intensity,9.0,0.06,ROBUST_MODEL_INLIER,FIT,0.0273255304535694,SYNTHETIC_SOURCE,SYNTHETIC_TARGET
1726,276.52288818359375,448.46697998046875,285.54144287109375,442.50872802734375,276.52288818359375,448.46697998046875,285.54144287109375,442.50872802734375,AKAZE:intensity,10.0,0.060240963855421686,ROBUST_MODEL_INLIER,HELD_OUT,0.04549359275433281,SYNTHETIC_SOURCE,SYNTHETIC_TARGET
1727,66.82128143310547,252.0825958251953,75.81488037109375,246.08050537109375,66.82128143310547,252.0825958251953,75.81488037109375,246.08050537109375,AKAZE:intensity,14.0,0.0603448275862069,ROBUST_MODEL_INLIER,FIT,0.006338943407231948,SYNTHETIC_SOURCE,SYNTHETIC_TARGET
1728,377.2314758300781,186.4921875,386.323974609375,180.26812744140625,377.2314758300781,186.4921875,386.323974609375,180.26812744140625,AKAZE:intensity,9.0,0.060810810810810814,ROBUST_MODEL_INLIER,FIT,0.2430869539402978,SYNTHETIC_SOURCE,SYNTHETIC_TARGET
1729,207.57110595703125,321.6337890625,216.6457977294922,315.61126708984375,207.57110595703125,321.6337890625,216.6457977294922,315.61126708984375,AKAZE:intensity,7.0,0.06086956521739131,ROBUST_MODEL_INLIER,HELD_OUT,0.07873932732295379,SYNTHETIC_SOURCE,SYNTHETIC_TARGET
1730,286.1123046875,555.2622680664062,295.1035461425781,549.247802734375,286.1123046875,555.2622680664062,295.1035461425781,549.247802734375,AKAZE:intensity,14.0,0.06086956521739131,ROBUST_MODEL_INLIER,HELD_OUT,0.017029492217530716,SYNTHETIC_SOURCE,SYNTHETIC_TARGET
1731,174.04786682128906,220.13494873046875,183.00526428222656,214.13783264160156,174.04786682128906,220.13494873046875,183.00526428222656,214.13783264160156,AKAZE:intensity,9.0,0.061224489795918366,ROBUST_MODEL_INLIER,FIT,0.04206046663519772,SYNTHETIC_SOURCE,SYNTHETIC_TARGET
1732,430.7339172363281,310.8870544433594,439.5710754394531,304.8203125,430.7339172363281,310.8870544433594,439.5710754394531,304.8203125,AKAZE:intensity,10.0,0.06134969325153374,ROBUST_MODEL_INLIER,FIT,0.17561020741747813,SYNTHETIC_SOURCE,SYNTHETIC_TARGET
1733,571.2049560546875,262.8551940917969,580.267578125,256.9366760253906,571.2049560546875,262.8551940917969,580.267578125,256.9366760253906,AKAZE:intensity,7.0,0.06140350877192982,ROBUST_MODEL_INLIER,HELD_OUT,0.1027536417659161,SYNTHETIC_SOURCE,SYNTHETIC_TARGET
1734,360.9662170410156,410.4576416015625,369.9703063964844,404.42645263671875,360.9662170410156,410.4576416015625,369.9703063964844,404.42645263671875,AKAZE:intensity,4.0,0.06153846153846154,ROBUST_MODEL_INLIER,FIT,0.032023977989368846,SYNTHETIC_SOURCE,SYNTHETIC_TARGET
1735,434.0591125488281,524.550048828125,443.0596923828125,518.594482421875,434.0591125488281,524.550048828125,443.0596923828125,518.594482421875,AKAZE:intensity,4.0,0.06153846153846154,ROBUST_MODEL_INLIER,FIT,0.04396142664153026,SYNTHETIC_SOURCE,SYNTHETIC_TARGET
1736,368.233642578125,545.5556030273438,377.2542419433594,539.5504760742188,368.233642578125,545.5556030273438,377.2542419433594,539.5504760742188,AKAZE:intensity,10.0,0.06172839506172839,ROBUST_MODEL_INLIER,FIT,0.021940440827153476,SYNTHETIC_SOURCE,SYNTHETIC_TARGET
1737,220.4000701904297,513.8814086914062,229.4129638671875,507.9185791015625,220.4000701904297,513.8814086914062,229.4129638671875,507.9185791015625,AKAZE:intensity,11.0,0.06179775280898876,ROBUST_MODEL_INLIER,FIT,0.0390888393530755,SYNTHETIC_SOURCE,SYNTHETIC_TARGET
1738,172.5671844482422,197.5575408935547,181.60023498535156,191.59461975097656,172.5671844482422,197.5575408935547,181.60023498535156,191.59461975097656,AKAZE:intensity,11.0,0.06179775280898876,ROBUST_MODEL_INLIER,FIT,0.04971846428410827,SYNTHETIC_SOURCE,SYNTHETIC_TARGET
1739,123.20086669921875,315.2615661621094,132.2054901123047,309.26593017578125,123.20086669921875,315.2615661621094,132.2054901123047,309.26593017578125,AKAZE:intensity,12.0,0.061855670103092786,ROBUST_MODEL_INLIER,FIT,0.006512572011210868,SYNTHETIC_SOURCE,SYNTHETIC_TARGET
1740,414.1770324707031,141.7264404296875,423.1761474609375,135.7693328857422,414.1770324707031,141.7264404296875,423.1761474609375,135.7693328857422,AKAZE:intensity,13.0,0.06190476190476191,ROBUST_MODEL_INLIER,HELD_OUT,0.042405064296555876,SYNTHETIC_SOURCE,SYNTHETIC_TARGET
1741,158.64710998535156,428.15087890625,167.5902557373047,422.0896911621094,158.64710998535156,428.15087890625,167.5902557373047,422.0896911621094,AKAZE:intensity,9.0,0.06206896551724138,ROBUST_MODEL_INLIER,FIT,0.08347040193823263,SYNTHETIC_SOURCE,SYNTHETIC_TARGET
1742,516.0109252929688,542.8465576171875,524.994873046875,536.8853759765625,516.0109252929688,542.8465576171875,524.994873046875,536.8853759765625,AKAZE:intensity,13.0,0.06220095693779904,ROBUST_MODEL_INLIER,FIT,0.041323685651002286,SYNTHETIC_SOURCE,SYNTHETIC_TARGET
1743,246.5851593017578,571.8399047851562,255.5883331298828,565.8397827148438,246.5851593017578,571.8399047851562,255.5883331298828,565.8397827148438,AKAZE:intensity,14.0,0.06222222222222222,ROBUST_MODEL_INLIER,FIT,0.0038330855635028277,SYNTHETIC_SOURCE,SYNTHETIC_TARGET
1744,244.87652587890625,125.66893768310547,253.8546905517578,119.7159423828125,244.87652587890625,125.66893768310547,253.8546905517578,119.7159423828125,AKAZE:intensity,8.0,0.0625,ROBUST_MODEL_INLIER,FIT,0.051129998774626234,SYNTHETIC_SOURCE,SYNTHETIC_TARGET
1745,279.0421142578125,221.53053283691406,288.021240234375,215.61167907714844,279.0421142578125,221.53053283691406,288.021240234375,215.61167907714844,AKAZE:intensity,9.0,0.0625,ROBUST_MODEL_INLIER,FIT,0.08316443197294614,SYNTHETIC_SOURCE,SYNTHETIC_TARGET
1746,592.7935180664062,320.4837951660156,601.7907104492188,314.4699401855469,592.7935180664062,320.4837951660156,601.7907104492188,314.4699401855469,AKAZE:intensity,12.0,0.0625,ROBUST_MODEL_INLIER,FIT,0.0145105869267706,SYNTHETIC_SOURCE,SYNTHETIC_TARGET
1747,442.0467224121094,203.84988403320312,451.0138854980469,197.86502075195312,442.0467224121094,203.84988403320312,451.0138854980469,197.86502075195312,AKAZE:intensity,12.0,0.06282722513089005,ROBUST_MODEL_INLIER,FIT,0.03539954875076535,SYNTHETIC_SOURCE,SYNTHETIC_TARGET
1748,488.56591796875,428.7369384765625,497.616943359375,422.9237365722656,488.56591796875,428.7369384765625,497.616943359375,422.9237365722656,AKAZE:intensity,10.0,0.06289308176100629,ROBUST_MODEL_INLIER,FIT,0.19333286537164815,SYNTHETIC_SOURCE,SYNTHETIC_TARGET
1749,499.6134948730469,366.2574768066406,508.5948486328125,360.3033447265625,499.6134948730469,366.2574768066406,508.5948486328125,360.3033447265625,AKAZE:intensity,10.0,0.06289308176100629,ROBUST_MODEL_INLIER,FIT,0.04883241634584758,SYNTHETIC_SOURCE,SYNTHETIC_TARGET
1750,51.009559631347656,210.1273193359375,60.01908493041992,204.11416625976562,51.009559631347656,210.1273193359375,60.01908493041992,204.11416625976562,AKAZE:intensity,8.0,0.06299212598425197,ROBUST_MODEL_INLIER,FIT,0.016994647572143678,SYNTHETIC_SOURCE,SYNTHETIC_TARGET
1751,295.2151184082031,281.5511169433594,304.1180114746094,275.6331481933594,295.2151184082031,281.5511169433594,304.1180114746094,275.6331481933594,AKAZE:intensity,8.0,0.06299212598425197,ROBUST_MODEL_INLIER,FIT,0.12633624221211123,SYNTHETIC_SOURCE,SYNTHETIC_TARGET
1752,560.9468994140625,544.8346557617188,569.9788208007812,538.8374633789062,560.9468994140625,544.8346557617188,569.9788208007812,538.8374633789062,AKAZE:intensity,9.0,0.06338028169014084,ROBUST_MODEL_INLIER,HELD_OUT,0.03261431150263218,SYNTHETIC_SOURCE,SYNTHETIC_TARGET
1753,516.6204833984375,490.8473815917969,525.60400390625,484.8330383300781,516.6204833984375,490.8473815917969,525.60400390625,484.8330383300781,AKAZE:intensity,4.0,0.06349206349206349,ROBUST_MODEL_INLIER,FIT,0.02172105639718987,SYNTHETIC_SOURCE,SYNTHETIC_TARGET
1754,586.1185913085938,519.7921142578125,595.1306762695312,513.7815551757812,586.1185913085938,519.7921142578125,595.1306762695312,513.7815551757812,AKAZE:intensity,12.0,0.06349206349206349,ROBUST_MODEL_INLIER,FIT,0.0168289986315457,SYNTHETIC_SOURCE,SYNTHETIC_TARGET
1755,499.34075927734375,180.75088500976562,508.31927490234375,174.71253967285156,499.34075927734375,180.75088500976562,508.31927490234375,174.71253967285156,AKAZE:intensity,12.0,0.06349206349206349,ROBUST_MODEL_INLIER,FIT,0.04408826095664813,SYNTHETIC_SOURCE,SYNTHETIC_TARGET
1756,184.83103942871094,261.0206604003906,193.86436462402344,255.01341247558594,184.83103942871094,261.0206604003906,193.86436462402344,255.01341247558594,AKAZE:intensity,9.0,0.06382978723404255,ROBUST_MODEL_INLIER,FIT,0.0348061808566511,SYNTHETIC_SOURCE,SYNTHETIC_TARGET
1757,60.560394287109375,471.79583740234375,69.5068588256836,465.68487548828125,60.560394287109375,471.79583740234375,69.5068588256836,465.68487548828125,AKAZE:intensity,11.0,0.06395348837209303,ROBUST_MODEL_INLIER,FIT,0.12337833395387858,SYNTHETIC_SOURCE,SYNTHETIC_TARGET
1758,319.965087890625,445.10235595703125,328.9693908691406,439.0873718261719,319.965087890625,445.10235595703125,328.9693908691406,439.0873718261719,AKAZE:intensity,10.0,0.0641025641025641,ROBUST_MODEL_INLIER,FIT,0.01623380266416165,SYNTHETIC_SOURCE,SYNTHETIC_TARGET
1759,492.3116149902344,308.3470458984375,501.34686279296875,302.32183837890625,492.3116149902344,308.3470458984375,501.34686279296875,302.32183837890625,AKAZE:intensity,7.0,0.06422018348623854,ROBUST_MODEL_INLIER,FIT,0.044114412694358555,SYNTHETIC_SOURCE,SYNTHETIC_TARGET
1760,343.6246032714844,376.73760986328125,352.5503845214844,370.8634948730469,343.6246032714844,376.73760986328125,352.5503845214844,370.8634948730469,AKAZE:intensity,7.0,0.06422018348623854,ROBUST_MODEL_INLIER,FIT,0.14540473115739774,SYNTHETIC_SOURCE,SYNTHETIC_TARGET
1761,254.4994354248047,380.7501525878906,263.511962890625,374.7633056640625,254.4994354248047,380.7501525878906,263.511962890625,374.7633056640625,AKAZE:intensity,9.0,0.06428571428571428,ROBUST_MODEL_INLIER,FIT,0.018248267753331576,SYNTHETIC_SOURCE,SYNTHETIC_TARGET
1762,496.8487854003906,525.6495971679688,505.8424377441406,519.6500854492188,496.8487854003906,525.6495971679688,505.8424377441406,519.6500854492188,AKAZE:intensity,11.0,0.06432748538011696,ROBUST_MODEL_INLIER,FIT,0.0057373046875,SYNTHETIC_SOURCE,SYNTHETIC_TARGET
1763,580.784423828125,319.3829650878906,589.7619018554688,313.38861083984375,580.784423828125,319.3829650878906,589.7619018554688,313.38861083984375,AKAZE:intensity,15.0,0.06437768240343347,ROBUST_MODEL_INLIER,HELD_OUT,0.022510411880053698,SYNTHETIC_SOURCE,SYNTHETIC_TARGET
1764,468.96563720703125,261.9556884765625,477.9532775878906,255.96066284179688,468.96563720703125,261.9556884765625,477.9532775878906,255.96066284179688,AKAZE:intensity,6.0,0.06451612903225806,ROBUST_MODEL_INLIER,HELD_OUT,0.012576574976409323,SYNTHETIC_SOURCE,SYNTHETIC_TARGET
1765,144.13507080078125,37.785621643066406,153.1065216064453,31.81597900390625,144.13507080078125,37.785621643066406,153.1065216064453,31.81597900390625,AKAZE:intensity,6.0,0.06451612903225806,ROBUST_MODEL_INLIER,FIT,0.04089915464973917,SYNTHETIC_SOURCE,SYNTHETIC_TARGET
1766,195.2993927001953,535.8308715820312,204.26596069335938,529.85693359375,195.2993927001953,535.8308715820312,204.26596069335938,529.85693359375,AKAZE:intensity,14.0,0.06451612903225806,ROBUST_MODEL_INLIER,FIT,0.04160861383147292,SYNTHETIC_SOURCE,SYNTHETIC_TARGET
1767,506.1660461425781,190.29234313964844,515.1796875,184.2859344482422,506.1660461425781,190.29234313964844,515.1796875,184.2859344482422,AKAZE:intensity,13.0,0.06467661691542288,ROBUST_MODEL_INLIER,HELD_OUT,0.015832859526831382,SYNTHETIC_SOURCE,SYNTHETIC_TARGET
1768,204.18206787109375,105.44065856933594,213.1923065185547,99.40119934082031,204.18206787109375,105.44065856933594,213.1923065185547,99.40119934082031,AKAZE:intensity,10.0,0.06493506493506493,ROBUST_MODEL_INLIER,HELD_OUT,0.04139449620765124,SYNTHETIC_SOURCE,SYNTHETIC_TARGET
1769,263.1687316894531,172.98876953125,272.15576171875,167.05502319335938,263.1687316894531,172.98876953125,272.15576171875,167.05502319335938,AKAZE:intensity,10.0,0.06493506493506493,ROBUST_MODEL_INLIER,FIT,0.06691670572345856,SYNTHETIC_SOURCE,SYNTHETIC_TARGET
1770,430.2572326660156,73.77689361572266,439.2786865234375,67.80509948730469,430.2572326660156,73.77689361572266,439.2786865234375,67.80509948730469,AKAZE:intensity,10.0,0.06493506493506493,ROBUST_MODEL_INLIER,FIT,0.03542730771481918,SYNTHETIC_SOURCE,SYNTHETIC_TARGET
1771,306.7254333496094,329.8585510253906,315.71124267578125,323.8301696777344,306.7254333496094,329.8585510253906,315.71124267578125,323.8301696777344,AKAZE:intensity,3.0,0.06521739130434782,ROBUST_MODEL_INLIER,FIT,0.031904241505210804,SYNTHETIC_SOURCE,SYNTHETIC_TARGET
1772,31.58892059326172,253.048828125,40.610816955566406,247.05670166015625,31.58892059326172,253.048828125,40.610816955566406,247.05670166015625,AKAZE:intensity,6.0,0.06521739130434782,ROBUST_MODEL_INLIER,FIT,0.023687425870263554,SYNTHETIC_SOURCE,SYNTHETIC_TARGET
1773,418.3233947753906,201.7422332763672,427.33074951171875,195.77490234375,418.3233947753906,201.7422332763672,427.33074951171875,195.77490234375,AKAZE:intensity,12.0,0.06521739130434782,ROBUST_MODEL_INLIER,HELD_OUT,0.03315185698013308,SYNTHETIC_SOURCE,SYNTHETIC_TARGET
1774,428.98358154296875,143.07130432128906,438.0115966796875,137.05389404296875,428.98358154296875,143.07130432128906,438.0115966796875,137.05389404296875,AKAZE:intensity,14.0,0.06542056074766354,ROBUST_MODEL_INLIER,HELD_OUT,0.03376058373357911,SYNTHETIC_SOURCE,SYNTHETIC_TARGET
1775,516.0508422851562,596.78759765625,525.0430908203125,590.806884765625,516.0508422851562,596.78759765625,525.0430908203125,590.806884765625,AKAZE:intensity,11.0,0.06547619047619048,ROBUST_MODEL_INLIER,FIT,0.020109486263177788,SYNTHETIC_SOURCE,SYNTHETIC_TARGET
1776,179.34873962402344,176.15835571289062,188.31961059570312,170.1636962890625,179.34873962402344,176.15835571289062,188.31961059570312,170.1636962890625,AKAZE:intensity,13.0,0.06598984771573604,ROBUST_MODEL_INLIER,FIT,0.028928527270247424,SYNTHETIC_SOURCE,SYNTHETIC_TARGET
1777,358.9689025878906,397.02130126953125,367.9627685546875,391.0400085449219,358.9689025878906,397.02130126953125,367.9627685546875,391.0400085449219,AKAZE:intensity,3.0,0.06666666666666667,ROBUST_MODEL_INLIER,FIT,0.019037930726922656,SYNTHETIC_SOURCE,SYNTHETIC_TARGET
1778,121.79010772705078,487.59393310546875,130.815673828125,481.56414794921875,121.79010772705078,487.59393310546875,130.815673828125,481.56414794921875,AKAZE:intensity,4.0,0.06666666666666667,ROBUST_MODEL_INLIER,FIT,0.040021090573706085,SYNTHETIC_SOURCE,SYNTHETIC_TARGET
1779,273.3002624511719,46.5688591003418,282.43145751953125,40.908203125,273.3002624511719,46.5688591003418,282.43145751953125,40.908203125,AKAZE:intensity,4.0,0.06666666666666667,ROBUST_MODEL_INLIER,FIT,0.36358751843470616,SYNTHETIC_SOURCE,SYNTHETIC_TARGET
1780,484.5028991699219,146.67466735839844,493.5157165527344,140.67247009277344,484.5028991699219,146.67466735839844,493.5157165527344,140.67247009277344,AKAZE:intensity,6.0,0.06666666666666667,ROBUST_MODEL_INLIER,FIT,0.013693655920293124,SYNTHETIC_SOURCE,SYNTHETIC_TARGET
1781,466.5252380371094,81.7584228515625,475.529052734375,75.72281646728516,466.5252380371094,81.7584228515625,475.529052734375,75.72281646728516,AKAZE:intensity,6.0,0.06666666666666667,ROBUST_MODEL_INLIER,FIT,0.036364899788973816,SYNTHETIC_SOURCE,SYNTHETIC_TARGET
1782,252.80267333984375,362.5162048339844,261.81854248046875,356.5069274902344,252.80267333984375,362.5162048339844,261.81854248046875,356.5069274902344,AKAZE:intensity,6.0,0.06666666666666667,ROBUST_MODEL_INLIER,FIT,0.01915570657528713,SYNTHETIC_SOURCE,SYNTHETIC_TARGET
1783,241.0474395751953,371.6358947753906,250.05938720703125,365.6380615234375,241.0474395751953,371.6358947753906,250.05938720703125,365.6380615234375,AKAZE:intensity,7.0,0.06666666666666667,ROBUST_MODEL_INLIER,FIT,0.012669656578757125,SYNTHETIC_SOURCE,SYNTHETIC_TARGET
1784,557.1268310546875,98.83943176269531,566.0582885742188,92.85623168945312,557.1268310546875,98.83943176269531,566.0582885742188,92.85623168945312,AKAZE:intensity,12.0,0.06666666666666667,ROBUST_MODEL_INLIER,HELD_OUT,0.06986303684286782,SYNTHETIC_SOURCE,SYNTHETIC_TARGET
1785,531.748046875,462.53509521484375,540.7222290039062,456.5427551269531,531.748046875,462.53509521484375,540.7222290039062,456.5427551269531,AKAZE:intensity,10.0,0.06711409395973154,ROBUST_MODEL_INLIER,FIT,0.026207848635504023,SYNTHETIC_SOURCE,SYNTHETIC_TARGET
1786,563.0140991210938,254.40057373046875,572.0121459960938,248.4028778076172,563.0140991210938,254.40057373046875,572.0121459960938,248.4028778076172,AKAZE:intensity,9.0,0.06766917293233082,ROBUST_MODEL_INLIER,HELD_OUT,0.0022583523306247,SYNTHETIC_SOURCE,SYNTHETIC_TARGET
1787,270.99566650390625,463.0505676269531,279.9793701171875,457.0469055175781,270.99566650390625,463.0505676269531,279.9793701171875,457.0469055175781,AKAZE:intensity,13.0,0.06770833333333333,ROBUST_MODEL_INLIER,FIT,0.01622582636611149,SYNTHETIC_SOURCE,SYNTHETIC_TARGET
1788,553.3894653320312,370.3169860839844,562.3858642578125,364.3452453613281,553.3894653320312,370.3169860839844,562.3858642578125,364.3452453613281,AKAZE:intensity,8.0,0.06779661016949153,ROBUST_MODEL_INLIER,HELD_OUT,0.027931570776554705,SYNTHETIC_SOURCE,SYNTHETIC_TARGET
1789,518.0945434570312,419.38543701171875,527.0927124023438,413.4239807128906,518.0945434570312,419.38543701171875,527.0927124023438,413.4239807128906,AKAZE:intensity,9.0,0.06818181818181818,ROBUST_MODEL_INLIER,FIT,0.038074993126061434,SYNTHETIC_SOURCE,SYNTHETIC_TARGET
1790,100.72543334960938,315.1466979980469,109.72039794921875,309.14453125,100.72543334960938,315.1466979980469,109.72039794921875,309.14453125,AKAZE:intensity,8.0,0.06896551724137931,ROBUST_MODEL_INLIER,HELD_OUT,0.005160449369827689,SYNTHETIC_SOURCE,SYNTHETIC_TARGET
1791,555.8839721679688,325.9971008300781,564.9130249023438,320.01104736328125,555.8839721679688,325.9971008300781,564.9130249023438,320.01104736328125,AKAZE:intensity,12.0,0.06896551724137931,ROBUST_MODEL_INLIER,FIT,0.03257335127016106,SYNTHETIC_SOURCE,SYNTHETIC_TARGET
1792,488.278076171875,431.9146423339844,497.2485046386719,426.413818359375,488.278076171875,431.9146423339844,497.2485046386719,426.413818359375,AKAZE:intensity,9.0,0.06923076923076923,ROBUST_MODEL_INLIER,HELD_OUT,0.4995279934078637,SYNTHETIC_SOURCE,SYNTHETIC_TARGET
1793,45.983062744140625,286.9688720703125,54.954856872558594,281.00457763671875,45.983062744140625,286.9688720703125,54.954856872558594,281.00457763671875,AKAZE:intensity,7.0,0.06930693069306931,ROBUST_MODEL_INLIER,FIT,0.04474114324561875,SYNTHETIC_SOURCE,SYNTHETIC_TARGET
1794,63.59132766723633,236.9932098388672,72.60772705078125,230.98348999023438,63.59132766723633,236.9932098388672,72.60772705078125,230.98348999023438,AKAZE:intensity,15.0,0.06944444444444445,ROBUST_MODEL_INLIER,FIT,0.01983776711550546,SYNTHETIC_SOURCE,SYNTHETIC_TARGET
1795,270.1119689941406,420.7444152832031,279.1445007324219,414.8412170410156,270.1119689941406,420.7444152832031,279.1445007324219,414.8412170410156,AKAZE:intensity,13.0,0.06951871657754011,ROBUST_MODEL_INLIER,FIT,0.10185619218666303,SYNTHETIC_SOURCE,SYNTHETIC_TARGET
1796,120.9863510131836,349.0609130859375,129.97633361816406,343.0700988769531,120.9863510131836,349.0609130859375,129.97633361816406,343.0700988769531,AKAZE:intensity,13.0,0.06951871657754011,ROBUST_MODEL_INLIER,FIT,0.012811679933779827,SYNTHETIC_SOURCE,SYNTHETIC_TARGET
1797,253.48947143554688,325.2298889160156,262.522216796875,319.3096923828125,253.48947143554688,325.2298889160156,262.522216796875,319.3096923828125,AKAZE:intensity,8.0,0.06956521739130435,ROBUST_MODEL_INLIER,FIT,0.08604360662348491,SYNTHETIC_SOURCE,SYNTHETIC_TARGET
1798,525.9075317382812,520.7008056640625,534.9117431640625,514.7283935546875,525.9075317382812,520.7008056640625,534.9117431640625,514.7283935546875,AKAZE:intensity,12.0,0.06976744186046512,ROBUST_MODEL_INLIER,FIT,0.027525231425553694,SYNTHETIC_SOURCE,SYNTHETIC_TARGET
1799,506.52838134765625,248.5227813720703,515.529541015625,242.5314178466797,506.52838134765625,248.5227813720703,515.529541015625,242.5314178466797,AKAZE:intensity,14.0,0.07,ROBUST_MODEL_INLIER,HELD_OUT,0.008338226679742482,SYNTHETIC_SOURCE,SYNTHETIC_TARGET
1800,177.15916442871094,328.5785217285156,186.16055297851562,322.574951171875,177.15916442871094,328.5785217285156,186.16055297851562,322.574951171875,AKAZE:intensity,8.0,0.07017543859649122,ROBUST_MODEL_INLIER,FIT,0.004524353180081906,SYNTHETIC_SOURCE,SYNTHETIC_TARGET
1801,574.5557861328125,320.8988037109375,583.5630493164062,314.92852783203125,574.5557861328125,320.8988037109375,583.5630493164062,314.92852783203125,AKAZE:intensity,13.0,0.07027027027027027,ROBUST_MODEL_INLIER,FIT,0.03027749803444969,SYNTHETIC_SOURCE,SYNTHETIC_TARGET
1802,177.56497192382812,586.2161254882812,186.5423583984375,580.1642456054688,177.56497192382812,586.2161254882812,186.5423583984375,580.1642456054688,AKAZE:intensity,11.0,0.07051282051282051,ROBUST_MODEL_INLIER,FIT,0.056802854380634794,SYNTHETIC_SOURCE,SYNTHETIC_TARGET
1803,307.70953369140625,139.59022521972656,316.6995849609375,133.608154296875,307.70953369140625,139.59022521972656,316.6995849609375,133.608154296875,AKAZE:intensity,11.0,0.07051282051282051,ROBUST_MODEL_INLIER,FIT,0.019783495195936668,SYNTHETIC_SOURCE,SYNTHETIC_TARGET
1804,36.962974548339844,143.9401092529297,45.95064163208008,137.96441650390625,36.962974548339844,143.9401092529297,45.95064163208008,137.96441650390625,AKAZE:intensity,15.0,0.07075471698113207,ROBUST_MODEL_INLIER,FIT,0.02654735093971674,SYNTHETIC_SOURCE,SYNTHETIC_TARGET
1805,578.9686279296875,182.01461791992188,588.1410522460938,175.82525634765625,578.9686279296875,182.01461791992188,588.1410522460938,175.82525634765625,AKAZE:intensity,8.0,0.07079646017699115,ROBUST_MODEL_INLIER,FIT,0.25687343809541663,SYNTHETIC_SOURCE,SYNTHETIC_TARGET
1806,361.56561279296875,505.2720947265625,370.55023193359375,499.25164794921875,361.56561279296875,505.2720947265625,370.55023193359375,499.25164794921875,AKAZE:intensity,4.0,0.07142857142857142,ROBUST_MODEL_INLIER,FIT,0.025621174433715352,SYNTHETIC_SOURCE,SYNTHETIC_TARGET
1807,347.3260498046875,297.5339050292969,356.3175964355469,291.5302734375,347.3260498046875,297.5339050292969,356.3175964355469,291.5302734375,AKAZE:intensity,4.0,0.07142857142857142,ROBUST_MODEL_INLIER,FIT,0.008859248199093693,SYNTHETIC_SOURCE,SYNTHETIC_TARGET
1808,272.93115234375,269.9482727050781,281.9858703613281,263.9619445800781,272.93115234375,269.9482727050781,281.9858703613281,263.9619445800781,AKAZE:intensity,5.0,0.07142857142857142,ROBUST_MODEL_INLIER,FIT,0.05687737314544602,SYNTHETIC_SOURCE,SYNTHETIC_TARGET
1809,304.392578125,318.2196350097656,313.37371826171875,312.1920166015625,304.392578125,318.2196350097656,313.37371826171875,312.1920166015625,AKAZE:intensity,6.0,0.07142857142857142,ROBUST_MODEL_INLIER,FIT,0.03351164976522644,SYNTHETIC_SOURCE,SYNTHETIC_TARGET
1810,336.93609619140625,530.0904541015625,345.9188537597656,524.09765625,336.93609619140625,530.0904541015625,345.9188537597656,524.09765625,AKAZE:intensity,7.0,0.07142857142857142,ROBUST_MODEL_INLIER,FIT,0.017936055874593824,SYNTHETIC_SOURCE,SYNTHETIC_TARGET
1811,256.6782531738281,457.751708984375,265.66021728515625,451.71875,256.6782531738281,457.751708984375,265.66021728515625,451.71875,AKAZE:intensity,12.0,0.07142857142857142,ROBUST_MODEL_INLIER,FIT,0.03771430658701697,SYNTHETIC_SOURCE,SYNTHETIC_TARGET
1812,134.0840606689453,410.8518981933594,143.07830810546875,404.8323059082031,134.0840606689453,410.8518981933594,143.07830810546875,404.8323059082031,AKAZE:intensity,12.0,0.07142857142857142,ROBUST_MODEL_INLIER,HELD_OUT,0.020728518774021033,SYNTHETIC_SOURCE,SYNTHETIC_TARGET
1813,233.52169799804688,55.85467529296875,242.54129028320312,49.849945068359375,233.52169799804688,55.85467529296875,242.54129028320312,49.849945068359375,AKAZE:intensity,15.0,0.07142857142857142,ROBUST_MODEL_INLIER,FIT,0.020865745464615372,SYNTHETIC_SOURCE,SYNTHETIC_TARGET
1814,339.6120910644531,601.8504028320312,348.5804748535156,595.8151245117188,339.6120910644531,601.8504028320312,348.5804748535156,595.8151245117188,AKAZE:intensity,15.0,0.07142857142857142,ROBUST_MODEL_INLIER,HELD_OUT,0.047335114903345306,SYNTHETIC_SOURCE,SYNTHETIC_TARGET
1815,546.2042846679688,397.7506408691406,555.2069702148438,391.7425537109375,546.2042846679688,397.7506408691406,555.2069702148438,391.7425537109375,AKAZE:intensity,15.0,0.07142857142857142,ROBUST_MODEL_INLIER,FIT,0.00918700758269676,SYNTHETIC_SOURCE,SYNTHETIC_TARGET
1816,584.0929565429688,81.293701171875,593.100341796875,75.30321502685547,584.0929565429688,81.293701171875,593.100341796875,75.30321502685547,AKAZE:intensity,14.0,0.07179487179487179,ROBUST_MODEL_INLIER,FIT,0.012057806101278644,SYNTHETIC_SOURCE,SYNTHETIC_TARGET
1817,242.70510864257812,398.0235290527344,251.722900390625,392.0185241699219,242.70510864257812,398.0235290527344,251.722900390625,392.0185241699219,AKAZE:intensity,10.0,0.07194244604316546,ROBUST_MODEL_INLIER,FIT,0.019204481806362313,SYNTHETIC_SOURCE,SYNTHETIC_TARGET
1818,504.51007080078125,195.93186950683594,513.5504150390625,189.89675903320312,504.51007080078125,195.93186950683594,513.5504150390625,189.89675903320312,AKAZE:intensity,16.0,0.07207207207207207,ROBUST_MODEL_INLIER,HELD_OUT,0.05426370590437367,SYNTHETIC_SOURCE,SYNTHETIC_TARGET
1819,460.05078125,564.2744140625,469.06396484375,558.3582763671875,460.05078125,564.2744140625,469.06396484375,558.3582763671875,AKAZE:intensity,10.0,0.07246376811594203,ROBUST_MODEL_INLIER,FIT,0.0845074003353614,SYNTHETIC_SOURCE,SYNTHETIC_TARGET
1820,560.5367431640625,47.019283294677734,569.5429077148438,41.03557586669922,560.5367431640625,47.019283294677734,569.5429077148438,41.03557586669922,AKAZE:intensity,8.0,0.07272727272727272,ROBUST_MODEL_INLIER,HELD_OUT,0.01719520016042196,SYNTHETIC_SOURCE,SYNTHETIC_TARGET
1821,362.2943115234375,504.3231201171875,371.1317443847656,498.07684326171875,362.2943115234375,504.3231201171875,371.1317443847656,498.07684326171875,AKAZE:intensity,11.0,0.0728476821192053,ROBUST_MODEL_INLIER,FIT,0.2951661118601097,SYNTHETIC_SOURCE,SYNTHETIC_TARGET
1822,525.0333251953125,267.6258850097656,534.0173950195312,261.6321716308594,525.0333251953125,267.6258850097656,534.0173950195312,261.6321716308594,AKAZE:intensity,11.0,0.0728476821192053,ROBUST_MODEL_INLIER,FIT,0.016380407779936917,SYNTHETIC_SOURCE,SYNTHETIC_TARGET
1823,264.5084228515625,317.7536926269531,273.4009704589844,311.8089294433594,264.5084228515625,317.7536926269531,273.4009704589844,311.8089294433594,AKAZE:intensity,11.0,0.0728476821192053,ROBUST_MODEL_INLIER,FIT,0.12005258776944226,SYNTHETIC_SOURCE,SYNTHETIC_TARGET
1824,387.5680847167969,389.1696472167969,396.53515625,383.0943298339844,387.5680847167969,389.1696472167969,396.53515625,383.0943298339844,AKAZE:intensity,12.0,0.0736196319018405,ROBUST_MODEL_INLIER,FIT,0.08240727684045229,SYNTHETIC_SOURCE,SYNTHETIC_TARGET
1825,233.6988525390625,310.7685241699219,242.68240356445312,304.8265686035156,233.6988525390625,310.7685241699219,242.68240356445312,304.8265686035156,AKAZE:intensity,13.0,0.07386363636363637,ROBUST_MODEL_INLIER,HELD_OUT,0.059695666950273354,SYNTHETIC_SOURCE,SYNTHETIC_TARGET
1826,176.39031982421875,563.8924560546875,185.39964294433594,557.8883666992188,176.39031982421875,563.8924560546875,185.39964294433594,557.8883666992188,AKAZE:intensity,17.0,0.07423580786026202,ROBUST_MODEL_INLIER,FIT,0.010937486801820695,SYNTHETIC_SOURCE,SYNTHETIC_TARGET
1827,473.0959777832031,367.29461669921875,482.03662109375,361.390869140625,473.0959777832031,367.29461669921875,482.03662109375,361.390869140625,AKAZE:intensity,9.0,0.0743801652892562,ROBUST_MODEL_INLIER,FIT,0.11234725891623427,SYNTHETIC_SOURCE,SYNTHETIC_TARGET
1828,593.7195434570312,551.6856689453125,602.729736328125,545.6931762695312,593.7195434570312,551.6856689453125,602.729736328125,545.6931762695312,AKAZE:intensity,16.0,0.07441860465116279,ROBUST_MODEL_INLIER,FIT,0.012883189975998651,SYNTHETIC_SOURCE,SYNTHETIC_TARGET
1829,384.0036926269531,131.20587158203125,393.0220031738281,125.18234252929688,384.0036926269531,131.20587158203125,393.0220031738281,125.18234252929688,AKAZE:intensity,9.0,0.075,ROBUST_MODEL_INLIER,FIT,0.030575034413704332,SYNTHETIC_SOURCE,SYNTHETIC_TARGET
1830,297.2726745605469,507.5245056152344,306.2755126953125,501.53375244140625,297.2726745605469,507.5245056152344,306.2755126953125,501.53375244140625,AKAZE:intensity,12.0,0.075,ROBUST_MODEL_INLIER,FIT,0.009412978652040351,SYNTHETIC_SOURCE,SYNTHETIC_TARGET
1831,177.5448455810547,453.0137939453125,186.55345153808594,446.974365234375,177.5448455810547,453.0137939453125,186.55345153808594,446.974365234375,AKAZE:intensity,12.0,0.075,ROBUST_MODEL_INLIER,FIT,0.04096714060551659,SYNTHETIC_SOURCE,SYNTHETIC_TARGET
1832,256.513427734375,389.2893371582031,265.50341796875,383.2956848144531,256.513427734375,389.2893371582031,265.50341796875,383.2956848144531,AKAZE:intensity,7.0,0.07526881720430108,ROBUST_MODEL_INLIER,FIT,0.01107615728079679,SYNTHETIC_SOURCE,SYNTHETIC_TARGET
1833,277.02984619140625,209.93186950683594,285.92864990234375,203.82501220703125,277.02984619140625,209.93186950683594,285.92864990234375,203.82501220703125,AKAZE:intensity,11.0,0.07534246575342465,ROBUST_MODEL_INLIER,FIT,0.14710745934425756,SYNTHETIC_SOURCE,SYNTHETIC_TARGET
1834,202.58798217773438,393.2122802734375,211.60377502441406,387.24114990234375,202.58798217773438,393.2122802734375,211.60377502441406,387.24114990234375,AKAZE:intensity,11.0,0.07534246575342465,ROBUST_MODEL_INLIER,FIT,0.03278057057705724,SYNTHETIC_SOURCE,SYNTHETIC_TARGET
1835,304.5414733886719,398.64788818359375,313.5448303222656,392.69561767578125,304.5414733886719,398.64788818359375,313.5448303222656,392.69561767578125,AKAZE:intensity,11.0,0.07534246575342465,ROBUST_MODEL_INLIER,HELD_OUT,0.04740750322841703,SYNTHETIC_SOURCE,SYNTHETIC_TARGET
1836,268.9501037597656,566.2066040039062,277.9800720214844,560.1658935546875,268.9501037597656,566.2066040039062,277.9800720214844,560.1658935546875,AKAZE:intensity,13.0,0.0755813953488372,ROBUST_MODEL_INLIER,HELD_OUT,0.05130679275145688,SYNTHETIC_SOURCE,SYNTHETIC_TARGET
1837,261.40850830078125,433.7214050292969,270.3941955566406,427.671875,261.40850830078125,433.7214050292969,270.3941955566406,427.671875,AKAZE:intensity,15.0,0.07575757575757576,ROBUST_MODEL_INLIER,FIT,0.051861227832829815,SYNTHETIC_SOURCE,SYNTHETIC_TARGET
1838,584.8921508789062,457.6336669921875,593.8914184570312,451.6159362792969,584.8921508789062,457.6336669921875,593.8914184570312,451.6159362792969,AKAZE:intensity,14.0,0.07608695652173914,ROBUST_MODEL_INLIER,HELD_OUT,0.018219403081805998,SYNTHETIC_SOURCE,SYNTHETIC_TARGET
1839,83.89830780029297,183.20556640625,92.8924560546875,177.19137573242188,83.89830780029297,183.20556640625,92.8924560546875,177.19137573242188,AKAZE:intensity,13.0,0.07647058823529412,ROBUST_MODEL_INLIER,FIT,0.015586658836943856,SYNTHETIC_SOURCE,SYNTHETIC_TARGET
1840,46.57079315185547,416.568115234375,55.62113952636719,410.58978271484375,46.57079315185547,416.568115234375,55.62113952636719,410.58978271484375,AKAZE:intensity,15.0,0.07653061224489796,ROBUST_MODEL_INLIER,FIT,0.05518284526689853,SYNTHETIC_SOURCE,SYNTHETIC_TARGET
1841,209.21197509765625,541.5542602539062,218.2420654296875,535.5586547851562,209.21197509765625,541.5542602539062,218.2420654296875,535.5586547851562,AKAZE:intensity,16.0,0.07655502392344497,ROBUST_MODEL_INLIER,HELD_OUT,0.03094819481304282,SYNTHETIC_SOURCE,SYNTHETIC_TARGET
1842,577.69970703125,132.45252990722656,586.6582641601562,126.49903869628906,577.69970703125,132.45252990722656,586.6582641601562,126.49903869628906,AKAZE:intensity,5.0,0.07692307692307693,ROBUST_MODEL_INLIER,FIT,0.06152383107861771,SYNTHETIC_SOURCE,SYNTHETIC_TARGET
1843,509.0142822265625,495.43438720703125,518.0301513671875,489.4532470703125,509.0142822265625,495.43438720703125,518.0301513671875,489.4532470703125,AKAZE:intensity,7.0,0.07692307692307693,ROBUST_MODEL_INLIER,FIT,0.024679722224709526,SYNTHETIC_SOURCE,SYNTHETIC_TARGET
1844,372.3747863769531,293.0547180175781,381.383056640625,287.06561279296875,372.3747863769531,293.0547180175781,381.383056640625,287.06561279296875,AKAZE:intensity,7.0,0.07692307692307693,ROBUST_MODEL_INLIER,FIT,0.013680659605438466,SYNTHETIC_SOURCE,SYNTHETIC_TARGET
1845,349.92156982421875,449.7357482910156,358.9264221191406,443.71978759765625,349.92156982421875,449.7357482910156,358.9264221191406,443.71978759765625,AKAZE:intensity,14.0,0.07692307692307693,ROBUST_MODEL_INLIER,FIT,0.017332318722926773,SYNTHETIC_SOURCE,SYNTHETIC_TARGET
1846,210.49356079101562,116.94268798828125,219.50845336914062,110.9599838256836,210.49356079101562,116.94268798828125,219.50845336914062,110.9599838256836,AKAZE:intensity,10.0,0.07751937984496124,ROBUST_MODEL_INLIER,FIT,0.022865580524223675,SYNTHETIC_SOURCE,SYNTHETIC_TARGET
1847,370.8514709472656,146.7881317138672,379.8497619628906,140.8080291748047,370.8514709472656,146.7881317138672,379.8497619628906,140.8080291748047,AKAZE:intensity,7.0,0.07777777777777778,ROBUST_MODEL_INLIER,FIT,0.019440248203105952,SYNTHETIC_SOURCE,SYNTHETIC_TARGET
1848,403.5467224121094,114.06926727294922,412.53619384765625,108.07311248779297,403.5467224121094,114.06926727294922,412.53619384765625,108.07311248779297,AKAZE:intensity,14.0,0.0782122905027933,ROBUST_MODEL_INLIER,HELD_OUT,0.01047090970721299,SYNTHETIC_SOURCE,SYNTHETIC_TARGET
1849,401.4572448730469,416.5596923828125,410.4698486328125,410.5696105957031,401.4572448730469,416.5596923828125,410.4698486328125,410.5696105957031,AKAZE:intensity,18.0,0.0782608695652174,ROBUST_MODEL_INLIER,FIT,0.01623380266416165,SYNTHETIC_SOURCE,SYNTHETIC_TARGET
1850,465.6120300292969,420.02764892578125,474.5754699707031,414.04388427734375,465.6120300292969,420.02764892578125,474.5754699707031,414.04388427734375,AKAZE:intensity,8.0,0.0784313725490196,ROBUST_MODEL_INLIER,FIT,0.03924731403624361,SYNTHETIC_SOURCE,SYNTHETIC_TARGET
1851,108.69526672363281,501.3851318359375,117.75415802001953,495.36737060546875,108.69526672363281,501.3851318359375,117.75415802001953,495.36737060546875,AKAZE:intensity,8.0,0.0784313725490196,ROBUST_MODEL_INLIER,FIT,0.06223737451600574,SYNTHETIC_SOURCE,SYNTHETIC_TARGET
1852,327.8636779785156,587.2706298828125,336.9016418457031,581.3048706054688,327.8636779785156,587.2706298828125,336.9016418457031,581.3048706054688,AKAZE:intensity,15.0,0.07853403141361257,ROBUST_MODEL_INLIER,FIT,0.05125619624060286,SYNTHETIC_SOURCE,SYNTHETIC_TARGET
1853,280.895751953125,81.3472900390625,289.867431640625,75.35661315917969,280.895751953125,81.3472900390625,289.867431640625,75.35661315917969,AKAZE:intensity,15.0,0.07853403141361257,ROBUST_MODEL_INLIER,HELD_OUT,0.029084296673066425,SYNTHETIC_SOURCE,SYNTHETIC_TARGET
1854,531.7127075195312,397.1410827636719,540.6774291992188,391.1640930175781,531.7127075195312,397.1410827636719,540.6774291992188,391.1640930175781,AKAZE:intensity,7.0,0.07865168539325842,ROBUST_MODEL_INLIER,FIT,0.041341351085563825,SYNTHETIC_SOURCE,SYNTHETIC_TARGET
1855,481.2954406738281,158.04905700683594,490.42559814453125,152.0478515625,481.2954406738281,158.04905700683594,490.42559814453125,152.0478515625,AKAZE:intensity,10.0,0.07874015748031496,ROBUST_MODEL_INLIER,FIT,0.13077879050692642,SYNTHETIC_SOURCE,SYNTHETIC_TARGET
1856,167.98648071289062,255.7244415283203,176.98492431640625,249.7357635498047,167.98648071289062,255.7244415283203,176.98492431640625,249.7357635498047,AKAZE:intensity,13.0,0.07878787878787878,ROBUST_MODEL_INLIER,FIT,0.010874967975130831,SYNTHETIC_SOURCE,SYNTHETIC_TARGET
1857,394.2604064941406,126.09429168701172,403.2655334472656,120.08931732177734,394.2604064941406,126.09429168701172,403.2655334472656,120.08931732177734,AKAZE:intensity,13.0,0.07878787878787878,ROBUST_MODEL_INLIER,FIT,0.007921942419032343,SYNTHETIC_SOURCE,SYNTHETIC_TARGET
1858,598.0352172851562,385.9909362792969,607.0192260742188,379.9838562011719,598.0352172851562,385.9909362792969,607.0192260742188,379.9838562011719,AKAZE:intensity,16.0,0.07881773399014778,ROBUST_MODEL_INLIER,HELD_OUT,0.017142079767130818,SYNTHETIC_SOURCE,SYNTHETIC_TARGET
1859,272.15606689453125,507.4131774902344,281.1330871582031,501.3995056152344,272.15606689453125,507.4131774902344,281.1330871582031,501.3995056152344,AKAZE:intensity,6.0,0.07894736842105263,ROBUST_MODEL_INLIER,FIT,0.026474504713346194,SYNTHETIC_SOURCE,SYNTHETIC_TARGET
1860,217.56163024902344,330.1748046875,226.62518310546875,324.08001708984375,217.56163024902344,330.1748046875,226.62518310546875,324.08001708984375,AKAZE:intensity,8.0,0.07920792079207921,ROBUST_MODEL_INLIER,FIT,0.1148669245832421,SYNTHETIC_SOURCE,SYNTHETIC_TARGET
1861,209.94410705566406,69.14775848388672,218.89210510253906,63.13992691040039,209.94410705566406,69.14775848388672,218.89210510253906,63.13992691040039,AKAZE:intensity,18.0,0.07929515418502203,ROBUST_MODEL_INLIER,FIT,0.052060702012096935,SYNTHETIC_SOURCE,SYNTHETIC_TARGET
1862,581.1732177734375,473.3150329589844,590.200439453125,467.33282470703125,581.1732177734375,473.3150329589844,590.200439453125,467.33282470703125,AKAZE:intensity,15.0,0.07936507936507936,ROBUST_MODEL_INLIER,FIT,0.032772426316822076,SYNTHETIC_SOURCE,SYNTHETIC_TARGET
1863,580.5098266601562,172.30979919433594,589.51708984375,166.25396728515625,580.5098266601562,172.30979919433594,589.51708984375,166.25396728515625,AKAZE:intensity,9.0,0.07964601769911504,ROBUST_MODEL_INLIER,FIT,0.05686788554090057,SYNTHETIC_SOURCE,SYNTHETIC_TARGET
1864,354.0887451171875,373.07843017578125,363.04351806640625,367.0932922363281,354.0887451171875,373.07843017578125,363.04351806640625,367.0932922363281,AKAZE:intensity,9.0,0.07964601769911504,ROBUST_MODEL_INLIER,FIT,0.04687489072469054,SYNTHETIC_SOURCE,SYNTHETIC_TARGET
1865,545.1768798828125,526.1692504882812,554.1845092773438,520.1246948242188,545.1768798828125,526.1692504882812,554.1845092773438,520.1246948242188,AKAZE:intensity,17.0,0.07981220657276995,ROBUST_MODEL_INLIER,FIT,0.045791379374342495,SYNTHETIC_SOURCE,SYNTHETIC_TARGET
1866,357.99114990234375,310.59002685546875,366.9952392578125,304.6112976074219,357.99114990234375,310.59002685546875,366.9952392578125,304.6112976074219,AKAZE:intensity,11.0,0.08088235294117647,ROBUST_MODEL_INLIER,FIT,0.021307236674562698,SYNTHETIC_SOURCE,SYNTHETIC_TARGET
1867,247.62489318847656,552.385498046875,256.578857421875,546.3787841796875,247.62489318847656,552.385498046875,256.578857421875,546.3787841796875,AKAZE:intensity,17.0,0.08095238095238096,ROBUST_MODEL_INLIER,FIT,0.04599281763043953,SYNTHETIC_SOURCE,SYNTHETIC_TARGET
1868,576.8937377929688,50.0986213684082,585.871337890625,44.097591400146484,576.8937377929688,50.0986213684082,585.871337890625,44.097591400146484,AKAZE:intensity,16.0,0.08121827411167512,ROBUST_MODEL_INLIER,FIT,0.021842380933142492,SYNTHETIC_SOURCE,SYNTHETIC_TARGET
1869,558.7886962890625,499.364013671875,567.7644653320312,493.3963623046875,558.7886962890625,499.364013671875,567.7644653320312,493.3963623046875,AKAZE:intensity,13.0,0.08176100628930817,ROBUST_MODEL_INLIER,FIT,0.03966125318741755,SYNTHETIC_SOURCE,SYNTHETIC_TARGET
1870,580.8517456054688,68.19879913330078,589.8480224609375,62.17027282714844,580.8517456054688,68.19879913330078,589.8480224609375,62.17027282714844,AKAZE:intensity,18.0,0.08181818181818182,ROBUST_MODEL_INLIER,FIT,0.029181085692525973,SYNTHETIC_SOURCE,SYNTHETIC_TARGET
1871,407.8860168457031,356.4413757324219,416.87725830078125,350.43505859375,407.8860168457031,356.4413757324219,416.87725830078125,350.43505859375,AKAZE:intensity,10.0,0.08196721311475409,ROBUST_MODEL_INLIER,FIT,0.010616345667639877,SYNTHETIC_SOURCE,SYNTHETIC_TARGET
1872,351.25201416015625,311.9400939941406,360.25872802734375,305.9423828125,351.25201416015625,311.9400939941406,360.25872802734375,305.9423828125,AKAZE:intensity,11.0,0.08208955223880597,ROBUST_MODEL_INLIER,HELD_OUT,0.007542288391469001,SYNTHETIC_SOURCE,SYNTHETIC_TARGET
1873,156.924072265625,506.27191162109375,165.94430541992188,500.40887451171875,156.924072265625,506.27191162109375,165.94430541992188,500.40887451171875,AKAZE:intensity,12.0,0.0821917808219178,ROBUST_MODEL_INLIER,FIT,0.13805712853948773,SYNTHETIC_SOURCE,SYNTHETIC_TARGET
1874,375.317138671875,156.90353393554688,384.2268981933594,150.8279266357422,375.317138671875,156.90353393554688,384.2268981933594,150.8279266357422,AKAZE:intensity,6.0,0.08333333333333333,ROBUST_MODEL_INLIER,FIT,0.11757592063719433,SYNTHETIC_SOURCE,SYNTHETIC_TARGET
1875,564.7279052734375,208.20851135253906,573.7154541015625,202.19857788085938,564.7279052734375,208.20851135253906,573.7154541015625,202.19857788085938,AKAZE:intensity,10.0,0.08333333333333333,ROBUST_MODEL_INLIER,FIT,0.015773964618965092,SYNTHETIC_SOURCE,SYNTHETIC_TARGET
1876,598.2911376953125,52.20603942871094,607.31201171875,46.26156234741211,598.2911376953125,52.20603942871094,607.31201171875,46.26156234741211,AKAZE:intensity,17.0,0.08333333333333333,ROBUST_MODEL_INLIER,HELD_OUT,0.05907952004309577,SYNTHETIC_SOURCE,SYNTHETIC_TARGET
1877,130.0674285888672,141.00930786132812,139.0864715576172,135.0351104736328,130.0674285888672,141.00930786132812,139.0864715576172,135.0351104736328,AKAZE:intensity,17.0,0.08374384236453201,ROBUST_MODEL_INLIER,HELD_OUT,0.03204790720237503,SYNTHETIC_SOURCE,SYNTHETIC_TARGET
1878,494.74444580078125,550.875244140625,503.7098693847656,544.825439453125,494.74444580078125,550.875244140625,503.7098693847656,544.825439453125,AKAZE:intensity,14.0,0.08383233532934131,ROBUST_MODEL_INLIER,FIT,0.06068835341416274,SYNTHETIC_SOURCE,SYNTHETIC_TARGET
1879,574.8958129882812,148.43276977539062,583.8896484375,142.3988800048828,574.8958129882812,148.43276977539062,583.8896484375,142.3988800048828,AKAZE:intensity,7.0,0.08433734939759036,ROBUST_MODEL_INLIER,HELD_OUT,0.034823836256569984,SYNTHETIC_SOURCE,SYNTHETIC_TARGET
1880,408.6940002441406,40.04780960083008,417.7872009277344,34.085941314697266,408.6940002441406,40.04780960083008,417.7872009277344,34.085941314697266,AKAZE:intensity,7.0,0.08433734939759036,ROBUST_MODEL_INLIER,FIT,0.10108183979475201,SYNTHETIC_SOURCE,SYNTHETIC_TARGET
1881,355.9645690917969,297.6446533203125,364.9747009277344,291.6393127441406,355.9645690917969,297.6446533203125,364.9747009277344,291.6393127441406,AKAZE:intensity,5.0,0.0847457627118644,ROBUST_MODEL_INLIER,FIT,0.012221709010187713,SYNTHETIC_SOURCE,SYNTHETIC_TARGET
1882,219.1800537109375,267.5399169921875,228.19078063964844,261.5448913574219,219.1800537109375,267.5399169921875,228.19078063964844,261.5448913574219,AKAZE:intensity,15.0,0.0847457627118644,ROBUST_MODEL_INLIER,FIT,0.012192574523591846,SYNTHETIC_SOURCE,SYNTHETIC_TARGET
1883,492.41827392578125,519.380126953125,501.40057373046875,513.3663940429688,492.41827392578125,519.380126953125,501.40057373046875,513.3663940429688,AKAZE:intensity,15.0,0.0847457627118644,ROBUST_MODEL_INLIER,HELD_OUT,0.022232972010341148,SYNTHETIC_SOURCE,SYNTHETIC_TARGET
1884,144.35052490234375,422.34625244140625,153.3783721923828,416.2853088378906,144.35052490234375,422.34625244140625,153.3783721923828,416.2853088378906,AKAZE:intensity,14.0,0.08484848484848485,ROBUST_MODEL_INLIER,HELD_OUT,0.06770313014462484,SYNTHETIC_SOURCE,SYNTHETIC_TARGET
1885,484.5923767089844,113.01702880859375,493.60357666015625,106.98970031738281,484.5923767089844,113.01702880859375,493.60357666015625,106.98970031738281,AKAZE:intensity,9.0,0.08490566037735849,ROBUST_MODEL_INLIER,FIT,0.030220127081485883,SYNTHETIC_SOURCE,SYNTHETIC_TARGET
1886,472.02734375,377.1904296875,480.9833068847656,371.0741271972656,472.02734375,377.1904296875,480.9833068847656,371.0741271972656,AKAZE:intensity,12.0,0.0851063829787234,ROBUST_MODEL_INLIER,HELD_OUT,0.12460315563262853,SYNTHETIC_SOURCE,SYNTHETIC_TARGET
1887,405.3578186035156,232.03533935546875,414.383544921875,226.0401611328125,405.3578186035156,232.03533935546875,414.383544921875,226.0401611328125,AKAZE:intensity,7.0,0.08536585365853659,ROBUST_MODEL_INLIER,FIT,0.026690810609053105,SYNTHETIC_SOURCE,SYNTHETIC_TARGET
1888,370.99383544921875,457.76226806640625,380.00762939453125,451.7772216796875,370.99383544921875,457.76226806640625,380.00762939453125,451.7772216796875,AKAZE:intensity,17.0,0.08585858585858586,ROBUST_MODEL_INLIER,HELD_OUT,0.02041395599185621,SYNTHETIC_SOURCE,SYNTHETIC_TARGET
1889,512.0853271484375,173.4189910888672,521.0616455078125,167.39047241210938,512.0853271484375,173.4189910888672,521.0616455078125,167.39047241210938,AKAZE:intensity,16.0,0.08602150537634409,ROBUST_MODEL_INLIER,FIT,0.03706329709931956,SYNTHETIC_SOURCE,SYNTHETIC_TARGET
1890,230.21511840820312,546.2806396484375,239.218505859375,540.282958984375,230.21511840820312,546.2806396484375,239.218505859375,540.282958984375,AKAZE:intensity,13.0,0.08609271523178808,ROBUST_MODEL_INLIER,FIT,0.004397179547345315,SYNTHETIC_SOURCE,SYNTHETIC_TARGET
1891,430.5235595703125,394.833740234375,439.4890441894531,388.8389587402344,430.5235595703125,394.833740234375,439.4890441894531,388.8389587402344,AKAZE:intensity,18.0,0.0861244019138756,ROBUST_MODEL_INLIER,FIT,0.03423340527141711,SYNTHETIC_SOURCE,SYNTHETIC_TARGET
1892,585.5526123046875,332.3162536621094,594.5729370117188,326.3616638183594,585.5526123046875,332.3162536621094,594.5729370117188,326.3616638183594,AKAZE:intensity,17.0,0.08629441624365482,ROBUST_MODEL_INLIER,FIT,0.049560584458210044,SYNTHETIC_SOURCE,SYNTHETIC_TARGET
1893,359.2506408691406,397.2963562011719,368.23455810546875,391.2891845703125,359.2506408691406,397.2963562011719,368.23455810546875,391.2891845703125,AKAZE:intensity,4.0,0.08695652173913043,ROBUST_MODEL_INLIER,FIT,0.017264697796535097,SYNTHETIC_SOURCE,SYNTHETIC_TARGET
1894,365.8279724121094,197.07276916503906,374.8371276855469,191.09527587890625,365.8279724121094,197.07276916503906,374.8371276855469,191.09527587890625,AKAZE:intensity,8.0,0.08695652173913043,ROBUST_MODEL_INLIER,FIT,0.024086901140625196,SYNTHETIC_SOURCE,SYNTHETIC_TARGET
1895,525.478759765625,328.867919921875,534.5133666992188,322.88116455078125,525.478759765625,328.867919921875,534.5133666992188,322.88116455078125,AKAZE:intensity,13.0,0.087248322147651,ROBUST_MODEL_INLIER,HELD_OUT,0.03745639570625745,SYNTHETIC_SOURCE,SYNTHETIC_TARGET
1896,199.57498168945312,546.3665161132812,208.582763671875,540.367431640625,199.57498168945312,546.3665161132812,208.582763671875,540.367431640625,AKAZE:intensity,18.0,0.08737864077669903,ROBUST_MODEL_INLIER,HELD_OUT,0.008403202302094136,SYNTHETIC_SOURCE,SYNTHETIC_TARGET
1897,492.5489807128906,144.43508911132812,501.4396667480469,138.42007446289062,492.5489807128906,144.43508911132812,501.4396667480469,138.42007446289062,AKAZE:intensity,16.0,0.08743169398907104,ROBUST_MODEL_INLIER,FIT,0.10980353532238896,SYNTHETIC_SOURCE,SYNTHETIC_TARGET
1898,237.43789672851562,255.4171905517578,246.55091857910156,249.41909790039062,237.43789672851562,255.4171905517578,246.55091857910156,249.41909790039062,AKAZE:intensity,14.0,0.0875,ROBUST_MODEL_INLIER,HELD_OUT,0.11364106263732457,SYNTHETIC_SOURCE,SYNTHETIC_TARGET
1899,55.17798614501953,314.6687316894531,64.19456481933594,308.6576843261719,55.17798614501953,314.6687316894531,64.19456481933594,308.6576843261719,AKAZE:intensity,18.0,0.08780487804878048,ROBUST_MODEL_INLIER,FIT,0.020701055659484296,SYNTHETIC_SOURCE,SYNTHETIC_TARGET
1900,102.13764953613281,282.2567138671875,111.1440658569336,276.2587890625,102.13764953613281,282.2567138671875,111.1440658569336,276.2587890625,AKAZE:intensity,16.0,0.08791208791208792,ROBUST_MODEL_INLIER,HELD_OUT,0.007203639409538817,SYNTHETIC_SOURCE,SYNTHETIC_TARGET
1901,245.2937774658203,140.92538452148438,254.34864807128906,134.89044189453125,245.2937774658203,140.92538452148438,254.34864807128906,134.89044189453125,AKAZE:intensity,9.0,0.08823529411764706,ROBUST_MODEL_INLIER,FIT,0.06582921729142524,SYNTHETIC_SOURCE,SYNTHETIC_TARGET
1902,311.5394287109375,415.93798828125,320.5612487792969,409.9293212890625,311.5394287109375,415.93798828125,320.5612487792969,409.9293212890625,AKAZE:intensity,9.0,0.0891089108910891,ROBUST_MODEL_INLIER,HELD_OUT,0.024226901774412675,SYNTHETIC_SOURCE,SYNTHETIC_TARGET
1903,462.1046142578125,111.03711700439453,471.10516357421875,105.06997680664062,462.1046142578125,111.03711700439453,471.10516357421875,105.06997680664062,AKAZE:intensity,16.0,0.0893854748603352,ROBUST_MODEL_INLIER,FIT,0.03239228614034958,SYNTHETIC_SOURCE,SYNTHETIC_TARGET
1904,240.6426544189453,419.2747497558594,249.66629028320312,413.2625732421875,240.6426544189453,419.2747497558594,249.66629028320312,413.2625732421875,AKAZE:intensity,11.0,0.08943089430894309,ROBUST_MODEL_INLIER,FIT,0.02735463419639025,SYNTHETIC_SOURCE,SYNTHETIC_TARGET
1905,398.2638244628906,549.9313354492188,407.2755126953125,543.942138671875,398.2638244628906,549.9313354492188,407.2755126953125,543.942138671875,AKAZE:intensity,20.0,0.08968609865470852,ROBUST_MODEL_INLIER,FIT,0.016051578870475515,SYNTHETIC_SOURCE,SYNTHETIC_TARGET
1906,102.95161437988281,465.703125,111.92488861083984,459.6830749511719,102.95161437988281,465.703125,111.92488861083984,459.6830749511719,AKAZE:intensity,9.0,0.09,ROBUST_MODEL_INLIER,FIT,0.033224058038975116,SYNTHETIC_SOURCE,SYNTHETIC_TARGET
1907,269.16326904296875,503.68914794921875,278.2471923828125,497.7283630371094,269.16326904296875,503.68914794921875,278.2471923828125,497.7283630371094,AKAZE:intensity,12.0,0.09090909090909091,ROBUST_MODEL_INLIER,FIT,0.09298231302429222,SYNTHETIC_SOURCE,SYNTHETIC_TARGET
1908,556.9334716796875,200.929443359375,565.9584350585938,194.92095947265625,556.9334716796875,200.929443359375,565.9584350585938,194.92095947265625,AKAZE:intensity,18.0,0.09137055837563451,ROBUST_MODEL_INLIER,FIT,0.027101946205904396,SYNTHETIC_SOURCE,SYNTHETIC_TARGET
1909,217.25796508789062,66.30732727050781,226.27882385253906,60.2954216003418,217.25796508789062,66.30732727050781,226.27882385253906,60.2954216003418,AKAZE:intensity,17.0,0.0913978494623656,ROBUST_MODEL_INLIER,FIT,0.024789775767063628,SYNTHETIC_SOURCE,SYNTHETIC_TARGET
1910,194.6564483642578,393.1494445800781,203.6840057373047,387.12603759765625,194.6564483642578,393.1494445800781,203.6840057373047,387.12603759765625,AKAZE:intensity,15.0,0.09146341463414634,ROBUST_MODEL_INLIER,HELD_OUT,0.03693784421995982,SYNTHETIC_SOURCE,SYNTHETIC_TARGET
1911,257.0736083984375,388.7868347167969,266.06756591796875,382.8010559082031,257.0736083984375,388.7868347167969,266.06756591796875,382.8010559082031,AKAZE:intensity,9.0,0.09183673469387756,ROBUST_MODEL_INLIER,FIT,0.014768237735550955,SYNTHETIC_SOURCE,SYNTHETIC_TARGET
1912,285.25823974609375,308.5054016113281,294.28643798828125,302.4834289550781,285.25823974609375,308.5054016113281,294.28643798828125,302.4834289550781,AKAZE:intensity,9.0,0.09183673469387756,ROBUST_MODEL_INLIER,FIT,0.03652983420755486,SYNTHETIC_SOURCE,SYNTHETIC_TARGET
1913,72.81317138671875,93.41471862792969,81.80272674560547,87.39104461669922,72.81317138671875,93.41471862792969,81.80272674560547,87.39104461669922,AKAZE:intensity,18.0,0.09183673469387756,ROBUST_MODEL_INLIER,HELD_OUT,0.02608696281440831,SYNTHETIC_SOURCE,SYNTHETIC_TARGET
1914,263.0253601074219,148.6243438720703,272.0130920410156,142.61888122558594,263.0253601074219,148.6243438720703,272.0130920410156,142.61888122558594,AKAZE:intensity,16.0,0.09195402298850575,ROBUST_MODEL_INLIER,FIT,0.013088768325474428,SYNTHETIC_SOURCE,SYNTHETIC_TARGET
1915,595.4843139648438,361.6439514160156,604.460693359375,355.65533447265625,595.4843139648438,361.6439514160156,604.460693359375,355.65533447265625,AKAZE:intensity,19.0,0.09223300970873786,ROBUST_MODEL_INLIER,FIT,0.025459142083783214,SYNTHETIC_SOURCE,SYNTHETIC_TARGET
1916,305.5650939941406,177.03500366210938,314.44183349609375,171.28494262695312,305.5650939941406,177.03500366210938,314.44183349609375,171.28494262695312,AKAZE:intensity,10.0,0.09259259259259259,ROBUST_MODEL_INLIER,FIT,0.2779724842102682,SYNTHETIC_SOURCE,SYNTHETIC_TARGET
1917,71.34596252441406,423.4164123535156,80.3290023803711,417.3913879394531,71.34596252441406,423.4164123535156,80.3290023803711,417.3913879394531,AKAZE:intensity,15.0,0.09259259259259259,ROBUST_MODEL_INLIER,FIT,0.030302035183512873,SYNTHETIC_SOURCE,SYNTHETIC_TARGET
1918,423.13079833984375,596.8640747070312,432.1237487792969,590.8679809570312,423.13079833984375,596.8640747070312,432.1237487792969,590.8679809570312,AKAZE:intensity,21.0,0.09292035398230089,ROBUST_MODEL_INLIER,FIT,0.007290125014046898,SYNTHETIC_SOURCE,SYNTHETIC_TARGET
1919,301.8739013671875,348.6260681152344,310.8390197753906,342.64312744140625,301.8739013671875,348.6260681152344,310.8390197753906,342.64312744140625,AKAZE:intensity,4.0,0.09302325581395349,ROBUST_MODEL_INLIER,HELD_OUT,0.03806727514552418,SYNTHETIC_SOURCE,SYNTHETIC_TARGET
1920,464.0018005371094,375.4853515625,472.94244384765625,369.2748718261719,464.0018005371094,375.4853515625,472.94244384765625,369.2748718261719,AKAZE:intensity,11.0,0.09322033898305085,ROBUST_MODEL_INLIER,FIT,0.21899460417189173,SYNTHETIC_SOURCE,SYNTHETIC_TARGET
1921,51.26042556762695,177.13258361816406,60.25479507446289,171.1687774658203,51.26042556762695,177.13258361816406,60.25479507446289,171.1687774658203,AKAZE:intensity,6.0,0.09375,ROBUST_MODEL_INLIER,FIT,0.03605675101961999,SYNTHETIC_SOURCE,SYNTHETIC_TARGET
1922,176.82589721679688,131.32379150390625,185.46163940429688,125.56130981445312,176.82589721679688,131.32379150390625,185.46163940429688,125.56130981445312,AKAZE:intensity,9.0,0.09375,ROBUST_MODEL_INLIER,FIT,0.43407684876616953,SYNTHETIC_SOURCE,SYNTHETIC_TARGET
1923,353.80877685546875,288.78790283203125,362.8619384765625,282.7940673828125,353.80877685546875,288.78790283203125,362.8619384765625,282.7940673828125,AKAZE:intensity,9.0,0.09375,ROBUST_MODEL_INLIER,HELD_OUT,0.054070741433199294,SYNTHETIC_SOURCE,SYNTHETIC_TARGET
1924,316.7671813964844,222.17135620117188,325.78094482421875,216.13003540039062,316.7671813964844,222.17135620117188,325.78094482421875,216.13003540039062,AKAZE:intensity,12.0,0.09375,ROBUST_MODEL_INLIER,FIT,0.04421091348944357,SYNTHETIC_SOURCE,SYNTHETIC_TARGET
1925,229.48504638671875,159.291259765625,238.51539611816406,153.31324768066406,229.48504638671875,159.291259765625,238.51539611816406,153.31324768066406,AKAZE:intensity,17.0,0.09444444444444444,ROBUST_MODEL_INLIER,HELD_OUT,0.03769298333794286,SYNTHETIC_SOURCE,SYNTHETIC_TARGET
1926,443.85552978515625,321.746826171875,452.7961120605469,315.6495666503906,443.85552978515625,321.746826171875,452.7961120605469,315.6495666503906,AKAZE:intensity,17.0,0.09497206703910614,ROBUST_MODEL_INLIER,FIT,0.11407427433068601,SYNTHETIC_SOURCE,SYNTHETIC_TARGET
1927,351.9429016113281,385.3292541503906,361.0414123535156,379.31634521484375,351.9429016113281,385.3292541503906,361.0414123535156,379.31634521484375,AKAZE:intensity,6.0,0.09523809523809523,ROBUST_MODEL_INLIER,FIT,0.10002238071601155,SYNTHETIC_SOURCE,SYNTHETIC_TARGET
1928,373.4483642578125,191.42709350585938,382.4629211425781,185.3919677734375,373.4483642578125,191.42709350585938,382.4629211425781,185.3919677734375,AKAZE:intensity,8.0,0.09523809523809523,ROBUST_MODEL_INLIER,FIT,0.038709211147396096,SYNTHETIC_SOURCE,SYNTHETIC_TARGET
1929,83.7714614868164,177.05838012695312,92.76868438720703,171.075439453125,83.7714614868164,177.05838012695312,92.76868438720703,171.075439453125,AKAZE:intensity,16.0,0.09580838323353294,ROBUST_MODEL_INLIER,FIT,0.016712101211440643,SYNTHETIC_SOURCE,SYNTHETIC_TARGET
1930,377.5452575683594,344.0917663574219,386.52105712890625,338.1055603027344,377.5452575683594,344.0917663574219,386.52105712890625,338.1055603027344,AKAZE:intensity,24.0,0.0963855421686747,ROBUST_MODEL_INLIER,HELD_OUT,0.02708381329930326,SYNTHETIC_SOURCE,SYNTHETIC_TARGET
1931,171.3212432861328,328.1827392578125,180.3623809814453,322.1893615722656,171.3212432861328,328.1827392578125,180.3623809814453,322.1893615722656,AKAZE:intensity,11.0,0.09649122807017543,ROBUST_MODEL_INLIER,FIT,0.04219627686436609,SYNTHETIC_SOURCE,SYNTHETIC_TARGET
1932,418.892578125,252.5701141357422,427.90155029296875,246.68504333496094,418.892578125,252.5701141357422,427.90155029296875,246.68504333496094,AKAZE:intensity,6.0,0.0967741935483871,ROBUST_MODEL_INLIER,FIT,0.11484140536451544,SYNTHETIC_SOURCE,SYNTHETIC_TARGET
1933,570.1419067382812,558.0386352539062,579.2063598632812,551.526123046875,570.1419067382812,558.0386352539062,579.2063598632812,551.526123046875,AKAZE:intensity,11.0,0.09734513274336283,ROBUST_MODEL_INLIER,FIT,0.51711000469842,SYNTHETIC_SOURCE,SYNTHETIC_TARGET
1934,150.60562133789062,458.28717041015625,160.07015991210938,452.6385192871094,150.60562133789062,458.28717041015625,160.07015991210938,452.6385192871094,AKAZE:intensity,17.0,0.09826589595375723,ROBUST_MODEL_INLIER,FIT,0.5826376925436618,SYNTHETIC_SOURCE,SYNTHETIC_TARGET
1935,268.8623352050781,479.0122375488281,277.8646545410156,473.0250549316406,268.8623352050781,479.0122375488281,277.8646545410156,473.0250549316406,AKAZE:intensity,18.0,0.09836065573770492,ROBUST_MODEL_INLIER,FIT,0.012672403646747377,SYNTHETIC_SOURCE,SYNTHETIC_TARGET
1936,355.0184631347656,106.93643188476562,364.0348205566406,100.92904663085938,355.0184631347656,106.93643188476562,364.0348205566406,100.92904663085938,AKAZE:intensity,18.0,0.0989010989010989,ROBUST_MODEL_INLIER,HELD_OUT,0.01870555776455317,SYNTHETIC_SOURCE,SYNTHETIC_TARGET
1937,279.0290832519531,383.8967590332031,288.0236511230469,377.8945007324219,279.0290832519531,383.8967590332031,288.0236511230469,377.8945007324219,AKAZE:intensity,19.0,0.09895833333333333,ROBUST_MODEL_INLIER,FIT,0.005549166568691751,SYNTHETIC_SOURCE,SYNTHETIC_TARGET
1938,572.2760620117188,227.77476501464844,581.2774047851562,221.76136779785156,572.2760620117188,227.77476501464844,581.2774047851562,221.76136779785156,AKAZE:intensity,11.0,0.0990990990990991,ROBUST_MODEL_INLIER,FIT,0.01402218789188743,SYNTHETIC_SOURCE,SYNTHETIC_TARGET
1939,126.3261947631836,179.48236083984375,135.32269287109375,173.50730895996094,126.3261947631836,179.48236083984375,135.32269287109375,173.50730895996094,AKAZE:intensity,17.0,0.09941520467836257,ROBUST_MODEL_INLIER,FIT,0.024630158830792132,SYNTHETIC_SOURCE,SYNTHETIC_TARGET
1940,588.00244140625,254.0487518310547,597.0050659179688,248.04910278320312,588.00244140625,254.0487518310547,597.0050659179688,248.04910278320312,AKAZE:intensity,10.0,0.1,ROBUST_MODEL_INLIER,FIT,0.0032377769735600194,SYNTHETIC_SOURCE,SYNTHETIC_TARGET
1941,235.17190551757812,305.51043701171875,244.18392944335938,299.4342041015625,235.17190551757812,305.51043701171875,244.18392944335938,299.4342041015625,AKAZE:intensity,11.0,0.10091743119266056,ROBUST_MODEL_INLIER,FIT,0.0777545251081456,SYNTHETIC_SOURCE,SYNTHETIC_TARGET
1942,122.31953430175781,87.70817565917969,131.34268188476562,81.70796966552734,122.31953430175781,87.70817565917969,131.34268188476562,81.70796966552734,AKAZE:intensity,11.0,0.10091743119266056,ROBUST_MODEL_INLIER,FIT,0.0237680767561718,SYNTHETIC_SOURCE,SYNTHETIC_TARGET
1943,220.97357177734375,77.40697479248047,229.9796905517578,71.39796447753906,220.97357177734375,77.40697479248047,229.9796905517578,71.39796447753906,AKAZE:intensity,17.0,0.10119047619047619,ROBUST_MODEL_INLIER,FIT,0.011640638557048558,SYNTHETIC_SOURCE,SYNTHETIC_TARGET
1944,190.95391845703125,94.07044219970703,200.19122314453125,88.61768341064453,190.95391845703125,94.07044219970703,200.19122314453125,88.61768341064453,AKAZE:intensity,16.0,0.10126582278481013,ROBUST_MODEL_INLIER,FIT,0.5962737055530583,SYNTHETIC_SOURCE,SYNTHETIC_TARGET
1945,548.02978515625,572.7918090820312,557.0316772460938,566.7843017578125,548.02978515625,572.7918090820312,557.0316772460938,566.7843017578125,AKAZE:intensity,21.0,0.10144927536231885,ROBUST_MODEL_INLIER,FIT,0.008378061816650639,SYNTHETIC_SOURCE,SYNTHETIC_TARGET
1946,463.6745300292969,287.1562194824219,472.8106994628906,281.0705871582031,463.6745300292969,287.1562194824219,472.8106994628906,281.0705871582031,AKAZE:intensity,13.0,0.1015625,ROBUST_MODEL_INLIER,FIT,0.16163374744679404,SYNTHETIC_SOURCE,SYNTHETIC_TARGET
1947,138.82839965820312,382.26220703125,147.8844451904297,376.09881591796875,138.82839965820312,382.26220703125,147.8844451904297,376.09881591796875,AKAZE:intensity,17.0,0.10179640718562874,ROBUST_MODEL_INLIER,FIT,0.17339649684999073,SYNTHETIC_SOURCE,SYNTHETIC_TARGET
1948,89.01341247558594,124.79829406738281,98.02027893066406,118.78141784667969,89.01341247558594,124.79829406738281,98.02027893066406,118.78141784667969,AKAZE:intensity,22.0,0.10185185185185185,ROBUST_MODEL_INLIER,FIT,0.018905781275085565,SYNTHETIC_SOURCE,SYNTHETIC_TARGET
1949,201.37905883789062,409.95721435546875,210.37649536132812,403.94549560546875,201.37905883789062,409.95721435546875,210.37649536132812,403.94549560546875,AKAZE:intensity,14.0,0.10218978102189781,ROBUST_MODEL_INLIER,FIT,0.012362293848800941,SYNTHETIC_SOURCE,SYNTHETIC_TARGET
1950,456.9872741699219,415.32098388671875,465.9365539550781,409.3060302734375,456.9872741699219,415.32098388671875,465.9365539550781,409.3060302734375,AKAZE:intensity,13.0,0.10236220472440945,ROBUST_MODEL_INLIER,FIT,0.05243520291540613,SYNTHETIC_SOURCE,SYNTHETIC_TARGET
1951,385.1004943847656,68.43919372558594,394.0903015136719,62.44644546508789,385.1004943847656,68.43919372558594,394.0903015136719,62.44644546508789,AKAZE:intensity,17.0,0.10240963855421686,ROBUST_MODEL_INLIER,HELD_OUT,0.0117289832505934,SYNTHETIC_SOURCE,SYNTHETIC_TARGET
1952,158.37115478515625,455.5536804199219,167.37298583984375,449.5224914550781,158.37115478515625,455.5536804199219,167.37298583984375,449.5224914550781,AKAZE:intensity,12.0,0.10256410256410256,ROBUST_MODEL_INLIER,FIT,0.031771187962705116,SYNTHETIC_SOURCE,SYNTHETIC_TARGET
1953,95.9215316772461,397.1400146484375,104.66267395019531,391.7086181640625,95.9215316772461,397.1400146484375,104.66267395019531,391.7086181640625,AKAZE:intensity,18.0,0.10285714285714286,ROBUST_MODEL_INLIER,FIT,0.6240565891612286,SYNTHETIC_SOURCE,SYNTHETIC_TARGET
1954,522.2267456054688,538.2167358398438,531.1836547851562,532.24267578125,522.2267456054688,538.2167358398438,531.1836547851562,532.24267578125,AKAZE:intensity,19.0,0.10382513661202186,ROBUST_MODEL_INLIER,FIT,0.04952148250940162,SYNTHETIC_SOURCE,SYNTHETIC_TARGET
1955,76.82275390625,174.58470153808594,85.87187957763672,168.57391357421875,76.82275390625,174.58470153808594,85.87187957763672,168.57391357421875,AKAZE:intensity,18.0,0.10404624277456648,ROBUST_MODEL_INLIER,HELD_OUT,0.05099829097869956,SYNTHETIC_SOURCE,SYNTHETIC_TARGET
1956,44.36772155761719,265.1372985839844,53.363460540771484,259.1454772949219,44.36772155761719,265.1372985839844,53.363460540771484,259.1454772949219,AKAZE:intensity,12.0,0.10434782608695652,ROBUST_MODEL_INLIER,HELD_OUT,0.00851293520405071,SYNTHETIC_SOURCE,SYNTHETIC_TARGET
1957,315.9859924316406,436.412353515625,324.9988098144531,430.4189453125,315.9859924316406,436.412353515625,324.9988098144531,430.4189453125,AKAZE:intensity,16.0,0.10526315789473684,ROBUST_MODEL_INLIER,HELD_OUT,0.014749811979485562,SYNTHETIC_SOURCE,SYNTHETIC_TARGET
1958,71.53121185302734,103.44074249267578,80.54476928710938,97.42424774169922,71.53121185302734,103.44074249267578,80.54476928710938,97.42424774169922,AKAZE:intensity,21.0,0.10552763819095477,ROBUST_MODEL_INLIER,FIT,0.02211672520238578,SYNTHETIC_SOURCE,SYNTHETIC_TARGET
1959,152.57350158691406,124.33960723876953,161.55923461914062,118.33116149902344,152.57350158691406,124.33960723876953,161.55923461914062,118.33116149902344,AKAZE:intensity,9.0,0.10588235294117647,ROBUST_MODEL_INLIER,HELD_OUT,0.016319310570348397,SYNTHETIC_SOURCE,SYNTHETIC_TARGET
1960,475.72137451171875,321.48211669921875,484.7770690917969,315.547607421875,475.72137451171875,321.48211669921875,484.7770690917969,315.547607421875,AKAZE:intensity,16.0,0.10666666666666667,ROBUST_MODEL_INLIER,FIT,0.08599745761258538,SYNTHETIC_SOURCE,SYNTHETIC_TARGET
1961,520.158447265625,271.16778564453125,529.1555786132812,265.1767272949219,520.158447265625,271.16778564453125,529.1555786132812,265.1767272949219,AKAZE:intensity,16.0,0.10666666666666667,ROBUST_MODEL_INLIER,FIT,0.008749821269389758,SYNTHETIC_SOURCE,SYNTHETIC_TARGET
1962,562.55615234375,368.5703125,571.4931030273438,362.6361999511719,562.55615234375,368.5703125,571.4931030273438,362.6361999511719,AKAZE:intensity,22.0,0.10679611650485436,ROBUST_MODEL_INLIER,FIT,0.0904194434689206,SYNTHETIC_SOURCE,SYNTHETIC_TARGET
1963,227.09817504882812,150.77828979492188,236.11598205566406,144.77330017089844,227.09817504882812,150.77828979492188,236.11598205566406,144.77330017089844,AKAZE:intensity,15.0,0.10714285714285714,ROBUST_MODEL_INLIER,FIT,0.019214747892211614,SYNTHETIC_SOURCE,SYNTHETIC_TARGET
1964,393.83306884765625,405.3067321777344,402.85247802734375,399.2898254394531,393.83306884765625,405.3067321777344,402.85247802734375,399.2898254394531,AKAZE:intensity,21.0,0.10824742268041238,ROBUST_MODEL_INLIER,HELD_OUT,0.02652109228448737,SYNTHETIC_SOURCE,SYNTHETIC_TARGET
1965,116.26315307617188,235.52789306640625,125.28091430664062,229.44131469726562,116.26315307617188,235.52789306640625,125.28091430664062,229.44131469726562,AKAZE:intensity,16.0,0.10884353741496598,ROBUST_MODEL_INLIER,HELD_OUT,0.08898379985466044,SYNTHETIC_SOURCE,SYNTHETIC_TARGET
1966,356.04052734375,520.6826171875,365.06365966796875,514.62060546875,356.04052734375,520.6826171875,365.06365966796875,514.62060546875,AKAZE:intensity,7.0,0.109375,ROBUST_MODEL_INLIER,HELD_OUT,0.06685779425955926,SYNTHETIC_SOURCE,SYNTHETIC_TARGET
1967,407.0147705078125,66.7080307006836,416.0371398925781,60.86995315551758,407.0147705078125,66.7080307006836,416.0371398925781,60.86995315551758,AKAZE:intensity,17.0,0.10967741935483871,ROBUST_MODEL_INLIER,HELD_OUT,0.16306152422461329,SYNTHETIC_SOURCE,SYNTHETIC_TARGET
1968,526.1784057617188,242.67364501953125,535.1978759765625,236.70574951171875,526.1784057617188,242.67364501953125,535.1978759765625,236.70574951171875,AKAZE:intensity,15.0,0.11029411764705882,ROBUST_MODEL_INLIER,FIT,0.03745415786318404,SYNTHETIC_SOURCE,SYNTHETIC_TARGET
1969,149.05812072753906,495.44085693359375,158.01800537109375,489.42449951171875,149.05812072753906,495.44085693359375,158.01800537109375,489.42449951171875,AKAZE:intensity,21.0,0.11052631578947368,ROBUST_MODEL_INLIER,FIT,0.04294674754351806,SYNTHETIC_SOURCE,SYNTHETIC_TARGET
1970,358.9620666503906,248.24688720703125,367.9452209472656,242.24952697753906,358.9620666503906,248.24688720703125,367.9452209472656,242.24952697753906,AKAZE:intensity,9.0,0.1111111111111111,ROBUST_MODEL_INLIER,FIT,0.016377287516083174,SYNTHETIC_SOURCE,SYNTHETIC_TARGET
1971,568.1532592773438,113.7288589477539,577.1102294921875,107.7269058227539,568.1532592773438,113.7288589477539,577.1102294921875,107.7269058227539,AKAZE:intensity,11.0,0.1111111111111111,ROBUST_MODEL_INLIER,FIT,0.04248963180461917,SYNTHETIC_SOURCE,SYNTHETIC_TARGET
1972,342.3609313964844,150.5224151611328,351.3707275390625,144.4964599609375,342.3609313964844,150.5224151611328,351.3707275390625,144.4964599609375,AKAZE:intensity,13.0,0.1111111111111111,ROBUST_MODEL_INLIER,FIT,0.02841747404762515,SYNTHETIC_SOURCE,SYNTHETIC_TARGET
1973,592.94482421875,225.916748046875,601.9463500976562,219.88607788085938,592.94482421875,225.916748046875,601.9463500976562,219.88607788085938,AKAZE:intensity,15.0,0.1111111111111111,ROBUST_MODEL_INLIER,FIT,0.031231591644044494,SYNTHETIC_SOURCE,SYNTHETIC_TARGET
1974,332.26861572265625,80.26203918457031,341.27734375,74.2672119140625,332.26861572265625,80.26203918457031,341.27734375,74.2672119140625,AKAZE:intensity,15.0,0.1111111111111111,ROBUST_MODEL_INLIER,FIT,0.010447457869282292,SYNTHETIC_SOURCE,SYNTHETIC_TARGET
1975,512.0630493164062,80.1445541381836,521.076416015625,74.11766815185547,512.0630493164062,80.1445541381836,521.076416015625,74.11766815185547,AKAZE:intensity,16.0,0.1111111111111111,ROBUST_MODEL_INLIER,FIT,0.03073611026106633,SYNTHETIC_SOURCE,SYNTHETIC_TARGET
1976,348.61114501953125,510.02099609375,357.6660461425781,503.9395751953125,348.61114501953125,510.02099609375,357.6660461425781,503.9395751953125,AKAZE:intensity,9.0,0.1125,ROBUST_MODEL_INLIER,FIT,0.09894765045409844,SYNTHETIC_SOURCE,SYNTHETIC_TARGET
1977,135.33119201660156,331.7772216796875,144.33749389648438,325.81146240234375,135.33119201660156,331.7772216796875,144.33749389648438,325.81146240234375,AKAZE:intensity,17.0,0.11333333333333333,ROBUST_MODEL_INLIER,HELD_OUT,0.034452956976664666,SYNTHETIC_SOURCE,SYNTHETIC_TARGET
1978,129.41009521484375,97.67465209960938,138.35629272460938,91.69271850585938,129.41009521484375,97.67465209960938,138.35629272460938,91.69271850585938,AKAZE:intensity,20.0,0.11428571428571428,ROBUST_MODEL_INLIER,FIT,0.05602137177009864,SYNTHETIC_SOURCE,SYNTHETIC_TARGET
1979,60.841182708740234,573.96923828125,69.82872772216797,567.9746704101562,60.841182708740234,573.96923828125,69.82872772216797,567.9746704101562,AKAZE:intensity,13.0,0.11504424778761062,ROBUST_MODEL_INLIER,FIT,0.012834991552890642,SYNTHETIC_SOURCE,SYNTHETIC_TARGET
1980,49.94085693359375,200.8500518798828,59.62664794921875,193.9727020263672,49.94085693359375,200.8500518798828,59.62664794921875,193.9727020263672,AKAZE:intensity,12.0,0.11538461538461539,ROBUST_MODEL_INLIER,FIT,1.1143368555897541,SYNTHETIC_SOURCE,SYNTHETIC_TARGET
1981,273.41143798828125,289.70904541015625,282.4079284667969,283.67303466796875,273.41143798828125,289.70904541015625,282.4079284667969,283.67303466796875,AKAZE:intensity,19.0,0.11801242236024845,ROBUST_MODEL_INLIER,FIT,0.03661398500746783,SYNTHETIC_SOURCE,SYNTHETIC_TARGET
1982,376.29803466796875,159.01406860351562,385.3562316894531,153.05059814453125,376.29803466796875,159.01406860351562,385.3562316894531,153.05059814453125,AKAZE:intensity,11.0,0.11827956989247312,ROBUST_MODEL_INLIER,HELD_OUT,0.06897303480467987,SYNTHETIC_SOURCE,SYNTHETIC_TARGET
1983,486.7574462890625,443.9643249511719,495.785888671875,437.858154296875,486.7574462890625,443.9643249511719,495.785888671875,437.858154296875,AKAZE:intensity,20.0,0.11834319526627218,ROBUST_MODEL_INLIER,FIT,0.11054496780340904,SYNTHETIC_SOURCE,SYNTHETIC_TARGET
1984,278.7543029785156,212.5410614013672,287.71875,206.4783477783203,278.7543029785156,212.5410614013672,287.71875,206.4783477783203,AKAZE:intensity,18.0,0.11920529801324503,ROBUST_MODEL_INLIER,FIT,0.07221819635754277,SYNTHETIC_SOURCE,SYNTHETIC_TARGET
1985,360.2325744628906,533.8726196289062,369.16180419921875,527.8939208984375,360.2325744628906,533.8726196289062,369.16180419921875,527.8939208984375,AKAZE:intensity,13.0,0.12037037037037036,ROBUST_MODEL_INLIER,FIT,0.07318192227859743,SYNTHETIC_SOURCE,SYNTHETIC_TARGET
1986,344.9314270019531,430.8716735839844,353.9984130859375,424.8394775390625,344.9314270019531,430.8716735839844,353.9984130859375,424.8394775390625,AKAZE:intensity,4.0,0.12121212121212122,ROBUST_MODEL_INLIER,FIT,0.07508357527417257,SYNTHETIC_SOURCE,SYNTHETIC_TARGET
1987,244.7997589111328,321.47705078125,253.8181610107422,315.4947509765625,244.7997589111328,321.47705078125,253.8181610107422,315.4947509765625,AKAZE:intensity,16.0,0.12121212121212122,ROBUST_MODEL_INLIER,HELD_OUT,0.025646116377686042,SYNTHETIC_SOURCE,SYNTHETIC_TARGET
1988,535.5274658203125,537.3062744140625,544.5357055664062,531.3051147460938,535.5274658203125,537.3062744140625,544.5357055664062,531.3051147460938,AKAZE:intensity,26.0,0.12149532710280374,ROBUST_MODEL_INLIER,FIT,0.009002220012460286,SYNTHETIC_SOURCE,SYNTHETIC_TARGET
1989,258.324951171875,462.7239990234375,267.1898498535156,456.781005859375,258.324951171875,462.7239990234375,267.1898498535156,456.781005859375,AKAZE:intensity,20.0,0.12195121951219512,ROBUST_MODEL_INLIER,HELD_OUT,0.14588408814508202,SYNTHETIC_SOURCE,SYNTHETIC_TARGET
1990,426.9417419433594,221.48968505859375,435.94476318359375,215.47799682617188,426.9417419433594,221.48968505859375,435.94476318359375,215.47799682617188,AKAZE:intensity,20.0,0.12269938650306748,ROBUST_MODEL_INLIER,FIT,0.012706531555876631,SYNTHETIC_SOURCE,SYNTHETIC_TARGET
1991,121.30508422851562,484.7589416503906,130.30386352539062,478.6671142578125,121.30508422851562,484.7589416503906,130.30386352539062,478.6671142578125,AKAZE:intensity,7.0,0.12280701754385964,ROBUST_MODEL_INLIER,HELD_OUT,0.09231769149719142,SYNTHETIC_SOURCE,SYNTHETIC_TARGET
1992,191.26881408691406,114.35973358154297,200.28271484375,108.34030151367188,191.26881408691406,114.35973358154297,200.28271484375,108.34030151367188,AKAZE:intensity,16.0,0.12307692307692308,ROBUST_MODEL_INLIER,FIT,0.02464533578707062,SYNTHETIC_SOURCE,SYNTHETIC_TARGET
1993,361.7649230957031,158.69821166992188,370.8106994628906,152.68704223632812,361.7649230957031,158.69821166992188,370.8106994628906,152.68704223632812,AKAZE:intensity,13.0,0.12380952380952381,ROBUST_MODEL_INLIER,HELD_OUT,0.047829175110697765,SYNTHETIC_SOURCE,SYNTHETIC_TARGET
1994,305.9850769042969,176.4666748046875,314.9224853515625,170.5679931640625,305.9850769042969,176.4666748046875,314.9224853515625,170.5679931640625,AKAZE:intensity,15.0,0.12396694214876033,ROBUST_MODEL_INLIER,FIT,0.11835697678380452,SYNTHETIC_SOURCE,SYNTHETIC_TARGET
1995,273.01031494140625,193.8686065673828,282.01434326171875,187.87579345703125,273.01031494140625,193.8686065673828,282.01434326171875,187.87579345703125,AKAZE:intensity,18.0,0.12413793103448276,ROBUST_MODEL_INLIER,HELD_OUT,0.008147921896995173,SYNTHETIC_SOURCE,SYNTHETIC_TARGET
1996,535.6013793945312,398.8008728027344,544.62646484375,392.7376708984375,535.6013793945312,398.8008728027344,544.62646484375,392.7376708984375,AKAZE:intensity,22.0,0.12429378531073447,ROBUST_MODEL_INLIER,FIT,0.06867833656099319,SYNTHETIC_SOURCE,SYNTHETIC_TARGET
1997,376.1369323730469,160.46487426757812,385.1460876464844,154.50918579101562,376.1369323730469,160.46487426757812,385.1460876464844,154.50918579101562,AKAZE:intensity,10.0,0.125,ROBUST_MODEL_INLIER,HELD_OUT,0.044898151270012274,SYNTHETIC_SOURCE,SYNTHETIC_TARGET
1998,381.15716552734375,288.8773193359375,390.21307373046875,282.2095642089844,381.15716552734375,288.8773193359375,390.21307373046875,282.2095642089844,AKAZE:intensity,11.0,0.125,ROBUST_MODEL_INLIER,FIT,0.670629256468052,SYNTHETIC_SOURCE,SYNTHETIC_TARGET
1999,48.996131896972656,447.86212158203125,58.03201675415039,441.8740234375,48.996131896972656,447.86212158203125,58.03201675415039,441.8740234375,AKAZE:intensity,21.0,0.12574850299401197,ROBUST_MODEL_INLIER,FIT,0.03823833073553544,SYNTHETIC_SOURCE,SYNTHETIC_TARGET
2000,559.1245727539062,393.73822021484375,568.0992431640625,387.7273864746094,559.1245727539062,393.73822021484375,568.0992431640625,387.7273864746094,AKAZE:intensity,27.0,0.1261682242990654,ROBUST_MODEL_INLIER,FIT,0.027188764438603394,SYNTHETIC_SOURCE,SYNTHETIC_TARGET
2001,39.64542007446289,80.35262298583984,48.621883392333984,74.38355255126953,39.64542007446289,80.35262298583984,48.621883392333984,74.38355255126953,AKAZE:intensity,24.0,0.12631578947368421,ROBUST_MODEL_INLIER,HELD_OUT,0.038108902053832855,SYNTHETIC_SOURCE,SYNTHETIC_TARGET
2002,566.0999145507812,399.37237548828125,575.1155395507812,393.363525390625,566.0999145507812,399.37237548828125,575.1155395507812,393.363525390625,AKAZE:intensity,26.0,0.12682926829268293,ROBUST_MODEL_INLIER,FIT,0.018729441020881168,SYNTHETIC_SOURCE,SYNTHETIC_TARGET
2003,55.825889587402344,83.15887451171875,64.84111785888672,77.1562271118164,55.825889587402344,83.15887451171875,64.84111785888672,77.1562271118164,AKAZE:intensity,23.0,0.12777777777777777,ROBUST_MODEL_INLIER,FIT,0.016146035931774824,SYNTHETIC_SOURCE,SYNTHETIC_TARGET
2004,588.6006469726562,384.4690856933594,597.5955810546875,378.4763488769531,588.6006469726562,384.4690856933594,597.5955810546875,378.4763488769531,AKAZE:intensity,27.0,0.12796208530805686,ROBUST_MODEL_INLIER,FIT,0.008108722079825697,SYNTHETIC_SOURCE,SYNTHETIC_TARGET
2005,79.65072631835938,506.8345031738281,88.6606674194336,500.8329162597656,79.65072631835938,506.8345031738281,88.6606674194336,500.8329162597656,AKAZE:intensity,15.0,0.1282051282051282,ROBUST_MODEL_INLIER,HELD_OUT,0.010753584905971638,SYNTHETIC_SOURCE,SYNTHETIC_TARGET
2006,474.9418640136719,541.2103271484375,483.9309997558594,535.2266235351562,474.9418640136719,541.2103271484375,483.9309997558594,535.2266235351562,AKAZE:intensity,22.0,0.1286549707602339,ROBUST_MODEL_INLIER,FIT,0.018842473083300736,SYNTHETIC_SOURCE,SYNTHETIC_TARGET
2007,360.4510498046875,398.4500427246094,369.29693603515625,392.1632080078125,360.4510498046875,398.4500427246094,369.29693603515625,392.1632080078125,AKAZE:intensity,17.0,0.12878787878787878,ROBUST_MODEL_INLIER,FIT,0.32575727855987086,SYNTHETIC_SOURCE,SYNTHETIC_TARGET
2008,345.0431213378906,310.5714111328125,354.0264587402344,304.497802734375,345.0431213378906,310.5714111328125,354.0264587402344,304.497802734375,AKAZE:intensity,20.0,0.12903225806451613,ROBUST_MODEL_INLIER,FIT,0.07581551652113364,SYNTHETIC_SOURCE,SYNTHETIC_TARGET
2009,258.1971130371094,105.9701919555664,267.1864013671875,99.98619842529297,258.1971130371094,105.9701919555664,267.1864013671875,99.98619842529297,AKAZE:intensity,7.0,0.12962962962962962,ROBUST_MODEL_INLIER,FIT,0.01851623088513328,SYNTHETIC_SOURCE,SYNTHETIC_TARGET
2010,112.73410034179688,529.7880249023438,121.72825622558594,523.80078125,112.73410034179688,529.7880249023438,121.72825622558594,523.80078125,AKAZE:intensity,15.0,0.13043478260869565,ROBUST_MODEL_INLIER,FIT,0.013337831373330295,SYNTHETIC_SOURCE,SYNTHETIC_TARGET
2011,40.532901763916016,373.3598327636719,49.4959831237793,367.4015808105469,40.532901763916016,373.3598327636719,49.4959831237793,367.4015808105469,AKAZE:intensity,19.0,0.1310344827586207,ROBUST_MODEL_INLIER,FIT,0.054960532008148134,SYNTHETIC_SOURCE,SYNTHETIC_TARGET
2012,376.4232177734375,276.7715759277344,385.4166259765625,270.7110595703125,376.4232177734375,276.7715759277344,385.4166259765625,270.7110595703125,AKAZE:intensity,21.0,0.1320754716981132,ROBUST_MODEL_INLIER,FIT,0.06129717471068675,SYNTHETIC_SOURCE,SYNTHETIC_TARGET
2013,240.502197265625,441.7265930175781,249.49826049804688,435.7020263671875,240.502197265625,441.7265930175781,249.49826049804688,435.7020263671875,AKAZE:intensity,22.0,0.13333333333333333,ROBUST_MODEL_INLIER,FIT,0.025274782749321472,SYNTHETIC_SOURCE,SYNTHETIC_TARGET
2014,272.8433837890625,324.6419982910156,281.83575439453125,318.6690368652344,272.8433837890625,324.6419982910156,281.83575439453125,318.6690368652344,AKAZE:intensity,15.0,0.13392857142857142,ROBUST_MODEL_INLIER,FIT,0.02746242926114903,SYNTHETIC_SOURCE,SYNTHETIC_TARGET
2015,447.5177917480469,278.5714111328125,456.4931640625,272.6332092285156,447.5177917480469,278.5714111328125,456.4931640625,272.6332092285156,AKAZE:intensity,24.0,0.1340782122905028,ROBUST_MODEL_INLIER,HELD_OUT,0.06584622753046396,SYNTHETIC_SOURCE,SYNTHETIC_TARGET
2016,301.55718994140625,348.9234619140625,310.4720153808594,343.0317077636719,301.55718994140625,348.9234619140625,310.4720153808594,343.0317077636719,AKAZE:intensity,11.0,0.13414634146341464,ROBUST_MODEL_INLIER,FIT,0.13697736667011243,SYNTHETIC_SOURCE,SYNTHETIC_TARGET
2017,111.4985580444336,429.051025390625,120.50613403320312,423.06817626953125,111.4985580444336,429.051025390625,120.50613403320312,423.06817626953125,AKAZE:intensity,21.0,0.13548387096774195,ROBUST_MODEL_INLIER,FIT,0.018564975860094986,SYNTHETIC_SOURCE,SYNTHETIC_TARGET
2018,265.4766845703125,592.9223022460938,274.4371032714844,586.9227905273438,265.4766845703125,592.9223022460938,274.4371032714844,586.9227905273438,AKAZE:intensity,24.0,0.13559322033898305,ROBUST_MODEL_INLIER,FIT,0.038970947265625,SYNTHETIC_SOURCE,SYNTHETIC_TARGET
2019,143.08428955078125,348.3685607910156,152.07266235351562,342.37713623046875,143.08428955078125,348.3685607910156,152.07266235351562,342.37713623046875,AKAZE:intensity,26.0,0.1368421052631579,ROBUST_MODEL_INLIER,FIT,0.013666492492546716,SYNTHETIC_SOURCE,SYNTHETIC_TARGET
2020,395.87481689453125,101.51835632324219,404.86529541015625,95.45478820800781,395.87481689453125,101.51835632324219,404.86529541015625,95.45478820800781,AKAZE:intensity,23.0,0.1402439024390244,ROBUST_MODEL_INLIER,FIT,0.06467325736782913,SYNTHETIC_SOURCE,SYNTHETIC_TARGET
2021,174.41586303710938,218.96678161621094,183.5973663330078,212.8544464111328,174.41586303710938,218.96678161621094,183.5973663330078,212.8544464111328,AKAZE:intensity,23.0,0.1411042944785276,ROBUST_MODEL_INLIER,FIT,0.21423006245333365,SYNTHETIC_SOURCE,SYNTHETIC_TARGET
2022,363.85552978515625,278.7121276855469,372.84368896484375,272.7574462890625,363.85552978515625,278.7121276855469,372.84368896484375,272.7574462890625,AKAZE:intensity,13.0,0.14130434782608695,ROBUST_MODEL_INLIER,FIT,0.04621559501709915,SYNTHETIC_SOURCE,SYNTHETIC_TARGET
2023,288.6814880371094,574.826416015625,297.67425537109375,568.8424682617188,288.6814880371094,574.826416015625,297.67425537109375,568.8424682617188,AKAZE:intensity,23.0,0.1419753086419753,ROBUST_MODEL_INLIER,FIT,0.016914255832686055,SYNTHETIC_SOURCE,SYNTHETIC_TARGET
2024,427.9034729003906,254.70249938964844,436.8067626953125,248.763916015625,427.9034729003906,254.70249938964844,436.8067626953125,248.763916015625,AKAZE:intensity,24.0,0.14201183431952663,ROBUST_MODEL_INLIER,HELD_OUT,0.1137868403500309,SYNTHETIC_SOURCE,SYNTHETIC_TARGET
2025,230.0501251220703,156.613525390625,238.98419189453125,150.6616668701172,230.0501251220703,156.613525390625,238.98419189453125,150.6616668701172,AKAZE:intensity,26.0,0.143646408839779,ROBUST_MODEL_INLIER,FIT,0.08085731524456267,SYNTHETIC_SOURCE,SYNTHETIC_TARGET
2026,212.95045471191406,384.1409606933594,221.98223876953125,378.15362548828125,212.95045471191406,384.1409606933594,221.98223876953125,378.15362548828125,AKAZE:intensity,29.0,0.14427860696517414,ROBUST_MODEL_INLIER,FIT,0.03460730026023961,SYNTHETIC_SOURCE,SYNTHETIC_TARGET
2027,592.4445190429688,329.4344482421875,601.4485473632812,323.4284362792969,592.4445190429688,329.4344482421875,601.4485473632812,323.4284362792969,AKAZE:intensity,23.0,0.14465408805031446,ROBUST_MODEL_INLIER,FIT,0.007985640278127088,SYNTHETIC_SOURCE,SYNTHETIC_TARGET
2028,351.2452087402344,405.33526611328125,360.2804260253906,399.4640808105469,351.2452087402344,405.33526611328125,360.2804260253906,399.4640808105469,AKAZE:intensity,10.0,0.14492753623188406,ROBUST_MODEL_INLIER,FIT,0.13323396188759823,SYNTHETIC_SOURCE,SYNTHETIC_TARGET
2029,91.52427673339844,490.6215515136719,100.58059692382812,484.5649719238281,91.52427673339844,490.6215515136719,100.58059692382812,484.5649719238281,AKAZE:intensity,26.0,0.1452513966480447,ROBUST_MODEL_INLIER,FIT,0.08060910942751502,SYNTHETIC_SOURCE,SYNTHETIC_TARGET
2030,360.37799072265625,138.6847686767578,369.40460205078125,132.66793823242188,360.37799072265625,138.6847686767578,369.40460205078125,132.66793823242188,AKAZE:intensity,17.0,0.1452991452991453,ROBUST_MODEL_INLIER,HELD_OUT,0.032263882297855234,SYNTHETIC_SOURCE,SYNTHETIC_TARGET
2031,489.8084716796875,510.5511474609375,498.9527893066406,504.66778564453125,489.8084716796875,510.5511474609375,498.9527893066406,504.66778564453125,AKAZE:intensity,18.0,0.1487603305785124,ROBUST_MODEL_INLIER,FIT,0.1857280774979597,SYNTHETIC_SOURCE,SYNTHETIC_TARGET
2032,121.55713653564453,492.02081298828125,130.52371215820312,486.2156066894531,121.55713653564453,492.02081298828125,130.52371215820312,486.2156066894531,AKAZE:intensity,21.0,0.14893617021276595,ROBUST_MODEL_INLIER,FIT,0.19705673423001233,SYNTHETIC_SOURCE,SYNTHETIC_TARGET
2033,474.8114013671875,513.9638671875,483.8714294433594,507.9461364746094,474.8114013671875,513.9638671875,483.8714294433594,507.9461364746094,AKAZE:intensity,29.0,0.15104166666666666,ROBUST_MODEL_INLIER,FIT,0.06331627488721323,SYNTHETIC_SOURCE,SYNTHETIC_TARGET
2034,390.7134094238281,547.1229858398438,399.7287292480469,541.1266479492188,390.7134094238281,547.1229858398438,399.7287292480469,541.1266479492188,AKAZE:intensity,37.0,0.15163934426229508,ROBUST_MODEL_INLIER,FIT,0.016243265847377033,SYNTHETIC_SOURCE,SYNTHETIC_TARGET
2035,47.139278411865234,120.21565246582031,56.160892486572266,114.24014282226562,47.139278411865234,120.21565246582031,56.160892486572266,114.24014282226562,AKAZE:intensity,29.0,0.1518324607329843,ROBUST_MODEL_INLIER,FIT,0.032711232576765836,SYNTHETIC_SOURCE,SYNTHETIC_TARGET
2036,216.4660186767578,35.69678497314453,225.422119140625,29.72811508178711,216.4660186767578,35.69678497314453,225.422119140625,29.72811508178711,AKAZE:intensity,26.0,0.15204678362573099,ROBUST_MODEL_INLIER,FIT,0.053152345363832856,SYNTHETIC_SOURCE,SYNTHETIC_TARGET
2037,444.2134704589844,347.4200439453125,453.15655517578125,341.4720458984375,444.2134704589844,347.4200439453125,453.15655517578125,341.4720458984375,AKAZE:intensity,23.0,0.152317880794702,ROBUST_MODEL_INLIER,FIT,0.07631450528635182,SYNTHETIC_SOURCE,SYNTHETIC_TARGET
2038,433.6903991699219,496.2116394042969,442.69482421875,490.1681213378906,433.6903991699219,496.2116394042969,442.69482421875,490.1681213378906,AKAZE:intensity,18.0,0.15254237288135594,ROBUST_MODEL_INLIER,FIT,0.044293497165347494,SYNTHETIC_SOURCE,SYNTHETIC_TARGET
2039,533.5618286132812,144.14581298828125,542.5971069335938,138.13473510742188,533.5618286132812,144.14581298828125,542.5971069335938,138.13473510742188,AKAZE:intensity,24.0,0.15286624203821655,ROBUST_MODEL_INLIER,HELD_OUT,0.037706403632430364,SYNTHETIC_SOURCE,SYNTHETIC_TARGET
2040,96.94387817382812,182.74937438964844,105.97209930419922,176.7599334716797,96.94387817382812,182.74937438964844,105.97209930419922,176.7599334716797,AKAZE:intensity,20.0,0.15384615384615385,ROBUST_MODEL_INLIER,FIT,0.03053973442685395,SYNTHETIC_SOURCE,SYNTHETIC_TARGET
2041,250.54071044921875,136.95339965820312,259.54736328125,130.9254608154297,250.54071044921875,136.95339965820312,259.54736328125,130.9254608154297,AKAZE:intensity,22.0,0.15384615384615385,ROBUST_MODEL_INLIER,FIT,0.02934033428849127,SYNTHETIC_SOURCE,SYNTHETIC_TARGET
2042,382.8719177246094,169.0287322998047,392.0296936035156,163.31410217285156,382.8719177246094,169.0287322998047,392.0296936035156,163.31410217285156,AKAZE:intensity,18.0,0.15517241379310345,ROBUST_MODEL_INLIER,FIT,0.32595048603556537,SYNTHETIC_SOURCE,SYNTHETIC_TARGET
2043,103.52399444580078,382.1570739746094,112.49325561523438,376.16448974609375,103.52399444580078,382.1570739746094,112.49325561523438,376.16448974609375,AKAZE:intensity,26.0,0.15568862275449102,ROBUST_MODEL_INLIER,FIT,0.030914646497027597,SYNTHETIC_SOURCE,SYNTHETIC_TARGET
2044,422.90753173828125,552.01953125,431.8930969238281,546.0471801757812,422.90753173828125,552.01953125,431.8930969238281,546.0471801757812,AKAZE:intensity,31.0,0.15577889447236182,ROBUST_MODEL_INLIER,HELD_OUT,0.030476489062344243,SYNTHETIC_SOURCE,SYNTHETIC_TARGET
2045,323.64544677734375,357.0418395996094,332.643310546875,351.0283508300781,323.64544677734375,357.0418395996094,332.643310546875,351.0283508300781,AKAZE:intensity,31.0,0.15816326530612246,ROBUST_MODEL_INLIER,FIT,0.014060094415692233,SYNTHETIC_SOURCE,SYNTHETIC_TARGET
2046,177.88577270507812,356.3057861328125,186.8750762939453,350.2983703613281,177.88577270507812,356.3057861328125,186.8750762939453,350.2983703613281,AKAZE:intensity,17.0,0.1588785046728972,ROBUST_MODEL_INLIER,HELD_OUT,0.012814158079393016,SYNTHETIC_SOURCE,SYNTHETIC_TARGET
2047,496.7828674316406,275.1142578125,505.84259033203125,269.1148986816406,496.7828674316406,275.1142578125,505.84259033203125,269.1148986816406,AKAZE:intensity,31.0,0.15979381443298968,ROBUST_MODEL_INLIER,FIT,0.06033344490664881,SYNTHETIC_SOURCE,SYNTHETIC_TARGET
2048,248.02796936035156,99.90033721923828,257.1351013183594,94.01042938232422,248.02796936035156,99.90033721923828,257.1351013183594,94.01042938232422,AKAZE:intensity,28.0,0.16091954022988506,ROBUST_MODEL_INLIER,FIT,0.1536926028963372,SYNTHETIC_SOURCE,SYNTHETIC_TARGET
2049,508.4950866699219,316.4522399902344,517.5006713867188,310.4231872558594,508.4950866699219,316.4522399902344,517.5006713867188,310.4231872558594,AKAZE:intensity,15.0,0.16129032258064516,ROBUST_MODEL_INLIER,HELD_OUT,0.030183612708451973,SYNTHETIC_SOURCE,SYNTHETIC_TARGET
2050,131.44659423828125,90.01619720458984,140.44992065429688,84.00820922851562,131.44659423828125,90.01619720458984,140.44992065429688,84.00820922851562,AKAZE:intensity,23.0,0.1619718309859155,ROBUST_MODEL_INLIER,FIT,0.009345858825733896,SYNTHETIC_SOURCE,SYNTHETIC_TARGET
2051,156.65560913085938,517.5081176757812,165.6537322998047,511.4932861328125,156.65560913085938,517.5081176757812,165.6537322998047,511.4932861328125,AKAZE:intensity,22.0,0.16296296296296298,ROBUST_MODEL_INLIER,HELD_OUT,0.015372084582044511,SYNTHETIC_SOURCE,SYNTHETIC_TARGET
2052,569.8881225585938,552.4007568359375,578.9126586914062,546.5297241210938,569.8881225585938,552.4007568359375,578.9126586914062,546.5297241210938,AKAZE:intensity,24.0,0.16326530612244897,ROBUST_MODEL_INLIER,FIT,0.13091676791444373,SYNTHETIC_SOURCE,SYNTHETIC_TARGET
2053,193.46035766601562,321.7967529296875,202.4546661376953,315.8136291503906,193.46035766601562,321.7967529296875,202.4546661376953,315.8136291503906,AKAZE:intensity,18.0,0.16363636363636364,ROBUST_MODEL_INLIER,FIT,0.01715759064564209,SYNTHETIC_SOURCE,SYNTHETIC_TARGET
2054,86.2220458984375,369.81964111328125,95.06909942626953,363.71343994140625,86.2220458984375,369.81964111328125,95.06909942626953,363.71343994140625,AKAZE:intensity,22.0,0.16417910447761194,ROBUST_MODEL_INLIER,FIT,0.1859810018502844,SYNTHETIC_SOURCE,SYNTHETIC_TARGET
2055,123.49275207519531,394.62274169921875,132.51429748535156,388.62408447265625,123.49275207519531,394.62274169921875,132.51429748535156,388.62408447265625,AKAZE:intensity,23.0,0.16428571428571428,ROBUST_MODEL_INLIER,HELD_OUT,0.022172233406594983,SYNTHETIC_SOURCE,SYNTHETIC_TARGET
2056,159.72280883789062,133.8672637939453,168.7461395263672,127.86873626708984,159.72280883789062,133.8672637939453,168.7461395263672,127.86873626708984,AKAZE:intensity,14.0,0.16666666666666666,ROBUST_MODEL_INLIER,HELD_OUT,0.02396126106525395,SYNTHETIC_SOURCE,SYNTHETIC_TARGET
2057,222.77442932128906,142.6029815673828,231.87103271484375,136.5743408203125,222.77442932128906,142.6029815673828,231.87103271484375,136.5743408203125,AKAZE:intensity,22.0,0.16666666666666666,ROBUST_MODEL_INLIER,FIT,0.10148405062173595,SYNTHETIC_SOURCE,SYNTHETIC_TARGET
2058,412.3333740234375,204.5560760498047,421.32958984375,198.56944274902344,412.3333740234375,204.5560760498047,421.32958984375,198.56944274902344,AKAZE:intensity,32.0,0.16753926701570682,ROBUST_MODEL_INLIER,HELD_OUT,0.013263741340393513,SYNTHETIC_SOURCE,SYNTHETIC_TARGET
2059,245.7174072265625,197.19847106933594,254.63136291503906,191.17616271972656,245.7174072265625,197.19847106933594,254.63136291503906,191.17616271972656,AKAZE:intensity,27.0,0.16770186335403728,ROBUST_MODEL_INLIER,FIT,0.08842311854456208,SYNTHETIC_SOURCE,SYNTHETIC_TARGET
2060,564.5213623046875,209.33041381835938,573.3797607421875,203.4793701171875,564.5213623046875,209.33041381835938,573.3797607421875,203.4793701171875,AKAZE:intensity,22.0,0.16793893129770993,ROBUST_MODEL_INLIER,HELD_OUT,0.20474685297996903,SYNTHETIC_SOURCE,SYNTHETIC_TARGET
2061,508.3735046386719,316.5333251953125,517.4869384765625,310.3846740722656,508.3735046386719,316.5333251953125,517.4869384765625,310.3846740722656,AKAZE:intensity,17.0,0.16831683168316833,ROBUST_MODEL_INLIER,FIT,0.18774620918156246,SYNTHETIC_SOURCE,SYNTHETIC_TARGET
2062,301.1309509277344,350.5402526855469,310.12255859375,344.45068359375,301.1309509277344,350.5402526855469,310.12255859375,344.45068359375,AKAZE:intensity,22.0,0.16923076923076924,ROBUST_MODEL_INLIER,FIT,0.09039297367892252,SYNTHETIC_SOURCE,SYNTHETIC_TARGET
2063,145.1717071533203,547.0564575195312,154.255615234375,541.0888671875,145.1717071533203,547.0564575195312,154.255615234375,541.0888671875,AKAZE:intensity,29.0,0.1695906432748538,ROBUST_MODEL_INLIER,FIT,0.09034567162910491,SYNTHETIC_SOURCE,SYNTHETIC_TARGET
2064,285.1769714355469,154.62533569335938,294.167236328125,148.6261444091797,285.1769714355469,154.62533569335938,294.167236328125,148.6261444091797,AKAZE:intensity,18.0,0.16981132075471697,ROBUST_MODEL_INLIER,FIT,0.00913038048533848,SYNTHETIC_SOURCE,SYNTHETIC_TARGET
2065,90.12583923339844,505.4997863769531,99.10101318359375,499.5001525878906,90.12583923339844,505.4997863769531,99.10101318359375,499.5001525878906,AKAZE:intensity,33.0,0.17010309278350516,ROBUST_MODEL_INLIER,FIT,0.02421600591587879,SYNTHETIC_SOURCE,SYNTHETIC_TARGET
2066,178.9400177001953,284.5062561035156,187.96702575683594,278.4928894042969,178.9400177001953,284.5062561035156,187.96702575683594,278.4928894042969,AKAZE:intensity,25.0,0.1724137931034483,ROBUST_MODEL_INLIER,FIT,0.030898818026971295,SYNTHETIC_SOURCE,SYNTHETIC_TARGET
2067,346.1627502441406,355.3414306640625,355.16265869140625,349.3396301269531,346.1627502441406,355.3414306640625,355.16265869140625,349.3396301269531,AKAZE:intensity,34.0,0.17435897435897435,ROBUST_MODEL_INLIER,FIT,0.0023468791418127903,SYNTHETIC_SOURCE,SYNTHETIC_TARGET
2068,587.8046875,502.35589599609375,596.8018188476562,496.3350524902344,587.8046875,502.35589599609375,596.8018188476562,496.3350524902344,AKAZE:intensity,33.0,0.1746031746031746,ROBUST_MODEL_INLIER,FIT,0.02145099213785441,SYNTHETIC_SOURCE,SYNTHETIC_TARGET
2069,530.428955078125,400.52593994140625,539.3129272460938,394.2679138183594,530.428955078125,400.52593994140625,539.3129272460938,394.2679138183594,AKAZE:intensity,12.0,0.17647058823529413,ROBUST_MODEL_INLIER,FIT,0.2831093287525553,SYNTHETIC_SOURCE,SYNTHETIC_TARGET
2070,383.1678771972656,173.42942810058594,392.3197937011719,167.05958557128906,383.1678771972656,173.42942810058594,392.3197937011719,167.05958557128906,AKAZE:intensity,21.0,0.17647058823529413,ROBUST_MODEL_INLIER,FIT,0.4005113617358319,SYNTHETIC_SOURCE,SYNTHETIC_TARGET
2071,418.0253601074219,237.56747436523438,426.70623779296875,231.3311767578125,418.0253601074219,237.56747436523438,426.70623779296875,231.3311767578125,AKAZE:intensity,29.0,0.17682926829268292,ROBUST_MODEL_INLIER,HELD_OUT,0.3968846527375031,SYNTHETIC_SOURCE,SYNTHETIC_TARGET
2072,360.5655517578125,500.29541015625,369.6511535644531,495.0306701660156,360.5655517578125,500.29541015625,369.6511535644531,495.0306701660156,AKAZE:intensity,8.0,0.17777777777777778,ROBUST_MODEL_INLIER,FIT,0.7398121580833069,SYNTHETIC_SOURCE,SYNTHETIC_TARGET
2073,256.2088928222656,129.80328369140625,264.82611083984375,124.47066497802734,256.2088928222656,129.80328369140625,264.82611083984375,124.47066497802734,AKAZE:intensity,29.0,0.17791411042944785,ROBUST_MODEL_INLIER,HELD_OUT,0.7686360881760653,SYNTHETIC_SOURCE,SYNTHETIC_TARGET
2074,186.3575439453125,492.7003479003906,195.38894653320312,486.6562194824219,186.3575439453125,492.7003479003906,195.38894653320312,486.6562194824219,AKAZE:intensity,39.0,0.1780821917808219,ROBUST_MODEL_INLIER,FIT,0.05491336942499389,SYNTHETIC_SOURCE,SYNTHETIC_TARGET
2075,360.38201904296875,496.0362243652344,369.12982177734375,489.5539855957031,360.38201904296875,496.0362243652344,369.12982177734375,489.5539855957031,AKAZE:intensity,23.0,0.17829457364341086,ROBUST_MODEL_INLIER,FIT,0.5443540951287639,SYNTHETIC_SOURCE,SYNTHETIC_TARGET
2076,327.0499572753906,405.95379638671875,336.1114807128906,399.9396057128906,327.0499572753906,405.95379638671875,336.1114807128906,399.9396057128906,AKAZE:intensity,31.0,0.1791907514450867,ROBUST_MODEL_INLIER,HELD_OUT,0.06384418114009183,SYNTHETIC_SOURCE,SYNTHETIC_TARGET
2077,82.39720153808594,552.095458984375,91.37068939208984,546.0865478515625,82.39720153808594,552.095458984375,91.37068939208984,546.0865478515625,AKAZE:intensity,31.0,0.18023255813953487,ROBUST_MODEL_INLIER,FIT,0.027554526662573447,SYNTHETIC_SOURCE,SYNTHETIC_TARGET
2078,276.32891845703125,489.8105773925781,285.3199462890625,483.8279724121094,276.32891845703125,489.8105773925781,285.3199462890625,483.8279724121094,AKAZE:intensity,26.0,0.18055555555555555,ROBUST_MODEL_INLIER,FIT,0.01886154216713246,SYNTHETIC_SOURCE,SYNTHETIC_TARGET
2079,308.67236328125,330.83489990234375,317.67083740234375,324.7818603515625,308.67236328125,330.83489990234375,317.67083740234375,324.7818603515625,AKAZE:intensity,25.0,0.18115942028985507,ROBUST_MODEL_INLIER,HELD_OUT,0.05353566094000211,SYNTHETIC_SOURCE,SYNTHETIC_TARGET
2080,295.3792419433594,545.4517822265625,304.3957214355469,539.4552001953125,295.3792419433594,545.4517822265625,304.3957214355469,539.4552001953125,AKAZE:intensity,35.0,0.18134715025906736,ROBUST_MODEL_INLIER,HELD_OUT,0.017339141508363968,SYNTHETIC_SOURCE,SYNTHETIC_TARGET
2081,544.9725952148438,194.09446716308594,553.9734497070312,188.07742309570312,544.9725952148438,194.09446716308594,553.9734497070312,188.07742309570312,AKAZE:intensity,31.0,0.18235294117647058,ROBUST_MODEL_INLIER,FIT,0.017593436724937978,SYNTHETIC_SOURCE,SYNTHETIC_TARGET
2082,527.6188354492188,340.356689453125,536.477783203125,334.194091796875,527.6188354492188,340.356689453125,536.477783203125,334.194091796875,AKAZE:intensity,29.0,0.18238993710691823,ROBUST_MODEL_INLIER,HELD_OUT,0.21522302095682203,SYNTHETIC_SOURCE,SYNTHETIC_TARGET
2083,106.54339599609375,183.5409698486328,115.41517639160156,177.67242431640625,106.54339599609375,183.5409698486328,115.41517639160156,177.67242431640625,AKAZE:intensity,21.0,0.1826086956521739,ROBUST_MODEL_INLIER,FIT,0.18285585428354428,SYNTHETIC_SOURCE,SYNTHETIC_TARGET
2084,435.30657958984375,546.7496337890625,444.36627197265625,540.734619140625,435.30657958984375,546.7496337890625,444.36627197265625,540.734619140625,AKAZE:intensity,40.0,0.182648401826484,ROBUST_MODEL_INLIER,FIT,0.06226363787956318,SYNTHETIC_SOURCE,SYNTHETIC_TARGET
2085,287.7086181640625,509.8316955566406,296.70733642578125,503.7923278808594,287.7086181640625,509.8316955566406,296.70733642578125,503.7923278808594,AKAZE:intensity,29.0,0.18354430379746836,ROBUST_MODEL_INLIER,FIT,0.03986161149530912,SYNTHETIC_SOURCE,SYNTHETIC_TARGET
2086,390.5989074707031,67.04086303710938,399.6055908203125,61.05373764038086,390.5989074707031,67.04086303710938,399.6055908203125,61.05373764038086,AKAZE:intensity,34.0,0.1837837837837838,ROBUST_MODEL_INLIER,FIT,0.014374249545785669,SYNTHETIC_SOURCE,SYNTHETIC_TARGET
2087,352.64154052734375,198.5943603515625,361.64056396484375,192.60467529296875,352.64154052734375,198.5943603515625,361.64056396484375,192.60467529296875,AKAZE:intensity,23.0,0.184,ROBUST_MODEL_INLIER,FIT,0.00983348159489689,SYNTHETIC_SOURCE,SYNTHETIC_TARGET
2088,249.98948669433594,387.2568054199219,258.99554443359375,381.21783447265625,249.98948669433594,387.2568054199219,258.99554443359375,381.21783447265625,AKAZE:intensity,26.0,0.18439716312056736,ROBUST_MODEL_INLIER,FIT,0.04001867251966573,SYNTHETIC_SOURCE,SYNTHETIC_TARGET
2089,320.5298156738281,81.19148254394531,329.4963684082031,75.21729278564453,320.5298156738281,81.19148254394531,329.4963684082031,75.21729278564453,AKAZE:intensity,17.0,0.18478260869565216,ROBUST_MODEL_INLIER,FIT,0.04146642745812339,SYNTHETIC_SOURCE,SYNTHETIC_TARGET
2090,194.3808135986328,563.6560668945312,203.35043334960938,557.6439208984375,194.3808135986328,563.6560668945312,203.35043334960938,557.6439208984375,AKAZE:intensity,36.0,0.18556701030927836,ROBUST_MODEL_INLIER,HELD_OUT,0.03233994061270873,SYNTHETIC_SOURCE,SYNTHETIC_TARGET
2091,257.8829650878906,121.25846862792969,266.7726135253906,115.18801879882812,257.8829650878906,121.25846862792969,266.7726135253906,115.18801879882812,AKAZE:intensity,31.0,0.18562874251497005,ROBUST_MODEL_INLIER,FIT,0.1306726783925367,SYNTHETIC_SOURCE,SYNTHETIC_TARGET
2092,292.66510009765625,207.55233764648438,301.6836242675781,201.61148071289062,292.66510009765625,207.55233764648438,301.6836242675781,201.61148071289062,AKAZE:intensity,23.0,0.18699186991869918,ROBUST_MODEL_INLIER,HELD_OUT,0.06169695076875237,SYNTHETIC_SOURCE,SYNTHETIC_TARGET
2093,535.24462890625,353.57916259765625,544.1839599609375,347.4679260253906,535.24462890625,353.57916259765625,544.1839599609375,347.4679260253906,AKAZE:intensity,17.0,0.18888888888888888,ROBUST_MODEL_INLIER,FIT,0.12684430446935882,SYNTHETIC_SOURCE,SYNTHETIC_TARGET
2094,215.2700653076172,370.04632568359375,224.2831268310547,364.02947998046875,215.2700653076172,370.04632568359375,224.2831268310547,364.02947998046875,AKAZE:intensity,34.0,0.18888888888888888,ROBUST_MODEL_INLIER,FIT,0.022076847155524024,SYNTHETIC_SOURCE,SYNTHETIC_TARGET
2095,180.72811889648438,434.21807861328125,189.73316955566406,428.2178039550781,180.72811889648438,434.21807861328125,189.73316955566406,428.2178039550781,AKAZE:intensity,15.0,0.189873417721519,ROBUST_MODEL_INLIER,FIT,0.005712190405816052,SYNTHETIC_SOURCE,SYNTHETIC_TARGET
2096,464.9072265625,448.3521728515625,473.91351318359375,442.34344482421875,464.9072265625,448.3521728515625,473.91351318359375,442.34344482421875,AKAZE:intensity,31.0,0.19135802469135801,ROBUST_MODEL_INLIER,FIT,0.01151123694119317,SYNTHETIC_SOURCE,SYNTHETIC_TARGET
2097,443.7959899902344,488.8239440917969,452.6299743652344,482.69866943359375,443.7959899902344,488.8239440917969,452.6299743652344,482.69866943359375,AKAZE:intensity,27.0,0.19148936170212766,ROBUST_MODEL_INLIER,FIT,0.20778648036102956,SYNTHETIC_SOURCE,SYNTHETIC_TARGET
2098,128.4965057373047,359.588623046875,137.52670288085938,353.6071472167969,128.4965057373047,359.588623046875,137.52670288085938,353.6071472167969,AKAZE:intensity,27.0,0.19285714285714287,ROBUST_MODEL_INLIER,FIT,0.035698669941326956,SYNTHETIC_SOURCE,SYNTHETIC_TARGET
2099,306.8652648925781,175.7291259765625,316.09844970703125,169.16021728515625,306.8652648925781,175.7291259765625,316.09844970703125,169.16021728515625,AKAZE:intensity,33.0,0.19298245614035087,ROBUST_MODEL_INLIER,FIT,0.6155266786438879,SYNTHETIC_SOURCE,SYNTHETIC_TARGET
2100,294.4706726074219,180.8901824951172,303.518310546875,174.8738555908203,294.4706726074219,180.8901824951172,303.518310546875,174.8738555908203,AKAZE:intensity,28.0,0.19310344827586207,ROBUST_MODEL_INLIER,FIT,0.05109450118069726,SYNTHETIC_SOURCE,SYNTHETIC_TARGET
2101,306.5190734863281,110.428466796875,315.5176086425781,104.40716552734375,306.5190734863281,110.428466796875,315.5176086425781,104.40716552734375,AKAZE:intensity,37.0,0.193717277486911,ROBUST_MODEL_INLIER,FIT,0.021806299093316387,SYNTHETIC_SOURCE,SYNTHETIC_TARGET
2102,68.84065246582031,311.9124450683594,77.84599304199219,305.9507751464844,68.84065246582031,311.9124450683594,77.84599304199219,305.9507751464844,AKAZE:intensity,30.0,0.19480519480519481,ROBUST_MODEL_INLIER,FIT,0.03830685489084837,SYNTHETIC_SOURCE,SYNTHETIC_TARGET
2103,179.2689666748047,454.9197998046875,188.3233642578125,448.9602355957031,179.2689666748047,454.9197998046875,188.3233642578125,448.9602355957031,AKAZE:intensity,30.0,0.19736842105263158,ROBUST_MODEL_INLIER,FIT,0.06798291257489993,SYNTHETIC_SOURCE,SYNTHETIC_TARGET
2104,566.9622192382812,267.64593505859375,575.9949951171875,261.6546630859375,566.9622192382812,267.64593505859375,575.9949951171875,261.6546630859375,AKAZE:intensity,22.0,0.1981981981981982,ROBUST_MODEL_INLIER,FIT,0.03438798919102365,SYNTHETIC_SOURCE,SYNTHETIC_TARGET
2105,434.5035705566406,357.0444030761719,443.5240173339844,351.0533752441406,434.5035705566406,357.0444030761719,443.5240173339844,351.0533752441406,AKAZE:intensity,30.0,0.1986754966887417,ROBUST_MODEL_INLIER,FIT,0.022701960523950612,SYNTHETIC_SOURCE,SYNTHETIC_TARGET
2106,304.6282043457031,160.57635498046875,313.9996337890625,154.9456787109375,304.6282043457031,160.57635498046875,313.9996337890625,154.9456787109375,AKAZE:intensity,34.0,0.20118343195266272,ROBUST_MODEL_INLIER,FIT,0.5238828090383458,SYNTHETIC_SOURCE,SYNTHETIC_TARGET
2107,489.7105712890625,125.30815124511719,498.69281005859375,119.3243179321289,489.7105712890625,125.30815124511719,498.69281005859375,119.3243179321289,AKAZE:intensity,22.0,0.2018348623853211,ROBUST_MODEL_INLIER,HELD_OUT,0.023237148157335203,SYNTHETIC_SOURCE,SYNTHETIC_TARGET
2108,343.56103515625,532.44580078125,352.5050354003906,526.4480590820312,343.56103515625,532.44580078125,352.5050354003906,526.4480590820312,AKAZE:intensity,32.0,0.20253164556962025,ROBUST_MODEL_INLIER,FIT,0.05541767838428168,SYNTHETIC_SOURCE,SYNTHETIC_TARGET
2109,444.47149658203125,488.7979736328125,453.4761657714844,482.7607727050781,444.47149658203125,488.7979736328125,453.4761657714844,482.7607727050781,AKAZE:intensity,29.0,0.20279720279720279,ROBUST_MODEL_INLIER,FIT,0.03805719415831335,SYNTHETIC_SOURCE,SYNTHETIC_TARGET
2110,466.71722412109375,256.2717590332031,475.7903747558594,250.33460998535156,466.71722412109375,256.2717590332031,475.7903747558594,250.33460998535156,AKAZE:intensity,35.0,0.20348837209302326,ROBUST_MODEL_INLIER,FIT,0.09659081646660135,SYNTHETIC_SOURCE,SYNTHETIC_TARGET
2111,248.8893280029297,228.40640258789062,257.99652099609375,222.2568817138672,248.8893280029297,228.40640258789062,257.99652099609375,222.2568817138672,AKAZE:intensity,39.0,0.20526315789473684,ROBUST_MODEL_INLIER,FIT,0.18472765845991865,SYNTHETIC_SOURCE,SYNTHETIC_TARGET
2112,512.7398071289062,82.42211151123047,521.7839965820312,76.56298828125,512.7398071289062,82.42211151123047,521.7839965820312,76.56298828125,AKAZE:intensity,23.0,0.20535714285714285,ROBUST_MODEL_INLIER,FIT,0.14736332745642977,SYNTHETIC_SOURCE,SYNTHETIC_TARGET
2113,227.95504760742188,262.938720703125,236.90625,256.79412841796875,227.95504760742188,262.938720703125,236.90625,256.79412841796875,AKAZE:intensity,34.0,0.20606060606060606,ROBUST_MODEL_INLIER,FIT,0.15287374652312014,SYNTHETIC_SOURCE,SYNTHETIC_TARGET
2114,321.0701904296875,602.5934448242188,330.0773010253906,596.5551147460938,321.0701904296875,602.5934448242188,330.0773010253906,596.5551147460938,AKAZE:intensity,34.0,0.20606060606060606,ROBUST_MODEL_INLIER,FIT,0.039578757575816005,SYNTHETIC_SOURCE,SYNTHETIC_TARGET
2115,500.20654296875,501.516357421875,509.20611572265625,495.4939880371094,500.20654296875,501.516357421875,509.20611572265625,495.4939880371094,AKAZE:intensity,21.0,0.2079207920792079,ROBUST_MODEL_INLIER,FIT,0.02285839940360095,SYNTHETIC_SOURCE,SYNTHETIC_TARGET
2116,350.72491455078125,509.5877685546875,359.8052673339844,503.49652099609375,350.72491455078125,509.5877685546875,359.8052673339844,503.49652099609375,AKAZE:intensity,10.0,0.20833333333333334,ROBUST_MODEL_INLIER,FIT,0.1223539680717994,SYNTHETIC_SOURCE,SYNTHETIC_TARGET
2117,554.3798828125,227.71725463867188,563.5927734375,221.3226318359375,554.3798828125,227.71725463867188,563.5927734375,221.3226318359375,AKAZE:intensity,34.0,0.2085889570552147,ROBUST_MODEL_INLIER,HELD_OUT,0.4491051499153055,SYNTHETIC_SOURCE,SYNTHETIC_TARGET
2118,212.0164337158203,322.0568542480469,220.98439025878906,316.1423034667969,212.0164337158203,322.0568542480469,220.98439025878906,316.1423034667969,AKAZE:intensity,28.0,0.208955223880597,ROBUST_MODEL_INLIER,HELD_OUT,0.09058918820857413,SYNTHETIC_SOURCE,SYNTHETIC_TARGET
2119,440.5227355957031,407.9711608886719,449.49932861328125,401.9964904785156,440.5227355957031,407.9711608886719,449.49932861328125,401.9964904785156,AKAZE:intensity,46.0,0.20909090909090908,ROBUST_MODEL_INLIER,FIT,0.0337161236085723,SYNTHETIC_SOURCE,SYNTHETIC_TARGET
2120,478.3543701171875,414.7776184082031,487.43902587890625,408.7767028808594,478.3543701171875,414.7776184082031,487.43902587890625,408.7767028808594,AKAZE:intensity,31.0,0.2108843537414966,ROBUST_MODEL_INLIER,FIT,0.08527766854610205,SYNTHETIC_SOURCE,SYNTHETIC_TARGET
2121,374.9852600097656,278.5022888183594,383.9837646484375,272.4976806640625,374.9852600097656,278.5022888183594,383.9837646484375,272.4976806640625,AKAZE:intensity,19.0,0.21348314606741572,ROBUST_MODEL_INLIER,FIT,0.005172706986549953,SYNTHETIC_SOURCE,SYNTHETIC_TARGET
2122,92.5154800415039,378.0910949707031,101.47613525390625,372.0826721191406,92.5154800415039,378.0910949707031,101.47613525390625,372.0826721191406,AKAZE:intensity,15.0,0.21428571428571427,ROBUST_MODEL_INLIER,FIT,0.039746255458390355,SYNTHETIC_SOURCE,SYNTHETIC_TARGET
2123,341.7510070800781,566.5615844726562,350.7666320800781,560.51953125,341.7510070800781,566.5615844726562,350.7666320800781,560.51953125,AKAZE:intensity,38.0,0.21839080459770116,ROBUST_MODEL_INLIER,FIT,0.045534231024180645,SYNTHETIC_SOURCE,SYNTHETIC_TARGET
2124,142.87884521484375,99.47158813476562,151.8695526123047,93.47289276123047,142.87884521484375,99.47158813476562,151.8695526123047,93.47289276123047,AKAZE:intensity,28.0,0.21875,ROBUST_MODEL_INLIER,FIT,0.008720544795471139,SYNTHETIC_SOURCE,SYNTHETIC_TARGET
2125,159.68646240234375,228.3606414794922,168.5906982421875,222.32676696777344,159.68646240234375,228.3606414794922,168.5906982421875,222.32676696777344,AKAZE:intensity,39.0,0.22033898305084745,ROBUST_MODEL_INLIER,FIT,0.10116841814770648,SYNTHETIC_SOURCE,SYNTHETIC_TARGET
2126,272.4527282714844,199.6670379638672,281.46368408203125,193.6782989501953,272.4527282714844,199.6670379638672,281.46368408203125,193.6782989501953,AKAZE:intensity,25.0,0.22123893805309736,ROBUST_MODEL_INLIER,HELD_OUT,0.015805925491428906,SYNTHETIC_SOURCE,SYNTHETIC_TARGET
2127,366.9672546386719,246.8608856201172,375.9842529296875,240.8441619873047,366.9672546386719,246.8608856201172,375.9842529296875,240.8441619873047,AKAZE:intensity,25.0,0.22123893805309736,ROBUST_MODEL_INLIER,FIT,0.02462344978143887,SYNTHETIC_SOURCE,SYNTHETIC_TARGET
2128,222.65261840820312,142.89065551757812,231.7356414794922,136.79220581054688,222.65261840820312,142.89065551757812,231.7356414794922,136.79220581054688,AKAZE:intensity,29.0,0.22137404580152673,ROBUST_MODEL_INLIER,FIT,0.12955027959448415,SYNTHETIC_SOURCE,SYNTHETIC_TARGET
2129,108.07429504394531,380.1317443847656,116.94205474853516,374.08544921875,108.07429504394531,380.1317443847656,116.94205474853516,374.08544921875,AKAZE:intensity,37.0,0.2215568862275449,ROBUST_MODEL_INLIER,FIT,0.13969657495941928,SYNTHETIC_SOURCE,SYNTHETIC_TARGET
2130,491.0473327636719,119.52899932861328,499.97412109375,113.47761535644531,491.0473327636719,119.52899932861328,499.97412109375,113.47761535644531,AKAZE:intensity,42.0,0.22340425531914893,ROBUST_MODEL_INLIER,FIT,0.089228258428467,SYNTHETIC_SOURCE,SYNTHETIC_TARGET
2131,232.4050750732422,284.0538635253906,241.63836669921875,278.3843688964844,232.4050750732422,284.0538635253906,241.63836669921875,278.3843688964844,AKAZE:intensity,38.0,0.2235294117647059,ROBUST_MODEL_INLIER,FIT,0.4045014396582809,SYNTHETIC_SOURCE,SYNTHETIC_TARGET
2132,364.1890563964844,294.4505920410156,373.14599609375,288.5238342285156,364.1890563964844,294.4505920410156,373.14599609375,288.5238342285156,AKAZE:intensity,26.0,0.22807017543859648,ROBUST_MODEL_INLIER,HELD_OUT,0.08423259006541566,SYNTHETIC_SOURCE,SYNTHETIC_TARGET
2133,577.4821166992188,86.75241088867188,586.4844360351562,80.73757934570312,577.4821166992188,86.75241088867188,586.4844360351562,80.73757934570312,AKAZE:intensity,47.0,0.22926829268292684,ROBUST_MODEL_INLIER,HELD_OUT,0.015597438345480174,SYNTHETIC_SOURCE,SYNTHETIC_TARGET
2134,131.24801635742188,528.98583984375,140.25338745117188,522.9783935546875,131.24801635742188,528.98583984375,140.25338745117188,522.9783935546875,AKAZE:intensity,37.0,0.23270440251572327,ROBUST_MODEL_INLIER,HELD_OUT,0.009936553430160509,SYNTHETIC_SOURCE,SYNTHETIC_TARGET
2135,477.6835632324219,398.3714599609375,486.63720703125,392.477294921875,477.6835632324219,398.3714599609375,486.63720703125,392.477294921875,AKAZE:intensity,34.0,0.2328767123287671,ROBUST_MODEL_INLIER,FIT,0.11485036211377081,SYNTHETIC_SOURCE,SYNTHETIC_TARGET
2136,45.54916000366211,131.36473083496094,54.56574630737305,125.35572052001953,45.54916000366211,131.36473083496094,54.56574630737305,125.35572052001953,AKAZE:intensity,49.0,0.23333333333333334,ROBUST_MODEL_INLIER,HELD_OUT,0.019645566476964797,SYNTHETIC_SOURCE,SYNTHETIC_TARGET
2137,184.6904296875,120.53413391113281,193.846435546875,114.37784576416016,184.6904296875,120.53413391113281,193.846435546875,114.37784576416016,AKAZE:intensity,23.0,0.23469387755102042,ROBUST_MODEL_INLIER,FIT,0.2216020892831861,SYNTHETIC_SOURCE,SYNTHETIC_TARGET
2138,360.8587341308594,511.6490783691406,370.22601318359375,504.4384460449219,360.8587341308594,511.6490783691406,370.22601318359375,504.4384460449219,AKAZE:intensity,27.0,0.23478260869565218,ROBUST_MODEL_INLIER,HELD_OUT,1.2657629062288487,SYNTHETIC_SOURCE,SYNTHETIC_TARGET
2139,359.88177490234375,398.4425354003906,368.88873291015625,392.52850341796875,359.88177490234375,398.4425354003906,368.88873291015625,392.52850341796875,AKAZE:intensity,17.0,0.2361111111111111,ROBUST_MODEL_INLIER,FIT,0.08581413278915614,SYNTHETIC_SOURCE,SYNTHETIC_TARGET
2140,356.5426025390625,517.3779907226562,365.4523010253906,511.4013366699219,356.5426025390625,517.3779907226562,365.4523010253906,511.4013366699219,AKAZE:intensity,16.0,0.23880597014925373,ROBUST_MODEL_INLIER,FIT,0.09255796808601648,SYNTHETIC_SOURCE,SYNTHETIC_TARGET
2141,473.2329406738281,381.36663818359375,482.34942626953125,375.064697265625,473.2329406738281,381.36663818359375,482.34942626953125,375.064697265625,AKAZE:intensity,45.0,0.24064171122994651,ROBUST_MODEL_INLIER,FIT,0.32430677052156714,SYNTHETIC_SOURCE,SYNTHETIC_TARGET
2142,416.6827087402344,455.6308288574219,425.67327880859375,449.6651306152344,416.6827087402344,455.6308288574219,425.67327880859375,449.6651306152344,AKAZE:intensity,39.0,0.24375,ROBUST_MODEL_INLIER,FIT,0.03494475912060629,SYNTHETIC_SOURCE,SYNTHETIC_TARGET
2143,101.51504516601562,312.64923095703125,110.51673889160156,306.5683898925781,101.51504516601562,312.64923095703125,110.51673889160156,306.5683898925781,AKAZE:intensity,42.0,0.2441860465116279,ROBUST_MODEL_INLIER,FIT,0.08136197664759853,SYNTHETIC_SOURCE,SYNTHETIC_TARGET
2144,535.933349609375,332.5577392578125,544.90185546875,326.5431823730469,535.933349609375,332.5577392578125,544.90185546875,326.5431823730469,AKAZE:intensity,32.0,0.24427480916030533,ROBUST_MODEL_INLIER,FIT,0.03435353616870776,SYNTHETIC_SOURCE,SYNTHETIC_TARGET
2145,164.9114227294922,572.20849609375,173.95953369140625,566.2301025390625,164.9114227294922,572.20849609375,173.95953369140625,566.2301025390625,AKAZE:intensity,45.0,0.24456521739130435,ROBUST_MODEL_INLIER,FIT,0.05310125460148882,SYNTHETIC_SOURCE,SYNTHETIC_TARGET
2146,402.9245910644531,332.1351318359375,411.9350280761719,326.1398010253906,402.9245910644531,332.1351318359375,411.9350280761719,326.1398010253906,AKAZE:intensity,38.0,0.24516129032258063,ROBUST_MODEL_INLIER,FIT,0.011812037456377654,SYNTHETIC_SOURCE,SYNTHETIC_TARGET
2147,440.0660095214844,373.02734375,449.0665283203125,367.029052734375,440.0660095214844,373.02734375,449.0665283203125,367.029052734375,AKAZE:intensity,52.0,0.24528301886792453,ROBUST_MODEL_INLIER,FIT,0.0016628579987579685,SYNTHETIC_SOURCE,SYNTHETIC_TARGET
2148,159.7158203125,473.43145751953125,168.738037109375,467.5450744628906,159.7158203125,473.43145751953125,168.738037109375,467.5450744628906,AKAZE:intensity,29.0,0.24786324786324787,ROBUST_MODEL_INLIER,FIT,0.11540872105887318,SYNTHETIC_SOURCE,SYNTHETIC_TARGET
2149,427.45306396484375,214.89122009277344,436.45281982421875,208.8905487060547,427.45306396484375,214.89122009277344,436.45281982421875,208.8905487060547,AKAZE:intensity,54.0,0.25116279069767444,ROBUST_MODEL_INLIER,FIT,0.0012161168728742234,SYNTHETIC_SOURCE,SYNTHETIC_TARGET
2150,35.565940856933594,382.90643310546875,44.582305908203125,376.9162902832031,35.565940856933594,382.90643310546875,44.582305908203125,376.9162902832031,AKAZE:intensity,41.0,0.25153374233128833,ROBUST_MODEL_INLIER,FIT,0.01938918571381142,SYNTHETIC_SOURCE,SYNTHETIC_TARGET
2151,431.79034423828125,301.2938537597656,440.80938720703125,295.2881774902344,431.79034423828125,301.2938537597656,440.80938720703125,295.2881774902344,AKAZE:intensity,35.0,0.2517985611510791,ROBUST_MODEL_INLIER,FIT,0.020597443667609218,SYNTHETIC_SOURCE,SYNTHETIC_TARGET
2152,275.209228515625,173.08670043945312,284.2386169433594,167.1439971923828,275.209228515625,173.08670043945312,284.2386169433594,167.1439971923828,AKAZE:intensity,43.0,0.25443786982248523,ROBUST_MODEL_INLIER,HELD_OUT,0.06424273666247783,SYNTHETIC_SOURCE,SYNTHETIC_TARGET
2153,361.2321472167969,508.1239318847656,370.2508239746094,501.4921569824219,361.2321472167969,508.1239318847656,370.2508239746094,501.4921569824219,AKAZE:intensity,12.0,0.2553191489361702,ROBUST_MODEL_INLIER,FIT,0.6325572906197092,SYNTHETIC_SOURCE,SYNTHETIC_TARGET
2154,442.04736328125,517.7236938476562,450.307861328125,512.5697021484375,442.04736328125,517.7236938476562,450.307861328125,512.5697021484375,AKAZE:intensity,32.0,0.256,ROBUST_MODEL_INLIER,HELD_OUT,1.1228824080408961,SYNTHETIC_SOURCE,SYNTHETIC_TARGET
2155,556.9300537109375,574.636474609375,565.9492797851562,568.636962890625,556.9300537109375,574.636474609375,565.9492797851562,568.636962890625,AKAZE:intensity,44.0,0.2619047619047619,ROBUST_MODEL_INLIER,FIT,0.01983642578125,SYNTHETIC_SOURCE,SYNTHETIC_TARGET
2156,266.0745849609375,524.5067138671875,275.09039306640625,518.4794921875,266.0745849609375,524.5067138671875,275.09039306640625,518.4794921875,AKAZE:intensity,32.0,0.2644628099173554,ROBUST_MODEL_INLIER,HELD_OUT,0.03220881349017344,SYNTHETIC_SOURCE,SYNTHETIC_TARGET
2157,281.4617004394531,50.76755142211914,290.505859375,44.70232391357422,281.4617004394531,50.76755142211914,290.505859375,44.70232391357422,AKAZE:intensity,21.0,0.2727272727272727,ROBUST_MODEL_INLIER,FIT,0.07951637627968222,SYNTHETIC_SOURCE,SYNTHETIC_TARGET
2158,283.01287841796875,573.6561889648438,292.01702880859375,567.6466674804688,283.01287841796875,573.6561889648438,292.01702880859375,567.6466674804688,AKAZE:intensity,43.0,0.27564102564102566,ROBUST_MODEL_INLIER,HELD_OUT,0.011084226361964732,SYNTHETIC_SOURCE,SYNTHETIC_TARGET
2159,247.99534606933594,481.11627197265625,256.9239196777344,475.0890197753906,247.99534606933594,481.11627197265625,256.9239196777344,475.0890197753906,AKAZE:intensity,48.0,0.27586206896551724,ROBUST_MODEL_INLIER,HELD_OUT,0.07605554335543173,SYNTHETIC_SOURCE,SYNTHETIC_TARGET
2160,570.267333984375,307.85089111328125,579.2269287109375,301.83282470703125,570.267333984375,307.85089111328125,579.2269287109375,301.83282470703125,AKAZE:intensity,66.0,0.27615062761506276,ROBUST_MODEL_INLIER,FIT,0.04390799739523553,SYNTHETIC_SOURCE,SYNTHETIC_TARGET
2161,90.16476440429688,184.17787170410156,99.14984893798828,178.1272735595703,90.16476440429688,184.17787170410156,99.14984893798828,178.1272735595703,AKAZE:intensity,51.0,0.27717391304347827,ROBUST_MODEL_INLIER,HELD_OUT,0.05305147695401207,SYNTHETIC_SOURCE,SYNTHETIC_TARGET
2162,130.51295471191406,538.6470947265625,139.49887084960938,532.6353759765625,130.51295471191406,538.6470947265625,139.49887084960938,532.6353759765625,AKAZE:intensity,33.0,0.2773109243697479,ROBUST_MODEL_INLIER,FIT,0.018180954420995574,SYNTHETIC_SOURCE,SYNTHETIC_TARGET
2163,159.40200805664062,473.04425048828125,168.41366577148438,467.0732421875,159.40200805664062,473.04425048828125,168.41366577148438,467.0732421875,AKAZE:intensity,31.0,0.28440366972477066,ROBUST_MODEL_INLIER,FIT,0.031031440334754367,SYNTHETIC_SOURCE,SYNTHETIC_TARGET
2164,273.04327392578125,304.7513122558594,281.9932861328125,298.78271484375,273.04327392578125,304.7513122558594,281.9932861328125,298.78271484375,AKAZE:intensity,39.0,0.2846715328467153,ROBUST_MODEL_INLIER,FIT,0.05825655392226906,SYNTHETIC_SOURCE,SYNTHETIC_TARGET
2165,241.6510772705078,474.6384582519531,250.6466064453125,468.6216125488281,241.6510772705078,474.6384582519531,250.6466064453125,468.6216125488281,AKAZE:intensity,51.0,0.288135593220339,ROBUST_MODEL_INLIER,FIT,0.01775866748893015,SYNTHETIC_SOURCE,SYNTHETIC_TARGET
2166,479.6948547363281,225.68995666503906,488.7355651855469,219.699951171875,479.6948547363281,225.68995666503906,488.7355651855469,219.699951171875,AKAZE:intensity,38.0,0.29457364341085274,ROBUST_MODEL_INLIER,FIT,0.04240019931668344,SYNTHETIC_SOURCE,SYNTHETIC_TARGET
2167,83.06291961669922,290.167724609375,92.05976104736328,284.17999267578125,83.06291961669922,290.167724609375,92.05976104736328,284.17999267578125,AKAZE:intensity,51.0,0.2947976878612717,ROBUST_MODEL_INLIER,FIT,0.012052250916250899,SYNTHETIC_SOURCE,SYNTHETIC_TARGET
2168,211.8456573486328,321.9775085449219,220.84432983398438,315.98504638671875,211.8456573486328,321.9775085449219,220.84432983398438,315.98504638671875,AKAZE:intensity,45.0,0.29605263157894735,ROBUST_MODEL_INLIER,HELD_OUT,0.007085945723464719,SYNTHETIC_SOURCE,SYNTHETIC_TARGET
2169,106.36946868896484,434.3992004394531,115.36223602294922,428.38946533203125,106.36946868896484,434.3992004394531,115.36223602294922,428.38946533203125,AKAZE:intensity,55.0,0.2972972972972973,ROBUST_MODEL_INLIER,FIT,0.012180834316757221,SYNTHETIC_SOURCE,SYNTHETIC_TARGET
2170,246.25625610351562,413.1007080078125,255.24989318847656,407.07904052734375,246.25625610351562,413.1007080078125,255.24989318847656,407.07904052734375,AKAZE:intensity,47.0,0.2974683544303797,ROBUST_MODEL_INLIER,HELD_OUT,0.02289038583969062,SYNTHETIC_SOURCE,SYNTHETIC_TARGET
2171,195.4733123779297,279.2440185546875,204.44761657714844,273.2982482910156,195.4733123779297,279.2440185546875,204.44761657714844,273.2982482910156,AKAZE:intensity,46.0,0.2987012987012987,ROBUST_MODEL_INLIER,FIT,0.059307872634420236,SYNTHETIC_SOURCE,SYNTHETIC_TARGET
2172,307.7868347167969,288.30767822265625,316.7554016113281,282.2925109863281,307.7868347167969,288.30767822265625,316.7554016113281,282.2925109863281,AKAZE:intensity,47.0,0.29936305732484075,ROBUST_MODEL_INLIER,HELD_OUT,0.03457075916152595,SYNTHETIC_SOURCE,SYNTHETIC_TARGET
2173,501.1468811035156,309.1087951660156,510.1638488769531,303.1387634277344,501.1468811035156,309.1087951660156,510.1638488769531,303.1387634277344,AKAZE:intensity,41.0,0.3014705882352941,ROBUST_MODEL_INLIER,FIT,0.034322874689534766,SYNTHETIC_SOURCE,SYNTHETIC_TARGET
2174,339.6676330566406,97.20516204833984,348.6754150390625,91.20668029785156,339.6676330566406,97.20516204833984,348.6754150390625,91.20668029785156,AKAZE:intensity,55.0,0.3021978021978022,ROBUST_MODEL_INLIER,FIT,0.008455300368729872,SYNTHETIC_SOURCE,SYNTHETIC_TARGET
2175,463.0531921386719,145.8893280029297,472.04522705078125,139.89617919921875,463.0531921386719,145.8893280029297,472.04522705078125,139.89617919921875,AKAZE:intensity,56.0,0.3146067415730337,ROBUST_MODEL_INLIER,FIT,0.009725164998629552,SYNTHETIC_SOURCE,SYNTHETIC_TARGET
2176,230.33436584472656,444.49951171875,239.35751342773438,438.5052185058594,230.33436584472656,444.49951171875,239.35751342773438,438.5052185058594,AKAZE:intensity,71.0,0.3169642857142857,ROBUST_MODEL_INLIER,HELD_OUT,0.024324314141442527,SYNTHETIC_SOURCE,SYNTHETIC_TARGET
2177,56.472450256347656,305.49090576171875,65.45740509033203,299.4733581542969,56.472450256347656,305.49090576171875,65.45740509033203,299.4733581542969,AKAZE:intensity,74.0,0.31896551724137934,ROBUST_MODEL_INLIER,FIT,0.02310102050733723,SYNTHETIC_SOURCE,SYNTHETIC_TARGET
2178,376.79620361328125,244.86729431152344,385.787109375,238.88339233398438,376.79620361328125,244.86729431152344,385.787109375,238.88339233398438,AKAZE:intensity,55.0,0.3216374269005848,ROBUST_MODEL_INLIER,FIT,0.0177662701355412,SYNTHETIC_SOURCE,SYNTHETIC_TARGET
2179,397.15679931640625,290.2889404296875,406.1806640625,284.2593994140625,397.15679931640625,290.2889404296875,406.1806640625,284.2593994140625,AKAZE:intensity,47.0,0.3219178082191781,ROBUST_MODEL_INLIER,FIT,0.038740019051232526,SYNTHETIC_SOURCE,SYNTHETIC_TARGET
2180,514.7937622070312,490.97088623046875,523.7423706054688,485.0240478515625,514.7937622070312,490.97088623046875,523.7423706054688,485.0240478515625,AKAZE:intensity,66.0,0.32195121951219513,ROBUST_MODEL_INLIER,FIT,0.07316567557166188,SYNTHETIC_SOURCE,SYNTHETIC_TARGET
2181,100.77279663085938,76.35771179199219,109.77411651611328,70.33453369140625,100.77279663085938,76.35771179199219,109.77411651611328,70.33453369140625,AKAZE:intensity,48.0,0.3221476510067114,ROBUST_MODEL_INLIER,FIT,0.023744966695529446,SYNTHETIC_SOURCE,SYNTHETIC_TARGET
2182,517.7841796875,207.7837677001953,526.7794799804688,201.78970336914062,517.7841796875,207.7837677001953,526.7794799804688,201.78970336914062,AKAZE:intensity,68.0,0.3238095238095238,ROBUST_MODEL_INLIER,FIT,0.006811524121137468,SYNTHETIC_SOURCE,SYNTHETIC_TARGET
2183,544.2925415039062,136.06024169921875,553.24560546875,130.11415100097656,544.2925415039062,136.06024169921875,553.24560546875,130.11415100097656,AKAZE:intensity,52.0,0.325,ROBUST_MODEL_INLIER,FIT,0.07070978993409867,SYNTHETIC_SOURCE,SYNTHETIC_TARGET
2184,361.5927734375,462.45355224609375,370.627197265625,456.4469909667969,361.5927734375,462.45355224609375,370.627197265625,456.4469909667969,AKAZE:intensity,62.0,0.32978723404255317,ROBUST_MODEL_INLIER,FIT,0.0357363967165143,SYNTHETIC_SOURCE,SYNTHETIC_TARGET
2185,410.5029602050781,62.212650299072266,419.4894714355469,56.20367431640625,410.5029602050781,62.212650299072266,419.4894714355469,56.20367431640625,AKAZE:intensity,53.0,0.3333333333333333,ROBUST_MODEL_INLIER,HELD_OUT,0.01598205058338317,SYNTHETIC_SOURCE,SYNTHETIC_TARGET
2186,238.8534698486328,600.8911743164062,247.86587524414062,594.8986206054688,238.8534698486328,600.8911743164062,247.86587524414062,594.8986206054688,AKAZE:intensity,71.0,0.33490566037735847,ROBUST_MODEL_INLIER,FIT,0.014758846313894574,SYNTHETIC_SOURCE,SYNTHETIC_TARGET
2187,42.608272552490234,403.1174621582031,51.59627151489258,397.1268615722656,42.608272552490234,403.1174621582031,51.59627151489258,397.1268615722656,AKAZE:intensity,54.0,0.33540372670807456,ROBUST_MODEL_INLIER,FIT,0.014462227226589885,SYNTHETIC_SOURCE,SYNTHETIC_TARGET
2188,267.65325927734375,503.62811279296875,276.7116394042969,497.47393798828125,267.65325927734375,503.62811279296875,276.7116394042969,497.47393798828125,AKAZE:intensity,27.0,0.3375,ROBUST_MODEL_INLIER,FIT,0.16553110495376067,SYNTHETIC_SOURCE,SYNTHETIC_TARGET
2189,360.3545837402344,327.1751708984375,369.3521728515625,321.1893005371094,360.3545837402344,327.1751708984375,369.3521728515625,321.1893005371094,AKAZE:intensity,57.0,0.3392857142857143,ROBUST_MODEL_INLIER,FIT,0.013759671732769667,SYNTHETIC_SOURCE,SYNTHETIC_TARGET
2190,133.77145385742188,199.22201538085938,142.70620727539062,193.1470489501953,133.77145385742188,199.22201538085938,142.70620727539062,193.1470489501953,AKAZE:intensity,37.0,0.3394495412844037,ROBUST_MODEL_INLIER,FIT,0.09935419386841972,SYNTHETIC_SOURCE,SYNTHETIC_TARGET
2191,528.3582763671875,243.5283203125,537.36572265625,237.5123291015625,528.3582763671875,243.5283203125,537.36572265625,237.5123291015625,AKAZE:intensity,36.0,0.34285714285714286,ROBUST_MODEL_INLIER,HELD_OUT,0.018343476249562785,SYNTHETIC_SOURCE,SYNTHETIC_TARGET
2192,120.88201904296875,496.64801025390625,129.9862823486328,490.3229064941406,120.88201904296875,496.64801025390625,129.9862823486328,490.3229064941406,AKAZE:intensity,51.0,0.3469387755102041,ROBUST_MODEL_INLIER,FIT,0.34206528785130325,SYNTHETIC_SOURCE,SYNTHETIC_TARGET
2193,523.9006958007812,603.1785278320312,532.904296875,597.1640625,523.9006958007812,603.1785278320312,532.904296875,597.1640625,AKAZE:intensity,61.0,0.3485714285714286,ROBUST_MODEL_INLIER,FIT,0.015535335763225511,SYNTHETIC_SOURCE,SYNTHETIC_TARGET
2194,574.744873046875,465.4788818359375,583.7667846679688,459.5097961425781,574.744873046875,465.4788818359375,583.7667846679688,459.5097961425781,AKAZE:intensity,58.0,0.3515151515151515,ROBUST_MODEL_INLIER,FIT,0.03785475232252656,SYNTHETIC_SOURCE,SYNTHETIC_TARGET
2195,245.29751586914062,480.0855712890625,254.2723388671875,474.0810852050781,245.29751586914062,480.0855712890625,254.2723388671875,474.0810852050781,AKAZE:intensity,65.0,0.3551912568306011,ROBUST_MODEL_INLIER,FIT,0.025065207377960273,SYNTHETIC_SOURCE,SYNTHETIC_TARGET
2196,287.223388671875,306.702880859375,296.2247619628906,300.6817321777344,287.223388671875,306.702880859375,296.2247619628906,300.6817321777344,AKAZE:intensity,48.0,0.35555555555555557,ROBUST_MODEL_INLIER,FIT,0.02172770123616472,SYNTHETIC_SOURCE,SYNTHETIC_TARGET
2197,173.11825561523438,240.1415252685547,182.1015167236328,234.10931396484375,173.11825561523438,240.1415252685547,182.1015167236328,234.10931396484375,AKAZE:intensity,58.0,0.36024844720496896,ROBUST_MODEL_INLIER,FIT,0.03646083735200293,SYNTHETIC_SOURCE,SYNTHETIC_TARGET
2198,307.9625244140625,330.8835144042969,316.8312072753906,324.8328552246094,307.9625244140625,330.8835144042969,316.8312072753906,324.8328552246094,AKAZE:intensity,43.0,0.36134453781512604,ROBUST_MODEL_INLIER,FIT,0.1403578532067535,SYNTHETIC_SOURCE,SYNTHETIC_TARGET
2199,498.8699035644531,101.14804077148438,507.9049987792969,95.18352508544922,498.8699035644531,101.14804077148438,507.9049987792969,95.18352508544922,AKAZE:intensity,47.0,0.36153846153846153,ROBUST_MODEL_INLIER,FIT,0.049996097629410464,SYNTHETIC_SOURCE,SYNTHETIC_TARGET
2200,113.73429107666016,472.0324401855469,122.628662109375,465.92138671875,113.73429107666016,472.0324401855469,122.628662109375,465.92138671875,AKAZE:intensity,69.0,0.36507936507936506,ROBUST_MODEL_INLIER,FIT,0.1532007545857901,SYNTHETIC_SOURCE,SYNTHETIC_TARGET
2201,263.82391357421875,563.9694213867188,272.82763671875,557.9840698242188,263.82391357421875,563.9694213867188,272.82763671875,557.9840698242188,AKAZE:intensity,79.0,0.3691588785046729,ROBUST_MODEL_INLIER,HELD_OUT,0.014808416978832024,SYNTHETIC_SOURCE,SYNTHETIC_TARGET
2202,440.74383544921875,517.5542602539062,450.00299072265625,511.2451171875,440.74383544921875,517.5542602539062,450.00299072265625,511.2451171875,AKAZE:intensity,55.0,0.3716216216216216,ROBUST_MODEL_INLIER,HELD_OUT,0.4041654999911128,SYNTHETIC_SOURCE,SYNTHETIC_TARGET
2203,271.0391540527344,118.41276550292969,280.15570068359375,112.37097930908203,271.0391540527344,118.41276550292969,280.15570068359375,112.37097930908203,AKAZE:intensity,71.0,0.3717277486910995,ROBUST_MODEL_INLIER,HELD_OUT,0.12455075180416168,SYNTHETIC_SOURCE,SYNTHETIC_TARGET
2204,263.0592346191406,184.06488037109375,272.0426940917969,177.98291015625,263.0592346191406,184.06488037109375,272.0426940917969,177.98291015625,AKAZE:intensity,59.0,0.37579617834394907,ROBUST_MODEL_INLIER,FIT,0.08398317735394695,SYNTHETIC_SOURCE,SYNTHETIC_TARGET
2205,181.10707092285156,235.0676727294922,190.0536651611328,229.0291290283203,181.10707092285156,235.0676727294922,190.0536651611328,229.0291290283203,AKAZE:intensity,47.0,0.38524590163934425,ROBUST_MODEL_INLIER,HELD_OUT,0.06565707109937378,SYNTHETIC_SOURCE,SYNTHETIC_TARGET
2206,173.7412567138672,458.5601806640625,182.7523651123047,452.5659484863281,173.7412567138672,458.5601806640625,182.7523651123047,452.5659484863281,AKAZE:intensity,80.0,0.3864734299516908,ROBUST_MODEL_INLIER,FIT,0.012853118489229244,SYNTHETIC_SOURCE,SYNTHETIC_TARGET
2207,584.612060546875,431.7408752441406,593.5914916992188,425.7260437011719,584.612060546875,431.7408752441406,593.5914916992188,425.7260437011719,AKAZE:intensity,82.0,0.3867924528301887,ROBUST_MODEL_INLIER,FIT,0.025160257956102775,SYNTHETIC_SOURCE,SYNTHETIC_TARGET
2208,262.94775390625,86.48851776123047,271.9284973144531,80.5036392211914,262.94775390625,86.48851776123047,271.9284973144531,80.5036392211914,AKAZE:intensity,65.0,0.3869047619047619,ROBUST_MODEL_INLIER,FIT,0.02370257779365484,SYNTHETIC_SOURCE,SYNTHETIC_TARGET
2209,230.54544067382812,261.82464599609375,239.51220703125,255.8203125,230.54544067382812,261.82464599609375,239.51220703125,255.8203125,AKAZE:intensity,48.0,0.3870967741935484,ROBUST_MODEL_INLIER,FIT,0.03297769933520014,SYNTHETIC_SOURCE,SYNTHETIC_TARGET
2210,118.0679931640625,317.290283203125,127.05110168457031,311.27081298828125,118.0679931640625,317.290283203125,127.05110168457031,311.27081298828125,AKAZE:intensity,86.0,0.40186915887850466,ROBUST_MODEL_INLIER,FIT,0.02575687661551929,SYNTHETIC_SOURCE,SYNTHETIC_TARGET
2211,123.40711975097656,307.8492431640625,132.41860961914062,301.8455810546875,123.40711975097656,307.8492431640625,132.41860961914062,301.8455810546875,AKAZE:intensity,74.0,0.40217391304347827,ROBUST_MODEL_INLIER,HELD_OUT,0.012792226536892635,SYNTHETIC_SOURCE,SYNTHETIC_TARGET
2212,489.0346984863281,135.47970581054688,498.0335693359375,129.51715087890625,489.0346984863281,135.47970581054688,498.0335693359375,129.51715087890625,AKAZE:intensity,55.0,0.40441176470588236,ROBUST_MODEL_INLIER,FIT,0.036960428375111265,SYNTHETIC_SOURCE,SYNTHETIC_TARGET
2213,264.5122985839844,558.6721801757812,273.4898986816406,552.6893920898438,264.5122985839844,558.6721801757812,273.4898986816406,552.6893920898438,AKAZE:intensity,76.0,0.40641711229946526,ROBUST_MODEL_INLIER,FIT,0.027467515681182365,SYNTHETIC_SOURCE,SYNTHETIC_TARGET
2214,549.4623413085938,430.836181640625,558.4541625976562,424.8497619628906,549.4623413085938,430.836181640625,558.4541625976562,424.8497619628906,AKAZE:intensity,89.0,0.41013824884792627,ROBUST_MODEL_INLIER,FIT,0.015122222111315442,SYNTHETIC_SOURCE,SYNTHETIC_TARGET
2215,435.6029357910156,195.166748046875,444.60821533203125,189.15428161621094,435.6029357910156,195.166748046875,444.60821533203125,189.15428161621094,AKAZE:intensity,83.0,0.41089108910891087,ROBUST_MODEL_INLIER,HELD_OUT,0.014230790398224719,SYNTHETIC_SOURCE,SYNTHETIC_TARGET
2216,122.89527130126953,425.7723693847656,131.893310546875,419.7743225097656,122.89527130126953,425.7723693847656,131.893310546875,419.7743225097656,AKAZE:intensity,37.0,0.4111111111111111,ROBUST_MODEL_INLIER,FIT,0.0019923240250200474,SYNTHETIC_SOURCE,SYNTHETIC_TARGET
2217,379.40765380859375,517.5679321289062,388.3533935546875,511.5572204589844,379.40765380859375,517.5679321289062,388.3533935546875,511.5572204589844,AKAZE:intensity,58.0,0.41134751773049644,ROBUST_MODEL_INLIER,FIT,0.05480648618317266,SYNTHETIC_SOURCE,SYNTHETIC_TARGET
2218,248.4863739013672,200.40304565429688,257.5469055175781,194.56776428222656,248.4863739013672,200.40304565429688,257.5469055175781,194.56776428222656,AKAZE:intensity,67.0,0.41358024691358025,ROBUST_MODEL_INLIER,FIT,0.17524253762639486,SYNTHETIC_SOURCE,SYNTHETIC_TARGET
2219,256.9605712890625,121.75799560546875,265.9575500488281,115.6969985961914,256.9605712890625,121.75799560546875,265.9575500488281,115.6969985961914,AKAZE:intensity,44.0,0.41509433962264153,ROBUST_MODEL_INLIER,FIT,0.061532538834506434,SYNTHETIC_SOURCE,SYNTHETIC_TARGET
2220,208.71014404296875,342.3653564453125,217.44273376464844,336.5283203125,208.71014404296875,342.3653564453125,217.44273376464844,336.5283203125,AKAZE:intensity,42.0,0.4158415841584158,ROBUST_MODEL_INLIER,FIT,0.3123788036082283,SYNTHETIC_SOURCE,SYNTHETIC_TARGET
2221,181.056640625,267.9733581542969,190.0824432373047,261.98419189453125,181.056640625,267.9733581542969,190.0824432373047,261.98419189453125,AKAZE:intensity,45.0,0.4166666666666667,ROBUST_MODEL_INLIER,HELD_OUT,0.0283667619203662,SYNTHETIC_SOURCE,SYNTHETIC_TARGET
2222,145.03692626953125,116.07389831542969,154.0548095703125,110.10848999023438,145.03692626953125,116.07389831542969,154.0548095703125,110.10848999023438,AKAZE:intensity,51.0,0.4180327868852459,ROBUST_MODEL_INLIER,HELD_OUT,0.03879505933694896,SYNTHETIC_SOURCE,SYNTHETIC_TARGET
2223,319.9344787597656,148.634765625,328.95745849609375,142.64903259277344,319.9344787597656,148.634765625,328.95745849609375,142.64903259277344,AKAZE:intensity,75.0,0.42613636363636365,ROBUST_MODEL_INLIER,FIT,0.027319305426722885,SYNTHETIC_SOURCE,SYNTHETIC_TARGET
2224,289.78857421875,189.14613342285156,298.7960205078125,183.16055297851562,289.78857421875,189.14613342285156,298.7960205078125,183.16055297851562,AKAZE:intensity,69.0,0.42857142857142855,ROBUST_MODEL_INLIER,FIT,0.01609316205598865,SYNTHETIC_SOURCE,SYNTHETIC_TARGET
2225,64.15296936035156,54.10261535644531,73.1270751953125,48.1612434387207,64.15296936035156,54.10261535644531,73.1270751953125,48.1612434387207,AKAZE:intensity,96.0,0.42857142857142855,ROBUST_MODEL_INLIER,FIT,0.06339958743706157,SYNTHETIC_SOURCE,SYNTHETIC_TARGET
2226,299.5002746582031,578.7719116210938,308.49945068359375,572.7819213867188,299.5002746582031,578.7719116210938,308.49945068359375,572.7819213867188,AKAZE:intensity,88.0,0.4292682926829268,ROBUST_MODEL_INLIER,FIT,0.00952388048589047,SYNTHETIC_SOURCE,SYNTHETIC_TARGET
2227,592.534912109375,160.43801879882812,601.2196044921875,154.8743438720703,592.534912109375,160.43801879882812,601.2196044921875,154.8743438720703,AKAZE:intensity,73.0,0.4319526627218935,ROBUST_MODEL_INLIER,FIT,0.5375761139093637,SYNTHETIC_SOURCE,SYNTHETIC_TARGET
2228,428.44671630859375,254.44276428222656,437.3201599121094,248.7689666748047,428.44671630859375,254.44276428222656,437.3201599121094,248.7689666748047,AKAZE:intensity,77.0,0.43258426966292135,ROBUST_MODEL_INLIER,FIT,0.3492163921549691,SYNTHETIC_SOURCE,SYNTHETIC_TARGET
2229,312.2028503417969,605.0952758789062,321.1950988769531,599.1080322265625,312.2028503417969,605.0952758789062,321.1950988769531,599.1080322265625,AKAZE:intensity,69.0,0.4339622641509434,ROBUST_MODEL_INLIER,FIT,0.01419510310789622,SYNTHETIC_SOURCE,SYNTHETIC_TARGET
2230,435.1871032714844,230.5155029296875,444.231201171875,224.56617736816406,435.1871032714844,230.5155029296875,444.231201171875,224.56617736816406,AKAZE:intensity,75.0,0.436046511627907,ROBUST_MODEL_INLIER,FIT,0.06721218765873758,SYNTHETIC_SOURCE,SYNTHETIC_TARGET
2231,395.0220031738281,572.44140625,404.0228271484375,566.4251708984375,395.0220031738281,572.44140625,404.0228271484375,566.4251708984375,AKAZE:intensity,96.0,0.4383561643835616,ROBUST_MODEL_INLIER,FIT,0.01678502862716213,SYNTHETIC_SOURCE,SYNTHETIC_TARGET
2232,555.863525390625,56.276222229003906,564.8641967773438,50.27168655395508,555.863525390625,56.276222229003906,564.8641967773438,50.27168655395508,AKAZE:intensity,46.0,0.4423076923076923,ROBUST_MODEL_INLIER,HELD_OUT,0.00518488089681494,SYNTHETIC_SOURCE,SYNTHETIC_TARGET
2233,531.098388671875,608.3892822265625,540.0938110351562,602.3731689453125,531.098388671875,608.3892822265625,540.0938110351562,602.3731689453125,AKAZE:intensity,72.0,0.4444444444444444,ROBUST_MODEL_INLIER,HELD_OUT,0.0170690137076636,SYNTHETIC_SOURCE,SYNTHETIC_TARGET
2234,188.5841064453125,245.3069610595703,197.13888549804688,237.95982360839844,188.5841064453125,245.3069610595703,197.13888549804688,237.95982360839844,AKAZE:intensity,62.0,0.4492753623188406,ROBUST_MODEL_INLIER,HELD_OUT,1.4190749439325192,SYNTHETIC_SOURCE,SYNTHETIC_TARGET
2235,464.4766845703125,219.47657775878906,473.52197265625,213.5021514892578,464.4766845703125,219.47657775878906,473.52197265625,213.5021514892578,AKAZE:intensity,80.0,0.449438202247191,ROBUST_MODEL_INLIER,FIT,0.05230627426464144,SYNTHETIC_SOURCE,SYNTHETIC_TARGET
2236,359.1878356933594,493.5150451660156,368.1676330566406,487.4982604980469,359.1878356933594,493.5150451660156,368.1676330566406,487.4982604980469,AKAZE:intensity,19.0,0.4523809523809524,ROBUST_MODEL_INLIER,FIT,0.026119196242559425,SYNTHETIC_SOURCE,SYNTHETIC_TARGET
2237,312.3096618652344,399.25115966796875,321.3217468261719,393.2449035644531,312.3096618652344,399.25115966796875,321.3217468261719,393.2449035644531,AKAZE:intensity,62.0,0.45255474452554745,ROBUST_MODEL_INLIER,FIT,0.014375593390863934,SYNTHETIC_SOURCE,SYNTHETIC_TARGET
2238,435.5950622558594,154.9878692626953,444.6489562988281,148.97109985351562,435.5950622558594,154.9878692626953,444.6489562988281,148.97109985351562,AKAZE:intensity,86.0,0.455026455026455,ROBUST_MODEL_INLIER,FIT,0.05717129438962426,SYNTHETIC_SOURCE,SYNTHETIC_TARGET
2239,179.53794860839844,410.4032897949219,188.47325134277344,404.3843688964844,179.53794860839844,410.4032897949219,188.47325134277344,404.3843688964844,AKAZE:intensity,64.0,0.45714285714285713,ROBUST_MODEL_INLIER,FIT,0.06696154725061185,SYNTHETIC_SOURCE,SYNTHETIC_TARGET
2240,451.3875732421875,60.21030044555664,460.3832702636719,54.224609375,451.3875732421875,60.21030044555664,460.3832702636719,54.224609375,AKAZE:intensity,46.0,0.46464646464646464,ROBUST_MODEL_INLIER,FIT,0.014305446875213405,SYNTHETIC_SOURCE,SYNTHETIC_TARGET
2241,457.11767578125,364.503662109375,466.1708984375,358.48797607421875,457.11767578125,364.503662109375,466.1708984375,358.48797607421875,AKAZE:intensity,60.0,0.46511627906976744,ROBUST_MODEL_INLIER,FIT,0.056210330379301045,SYNTHETIC_SOURCE,SYNTHETIC_TARGET
2242,319.8042297363281,591.2560424804688,328.80596923828125,585.2416381835938,319.8042297363281,591.2560424804688,328.80596923828125,585.2416381835938,AKAZE:intensity,95.0,0.46798029556650245,ROBUST_MODEL_INLIER,FIT,0.015076826415201697,SYNTHETIC_SOURCE,SYNTHETIC_TARGET
2243,467.7402648925781,109.67581939697266,476.7520446777344,103.70658111572266,467.7402648925781,109.67581939697266,476.7520446777344,103.70658111572266,AKAZE:intensity,58.0,0.47540983606557374,ROBUST_MODEL_INLIER,FIT,0.0327108010598292,SYNTHETIC_SOURCE,SYNTHETIC_TARGET
2244,582.5057983398438,468.0875549316406,591.4944458007812,462.1210021972656,582.5057983398438,468.0875549316406,591.4944458007812,462.1210021972656,AKAZE:intensity,96.0,0.48,ROBUST_MODEL_INLIER,HELD_OUT,0.03466538970380472,SYNTHETIC_SOURCE,SYNTHETIC_TARGET
2245,124.49258422851562,544.8860473632812,133.53135681152344,538.918701171875,124.49258422851562,544.8860473632812,133.53135681152344,538.918701171875,AKAZE:intensity,38.0,0.4810126582278481,ROBUST_MODEL_INLIER,FIT,0.05084915618445447,SYNTHETIC_SOURCE,SYNTHETIC_TARGET
2246,160.49224853515625,478.150634765625,169.3333282470703,472.4809265136719,160.49224853515625,478.150634765625,169.3333282470703,472.4809265136719,AKAZE:intensity,70.0,0.4827586206896552,ROBUST_MODEL_INLIER,FIT,0.36583105761169626,SYNTHETIC_SOURCE,SYNTHETIC_TARGET
2247,264.9994201660156,266.89202880859375,273.9951477050781,260.87615966796875,264.9994201660156,266.89202880859375,273.9951477050781,260.87615966796875,AKAZE:intensity,71.0,0.48299319727891155,ROBUST_MODEL_INLIER,FIT,0.016762347552511592,SYNTHETIC_SOURCE,SYNTHETIC_TARGET
2248,195.28504943847656,264.49041748046875,204.3457489013672,258.4175720214844,195.28504943847656,264.49041748046875,204.3457489013672,258.4175720214844,AKAZE:intensity,64.0,0.49230769230769234,ROBUST_MODEL_INLIER,HELD_OUT,0.09558624799122208,SYNTHETIC_SOURCE,SYNTHETIC_TARGET
2249,309.1655578613281,540.752197265625,318.67938232421875,534.2274169921875,309.1655578613281,540.752197265625,318.67938232421875,534.2274169921875,AKAZE:intensity,99.0,0.5,ROBUST_MODEL_INLIER,FIT,0.7352212135574683,SYNTHETIC_SOURCE,SYNTHETIC_TARGET
2250,244.69869995117188,268.9981994628906,253.67401123046875,262.9840393066406,244.69869995117188,268.9981994628906,253.67401123046875,262.9840393066406,AKAZE:intensity,84.0,0.5153374233128835,ROBUST_MODEL_INLIER,FIT,0.028184119316799816,SYNTHETIC_SOURCE,SYNTHETIC_TARGET
2251,190.50035095214844,30.002599716186523,204.4231719970703,31.943632125854492,190.50035095214844,30.002599716186523,204.4231719970703,31.943632125854492,AKAZE:intensity,109.0,0.5265700483091788,ROBUST_MODEL_OUTLIER,FIT,9.343041141472147,SYNTHETIC_SOURCE,SYNTHETIC_TARGET
2252,510.41436767578125,186.10797119140625,519.39453125,180.11398315429688,510.41436767578125,186.10797119140625,519.39453125,180.11398315429688,AKAZE:intensity,100.0,0.5291005291005291,ROBUST_MODEL_INLIER,FIT,0.020003824352654697,SYNTHETIC_SOURCE,SYNTHETIC_TARGET
2253,427.22882080078125,402.4039611816406,436.2255859375,396.3958435058594,427.22882080078125,402.4039611816406,436.2255859375,396.3958435058594,AKAZE:intensity,106.0,0.53,ROBUST_MODEL_INLIER,HELD_OUT,0.008997252813252353,SYNTHETIC_SOURCE,SYNTHETIC_TARGET
2254,210.7711639404297,57.01471710205078,219.77874755859375,50.99830627441406,210.7711639404297,57.01471710205078,219.77874755859375,50.99830627441406,AKAZE:intensity,96.0,0.5333333333333333,ROBUST_MODEL_INLIER,HELD_OUT,0.018780868484843807,SYNTHETIC_SOURCE,SYNTHETIC_TARGET
2255,280.2144470214844,247.51275634765625,289.3245849609375,241.47134399414062,280.2144470214844,247.51275634765625,289.3245849609375,241.47134399414062,AKAZE:intensity,86.0,0.5443037974683544,ROBUST_MODEL_INLIER,FIT,0.11840965820676905,SYNTHETIC_SOURCE,SYNTHETIC_TARGET
2256,162.35166931152344,427.20819091796875,171.32638549804688,421.2106018066406,162.35166931152344,427.20819091796875,171.32638549804688,421.2106018066406,AKAZE:intensity,94.0,0.5875,ROBUST_MODEL_INLIER,FIT,0.024748255334939098,SYNTHETIC_SOURCE,SYNTHETIC_TARGET
2257,577.5502319335938,430.8948974609375,586.5499267578125,424.9051513671875,577.5502319335938,430.8948974609375,586.5499267578125,424.9051513671875,AKAZE:intensity,104.0,0.5977011494252874,ROBUST_MODEL_INLIER,HELD_OUT,0.0097703922079969,SYNTHETIC_SOURCE,SYNTHETIC_TARGET
2258,479.49249267578125,337.20989990234375,488.41473388671875,331.2789001464844,479.49249267578125,337.20989990234375,488.41473388671875,331.2789001464844,AKAZE:intensity,109.0,0.6022099447513812,ROBUST_MODEL_INLIER,FIT,0.1031783430174074,SYNTHETIC_SOURCE,SYNTHETIC_TARGET
2259,482.0272521972656,397.4680480957031,490.955078125,391.5303039550781,482.0272521972656,397.4680480957031,490.955078125,391.5303039550781,AKAZE:intensity,119.0,0.6102564102564103,ROBUST_MODEL_INLIER,FIT,0.09453359100501187,SYNTHETIC_SOURCE,SYNTHETIC_TARGET
2260,119.67988586425781,124.92501831054688,128.67501831054688,118.91891479492188,119.67988586425781,124.92501831054688,128.67501831054688,118.91891479492188,AKAZE:intensity,123.0,0.6119402985074627,ROBUST_MODEL_INLIER,HELD_OUT,0.00784700937771331,SYNTHETIC_SOURCE,SYNTHETIC_TARGET
2261,554.516357421875,598.523681640625,563.46875,592.4833984375,554.516357421875,598.523681640625,563.46875,592.4833984375,AKAZE:intensity,127.0,0.6135265700483091,ROBUST_MODEL_INLIER,HELD_OUT,0.062217670770440596,SYNTHETIC_SOURCE,SYNTHETIC_TARGET
2262,162.45428466796875,375.3346862792969,171.4363250732422,369.33880615234375,162.45428466796875,375.3346862792969,171.4363250732422,369.33880615234375,AKAZE:intensity,135.0,0.6164383561643836,ROBUST_MODEL_INLIER,FIT,0.017725255917613692,SYNTHETIC_SOURCE,SYNTHETIC_TARGET
2263,382.34918212890625,308.2587585449219,391.3032531738281,302.3018798828125,382.34918212890625,308.2587585449219,391.3032531738281,302.3018798828125,AKAZE:intensity,97.0,0.6217948717948718,ROBUST_MODEL_INLIER,FIT,0.06222020044269512,SYNTHETIC_SOURCE,SYNTHETIC_TARGET
2264,264.0065612792969,308.8167419433594,272.98388671875,302.79595947265625,264.0065612792969,308.8167419433594,272.98388671875,302.79595947265625,AKAZE:intensity,80.0,0.625,ROBUST_MODEL_INLIER,FIT,0.030647580765168814,SYNTHETIC_SOURCE,SYNTHETIC_TARGET
2265,260.14825439453125,147.74337768554688,269.06365966796875,141.88922119140625,260.14825439453125,147.74337768554688,269.06365966796875,141.88922119140625,AKAZE:intensity,118.0,0.6276595744680851,ROBUST_MODEL_INLIER,FIT,0.16787351359098457,SYNTHETIC_SOURCE,SYNTHETIC_TARGET
2266,448.5317687988281,437.26885986328125,458.3694763183594,431.74920654296875,448.5317687988281,437.26885986328125,458.3694763183594,431.74920654296875,AKAZE:intensity,126.0,0.6331658291457286,ROBUST_MODEL_INLIER,FIT,0.9659404409932114,SYNTHETIC_SOURCE,SYNTHETIC_TARGET
2267,134.4017791748047,497.2256164550781,142.8714141845703,492.1362609863281,134.4017791748047,497.2256164550781,142.8714141845703,492.1362609863281,AKAZE:intensity,85.0,0.6390977443609023,ROBUST_MODEL_INLIER,FIT,1.0531022631294795,SYNTHETIC_SOURCE,SYNTHETIC_TARGET
2268,119.15779876708984,439.4969177246094,128.16908264160156,433.50567626953125,119.15779876708984,439.4969177246094,128.16908264160156,433.50567626953125,AKAZE:intensity,85.0,0.6390977443609023,ROBUST_MODEL_INLIER,HELD_OUT,0.014486886315111351,SYNTHETIC_SOURCE,SYNTHETIC_TARGET
2269,481.3083190917969,261.5981140136719,490.3442077636719,255.5221710205078,481.3083190917969,261.5981140136719,490.3442077636719,255.5221710205078,AKAZE:intensity,112.0,0.6436781609195402,ROBUST_MODEL_INLIER,FIT,0.08469898712764456,SYNTHETIC_SOURCE,SYNTHETIC_TARGET
2270,323.87103271484375,102.79898071289062,332.8833312988281,96.80638885498047,323.87103271484375,102.79898071289062,332.8833312988281,96.80638885498047,AKAZE:intensity,116.0,0.6480446927374302,ROBUST_MODEL_INLIER,FIT,0.014646675083314164,SYNTHETIC_SOURCE,SYNTHETIC_TARGET
2271,426.5747985839844,255.49530029296875,435.5645446777344,249.5018768310547,426.5747985839844,255.49530029296875,435.5645446777344,249.5018768310547,AKAZE:intensity,50.0,0.6493506493506493,ROBUST_MODEL_INLIER,FIT,0.01140460513613439,SYNTHETIC_SOURCE,SYNTHETIC_TARGET
2272,289.8486022949219,326.28485107421875,298.8238525390625,320.2271423339844,289.8486022949219,326.28485107421875,298.8238525390625,320.2271423339844,AKAZE:intensity,86.0,0.6515151515151515,ROBUST_MODEL_INLIER,FIT,0.06300479465454031,SYNTHETIC_SOURCE,SYNTHETIC_TARGET
2273,352.84765625,199.1147003173828,361.8714294433594,193.15847778320312,352.84765625,199.1147003173828,361.8714294433594,193.15847778320312,AKAZE:intensity,111.0,0.6568047337278107,ROBUST_MODEL_INLIER,FIT,0.04968410977082791,SYNTHETIC_SOURCE,SYNTHETIC_TARGET
2274,342.5398254394531,432.4057922363281,351.4195251464844,426.4369201660156,342.5398254394531,432.4057922363281,351.4195251464844,426.4369201660156,AKAZE:intensity,83.0,0.6587301587301587,ROBUST_MODEL_INLIER,HELD_OUT,0.12354946430561792,SYNTHETIC_SOURCE,SYNTHETIC_TARGET
2275,286.9773254394531,306.7067565917969,295.9909362792969,300.75439453125,286.9773254394531,306.7067565917969,295.9909362792969,300.75439453125,AKAZE:intensity,82.0,0.6612903225806451,ROBUST_MODEL_INLIER,FIT,0.04924766546431121,SYNTHETIC_SOURCE,SYNTHETIC_TARGET
2276,497.6884460449219,225.63685607910156,506.6864318847656,219.6103515625,497.6884460449219,225.63685607910156,506.6864318847656,219.6103515625,AKAZE:intensity,121.0,0.6648351648351648,ROBUST_MODEL_INLIER,HELD_OUT,0.027029276986689887,SYNTHETIC_SOURCE,SYNTHETIC_TARGET
2277,43.82362747192383,506.84820556640625,52.22834777832031,502.8807067871094,43.82362747192383,506.84820556640625,52.22834777832031,502.8807067871094,AKAZE:intensity,123.0,0.6648648648648648,ROBUST_MODEL_OUTLIER,HELD_OUT,2.117240707257544,SYNTHETIC_SOURCE,SYNTHETIC_TARGET
2278,557.8309936523438,74.19776916503906,566.8280639648438,68.19857025146484,557.8309936523438,74.19776916503906,566.8280639648438,68.19857025146484,AKAZE:intensity,116.0,0.6705202312138728,ROBUST_MODEL_INLIER,HELD_OUT,0.0023403346489283415,SYNTHETIC_SOURCE,SYNTHETIC_TARGET
2279,562.65576171875,197.12161254882812,571.5706176757812,191.1251220703125,562.65576171875,197.12161254882812,571.5706176757812,191.1251220703125,AKAZE:intensity,111.0,0.6809815950920245,ROBUST_MODEL_INLIER,HELD_OUT,0.08458766384834678,SYNTHETIC_SOURCE,SYNTHETIC_TARGET
2280,94.14994812011719,122.4705810546875,103.14372253417969,116.46159362792969,94.14994812011719,122.4705810546875,103.14372253417969,116.46159362792969,AKAZE:intensity,145.0,0.6872037914691943,ROBUST_MODEL_INLIER,FIT,0.011014531280790099,SYNTHETIC_SOURCE,SYNTHETIC_TARGET
2281,389.8011779785156,110.00080108642578,398.81219482421875,104.01805114746094,389.8011779785156,110.00080108642578,398.81219482421875,104.01805114746094,AKAZE:intensity,84.0,0.6885245901639344,ROBUST_MODEL_INLIER,FIT,0.020399729846736457,SYNTHETIC_SOURCE,SYNTHETIC_TARGET
2282,501.8739929199219,60.80615997314453,510.3092041015625,56.38602066040039,501.8739929199219,60.80615997314453,510.3092041015625,56.38602066040039,AKAZE:intensity,105.0,0.7142857142857143,ROBUST_MODEL_INLIER,HELD_OUT,1.6771149451513483,SYNTHETIC_SOURCE,SYNTHETIC_TARGET
2283,38.42087936401367,249.85816955566406,48.05354690551758,242.1869659423828,38.42087936401367,249.85816955566406,48.05354690551758,242.1869659423828,AKAZE:intensity,106.0,0.7162162162162162,ROBUST_MODEL_INLIER,FIT,1.787622633580171,SYNTHETIC_SOURCE,SYNTHETIC_TARGET
2284,35.23258972167969,347.3677673339844,44.964378356933594,341.2758483886719,35.23258972167969,347.3677673339844,44.964378356933594,341.2758483886719,AKAZE:intensity,101.0,0.7318840579710145,ROBUST_MODEL_INLIER,HELD_OUT,0.7382055075727026,SYNTHETIC_SOURCE,SYNTHETIC_TARGET
2285,470.3585205078125,267.4808044433594,479.37371826171875,261.50079345703125,470.3585205078125,267.4808044433594,479.37371826171875,261.50079345703125,AKAZE:intensity,88.0,0.7333333333333333,ROBUST_MODEL_INLIER,HELD_OUT,0.025103281926885386,SYNTHETIC_SOURCE,SYNTHETIC_TARGET
2286,162.67596435546875,346.34942626953125,171.69793701171875,340.3406677246094,162.67596435546875,346.34942626953125,171.69793701171875,340.3406677246094,AKAZE:intensity,126.0,0.7368421052631579,ROBUST_MODEL_INLIER,HELD_OUT,0.02440278746603159,SYNTHETIC_SOURCE,SYNTHETIC_TARGET
2287,94.71957397460938,310.42132568359375,101.6794662475586,304.1531066894531,94.71957397460938,310.42132568359375,101.6794662475586,304.1531066894531,AKAZE:intensity,100.0,0.7407407407407407,ROBUST_MODEL_OUTLIER,FIT,2.0571225399745736,SYNTHETIC_SOURCE,SYNTHETIC_TARGET
2288,33.19159698486328,203.83131408691406,43.01107406616211,196.07888793945312,33.19159698486328,203.83131408691406,43.01107406616211,196.07888793945312,AKAZE:intensity,119.0,0.7484276729559748,ROBUST_MODEL_INLIER,FIT,1.9352654577396031,SYNTHETIC_SOURCE,SYNTHETIC_TARGET
2289,303.4822082519531,211.7383575439453,312.50701904296875,205.78439331054688,303.4822082519531,211.7383575439453,312.50701904296875,205.78439331054688,AKAZE:intensity,146.0,0.7487179487179487,ROBUST_MODEL_INLIER,FIT,0.05216136416763043,SYNTHETIC_SOURCE,SYNTHETIC_TARGET
2290,130.9065704345703,539.704833984375,139.85533142089844,533.7328491210938,130.9065704345703,539.704833984375,139.85533142089844,533.7328491210938,AKAZE:intensity,100.0,0.7575757575757576,ROBUST_MODEL_INLIER,FIT,0.057628024423736025,SYNTHETIC_SOURCE,SYNTHETIC_TARGET
2291,453.63037109375,358.8489990234375,462.6144714355469,352.8371276855469,453.63037109375,358.8489990234375,462.6144714355469,352.8371276855469,AKAZE:intensity,126.0,0.7636363636363637,ROBUST_MODEL_INLIER,FIT,0.019660190305598863,SYNTHETIC_SOURCE,SYNTHETIC_TARGET
