match_id,ohrc_projected_x_5m,ohrc_projected_y_5m,tmc_ortho_x_5m,tmc_ortho_y_5m,descriptor_distance,split,forward_residual_tmc_5m_px,inlier
19,56.23297119140625,360.38671875,60.539310455322266,390.49169921875,157.908203125,training,2.0437140464782715,1
25,60.280765533447266,343.4403076171875,64.35597229003906,372.70428466796875,179.4630889892578,training,1.0889989137649536,1
29,64.76409149169922,376.95819091796875,69.23733520507812,408.32440185546875,137.95651245117188,training,3.0855813026428223,1
31,65.30982971191406,368.8770446777344,69.66116333007812,399.8729553222656,180.3856964111328,training,2.6794257164001465,1
32,68.34919738769531,374.57244873046875,73.01439666748047,405.8760681152344,209.0669708251953,training,2.8927454948425293,1
33,70.2900390625,338.32635498046875,74.22052001953125,367.77142333984375,181.21258544921875,training,1.1103301048278809,1
36,74.01451110839844,318.4936828613281,77.42573547363281,346.98529052734375,154.42474365234375,training,1.29508638381958,1
37,75.44766235351562,281.03448486328125,79.00942993164062,309.3349609375,214.03036499023438,training,1.2406538724899292,1
39,77.82696533203125,303.114501953125,81.69998168945312,331.1372375488281,138.08692932128906,training,1.2595151662826538,1
40,81.96339416503906,298.9322204589844,85.51673889160156,327.26312255859375,123.04876708984375,training,1.4420397281646729,1
42,83.54710388183594,324.8396301269531,87.95486450195312,353.8301086425781,147.2039337158203,training,0.45014965534210205,1
46,87.98821258544922,292.0820617675781,91.68273162841797,320.4061279296875,81.20960235595703,training,1.5368388891220093,1
47,88.40631103515625,304.3895568847656,92.15786743164062,332.6169128417969,119.41105651855469,training,1.5675764083862305,1
55,96.95079803466797,377.5489501953125,102.1460952758789,409.68011474609375,170.74542236328125,training,2.8000428676605225,1
56,97.37649536132812,301.3407897949219,100.11878204345703,329.8973693847656,178.06178283691406,training,2.5179972648620605,1
62,98.8184814453125,363.7933349609375,104.66495513916016,393.889892578125,172.64993286132812,training,0.9171940088272095,1
66,101.46568298339844,385.5307922363281,107.43636322021484,417.94122314453125,201.3057403564453,training,3.035120725631714,1
70,104.61769104003906,287.6691589355469,109.1395034790039,315.783203125,145.93833923339844,training,1.8842458724975586,1
72,104.88640594482422,329.6902770996094,109.67639923095703,358.7937316894531,154.55419921875,training,0.7875034213066101,1
73,106.38739013671875,392.8061828613281,112.02957153320312,426.37152099609375,204.87313842773438,training,3.9888007640838623,1
77,109.97779083251953,377.97186279296875,115.7558822631836,409.7022705078125,159.5242919921875,training,2.0073177814483643,1
79,110.87332916259766,392.5277404785156,116.53064727783203,425.8903503417969,170.80982971191406,training,3.6363675594329834,1
80,111.3101577758789,344.19036865234375,117.47256469726562,373.4005432128906,188.38258361816406,training,1.0629221200942993,1
81,111.83329010009766,382.9001770019531,117.85724639892578,415.0824890136719,205.1950225830078,training,2.4486451148986816,1
82,111.90179443359375,366.6756591796875,117.12663269042969,397.9835205078125,153.31993103027344,training,1.4664595127105713,1
86,114.92318725585938,362.12701416015625,120.9003677368164,392.4029541015625,157.299072265625,training,0.5872751474380493,1
87,115.15052032470703,370.7853088378906,120.82780456542969,402.1297607421875,151.2018585205078,training,1.4080804586410522,1
88,115.18424987792969,202.91087341308594,119.50800323486328,233.83428955078125,171.2308349609375,training,0.8487104177474976,1
90,116.68997955322266,148.50732421875,121.36050415039062,181.2310333251953,165.91563415527344,heldout,1.9544965028762817,1
91,116.7050552368164,281.0129699707031,120.90338897705078,310.15875244140625,116.35291290283203,training,1.613062858581543,1
94,117.6098861694336,390.22125244140625,123.53665924072266,423.12078857421875,142.8285675048828,training,2.9607436656951904,1
95,117.78423309326172,135.24620056152344,122.58836364746094,167.75448608398438,193.51744079589844,heldout,1.6395413875579834,1
96,117.9566421508789,138.43850708007812,123.15277099609375,170.59893798828125,211.05686950683594,heldout,1.3089101314544678,1
97,118.2926025390625,152.44400024414062,122.7594985961914,184.9802703857422,188.80413818359375,heldout,1.7904549837112427,1
99,120.517578125,375.1584167480469,125.96633911132812,407.0764465332031,186.72975158691406,training,1.8180936574935913,1
101,120.78077697753906,168.04222106933594,125.17698669433594,199.80136108398438,220.69888305664062,training,1.1414152383804321,1
103,121.02082061767578,331.92120361328125,125.6357650756836,361.33856201171875,122.00409698486328,training,1.2374416589736938,1
105,121.67340087890625,133.82220458984375,126.40400695800781,166.27023315429688,174.29286193847656,training,1.4698430299758911,1
106,122.4368896484375,281.9800109863281,126.94184875488281,310.8829040527344,105.42295837402344,training,1.8353972434997559,1
107,123.24835968017578,391.14544677734375,128.90464782714844,424.47210693359375,89.52095031738281,training,3.18876576423645,1
109,123.51067352294922,403.13201904296875,130.36892700195312,436.7222900390625,122.79251098632812,training,3.666717052459717,1
110,124.0290298461914,173.65823364257812,128.19911193847656,205.28363037109375,221.88961791992188,training,1.2062203884124756,1
111,124.0290298461914,173.65823364257812,128.19911193847656,205.28363037109375,218.41932678222656,training,1.2062203884124756,1
113,125.1383056640625,130.85951232910156,129.4330291748047,163.48529052734375,180.87564086914062,training,1.6868090629577637,1
114,125.45647430419922,385.38922119140625,131.39935302734375,418.2656555175781,124.5913314819336,training,2.6559295654296875,1
118,127.77685546875,365.5956726074219,133.5493621826172,396.6753234863281,126.82270812988281,training,0.7062268257141113,1
119,127.80986785888672,135.21893310546875,133.37460327148438,168.0186004638672,204.00245666503906,training,1.654191255569458,1
120,127.92594909667969,138.79005432128906,132.66192626953125,171.31057739257812,138.17379760742188,training,1.388229250907898,1
121,128.0221710205078,142.1312713623047,133.1200408935547,174.3076171875,159.30787658691406,training,0.993081271648407,1
124,129.1775665283203,289.04205322265625,132.9840087890625,318.09912109375,177.92132568359375,training,2.384082078933716,1
125,129.1775665283203,289.04205322265625,132.9840087890625,318.09912109375,161.9259033203125,training,2.384082078933716,1
127,130.37918090820312,124.56586456298828,135.45452880859375,157.74159240722656,211.16343688964844,training,1.8528419733047485,1
128,130.88844299316406,348.45367431640625,136.3993682861328,379.00994873046875,183.9347686767578,training,0.2033027857542038,1
129,131.38612365722656,382.4353332519531,137.47532653808594,414.7166748046875,117.19641876220703,training,1.8688864707946777,1
130,131.89683532714844,279.6452941894531,135.88978576660156,309.1247253417969,181.80209350585938,training,2.06168270111084,1
131,132.10325622558594,185.0050811767578,137.00692749023438,216.8439178466797,145.78065490722656,training,0.7979801297187805,1
134,132.79986572265625,399.2666015625,138.8788299560547,432.4271240234375,141.2586212158203,training,2.748568296432495,1
137,133.36279296875,200.71588134765625,138.24830627441406,232.25758361816406,245.2977752685547,training,0.6394858360290527,1
138,133.7655487060547,188.6130828857422,138.59007263183594,220.39390563964844,203.2117156982422,training,0.7909080386161804,1
139,133.81689453125,159.3279266357422,139.05552673339844,191.505859375,178.13197326660156,training,0.8679662346839905,1
141,134.9537353515625,315.88543701171875,140.11627197265625,345.1814880371094,145.4647674560547,training,1.5868998765945435,1
143,135.96324157714844,113.44562530517578,140.70321655273438,147.44384765625,197.65879821777344,training,2.4985568523406982,1
144,136.0302734375,140.7088165283203,141.1925506591797,173.1784210205078,130.63307189941406,training,1.026737928390503,1
146,137.5859832763672,269.47149658203125,142.0845947265625,299.46124267578125,147.31259155273438,training,1.5454784631729126,1
148,137.87644958496094,358.76953125,142.68096923828125,390.3943176269531,199.6697235107422,training,1.3823963403701782,1
149,137.96353149414062,353.613037109375,143.625732421875,384.0653991699219,116.88027954101562,training,0.35129693150520325,1
150,139.4777374267578,213.4557342529297,144.27410888671875,244.4934539794922,182.860595703125,training,0.7759957909584045,1
154,140.58596801757812,124.99383544921875,145.9837188720703,158.0172882080078,244.65281677246094,training,1.3703542947769165,1
155,140.58596801757812,124.99383544921875,145.9837188720703,158.0172882080078,213.10560607910156,training,1.3703542947769165,1
157,141.67176818847656,376.41357421875,147.54769897460938,408.1890869140625,131.9052734375,training,0.9894464015960693,1
159,142.12939453125,67.37993621826172,147.5625,101.3818588256836,236.83749389648438,training,2.102386951446533,1
167,145.3031768798828,200.10630798339844,149.86529541015625,232.07861328125,168.76611328125,training,1.1172451972961426,1
168,145.4449920654297,320.47686767578125,150.74411010742188,349.87884521484375,113.28724670410156,training,1.8111778497695923,1
170,145.9992218017578,217.66824340820312,150.88153076171875,248.54698181152344,131.7649383544922,training,0.9851970076560974,1
171,146.57766723632812,245.95913696289062,151.68283081054688,275.8534240722656,180.00833129882812,training,1.6447988748550415,1
172,146.57766723632812,245.95913696289062,151.68283081054688,275.8534240722656,176.43128967285156,training,1.6447988748550415,1
173,146.72752380371094,178.3419952392578,151.27670288085938,210.58273315429688,172.3252716064453,training,1.16611647605896,1
174,147.0899658203125,140.19500732421875,152.55474853515625,173.11123657226562,136.0808563232422,training,1.1041065454483032,1
175,147.21665954589844,163.46234130859375,152.4342041015625,195.68405151367188,182.0,training,0.582288920879364,1
177,147.56204223632812,301.192626953125,152.79217529296875,330.24090576171875,200.85069274902344,training,2.2969651222229004,1
178,147.56204223632812,301.192626953125,152.79217529296875,330.24090576171875,207.68727111816406,training,2.2969651222229004,1
180,148.4162139892578,113.3806381225586,154.3404083251953,146.45462036132812,213.5743408203125,training,1.2263747453689575,1
183,149.15927124023438,151.40213012695312,155.01754760742188,184.53652954101562,212.64524841308594,training,1.3342115879058838,1
184,149.65408325195312,344.82171630859375,154.85293579101562,374.95245361328125,149.05703735351562,training,1.3218053579330444,1
185,149.66973876953125,184.163818359375,155.250244140625,215.98670959472656,147.4652557373047,training,0.0962483212351799,1
188,150.38839721679688,100.11515045166016,155.8650360107422,133.6968231201172,172.03196716308594,training,1.5193805694580078,1
189,150.5169219970703,189.94097900390625,155.4892120361328,222.1162567138672,177.53872680664062,training,0.8074310421943665,1
191,150.8828125,115.20272064208984,156.60748291015625,148.552978515625,126.03570556640625,training,1.3481239080429077,1
192,151.30409240722656,218.96119689941406,156.7902069091797,249.70091247558594,132.7215118408203,training,0.9619914889335632,1
193,151.31625366210938,20.845712661743164,156.42860412597656,54.297088623046875,149.0369110107422,training,1.083353877067566,1
194,151.38877868652344,314.00616455078125,156.39413452148438,343.4173583984375,167.72596740722656,training,2.150916576385498,1
195,151.61024475097656,123.86031341552734,157.90281677246094,157.09788513183594,137.92752075195312,training,1.4487651586532593,1
196,151.94912719726562,352.0077819824219,157.28038024902344,382.1671142578125,125.15190887451172,training,1.2925268411636353,1
198,152.43417358398438,356.72967529296875,158.23484802246094,387.09820556640625,132.5669708251953,training,0.8943697214126587,1
199,152.69805908203125,244.9091796875,157.53524780273438,275.3619384765625,122.22929382324219,training,1.531568169593811,1
200,153.04464721679688,233.8736114501953,158.10650634765625,264.8716735839844,154.24655151367188,training,1.004220962524414,1
201,153.81158447265625,204.6464385986328,159.43023681640625,235.91339111328125,148.70440673828125,training,0.5487208962440491,1
203,154.37686157226562,389.76409912109375,161.2399444580078,421.5027770996094,146.81961059570312,training,0.8708211183547974,1
204,154.57435607910156,285.3689270019531,160.01058959960938,314.0735778808594,224.36131286621094,training,2.879549980163574,1
205,155.52154541015625,169.23704528808594,160.5854949951172,201.4730224609375,161.8394317626953,training,0.6753588914871216,1
206,155.9153594970703,376.4950256347656,161.8911590576172,408.2866516113281,143.56532287597656,training,0.5868142247200012,1
207,156.26869201660156,39.68854522705078,161.68772888183594,73.70838928222656,148.0574188232422,training,1.5496721267700195,1
208,156.40365600585938,48.85056686401367,161.6545867919922,83.31663513183594,192.63436889648438,training,2.029881477355957,1
209,156.40365600585938,48.85056686401367,161.6545867919922,83.31663513183594,131.2897491455078,training,2.029881477355957,1
212,156.93612670898438,190.11404418945312,162.12240600585938,221.98500061035156,238.8974609375,training,0.585328996181488,1
213,156.98435974121094,128.1588134765625,162.47276306152344,161.59288024902344,147.49237060546875,training,1.2630807161331177,1
214,156.98643493652344,405.5164489746094,163.51303100585938,438.8318176269531,117.63077545166016,training,2.1431307792663574,1
215,157.06259155273438,172.33238220214844,162.5218505859375,204.4566650390625,181.8378448486328,training,0.28385093808174133,1
216,157.0840606689453,213.08168029785156,161.96673583984375,244.50247192382812,136.73696899414062,training,1.0467486381530762,1
217,157.3574676513672,413.76776123046875,164.4910430908203,447.7157287597656,134.1678009033203,training,2.895944833755493,1
219,158.4626007080078,392.2810974121094,164.65904235839844,424.5599060058594,118.31314086914062,training,1.0036431550979614,1
220,158.7144775390625,288.3674011230469,163.4385986328125,318.02008056640625,129.24395751953125,training,2.3996448516845703,1
221,158.72804260253906,303.8830871582031,164.44692993164062,333.0793151855469,144.21511840820312,training,2.435190439224243,1
222,158.97642517089844,424.4532470703125,166.13064575195312,459.26776123046875,155.52169799804688,training,3.714770555496216,1
223,159.27590942382812,347.1991882324219,164.7108612060547,377.2138671875,131.9052734375,training,1.639373779296875,1
224,159.67735290527344,427.93194580078125,166.77926635742188,462.9083251953125,166.027099609375,training,3.8491311073303223,1
225,159.977294921875,233.18348693847656,165.4091796875,264.40570068359375,162.59458923339844,training,0.8365243077278137,1
226,160.06260681152344,350.82757568359375,166.2113800048828,380.43707275390625,118.50316619873047,training,1.8718990087509155,1
228,161.05685424804688,402.624267578125,167.57676696777344,435.8128356933594,193.69305419921875,training,1.8681836128234863,1
230,162.31414794921875,215.19857788085938,167.5452117919922,246.1262969970703,151.42324829101562,training,1.3072015047073364,1
232,162.95675659179688,338.48577880859375,168.65150451660156,368.19500732421875,143.076904296875,training,1.9843934774398804,1
233,163.26918029785156,183.24217224121094,168.90463256835938,215.20166015625,169.44911193847656,training,0.31549885869026184,1
234,163.61041259765625,232.24725341796875,169.0858154296875,263.0367126464844,181.7498321533203,training,1.3315047025680542,1
235,163.64414978027344,219.51988220214844,169.92922973632812,250.0152130126953,205.91017150878906,training,1.6061835289001465,1
236,163.68324279785156,124.37522888183594,168.6479034423828,158.27822875976562,135.68345642089844,training,1.6735185384750366,1
237,163.7822265625,217.8519287109375,169.1578369140625,249.01620483398438,161.29786682128906,training,1.0791819095611572,1
238,163.79258728027344,424.0521240234375,171.6681365966797,458.66455078125,164.49012756347656,training,3.565453052520752,1
243,165.47042846679688,247.94021606445312,170.79747009277344,278.3946228027344,163.8566436767578,training,1.7302855253219604,1
244,165.94918823242188,369.368896484375,172.1685028076172,400.2177734375,166.17160034179688,training,0.7699489593505859,1
245,166.2030792236328,133.264892578125,172.9988555908203,165.99729919433594,143.90969848632812,training,1.0490707159042358,1
246,166.21603393554688,240.20465087890625,171.59149169921875,270.9311828613281,184.78094482421875,training,1.5080783367156982,1
247,166.21603393554688,240.20465087890625,171.59149169921875,270.9311828613281,166.58631896972656,training,1.5080783367156982,1
248,166.35110473632812,234.4593963623047,171.0526885986328,266.11956787109375,189.0290985107422,training,1.4053975343704224,1
249,166.5749969482422,199.05360412597656,171.8861846923828,231.04833984375,152.2038116455078,training,0.6846432685852051,1
250,166.6143035888672,146.23316955566406,172.4205780029297,179.79519653320312,169.08282470703125,training,1.136371374130249,1
251,166.6143035888672,146.23316955566406,172.4205780029297,179.79519653320312,151.41334533691406,training,1.136371374130249,1
252,167.30154418945312,330.3593444824219,172.9176025390625,360.6412353515625,168.81646728515625,training,1.650678277015686,1
254,168.31399536132812,306.0000915527344,173.5612030029297,335.3991394042969,132.80813598632812,training,2.7016420364379883,1
256,168.36756896972656,391.3349914550781,174.80859375,423.5315856933594,165.49925231933594,training,0.5915051698684692,1
257,168.4151153564453,237.7095489501953,173.83474731445312,268.5530090332031,161.369140625,training,1.4697009325027466,1
258,168.48013305664062,206.2763671875,173.5006103515625,238.04270935058594,112.64990234375,training,1.104336142539978,1
259,168.99351501464844,365.4543151855469,175.35287475585938,396.0285339355469,147.3193817138672,training,1.1450797319412231,1
260,169.88580322265625,210.88760375976562,175.86497497558594,242.16690063476562,130.7325439453125,training,1.0231382846832275,1
263,170.96026611328125,163.9597625732422,176.58604431152344,196.9320831298828,128.75169372558594,training,0.5642370581626892,1
264,171.46334838867188,417.20574951171875,178.24105834960938,451.47686767578125,164.03048706054688,training,2.6653525829315186,1
265,172.0102996826172,140.2073974609375,177.72882080078125,174.0723419189453,167.9047393798828,training,1.2551056146621704,1
266,172.10006713867188,150.3645477294922,177.96119689941406,183.8883514404297,174.3502197265625,training,0.936579704284668,1
267,172.2603759765625,387.8480224609375,178.15203857421875,420.65081787109375,100.66777038574219,training,1.2288318872451782,1
268,172.67584228515625,166.68031311035156,178.96066284179688,199.59471130371094,126.77933502197266,training,0.4777992367744446,1
269,172.8829345703125,215.74864196777344,178.4030303955078,247.19784545898438,121.15692138671875,training,1.0979175567626953,1
270,172.92462158203125,420.8121643066406,180.3439483642578,455.10089111328125,194.97434997558594,training,2.7621309757232666,1
274,173.8822021484375,250.68943786621094,179.2274169921875,281.3302307128906,190.2997589111328,training,1.8581022024154663,1
276,174.70693969726562,286.7976989746094,180.83709716796875,316.1778259277344,170.29092407226562,training,2.811347007751465,1
277,175.13055419921875,365.2933044433594,180.96768188476562,396.110107421875,134.50650024414062,training,1.290668249130249,1
278,175.13055419921875,365.2933044433594,180.96768188476562,396.110107421875,154.47329711914062,training,1.290668249130249,1
279,175.5334014892578,368.58599853515625,180.8979034423828,399.7875061035156,184.09507751464844,training,1.3643248081207275,1
280,176.41529846191406,223.55677795410156,182.09616088867188,255.14901733398438,199.4592742919922,training,1.008130669593811,1
281,176.5248260498047,418.4454040527344,183.74978637695312,452.6542663574219,148.05067443847656,training,2.498789072036743,1
282,176.617919921875,184.29248046875,182.25160217285156,217.0860137939453,91.3509750366211,training,0.4870317280292511,1
283,177.3839111328125,425.0970764160156,184.66615295410156,460.01519775390625,123.2923355102539,training,3.1945950984954834,1
284,177.61973571777344,115.36355590820312,184.26414489746094,149.70669555664062,111.85704803466797,training,1.6138916015625,1
285,177.61973571777344,115.36355590820312,184.26414489746094,149.70669555664062,158.24032592773438,training,1.6138916015625,1
286,177.6681671142578,188.90628051757812,183.65184020996094,221.6482696533203,124.75175476074219,training,0.1717505007982254,1
287,177.716796875,329.56329345703125,183.2069549560547,359.3569641113281,138.97482299804688,training,2.5321738719940186,1
288,177.716796875,329.56329345703125,183.2069549560547,359.3569641113281,130.54501342773438,training,2.5321738719940186,1
289,177.91586303710938,434.8541564941406,185.5862274169922,470.47015380859375,144.01736450195312,training,3.9690423011779785,1
291,178.1895294189453,351.5379333496094,183.69520568847656,381.7303771972656,122.93901062011719,training,2.135291814804077,1
293,180.81336975097656,32.80723571777344,186.66075134277344,68.3130874633789,170.11172485351562,training,2.2129669189453125,1
294,181.18182373046875,133.6466522216797,186.9351806640625,167.92706298828125,128.01953125,training,1.3658779859542847,1
295,181.4092254638672,423.0479431152344,188.6980743408203,457.7327880859375,148.586669921875,training,2.818903684616089,1
296,181.515625,203.5189208984375,187.07675170898438,235.72067260742188,187.98403930664062,training,0.8276913166046143,1
297,181.67970275878906,396.1260070800781,188.71559143066406,429.0054016113281,111.35079956054688,training,0.9224681854248047,1
298,181.8186492919922,290.9266052246094,187.2254638671875,320.9905090332031,151.9605255126953,training,2.556344985961914,1
300,181.92181396484375,365.82708740234375,187.7459716796875,396.4587707519531,219.150634765625,training,1.7063349485397339,1
301,182.38006591796875,40.90593719482422,188.56690979003906,76.25613403320312,128.72451782226562,training,2.065427541732788,1
302,182.812255859375,306.81524658203125,187.34034729003906,336.8169860839844,171.0204620361328,training,3.0849742889404297,1
303,182.81719970703125,73.40863800048828,188.697998046875,108.02983856201172,163.511474609375,training,1.4080485105514526,1
304,183.04396057128906,137.32188415527344,189.5302734375,171.31666564941406,122.5193862915039,training,1.0817279815673828,1
305,183.3748779296875,442.95916748046875,191.17848205566406,478.4955749511719,190.43896484375,training,3.7528750896453857,1
307,183.524169921875,192.5816650390625,189.0100555419922,225.16921997070312,95.02631378173828,training,0.7719013690948486,1
309,184.40280151367188,327.5361022949219,189.80020141601562,357.2803039550781,156.5343475341797,training,2.8640832901000977,1
310,184.5193634033203,314.4508056640625,189.9581756591797,343.8890686035156,116.72189331054688,training,3.166778326034546,1
311,184.52871704101562,373.8771057128906,191.3585205078125,404.8728332519531,184.56434631347656,training,1.2059787511825562,1
312,184.52871704101562,373.8771057128906,191.3585205078125,404.8728332519531,194.96153259277344,training,1.2059787511825562,1
313,184.88839721679688,429.17608642578125,192.51634216308594,463.89459228515625,123.32477569580078,training,2.825059413909912,1
314,185.2845458984375,197.9141387939453,191.5934600830078,229.99290466308594,167.32901000976562,training,0.770499050617218,1
315,185.38784790039062,317.92724609375,191.7375030517578,346.9995422363281,177.7132568359375,training,3.356651544570923,1
316,185.55038452148438,338.8034362792969,191.43875122070312,368.6860656738281,135.29966735839844,training,2.576298713684082,1
317,186.6437530517578,176.77667236328125,192.47483825683594,210.3610076904297,157.63247680664062,training,0.7390763759613037,1
321,189.53892517089844,43.28657531738281,196.13084411621094,78.4725112915039,151.828857421875,training,1.763574242591858,1
322,189.53892517089844,43.28657531738281,196.13084411621094,78.4725112915039,178.80995178222656,training,1.763574242591858,1
323,189.6053009033203,202.45248413085938,195.8237762451172,234.79933166503906,178.72325134277344,training,0.6399949789047241,1
324,189.84716796875,145.0244598388672,195.67233276367188,179.84571838378906,118.19052124023438,training,1.6811249256134033,1
325,189.92648315429688,97.4835205078125,196.8173370361328,132.3140106201172,71.2390365600586,training,1.671302318572998,1
326,189.92648315429688,97.4835205078125,196.8173370361328,132.3140106201172,89.25244903564453,training,1.671302318572998,1
327,190.51943969726562,425.3650207519531,197.865966796875,460.30767822265625,151.17539978027344,training,2.7713797092437744,1
328,190.8076171875,280.7745666503906,196.0638885498047,310.97393798828125,145.90065002441406,training,2.851238965988159,1
329,191.7513885498047,428.939697265625,199.57443237304688,463.55218505859375,103.52777099609375,training,2.5359268188476562,1
330,191.7513885498047,428.939697265625,199.57443237304688,463.55218505859375,124.827880859375,training,2.5359268188476562,1
331,191.81777954101562,347.23101806640625,197.34597778320312,377.1817626953125,185.79827880859375,training,2.8501880168914795,1
332,191.92098999023438,112.18185424804688,198.57313537597656,146.94680786132812,178.2442169189453,training,1.475205898284912,1
333,192.12905883789062,284.003662109375,198.0321502685547,313.89422607421875,118.76026153564453,training,2.954982042312622,1
334,192.46617126464844,117.36017608642578,198.6640167236328,152.43392944335938,235.27218627929688,training,1.7035342454910278,1
336,193.84710693359375,69.61604309082031,201.78265380859375,104.25868225097656,129.47586059570312,training,2.120758533477783,1
339,194.61598205566406,83.12237548828125,201.4727325439453,118.17607879638672,150.93707275390625,training,1.6528892517089844,1
340,194.91587829589844,150.67262268066406,201.3190460205078,185.1828155517578,201.7027587890625,training,1.1827574968338013,1
342,195.35653686523438,426.18603515625,203.1066131591797,460.5970153808594,118.60859680175781,training,2.183422565460205,1
343,195.5626220703125,235.51463317871094,201.06080627441406,266.837646484375,180.41342163085938,training,2.0133492946624756,1
344,195.63104248046875,335.8970947265625,201.0443878173828,366.07745361328125,147.62452697753906,training,2.861240863800049,1
345,195.63104248046875,335.8970947265625,201.0443878173828,366.07745361328125,149.88995361328125,training,2.861240863800049,1
346,196.9698944091797,141.93310546875,203.28099060058594,177.33656311035156,244.29490661621094,training,1.9747507572174072,1
347,196.97312927246094,373.6288146972656,203.5619659423828,404.5997314453125,111.50785064697266,training,1.6583945751190186,1
348,197.1726837158203,431.35992431640625,205.92601013183594,465.848876953125,141.9542236328125,training,2.696890115737915,1
349,197.33358764648438,151.76007080078125,203.65283203125,186.45297241210938,209.07176208496094,training,1.2880865335464478,1
350,198.01133728027344,425.87066650390625,205.4595184326172,460.1867370605469,143.213134765625,training,1.9119600057601929,1
351,198.35679626464844,202.1208953857422,204.58004760742188,234.77696228027344,124.65552520751953,training,0.6635162830352783,1
352,198.70289611816406,444.5492858886719,206.1972198486328,480.4775390625,151.42324829101562,training,3.5476090908050537,1
353,199.40579223632812,165.2089080810547,205.92556762695312,199.47695922851562,163.35543823242188,training,0.8483160138130188,1
354,199.56234741210938,405.34405517578125,206.36859130859375,438.4998779296875,126.16259002685547,training,0.6251732110977173,1
356,199.7786407470703,378.0079345703125,206.1347198486328,409.256103515625,157.54364013671875,training,1.549752950668335,1
357,200.0177001953125,310.6336669921875,206.080322265625,340.6841125488281,147.71255493164062,training,2.9662420749664307,1
359,201.27764892578125,105.82661437988281,208.6166534423828,140.82119750976562,155.66310119628906,training,1.6532753705978394,1
361,201.3260498046875,447.3423767089844,209.33819580078125,483.223388671875,214.03271484375,training,3.509162187576294,1
363,201.43890380859375,339.0572509765625,207.33583068847656,369.0752258300781,123.42609405517578,training,3.019491672515869,1
364,201.50218200683594,442.5798645019531,209.2805633544922,477.40008544921875,169.48745727539062,training,2.4038143157958984,1
366,202.0487823486328,253.89547729492188,207.8124237060547,284.8289794921875,207.45602416992188,training,2.443164348602295,1
367,202.73638916015625,212.45449829101562,209.72515869140625,244.5977020263672,174.00575256347656,training,1.2806447744369507,1
368,203.00221252441406,441.3481140136719,211.3087158203125,476.5231018066406,156.547119140625,training,2.8565175533294678,1
369,203.0915985107422,314.6757507324219,208.901611328125,344.9681091308594,167.746826171875,training,2.913250207901001,1
371,203.86717224121094,415.802490234375,211.26292419433594,449.4763488769531,147.22772216796875,training,1.0372930765151978,1
372,204.45997619628906,186.92721557617188,210.99960327148438,220.6063995361328,141.23385620117188,training,0.17013627290725708,1
373,204.63845825195312,133.77362060546875,211.4654083251953,169.0223846435547,140.22125244140625,training,1.5892508029937744,1
374,204.83595275878906,289.1107482910156,211.23313903808594,319.0452575683594,160.7015838623047,training,3.2518796920776367,1
375,205.08421325683594,266.9814453125,211.10667419433594,297.5587463378906,163.44418334960938,training,2.7723653316497803,1
376,205.43167114257812,162.3819580078125,212.3763427734375,196.87672424316406,176.38026428222656,training,0.960976779460907,1
377,205.45030212402344,278.35467529296875,211.2139892578125,308.844970703125,128.6701202392578,training,2.9203062057495117,1
378,207.1319122314453,154.45458984375,214.19483947753906,189.259033203125,179.3404541015625,training,1.2118223905563354,1
379,207.42462158203125,218.81260681152344,213.68014526367188,251.48468017578125,153.28079223632812,training,0.9328964352607727,1
380,207.71372985839844,93.95574188232422,214.9897003173828,129.92166137695312,163.42276000976562,training,2.2005841732025146,1
381,207.81951904296875,384.4452819824219,214.7091827392578,416.2533874511719,143.34573364257812,training,1.1279832124710083,1
382,207.8803253173828,79.23104858398438,215.6305389404297,114.94026947021484,191.2014617919922,training,2.1970059871673584,1
383,207.8993682861328,330.5911865234375,213.9626007080078,360.6231384277344,102.49390411376953,training,3.2112975120544434,1
384,208.2021026611328,261.2546081542969,213.9732666015625,292.200439453125,132.4839630126953,training,2.636895179748535,1
385,208.55828857421875,73.38152313232422,215.71885681152344,109.48676300048828,100.13990020751953,training,2.205674648284912,1
386,209.40122985839844,434.4352722167969,217.34825134277344,469.04913330078125,148.07431030273438,training,1.9510098695755005,1
387,209.6124267578125,41.00745391845703,216.25070190429688,77.12499237060547,156.78329467773438,training,1.9466731548309326,1
388,210.36888122558594,255.88330078125,216.57704162597656,286.9900207519531,191.0235595703125,training,2.433328628540039,1
389,210.43003845214844,365.5152282714844,217.07899475097656,395.92822265625,144.8102264404297,training,2.693347692489624,1
390,210.6766815185547,43.774566650390625,217.4442138671875,79.9764633178711,178.65609741210938,training,2.025874137878418,1
391,210.76171875,350.3863830566406,216.97120666503906,380.5082702636719,132.04544067382812,training,3.1326863765716553,1
392,211.1211700439453,418.8338317871094,217.86221313476562,452.4400939941406,228.0811309814453,training,0.8753472566604614,1
393,211.27987670898438,226.9717559814453,217.4784393310547,258.84844970703125,99.61927795410156,training,1.810273289680481,1
398,213.6168212890625,341.88031005859375,219.9571075439453,371.8512878417969,101.32127380371094,training,3.372047185897827,1
399,214.23008728027344,49.47034454345703,221.09007263183594,85.89532470703125,226.3978729248047,training,2.1545357704162598,1
400,214.6907958984375,439.1636657714844,222.64385986328125,473.96539306640625,170.6839141845703,training,1.9507665634155273,1
401,214.7634735107422,295.8796081542969,221.0159149169922,326.022705078125,209.2845001220703,training,3.399700880050659,1
402,215.31631469726562,423.66693115234375,222.92221069335938,457.68463134765625,189.38848876953125,training,1.0356556177139282,1
403,215.404541015625,66.23149108886719,222.64016723632812,102.13809204101562,154.8935089111328,training,1.7862435579299927,1
404,215.56980895996094,307.6445007324219,221.56834411621094,337.7017822265625,132.58204650878906,training,3.5448200702667236,1
405,216.0264434814453,443.2872619628906,223.92031860351562,478.6263122558594,128.7788848876953,training,2.4201302528381348,1
406,216.02650451660156,402.0317077636719,223.94581604003906,434.2981262207031,142.37977600097656,training,1.0542597770690918,1
407,216.0554962158203,241.174560546875,222.38922119140625,272.4848327636719,234.59326171875,training,2.4504613876342773,1
408,216.40386962890625,426.8459777832031,224.24269104003906,460.8206481933594,134.10443115234375,training,1.0468852519989014,1
409,216.8283233642578,469.1333923339844,225.11419677734375,505.8716735839844,167.7438507080078,training,3.9191205501556396,1
410,217.03176879882812,291.4327392578125,223.2474822998047,321.8428649902344,140.2889862060547,training,3.2428853511810303,1
411,217.92430114746094,471.77703857421875,226.41873168945312,508.50738525390625,114.24972534179688,training,3.9280295372009277,1
412,218.5192413330078,125.85337829589844,225.93080139160156,161.59326171875,154.35025024414062,training,1.7263339757919312,1
414,219.1924285888672,106.37557220458984,226.38970947265625,142.9775390625,109.79981994628906,training,2.393594264984131,1
415,219.27386474609375,388.9593200683594,226.0670928955078,421.06793212890625,139.87852478027344,training,1.2754989862442017,1
417,220.10968017578125,330.3277282714844,226.51605224609375,360.1441650390625,200.90794372558594,training,3.772934675216675,1
418,220.1146240234375,166.92202758789062,226.7528839111328,201.78860473632812,228.65695190429688,training,0.7880603075027466,1
419,220.29885864257812,341.1958923339844,226.44961547851562,371.6508483886719,103.34408569335938,training,3.2030954360961914,1
420,220.49139404296875,394.8379821777344,227.68606567382812,427.10113525390625,166.32798767089844,training,1.038068413734436,1
422,221.36058044433594,255.92991638183594,227.27789306640625,287.2719421386719,132.21572875976562,training,2.70971941947937,1
423,221.5239715576172,222.2236785888672,228.0972137451172,254.62400817871094,163.8657989501953,training,1.5844004154205322,1
424,222.02975463867188,561.3154907226562,231.4546661376953,597.7074584960938,148.7850799560547,training,3.997178316116333,1
425,222.0953826904297,351.97882080078125,228.9878387451172,382.6104431152344,215.5342254638672,training,2.8883721828460693,1
426,222.12387084960938,376.5670166015625,228.92721557617188,407.8793029785156,193.8040313720703,training,2.1621196269989014,1
427,222.36636352539062,459.2904968261719,230.32876586914062,495.0438537597656,218.68699645996094,training,2.6669681072235107,1
428,222.59498596191406,397.6322937011719,229.4247589111328,430.27044677734375,182.0274658203125,training,0.908814013004303,1
430,222.9553985595703,573.886474609375,231.8321533203125,610.3900756835938,138.4954833984375,training,3.9153308868408203,1
431,222.9937286376953,124.53517150878906,230.49098205566406,160.7490234375,116.9529800415039,training,2.0271260738372803,1
432,223.31903076171875,226.7213134765625,229.64820861816406,259.050537109375,195.53004455566406,training,1.7796576023101807,1
433,223.41058349609375,266.3371887207031,229.64208984375,297.58782958984375,105.50829315185547,training,2.7306318283081055,1
435,223.98428344726562,271.1520690917969,230.9982147216797,301.7788391113281,146.9217529296875,training,3.219759941101074,1
436,224.1680450439453,423.13970947265625,231.76051330566406,457.2040100097656,145.42352294921875,training,0.7644510269165039,1
437,224.24685668945312,412.4363098144531,231.59335327148438,445.82318115234375,178.91339111328125,training,0.1230439841747284,1
438,224.38043212890625,51.1921501159668,231.63607788085938,87.8012924194336,190.1499481201172,training,2.079425811767578,1
439,224.69715881347656,84.76750946044922,232.03060913085938,121.72966766357422,191.0,training,2.5182979106903076,1
440,224.69715881347656,84.76750946044922,232.03060913085938,121.72966766357422,195.27928161621094,training,2.5182979106903076,1
441,225.0511016845703,299.77777099609375,230.9690704345703,330.0335998535156,129.44496154785156,training,3.746950626373291,1
442,226.73265075683594,104.07685089111328,233.97402954101562,141.1105499267578,145.47508239746094,training,2.5502970218658447,1
443,226.74960327148438,558.54833984375,235.45217895507812,594.8311157226562,167.8213348388672,training,3.4782817363739014,1
444,227.01852416992188,358.0550842285156,233.59402465820312,388.7662658691406,110.7564926147461,training,3.029188394546509,1
446,227.587158203125,243.4542694091797,234.28765869140625,274.8327331542969,186.20687866210938,training,2.7128872871398926,1
447,227.70542907714844,322.8708190917969,233.70046997070312,353.1418151855469,79.44180297851562,training,3.744917869567871,1
448,227.7470245361328,341.7724914550781,234.32022094726562,371.8783264160156,179.70530700683594,training,3.6910908222198486,1
450,228.252685546875,397.7769470214844,235.96983337402344,430.0559997558594,168.22900390625,training,1.2711150646209717,1
451,228.8714141845703,408.1836242675781,236.53663635253906,440.95196533203125,181.48829650878906,training,0.757112443447113,1
452,229.24191284179688,129.18362426757812,236.31463623046875,165.64068603515625,93.10209655761719,training,1.9457485675811768,1
453,230.2161102294922,414.7066650390625,237.35223388671875,447.71826171875,198.48928833007812,training,0.6793893575668335,1
454,230.53245544433594,551.1500244140625,239.22752380371094,587.7684326171875,169.242431640625,training,3.647332191467285,1
455,230.67880249023438,340.1756591796875,237.6226348876953,370.1716003417969,153.55780029296875,training,3.8462908267974854,1
456,231.05113220214844,371.0065612792969,238.03395080566406,402.2330017089844,102.21546173095703,training,2.5395963191986084,1
457,231.0729217529297,375.01226806640625,238.02243041992188,406.4210205078125,145.7875213623047,training,2.357247829437256,1
458,231.50209045410156,72.58952331542969,240.04026794433594,108.81086730957031,211.18948364257812,training,2.287097454071045,1
459,231.7635040283203,271.3033752441406,237.99832153320312,302.4659423828125,136.32315063476562,training,3.103120803833008,1
460,232.54940795898438,75.79468536376953,239.57997131347656,113.7038345336914,117.24760437011719,training,3.0968291759490967,1
461,232.56094360351562,138.93629455566406,240.13540649414062,174.80641174316406,166.0692596435547,training,1.4273569583892822,1
462,232.5985870361328,234.66058349609375,239.425537109375,267.0032958984375,172.3281707763672,training,1.9430471658706665,1
463,232.88491821289062,526.1561279296875,241.60595703125,563.1956787109375,178.4908905029297,training,3.906765937805176,1
464,233.2324981689453,208.7545623779297,240.28172302246094,241.79737854003906,159.73416137695312,training,1.3280704021453857,1
465,233.3258514404297,258.66790771484375,240.39114379882812,289.8592224121094,160.85708618164062,training,3.007343053817749,1
466,233.3258514404297,258.66790771484375,240.39114379882812,289.8592224121094,151.03973388671875,training,3.007343053817749,1
467,234.0449981689453,59.63208770751953,241.85818481445312,96.48660278320312,129.7998504638672,training,2.1954846382141113,1
468,234.0449981689453,59.63208770751953,241.85818481445312,96.48660278320312,146.68673706054688,training,2.1954846382141113,1
469,234.35446166992188,444.31341552734375,242.22030639648438,479.57373046875,120.38272094726562,training,1.7044687271118164,1
470,234.81964111328125,287.90948486328125,241.7927703857422,318.1263732910156,178.20213317871094,training,3.9374663829803467,1
471,236.37220764160156,469.7211608886719,245.07150268554688,506.1068115234375,143.08389282226562,training,2.9834744930267334,1
472,236.6128692626953,460.7182922363281,244.8697052001953,496.622802734375,123.3936767578125,training,2.372866630554199,1
473,236.76783752441406,264.90509033203125,242.70379638671875,296.3522033691406,192.22642517089844,training,3.152254343032837,1
474,236.89857482910156,130.23074340820312,244.50489807128906,166.71090698242188,124.69563293457031,training,1.82127046585083,1
475,237.44834899902344,207.65142822265625,244.55323791503906,240.75186157226562,163.9969482421875,training,1.4121284484863281,1
476,237.60031127929688,87.51431274414062,245.35128784179688,124.95178985595703,84.40971374511719,training,2.6375372409820557,1
478,238.10813903808594,219.5123748779297,245.12734985351562,252.85182189941406,190.1709747314453,training,1.167810320854187,1
479,238.48765563964844,146.1827850341797,246.71607971191406,182.43907165527344,105.32805633544922,training,1.9029889106750488,1
480,238.5428466796875,280.6204528808594,245.0312957763672,311.9032287597656,139.22283935546875,training,3.13189435005188,1
482,238.7969512939453,270.5106201171875,245.82763671875,301.552978515625,129.2787628173828,training,3.3034443855285645,1
484,239.07518005371094,559.7139892578125,248.0791778564453,596.3004760742188,173.22239685058594,training,3.4108822345733643,1
485,239.59646606445312,90.53129577636719,247.1406707763672,128.38766479492188,113.03539276123047,training,2.922330379486084,1
486,239.7381591796875,337.5290832519531,246.10911560058594,368.2402038574219,140.7053680419922,training,3.604401111602783,1
487,240.0692138671875,81.38044738769531,248.5653839111328,118.55789184570312,147.3974151611328,training,2.653212308883667,1
488,240.54556274414062,404.1365661621094,248.0150604248047,436.9410705566406,132.89845275878906,training,1.1315175294876099,1
489,240.6423797607422,532.37451171875,249.56297302246094,569.3997192382812,139.19410705566406,training,3.6802868843078613,1
490,241.3719024658203,320.07452392578125,247.87254333496094,350.8133850097656,160.47430419921875,heldout,3.644212484359741,1
491,241.41384887695312,522.6046142578125,250.20750427246094,559.8956298828125,126.75172424316406,training,3.855694055557251,1
492,242.0016632080078,149.71011352539062,249.70143127441406,185.44410705566406,212.6734619140625,training,1.0461369752883911,1
493,242.63926696777344,528.1148071289062,252.6468505859375,564.7865600585938,124.51907348632812,training,3.6930525302886963,1
494,242.815673828125,93.8638916015625,251.38644409179688,131.5439453125,125.33953857421875,training,3.031484842300415,1
495,243.62469482421875,232.28195190429688,250.5281219482422,265.0477294921875,182.33485412597656,heldout,1.9098786115646362,1
496,243.99923706054688,106.93653106689453,251.65936279296875,144.4852294921875,140.1534881591797,training,2.5403735637664795,1
497,244.08631896972656,394.1612243652344,251.0362548828125,426.8965759277344,157.17506408691406,heldout,1.5496482849121094,1
499,244.6333770751953,555.4644165039062,253.57211303710938,592.0692138671875,119.90412902832031,training,3.2006821632385254,1
500,245.10220336914062,133.08078002929688,252.3871612548828,169.8913116455078,181.391845703125,training,1.790999174118042,1
501,245.87586975097656,210.2149200439453,252.65940856933594,243.39236450195312,190.31289672851562,heldout,1.6893781423568726,1
502,245.92054748535156,303.0116271972656,251.9901885986328,334.42926025390625,164.2193603515625,heldout,3.3749144077301025,1
503,245.93812561035156,439.64990234375,254.4114532470703,474.2482604980469,164.8605499267578,training,0.8607164621353149,1
504,246.54087829589844,415.7793273925781,255.24142456054688,449.1146545410156,195.14097595214844,training,1.1170904636383057,1
505,246.83953857421875,139.24777221679688,254.7868194580078,175.7086181640625,104.39827728271484,training,1.6001261472702026,1
506,247.0752410888672,452.9185791015625,255.60202026367188,488.138671875,153.0914764404297,training,1.3978703022003174,1
507,247.31031799316406,579.9407958984375,256.2681884765625,615.90771484375,123.1949691772461,training,2.562164306640625,1
508,247.880615234375,458.7777099609375,257.44287109375,493.8397521972656,123.53946685791016,training,1.9328707456588745,1
509,247.880615234375,458.7777099609375,257.44287109375,493.8397521972656,134.9221954345703,training,1.9328707456588745,1
510,248.43589782714844,199.1337432861328,256.07269287109375,231.97669982910156,144.96206665039062,training,2.0757434368133545,1
511,248.58189392089844,388.082763671875,255.6752166748047,420.93994140625,105.28057861328125,heldout,1.5494046211242676,1
512,249.17404174804688,138.5680694580078,257.4176940917969,175.12925720214844,98.39207458496094,training,1.7576404809951782,1
513,249.23355102539062,79.71392822265625,257.0384216308594,117.84381103515625,121.97541046142578,training,2.8745739459991455,1
514,249.3611602783203,330.81280517578125,256.0022888183594,361.51531982421875,172.60069274902344,heldout,3.8982057571411133,1
515,249.48855590820312,142.6704559326172,257.42596435546875,179.1536865234375,97.28308868408203,training,1.5245734453201294,1
516,249.65213012695312,57.2147216796875,258.92041015625,93.93666076660156,212.07310485839844,training,2.587427854537964,1
517,250.08804321289062,438.3401184082031,258.24737548828125,473.2163391113281,139.48118591308594,training,0.8035323619842529,1
518,250.19776916503906,461.36962890625,258.8702392578125,497.33740234375,146.32156372070312,training,2.0549347400665283,1
519,250.98692321777344,224.1471710205078,257.8033752441406,257.2355041503906,132.52923583984375,heldout,1.912649154663086,1
520,251.13165283203125,536.6472778320312,260.5973205566406,573.5704956054688,204.98292541503906,training,3.3797717094421387,1
521,251.8600311279297,561.5612182617188,261.1640319824219,597.9747314453125,172.44419860839844,training,2.8806700706481934,1
522,252.27537536621094,424.421142578125,259.9013977050781,458.3130798339844,168.0922393798828,training,0.4736081063747406,1
523,252.27537536621094,424.421142578125,259.9013977050781,458.3130798339844,166.73931884765625,training,0.4736081063747406,1
524,252.61767578125,485.9385681152344,261.3955993652344,522.5213012695312,183.54835510253906,training,2.6555440425872803,1
525,252.7275390625,394.3870544433594,260.26177978515625,427.2150573730469,102.42558288574219,heldout,1.555658221244812,1
526,253.2153778076172,343.3479309082031,260.24920654296875,374.3624267578125,211.4001007080078,heldout,3.6025590896606445,1
527,254.04225158691406,114.66051483154297,261.7003173828125,153.3965301513672,145.1309814453125,training,3.3794198036193848,1
528,254.0613250732422,99.39482879638672,262.13299560546875,137.58740234375,123.70933532714844,training,2.889636516571045,1
529,254.51190185546875,497.0891418457031,263.10882568359375,533.6159057617188,208.55455017089844,training,2.530425786972046,1
530,254.7129364013672,248.17486572265625,261.15850830078125,280.1147766113281,147.9898681640625,heldout,3.193971872329712,1
531,254.9561767578125,469.1122741699219,264.4035949707031,505.1618347167969,190.14730834960938,training,2.318333387374878,1
532,255.3662109375,537.9130249023438,264.4067077636719,574.5123901367188,170.57550048828125,training,2.7872679233551025,1
533,255.40753173828125,301.3320007324219,262.50885009765625,332.4499816894531,181.49655151367188,heldout,3.693535327911377,1
534,255.72598266601562,359.9387512207031,261.8877868652344,392.55316162109375,192.68887329101562,heldout,2.5889554023742676,1
535,256.7805480957031,553.9055786132812,265.4493713378906,590.6378173828125,186.5717010498047,training,2.8482882976531982,1
536,257.1688232421875,438.0223083496094,266.1477355957031,472.5018005371094,147.3974151611328,training,0.9041261076927185,1
537,257.54290771484375,87.32843780517578,265.9267883300781,125.4658203125,152.4729461669922,training,2.7934937477111816,1
538,258.3926696777344,422.99517822265625,266.73931884765625,457.0880432128906,147.15298461914062,training,0.4283367693424225,1
539,258.5552978515625,105.16253662109375,266.65673828125,142.79876708984375,168.7809295654297,training,2.2261836528778076,1
540,259.1194152832031,132.22415161132812,267.1816711425781,169.30613708496094,135.5175323486328,training,1.7423272132873535,1
541,259.6040344238281,366.8825378417969,266.8258056640625,399.05401611328125,144.39529418945312,heldout,2.595036506652832,1
542,259.6246032714844,151.3965606689453,266.8479309082031,187.58071899414062,137.2443084716797,training,0.7761768102645874,1
543,259.99468994140625,154.55320739746094,267.5843811035156,190.38755798339844,169.89703369140625,training,0.4292879104614258,1
544,260.0621337890625,408.8891296386719,268.1495056152344,442.0282287597656,207.8917999267578,training,1.3869006633758545,1
545,260.161865234375,68.58378601074219,268.933837890625,106.98727416992188,162.2775421142578,training,3.0740232467651367,1
546,260.3725891113281,222.034912109375,267.3030700683594,255.91290283203125,102.75212860107422,heldout,1.4897584915161133,1
547,260.5228271484375,455.94805908203125,269.0872497558594,491.998046875,138.32569885253906,training,1.7191264629364014,1
548,261.0548095703125,135.81838989257812,269.075927734375,172.96580505371094,165.92166137695312,training,1.7250819206237793,1
549,261.0572509765625,399.66619873046875,268.790771484375,432.36944580078125,143.13978576660156,heldout,1.915829062461853,1
550,261.56427001953125,81.06608581542969,270.0780334472656,119.43384552001953,211.16818237304688,training,2.895777702331543,1
551,261.56427001953125,81.06608581542969,270.0780334472656,119.43384552001953,210.1190185546875,training,2.895777702331543,1
552,261.9630126953125,543.0895385742188,271.0553894042969,579.6670532226562,135.9889678955078,training,2.557698965072632,1
554,262.111328125,327.4028625488281,268.9224548339844,358.6566467285156,192.54869079589844,heldout,3.7896902561187744,1
555,262.4347229003906,443.0210876464844,270.9176330566406,478.47088623046875,178.3956298828125,training,1.012358546257019,1
556,262.47198486328125,391.31170654296875,269.727294921875,423.9671630859375,191.49151611328125,heldout,2.1675784587860107,1
557,262.6485595703125,171.06744384765625,270.816650390625,205.3299102783203,192.63177490234375,training,1.3626009225845337,1
558,262.69952392578125,225.94644165039062,269.2286682128906,259.6009216308594,132.4122314453125,heldout,1.9675291776657104,1
559,263.04254150390625,432.62481689453125,271.6468505859375,467.341064453125,184.99459838867188,training,0.4654451012611389,1
560,263.29669189453125,216.32772827148438,271.4605712890625,249.87783813476562,78.77182006835938,heldout,1.8451772928237915,1
561,263.7087707519531,153.0399627685547,271.24053955078125,188.94688415527344,137.72799682617188,training,0.3485957682132721,1
562,263.7087707519531,153.0399627685547,271.24053955078125,188.94688415527344,128.16395568847656,training,0.3485957682132721,1
563,264.068359375,182.48104858398438,271.51556396484375,216.6177215576172,167.97023010253906,training,1.3359497785568237,1
564,264.3794250488281,593.4564208984375,273.3774108886719,629.1688842773438,192.5175323486328,training,1.7537925243377686,1
565,264.4393310546875,75.90927124023438,272.60443115234375,114.48648071289062,184.01902770996094,training,2.84663462638855,1
566,264.9319763183594,93.04745483398438,273.4212646484375,131.51942443847656,189.5098876953125,training,2.8845465183258057,1
567,265.39239501953125,343.17742919921875,271.9189453125,374.7840576171875,173.74118041992188,heldout,3.6366941928863525,1
568,265.3927001953125,99.22003936767578,272.7820129394531,137.16561889648438,143.18519592285156,training,2.137725830078125,1
569,268.0544128417969,169.46095275878906,275.98309326171875,204.3531036376953,130.4300537109375,training,0.8161888718605042,1
570,268.20416259765625,115.0190200805664,276.276123046875,153.02639770507812,126.10709381103516,training,2.245012044906616,1
571,269.8722839355469,438.083984375,278.47515869140625,473.42547607421875,135.0777587890625,training,0.6710683703422546,1
572,269.8976745605469,176.45062255859375,278.0394592285156,210.88577270507812,196.05355834960938,training,1.3338394165039062,1
573,270.27117919921875,543.6984252929688,279.48944091796875,580.4544677734375,169.35169982910156,training,2.4667093753814697,1
574,270.3080749511719,136.70236206054688,277.8748474121094,174.29647827148438,208.85401916503906,training,1.760543942451477,1
575,270.4563293457031,488.48944091796875,278.9809265136719,525.3945922851562,125.31958770751953,training,2.327683210372925,1
576,271.19976806640625,276.7625427246094,278.2346496582031,308.8132019042969,152.58767700195312,heldout,3.4288289546966553,1
577,271.46405029296875,179.60165405273438,279.0193786621094,214.29571533203125,152.4237518310547,training,1.0326147079467773,1
578,271.6245422363281,510.9403991699219,280.8038330078125,547.9258422851562,172.33978271484375,training,2.537426233291626,1
579,271.8017578125,491.4994812011719,281.34759521484375,528.0301513671875,129.031005859375,training,2.1999661922454834,1
580,272.4617919921875,410.3873291015625,280.5124206542969,444.148193359375,165.4055633544922,training,1.1853913068771362,1
581,273.0302429199219,189.5179901123047,280.6964111328125,224.04054260253906,148.25990295410156,training,1.2129697799682617,1
582,273.06890869140625,74.8298110961914,280.7531433105469,113.40300750732422,121.05370330810547,training,2.4386234283447266,1
583,273.1515197753906,156.88656616210938,281.3053283691406,193.07704162597656,245.94105529785156,training,0.5939603447914124,1
584,273.1515197753906,156.88656616210938,281.3053283691406,193.07704162597656,216.6794891357422,training,0.5939603447914124,1
585,273.1515197753906,156.88656616210938,281.3053283691406,193.07704162597656,231.18606567382812,training,0.5939603447914124,1
586,273.2889099121094,304.7488098144531,279.7301940917969,336.60711669921875,167.78558349609375,heldout,3.818103075027466,1
587,273.550048828125,591.1419067382812,282.6443176269531,626.6988525390625,154.96450805664062,training,1.2926111221313477,1
588,273.95440673828125,376.7648010253906,281.2906799316406,409.61541748046875,167.4932861328125,heldout,2.4108645915985107,1
589,274.2117004394531,381.9868469238281,281.5281066894531,414.9317321777344,170.54031372070312,heldout,2.328401803970337,1
590,274.3243408203125,77.8117446899414,282.6611633300781,116.05104064941406,160.14056396484375,training,2.231625556945801,1
591,275.6141357421875,454.4201965332031,284.4536437988281,490.0370788574219,208.89710998535156,training,0.8468378782272339,1
592,275.872802734375,191.9089813232422,283.7986755371094,226.58824157714844,205.52615356445312,training,1.1449620723724365,1
593,275.9289245605469,214.0205535888672,283.16094970703125,248.36285400390625,114.98695373535156,heldout,1.5291807651519775,1
594,277.1970520019531,290.7593994140625,284.1269226074219,322.4871826171875,144.5441131591797,heldout,3.945143699645996,1
595,277.79595947265625,560.223388671875,286.9877014160156,596.5997314453125,118.78131103515625,training,1.870276689529419,1
597,278.8326721191406,108.14045715332031,287.10125732421875,146.35560607910156,143.923583984375,training,2.0981357097625732,1
598,279.1365966796875,510.5557556152344,288.46630859375,547.479736328125,166.80528259277344,training,2.249375820159912,1
599,279.4564514160156,494.2236633300781,288.2868347167969,531.5630493164062,165.06968688964844,training,2.498136281967163,1
600,279.5740661621094,115.7409896850586,287.9981689453125,153.4815673828125,201.23866271972656,training,1.7052477598190308,1
601,281.4923095703125,90.3680648803711,289.7405090332031,129.14805603027344,155.94229125976562,training,2.4915199279785156,1
602,282.7425842285156,534.0448608398438,291.2676696777344,571.278076171875,174.32728576660156,training,2.429044485092163,1
603,282.82415771484375,406.1942443847656,291.1966247558594,440.2322082519531,115.2865982055664,training,1.2402628660202026,1
604,283.1963806152344,322.4281921386719,290.72393798828125,354.6912536621094,132.0530242919922,heldout,3.4015307426452637,1
605,283.7943420410156,331.57220458984375,291.5883483886719,363.7262268066406,197.38034057617188,heldout,3.4548003673553467,1
606,283.98834228515625,483.9030456542969,294.0860900878906,520.4600219726562,169.57594299316406,training,2.094283103942871,1
607,284.0080871582031,186.43113708496094,292.0635681152344,221.9520263671875,164.69972229003906,training,0.5954140424728394,1
608,284.3345947265625,134.70773315429688,292.2032165527344,173.11962890625,240.5888671875,training,2.1159298419952393,1
609,286.46270751953125,375.8716735839844,294.7154846191406,408.8389892578125,134.04849243164062,heldout,2.5420572757720947,1
612,286.6685485839844,540.7060546875,296.6111755371094,577.5770263671875,162.95704650878906,training,2.239124298095703,1
613,287.6265869140625,231.84475708007812,292.9293212890625,267.6302490234375,156.69078063964844,heldout,2.807051181793213,1
614,288.1588134765625,198.22381591796875,296.0001525878906,233.13475036621094,160.62689208984375,training,1.2959009408950806,1
615,288.2623291015625,96.39701080322266,297.1350402832031,134.59812927246094,140.01785278320312,training,1.974199891090393,1
616,288.71380615234375,325.1770324707031,296.5953063964844,357.6524658203125,153.31666564941406,heldout,3.3149800300598145,1
618,288.9742736816406,442.1870422363281,297.0900573730469,478.0287170410156,195.86985778808594,training,0.7206889390945435,1
619,289.82568359375,513.1991577148438,300.1793212890625,549.9669189453125,161.01553344726562,training,2.243436813354492,1
620,289.8424377441406,139.06744384765625,297.887939453125,176.62008666992188,221.5603790283203,training,1.1009975671768188,1
621,290.4063415527344,357.4342041015625,298.31640625,390.5906677246094,159.24822998046875,heldout,2.5985472202301025,1
623,291.302734375,315.2746887207031,299.0297546386719,347.4201354980469,161.48374938964844,heldout,3.7861995697021484,1
624,292.21331787109375,269.0168762207031,299.2291259765625,301.4555969238281,165.6321258544922,heldout,3.8431997299194336,1
625,293.0749206542969,83.94210052490234,303.20843505859375,121.42798614501953,196.04336547851562,training,2.4203836917877197,1
626,293.1901550292969,596.1090087890625,302.311767578125,631.674072265625,125.67417907714844,training,0.6323080658912659,1
627,293.3759765625,501.08489990234375,302.7861328125,538.2286376953125,161.4125213623047,training,1.9433777332305908,1
628,293.5832824707031,289.05133056640625,300.5404968261719,321.53778076171875,158.5496826171875,heldout,3.818091630935669,1
630,294.57696533203125,326.60040283203125,302.4876708984375,359.6567077636719,167.34097290039062,heldout,2.936891555786133,1
631,294.94256591796875,571.2051391601562,304.5198059082031,607.3253173828125,121.25180053710938,training,1.1615630388259888,1
632,295.423583984375,209.38385009765625,304.4142150878906,243.83924865722656,174.90855407714844,heldout,2.1003823280334473,1
633,295.6605224609375,156.1112060546875,304.36199951171875,192.86001586914062,207.7450408935547,training,0.6744927763938904,1
634,295.8761291503906,417.2050476074219,304.9621276855469,451.5605773925781,173.66346740722656,training,1.3627374172210693,1
635,296.24114990234375,134.43798828125,304.143310546875,172.4854278564453,126.58988952636719,training,1.3657058477401733,1
638,296.42767333984375,497.6030578613281,305.5431213378906,534.8280029296875,233.88885498046875,training,1.8456751108169556,1
639,296.5848388671875,575.7952270507812,306.06964111328125,611.7261962890625,214.0233612060547,training,0.9005278944969177,1
640,297.1554870605469,184.09164428710938,304.9061584472656,220.0699462890625,136.24977111816406,training,0.6818422079086304,1
641,297.3040771484375,539.166259765625,306.5968017578125,576.0804443359375,135.428955078125,training,1.6652100086212158,1
642,297.85540771484375,153.6605224609375,306.573486328125,190.4796142578125,192.44219970703125,training,0.6578541398048401,1
643,297.85540771484375,153.6605224609375,306.573486328125,190.4796142578125,165.21803283691406,training,0.6578541398048401,1
644,298.4229736328125,110.7514877319336,306.7381896972656,149.10595703125,135.89334106445312,training,1.5497171878814697,1
645,298.8560791015625,604.9718627929688,308.73779296875,639.9189453125,189.90786743164062,training,0.6846039295196533,1
646,299.0269775390625,464.9100341796875,308.010498046875,501.3310241699219,185.40496826171875,training,0.8360632658004761,1
647,299.8372802734375,88.81330871582031,308.42462158203125,127.58296966552734,156.94265747070312,training,1.9128934144973755,1
648,300.96649169921875,373.9942626953125,307.9493103027344,408.0424499511719,208.89710998535156,heldout,2.5698177814483643,1
649,301.3226318359375,392.521728515625,309.84454345703125,426.5863952636719,153.25794982910156,heldout,1.8734909296035767,1
650,301.3510437011719,93.39209747314453,310.87091064453125,131.82460021972656,158.24032592773438,training,2.0982418060302734,1
651,302.5099182128906,395.75665283203125,310.6947937011719,429.74176025390625,136.89776611328125,heldout,2.049903392791748,1
652,302.57965087890625,557.1182250976562,312.1985778808594,594.1165161132812,179.50765991210938,training,1.6844946146011353,1
654,302.9959411621094,123.31742095947266,312.2032775878906,161.63510131835938,158.05062866210938,training,1.7698860168457031,1
655,304.30352783203125,353.5301208496094,312.5858459472656,386.5425109863281,196.07395935058594,heldout,3.176253080368042,1
656,304.5731201171875,335.39208984375,313.02313232421875,367.864013671875,182.37872314453125,heldout,3.7700448036193848,1
657,304.88446044921875,459.318115234375,314.1668701171875,495.87481689453125,138.68309020996094,training,0.821749210357666,1
658,304.95367431640625,78.0892333984375,314.5757141113281,116.37232971191406,154.30165100097656,training,1.9573503732681274,1
660,305.6270751953125,578.6824951171875,315.554443359375,614.6905517578125,141.87318420410156,training,0.9012618660926819,1
661,306.0828552246094,69.6014633178711,314.9005126953125,107.983642578125,98.53425598144531,training,1.400850534439087,1
662,306.2957458496094,359.66656494140625,315.64654541015625,392.7644348144531,147.6990203857422,heldout,3.1695194244384766,1
663,306.67791748046875,184.6505889892578,314.580078125,220.14854431152344,178.20213317871094,training,1.4061038494110107,1
664,306.7633361816406,179.085205078125,315.1483459472656,215.1790008544922,152.88230895996094,training,0.7796676754951477,1
665,306.8087463378906,340.01116943359375,314.8113708496094,372.99615478515625,180.34689331054688,heldout,3.379234552383423,1
666,306.8291015625,72.43696594238281,315.9621887207031,110.81241607666016,122.35604095458984,training,1.5749073028564453,1
667,306.97454833984375,595.9891967773438,316.10687255859375,631.5422973632812,137.54998779296875,training,0.25935280323028564,1
668,307.3805847167969,474.3096618652344,317.3194580078125,511.44091796875,156.336181640625,training,1.584418535232544,1
669,308.50531005859375,329.0588684082031,316.5044860839844,361.94305419921875,151.8979949951172,heldout,3.5716023445129395,1
670,309.4107971191406,551.5415649414062,318.9971008300781,588.3883666992188,184.25254821777344,training,1.2690011262893677,1
671,309.45977783203125,595.696044921875,318.7809143066406,631.5394287109375,121.63469696044922,training,0.3821772038936615,1
672,310.2110290527344,194.72015380859375,319.0493469238281,229.4736328125,154.36643981933594,training,2.216505289077759,1
673,310.85137939453125,484.680908203125,320.0374755859375,521.93994140625,134.73678588867188,training,1.353817343711853,1
674,310.9022216796875,417.8682556152344,319.62884521484375,452.9834289550781,157.53729248046875,training,1.0572372674942017,1
677,312.2821350097656,558.0125122070312,322.542724609375,594.7085571289062,194.75112915039062,training,1.3738077878952026,1
678,312.30474853515625,486.0727844238281,321.8605651855469,523.3486938476562,174.81704711914062,training,1.388458490371704,1
679,312.74432373046875,86.8505859375,322.6688232421875,125.547119140625,161.72816467285156,training,2.18911075592041,1
680,313.0462646484375,424.3421325683594,322.6587829589844,460.0603942871094,139.52061462402344,training,0.7708200216293335,1
681,313.0639343261719,175.72845458984375,321.63580322265625,211.86734008789062,126.30914306640625,training,0.963106632232666,1
682,313.0639343261719,175.72845458984375,321.63580322265625,211.86734008789062,124.4829330444336,training,0.963106632232666,1
683,313.0946960449219,492.6133117675781,323.14306640625,530.2021484375,116.40446472167969,training,1.855217695236206,1
684,313.0946960449219,492.6133117675781,323.14306640625,530.2021484375,201.66555786132812,training,1.855217695236206,1
685,313.5564270019531,611.3737182617188,323.0393981933594,646.7974853515625,182.0933837890625,training,0.11772911250591278,1
686,313.9070739746094,506.3760986328125,321.64154052734375,543.7548828125,141.5980224609375,training,2.078758716583252,1
687,315.1727294921875,501.179931640625,325.116943359375,538.3731079101562,194.59445190429688,training,1.399153709411621,1
688,315.3213806152344,232.22747802734375,323.3152770996094,265.69769287109375,140.99290466308594,heldout,3.533137083053589,1
689,315.4468688964844,505.10662841796875,325.1282653808594,542.582275390625,155.81399536132812,training,1.5542372465133667,1
690,316.3244934082031,198.8665313720703,324.21527099609375,235.12646484375,212.53941345214844,training,1.0468251705169678,1
691,316.40374755859375,464.27130126953125,326.7112731933594,501.04144287109375,191.73419189453125,training,1.2973368167877197,1
692,316.6014709472656,73.64521026611328,325.5623779296875,112.64598846435547,207.2124481201172,training,1.6249390840530396,1
694,317.7851257324219,157.92813110351562,325.7764587402344,195.30343627929688,144.41259765625,training,0.44256240129470825,1
695,318.424560546875,420.2115783691406,327.735107421875,455.9190979003906,136.19471740722656,training,0.712347149848938,1
697,319.10821533203125,120.02565002441406,328.2599792480469,158.84371948242188,232.31658935546875,training,1.555646538734436,1
698,319.42108154296875,354.4631042480469,327.9638977050781,388.1084899902344,150.5855255126953,heldout,3.032891273498535,1
699,319.7831726074219,493.6291809082031,329.6649169921875,531.1250610351562,131.6510467529297,training,1.45500648021698,1
700,319.7831726074219,493.6291809082031,329.6649169921875,531.1250610351562,152.105224609375,training,1.45500648021698,1
701,320.3651123046875,486.7183837890625,329.73431396484375,523.9794311523438,163.77423095703125,training,1.0552151203155518,1
702,320.820068359375,597.6400756835938,330.6216735839844,633.4541625976562,123.62847900390625,training,0.23435954749584198,1
703,320.820068359375,597.6400756835938,330.6216735839844,633.4541625976562,111.06755065917969,training,0.23435954749584198,1
704,321.1841125488281,397.0714416503906,329.2742004394531,431.31951904296875,161.30096435546875,heldout,2.510943651199341,1
705,321.5971374511719,324.4837646484375,329.5754089355469,357.73260498046875,117.39676666259766,heldout,3.6991264820098877,1
706,322.22259521484375,122.97216796875,330.61065673828125,162.65306091308594,164.03353881835938,training,2.109313726425171,1
707,322.3448181152344,460.12420654296875,332.47406005859375,497.161865234375,147.74639892578125,training,1.1021229028701782,1
709,322.80157470703125,361.9436950683594,331.8033752441406,395.30010986328125,198.32296752929688,heldout,3.378732204437256,1
710,323.4371643066406,601.572509765625,333.3235778808594,637.6240234375,135.12216186523438,training,0.3058168590068817,1
711,323.9312438964844,400.0342712402344,332.53631591796875,434.81646728515625,173.45028686523438,training,1.92666757106781,1
712,323.9442138671875,420.56475830078125,333.4386291503906,456.7195739746094,159.455322265625,training,0.5131392478942871,1
713,324.0420837402344,174.451904296875,333.256591796875,210.6853790283203,169.15968322753906,training,1.3712650537490845,1
714,324.09661865234375,613.09765625,333.8586730957031,648.6007080078125,136.38914489746094,training,0.3882594108581543,1
716,324.55181884765625,118.68695831298828,333.83465576171875,157.73143005371094,143.28294372558594,training,1.615231990814209,1
717,324.55181884765625,118.68695831298828,333.83465576171875,157.73143005371094,140.62005615234375,training,1.615231990814209,1
718,324.667724609375,511.4755554199219,335.0943908691406,549.4308471679688,184.16567993164062,training,1.9712010622024536,1
719,325.2149963378906,588.431396484375,334.9347839355469,624.9366455078125,131.44200134277344,training,0.5122494101524353,1
720,325.8971862792969,501.9942626953125,336.1641845703125,539.383544921875,113.86395263671875,training,1.3543647527694702,1
721,326.52349853515625,443.5120544433594,335.7496643066406,480.7060546875,175.288330078125,training,0.6324212551116943,1
722,326.74371337890625,418.0824890136719,335.88690185546875,454.26422119140625,187.14166259765625,training,0.48744332790374756,1
723,326.94732666015625,544.8383178710938,336.5979919433594,581.91650390625,127.07084655761719,training,0.8698076009750366,1
724,327.395751953125,575.73876953125,338.0142517089844,612.0838012695312,172.333984375,training,1.018366813659668,1
725,327.5026550292969,344.3283996582031,336.7381591796875,377.4718017578125,168.9674530029297,heldout,3.811998128890991,1
726,328.5429382324219,362.6245422363281,336.7821960449219,396.7827453613281,182.14280700683594,heldout,2.897625684738159,1
727,328.9068908691406,230.26434326171875,336.8623962402344,263.9707336425781,148.9127197265625,heldout,3.793140411376953,1
728,328.9529113769531,505.7683410644531,338.996337890625,543.4651489257812,148.9630889892578,training,1.3956880569458008,1
729,328.9529113769531,505.7683410644531,338.996337890625,543.4651489257812,141.93309020996094,training,1.3956880569458008,1
730,330.4593505859375,597.3318481445312,340.4219665527344,633.6699829101562,147.08160400390625,training,0.3036549985408783,1
731,330.4593505859375,597.3318481445312,340.4219665527344,633.6699829101562,172.68179321289062,training,0.3036549985408783,1
732,330.8770446777344,348.1912536621094,339.2135925292969,381.9968566894531,175.29689025878906,heldout,3.3352057933807373,1
733,330.9491271972656,208.3046112060547,339.8939208984375,243.36416625976562,178.2414093017578,heldout,2.4962997436523438,1
734,330.9491271972656,208.3046112060547,339.8939208984375,243.36416625976562,163.8871612548828,heldout,2.4962997436523438,1
735,331.02099609375,354.1095275878906,339.9711608886719,387.97705078125,132.4122314453125,heldout,3.168680429458618,1
736,331.4691162109375,171.57907104492188,340.1171875,208.12628173828125,135.7350311279297,training,1.1523478031158447,1
737,331.4691162109375,171.57907104492188,340.1171875,208.12628173828125,207.80760192871094,training,1.1523478031158447,1
738,331.5541076660156,397.0583190917969,340.4007873535156,431.4663391113281,181.93954467773438,heldout,2.5193302631378174,1
740,331.71490478515625,234.98239135742188,340.17901611328125,268.7331237792969,143.40850830078125,heldout,3.749410390853882,1
741,331.981689453125,599.8809814453125,341.8810729980469,636.2887573242188,161.26376342773438,training,0.26356011629104614,1
743,332.2911682128906,211.67140197753906,340.71466064453125,246.5610809326172,220.966064453125,heldout,2.7194695472717285,1
744,332.2911682128906,211.67140197753906,340.71466064453125,246.5610809326172,151.6838836669922,heldout,2.7194695472717285,1
745,332.78570556640625,451.0283203125,343.0248718261719,488.3460693359375,158.1865997314453,training,1.0110362768173218,1
746,332.90338134765625,480.6375427246094,343.085693359375,518.0236206054688,106.34848022460938,training,1.0226833820343018,1
747,333.07293701171875,356.3249816894531,341.6614685058594,390.5389099121094,160.89437866210938,heldout,2.93552827835083,1
748,333.77349853515625,593.4912109375,344.137939453125,629.9198608398438,178.9105987548828,training,0.6092053055763245,1
749,333.96771240234375,201.32009887695312,342.2960510253906,236.55831909179688,161.28236389160156,heldout,2.482595205307007,1
750,334.18817138671875,612.4143676757812,344.17803955078125,648.6009521484375,213.33306884765625,training,0.15940989553928375,1
751,334.78289794921875,205.02316284179688,343.6579284667969,239.8438720703125,164.7118682861328,heldout,2.866274118423462,1
752,336.8960266113281,150.29153442382812,346.81805419921875,187.606201171875,126.05950927734375,training,1.3472952842712402,1
753,337.3017578125,352.8150939941406,346.56024169921875,386.7501220703125,152.68922424316406,heldout,3.304572582244873,1
754,338.07318115234375,437.7919921875,348.701416015625,475.1022033691406,189.32247924804688,training,1.2135822772979736,1
755,338.6907958984375,560.9484252929688,348.18768310546875,598.3973999023438,152.75143432617188,training,0.9527832865715027,1
756,338.8570251464844,578.6785278320312,348.6553955078125,616.224365234375,228.89080810546875,training,1.06468665599823,1
758,339.7178039550781,447.38427734375,348.9701843261719,485.3587646484375,158.6568603515625,training,1.0296992063522339,1
760,340.25799560546875,605.4154052734375,350.30181884765625,642.2051391601562,157.64517211914062,training,0.379667729139328,1
761,340.5594787597656,593.717529296875,350.2785949707031,630.5125732421875,154.60919189453125,training,0.35774484276771545,1
762,340.8622741699219,328.9488525390625,349.2205505371094,363.0840759277344,141.6615753173828,heldout,3.422309160232544,1
763,340.9152526855469,451.0408935546875,350.6650390625,488.90985107421875,137.2443084716797,training,0.8869038820266724,1
764,341.6326599121094,228.692626953125,350.23223876953125,262.7770690917969,168.0981903076172,heldout,3.762774705886841,1
765,342.16595458984375,453.9412841796875,352.1429748535156,492.0296936035156,174.3072052001953,training,1.1264511346817017,1
766,342.5143737792969,190.30679321289062,351.2869567871094,225.99468994140625,149.0805206298828,training,2.3083620071411133,1
767,342.82208251953125,334.83868408203125,352.15142822265625,368.6786193847656,196.21417236328125,heldout,3.643773078918457,1
768,343.91143798828125,390.9016418457031,352.7651672363281,426.8418273925781,165.03030395507812,heldout,1.5013805627822876,1
769,344.091796875,184.01119995117188,353.1709289550781,219.911376953125,120.40348815917969,training,2.169029712677002,1
770,344.2083435058594,341.302490234375,353.67510986328125,376.3156433105469,142.8460693359375,heldout,2.4959521293640137,1
771,344.3233337402344,393.6144714355469,353.7223815917969,429.6985778808594,133.6300811767578,heldout,1.239524483680725,1
772,344.3613586425781,194.59689331054688,353.4454650878906,229.9654541015625,148.1046905517578,training,2.66945743560791,1
773,344.38995361328125,83.130859375,353.70477294921875,122.41249084472656,214.57167053222656,training,1.0480388402938843,1
774,344.48504638671875,443.5910339355469,355.027587890625,481.460205078125,151.63113403320312,training,1.1947494745254517,1
775,344.8554382324219,563.1624145507812,355.1059265136719,600.5443725585938,151.32745361328125,training,0.7420046329498291,1
777,346.08135986328125,568.5399169921875,356.4277648925781,606.1323852539062,198.54470825195312,training,0.9388238191604614,1
778,346.2909851074219,212.8345947265625,353.7055969238281,247.9755859375,112.8405990600586,heldout,3.3223023414611816,1
779,346.5373840332031,584.461669921875,356.9142150878906,621.4617309570312,124.18534851074219,training,0.49647629261016846,1
780,346.645751953125,486.4434814453125,356.76580810546875,524.3368530273438,105.87728881835938,training,0.9143102765083313,1
781,347.3292236328125,133.87110900878906,356.8228454589844,172.7520294189453,75.20638275146484,training,0.8178064227104187,1
782,347.3292236328125,133.87110900878906,356.8228454589844,172.7520294189453,65.54387664794922,training,0.8178064227104187,1
783,347.8385925292969,599.499267578125,357.87982177734375,636.3530883789062,143.23406982421875,training,0.15477371215820312,1
784,348.0813293457031,339.33892822265625,356.9690856933594,373.8847351074219,104.65657806396484,heldout,3.133730888366699,1
785,348.4910888671875,551.4637451171875,358.9544982910156,589.1348876953125,187.00267028808594,training,0.9466877579689026,1
787,348.69384765625,586.4887084960938,359.0396728515625,623.7103881835938,154.44093322753906,training,0.55682772397995,1
788,349.3744812011719,515.190185546875,359.3719787597656,553.5260620117188,188.22592163085938,training,1.2931934595108032,1
789,349.4063415527344,118.807861328125,359.4942321777344,157.7135009765625,114.28035736083984,training,1.2930610179901123,1
790,349.5341491699219,487.89141845703125,359.6829528808594,525.93505859375,114.09645080566406,training,0.9609848856925964,1
791,350.03448486328125,608.219970703125,359.9694519042969,644.8580322265625,129.52220153808594,training,0.18675166368484497,1
793,350.44134521484375,148.62469482421875,360.1331481933594,186.2841033935547,147.23789978027344,training,1.0387414693832397,1
794,350.5511474609375,442.3102722167969,360.8270568847656,480.7907409667969,144.84474182128906,training,1.2730727195739746,1
796,352.37677001953125,406.3757019042969,362.130859375,443.736083984375,173.32916259765625,training,0.2156219482421875,1
797,352.7882995605469,149.0130615234375,361.7857666015625,187.46920776367188,190.15257263183594,training,0.017570817843079567,1
798,353.2247009277344,346.89508056640625,361.728271484375,381.6244201660156,158.99371337890625,heldout,3.2079546451568604,1
799,354.298095703125,477.6567687988281,364.08154296875,516.4774169921875,240.863037109375,training,1.4761735200881958,1
800,355.03350830078125,210.55377197265625,363.370849609375,245.99354553222656,181.044189453125,heldout,3.0101356506347656,1
801,355.20257568359375,471.367431640625,366.61932373046875,509.0746154785156,182.20318603515625,training,1.6056678295135498,1
802,355.33685302734375,130.88551330566406,365.0031433105469,170.25257873535156,197.90907287597656,training,0.9997426271438599,1
803,355.8323059082031,139.9669647216797,365.5352478027344,178.50965881347656,167.55894470214844,training,0.6738545894622803,1
804,356.1185607910156,532.3665771484375,365.8796691894531,570.53466796875,152.5647430419922,training,0.9903196692466736,1
806,356.8272399902344,216.33958435058594,365.823974609375,251.31361389160156,173.31185913085938,heldout,3.3979244232177734,1
807,357.3540954589844,591.6385498046875,367.50146484375,628.7616577148438,146.89451599121094,training,0.09059108793735504,1
808,357.6941833496094,420.0478210449219,367.8467712402344,457.8505554199219,124.56725311279297,training,0.42006638646125793,1
810,358.1285400390625,622.6240844726562,368.0330505371094,659.1470947265625,131.52186584472656,training,0.5600018501281738,1
811,358.89788818359375,627.8543701171875,369.2120361328125,663.8200073242188,130.2036895751953,training,0.9922038912773132,1
812,358.93902587890625,489.5381164550781,369.6795654296875,527.9865112304688,183.6491241455078,training,1.2703757286071777,1
814,359.3659362792969,614.5364990234375,370.25286865234375,650.5338134765625,172.40069580078125,training,1.1966303586959839,1
815,359.431396484375,575.3375244140625,369.8075256347656,612.8256225585938,93.12894439697266,training,0.3846684694290161,1
816,359.49163818359375,567.708740234375,369.97711181640625,605.4296875,125.61846923828125,training,0.6247444748878479,1
818,359.99835205078125,329.21844482421875,369.2472229003906,363.5630187988281,158.60643005371094,heldout,3.731844186782837,1
819,360.0632019042969,316.2138671875,368.56512451171875,350.75994873046875,168.50816345214844,training,3.713130235671997,1
820,360.38037109375,463.5690612792969,370.81195068359375,503.04986572265625,209.4874725341797,training,1.9576212167739868,1
823,361.34735107421875,511.5263366699219,372.1360168457031,550.129150390625,201.8043670654297,training,1.3685306310653687,1
824,361.48834228515625,571.289794921875,372.0372619628906,608.971923828125,83.45657348632812,training,0.5625794529914856,1
825,361.48834228515625,571.289794921875,372.0372619628906,608.971923828125,141.42135620117188,training,0.5625794529914856,1
827,362.3189392089844,153.0766143798828,371.8968811035156,190.71165466308594,202.39564514160156,training,1.2030278444290161,1
828,362.5811767578125,127.94522094726562,372.1468811035156,166.9042205810547,206.9589385986328,training,0.45781514048576355,1
829,362.79144287109375,604.2564697265625,372.6562805175781,641.2884521484375,162.94784545898438,training,0.45558759570121765,1
830,363.1826171875,478.51995849609375,373.4414367675781,517.4679565429688,154.09088134765625,training,1.3425889015197754,1
831,363.87200927734375,607.3504638671875,374.5602722167969,644.1428833007812,180.62391662597656,training,0.5403067469596863,1
832,363.9949951171875,420.5633850097656,373.8923034667969,458.992431640625,179.6858367919922,training,0.5644731521606445,1
833,364.44873046875,482.327392578125,375.62884521484375,520.8486938476562,174.1493682861328,training,1.4406520128250122,1
834,364.9986877441406,599.9630126953125,374.9464111328125,637.4417724609375,153.0882110595703,training,0.43936586380004883,1
836,365.4265441894531,330.9446105957031,374.6014404296875,365.7140197753906,127.1023178100586,training,3.4984006881713867,1
837,366.4282531738281,552.6915893554688,376.7568359375,590.956787109375,152.31546020507812,training,0.7992199063301086,1
838,366.8555908203125,474.9452209472656,377.7114562988281,513.6476440429688,116.74758911132812,training,1.2378849983215332,1
839,366.8555908203125,474.9452209472656,377.7114562988281,513.6476440429688,139.2156524658203,training,1.2378849983215332,1
840,367.07110595703125,166.6690673828125,375.984130859375,203.9872283935547,200.23486328125,training,1.6012344360351562,1
841,367.1148681640625,590.366943359375,377.518798828125,628.1771850585938,142.8880615234375,training,0.4558609426021576,1
842,367.16058349609375,576.6102905273438,377.2535400390625,614.4598388671875,121.61003112792969,training,0.48835164308547974,1
844,367.32720947265625,501.4308776855469,377.9676208496094,540.0599975585938,167.08082580566406,training,1.077473759651184,1
845,367.547119140625,456.4400329589844,378.51800537109375,495.2650146484375,190.8009490966797,training,1.3637444972991943,1
846,368.1910705566406,302.4664001464844,377.84722900390625,336.93707275390625,126.87789154052734,training,3.954118251800537,1
847,368.2078857421875,593.3746948242188,379.18951416015625,630.6978759765625,188.55503845214844,training,0.6198340654373169,1
848,368.889892578125,513.5098876953125,379.7526550292969,552.0237426757812,170.51686096191406,training,1.0692144632339478,1
849,368.9833984375,608.367919921875,379.0048828125,645.67626953125,188.73526000976562,training,0.3964562714099884,1
850,369.1925048828125,123.49860382080078,378.6132507324219,163.027099609375,190.22091674804688,training,0.475410521030426,1
851,369.3475036621094,417.6585998535156,379.7099914550781,456.0065002441406,188.3878936767578,training,0.50926274061203,1
852,369.4831237792969,477.92584228515625,379.47283935546875,517.1044921875,101.07917785644531,training,1.3445674180984497,1
853,369.62591552734375,429.28021240234375,380.1309509277344,467.7574768066406,173.95401000976562,training,0.6957085728645325,1
854,369.7394104003906,346.3419494628906,378.9853820800781,381.6957092285156,167.34097290039062,training,3.0119788646698,1
856,369.9493408203125,493.4821472167969,380.9126892089844,532.2962646484375,162.63763427734375,training,1.3030868768692017,1
857,370.2730712890625,152.06089782714844,379.08184814453125,190.09434509277344,178.74563598632812,training,1.1154682636260986,1
858,370.435546875,557.0737915039062,380.81658935546875,595.869384765625,152.33187866210938,training,1.2111437320709229,1
859,370.7275695800781,127.54424285888672,380.1228332519531,166.50909423828125,193.9845428466797,training,0.219309464097023,1
860,370.79949951171875,521.468505859375,381.2951965332031,560.3243408203125,235.75198364257812,training,1.1607005596160889,1
862,372.2942810058594,481.6178894042969,382.5770263671875,520.9420166015625,168.211181640625,training,1.4126904010772705,1
863,372.4090881347656,349.24017333984375,381.95733642578125,384.8691101074219,199.84243774414062,training,2.780174493789673,1
864,372.7514953613281,162.65113830566406,381.7898254394531,200.3166046142578,167.99107360839844,training,1.4482380151748657,1
865,372.9386291503906,524.5474853515625,383.4632263183594,563.4185180664062,118.777099609375,training,1.1150527000427246,1
866,373.2058410644531,418.8187561035156,383.6844482421875,457.5422058105469,221.06785583496094,training,0.7189142107963562,1
868,374.3941650390625,325.158447265625,383.6529541015625,360.1138916015625,188.85708618164062,training,3.6314585208892822,1
870,374.66131591796875,470.21209716796875,385.35882568359375,509.2720947265625,130.9121856689453,training,1.152967095375061,1
871,375.81243896484375,384.8573303222656,386.9344177246094,422.65716552734375,156.38095092773438,training,1.2812745571136475,1
872,375.9269714355469,443.4736328125,387.0531921386719,482.4551086425781,150.42274475097656,training,1.2873525619506836,1
873,376.0442199707031,498.5404968261719,386.5731506347656,538.276611328125,199.2887420654297,training,1.7776490449905396,1
874,376.67425537109375,460.74560546875,387.4482421875,499.9101867675781,163.0736083984375,training,1.188915491104126,1
875,377.0009765625,446.7525329589844,387.5445251464844,486.13720703125,142.99301147460938,training,1.252596139907837,1
876,377.16162109375,450.36077880859375,387.515380859375,490.02606201171875,133.81703186035156,training,1.490281581878662,1
877,377.16162109375,450.36077880859375,387.515380859375,490.02606201171875,114.93911743164062,training,1.490281581878662,1
880,378.0310974121094,627.59521484375,388.3813171386719,663.84619140625,143.8367156982422,training,1.356492042541504,1
881,378.1392822265625,476.7403564453125,389.53558349609375,515.4688720703125,151.7432098388672,training,1.299664855003357,1
882,378.2998352050781,568.9987182617188,388.8314514160156,607.34912109375,160.4898681640625,training,0.5535926818847656,1
883,378.2998352050781,568.9987182617188,388.8314514160156,607.34912109375,159.94374084472656,training,0.5535926818847656,1
884,378.42510986328125,584.0962524414062,387.7873229980469,622.3697509765625,139.39154052734375,training,1.2671881914138794,1
885,378.5035095214844,319.35162353515625,387.4874572753906,354.55194091796875,150.69505310058594,training,3.6080446243286133,1
886,378.6454772949219,336.1495666503906,388.71368408203125,370.9627685546875,179.45472717285156,training,3.8345694541931152,1
887,379.25848388671875,636.21142578125,389.93927001953125,672.1273193359375,173.23971557617188,training,1.6743338108062744,1
888,379.3926696777344,262.5099792480469,388.1078796386719,297.6452941894531,173.49928283691406,training,3.9319560527801514,1
889,379.52667236328125,519.699951171875,391.2289123535156,558.0457153320312,142.81455993652344,training,1.3671951293945312,1
890,380.65057373046875,226.12823486328125,389.23583984375,261.443359375,191.67941284179688,training,3.9400618076324463,1
891,380.6844482421875,470.4625549316406,391.3848571777344,510.0447692871094,113.2298583984375,training,1.4181944131851196,1
892,380.6973876953125,297.15350341796875,389.3973388671875,332.2564392089844,170.7190704345703,training,3.9186742305755615,1
893,380.7048034667969,389.53399658203125,391.7265930175781,427.32501220703125,229.8434295654297,training,1.1963136196136475,1
894,381.29022216796875,132.0177459716797,391.0245361328125,170.31446838378906,194.61500549316406,training,1.1995658874511719,1
895,381.3579406738281,265.5588073730469,390.52789306640625,300.76776123046875,117.51170349121094,training,3.82496976852417,1
898,382.4762268066406,542.8283081054688,392.93206787109375,581.4845581054688,176.3320770263672,training,0.6277214884757996,1
899,382.65301513671875,137.61209106445312,392.2792053222656,175.6142578125,176.1902313232422,training,1.490175724029541,1
900,383.04315185546875,484.7459716796875,393.9241638183594,523.5674438476562,175.03428649902344,training,0.7768970131874084,1
901,383.9244079589844,115.4257583618164,393.00506591796875,154.89920043945312,246.0955047607422,training,0.392540842294693,1
902,384.8451232910156,393.4038391113281,395.67913818359375,431.9410705566406,166.87420654296875,training,0.6883251667022705,1
903,385.3031005859375,527.8658447265625,395.5111999511719,566.70166015625,180.939208984375,training,0.7204022407531738,1
904,385.4893493652344,362.89276123046875,395.9586486816406,400.86083984375,115.68059539794922,training,0.8886545896530151,1
905,385.6693420410156,488.4540100097656,396.3895263671875,527.7457885742188,153.38839721679688,training,1.0150666236877441,1
906,386.12432861328125,174.5816192626953,394.710205078125,213.28662109375,194.9076690673828,training,1.2952193021774292,1
907,386.12432861328125,174.5816192626953,394.710205078125,213.28662109375,208.4178466796875,training,1.2952193021774292,1
908,386.1445617675781,536.0388793945312,397.0567321777344,575.3720703125,179.25958251953125,training,1.2221922874450684,1
909,386.463623046875,341.25970458984375,395.234375,377.4344177246094,119.05880737304688,training,2.9937710762023926,1
910,386.609375,271.91583251953125,395.35992431640625,307.3814697265625,192.94039916992188,training,3.8386106491088867,1
911,386.9893493652344,102.4738998413086,396.595458984375,140.63992309570312,212.26634216308594,training,1.5921417474746704,1
912,387.323486328125,523.3416748046875,398.5638427734375,562.3995971679688,124.49899291992188,training,1.0793017148971558,1
913,387.33282470703125,513.1992797851562,398.0303955078125,552.654296875,216.51559448242188,training,1.1798412799835205,1
914,388.51080322265625,369.1063232421875,398.9627380371094,407.74658203125,130.6751708984375,training,0.3612515926361084,1
915,388.9013366699219,324.75152587890625,398.3609313964844,359.9677429199219,211.71206665039062,training,3.8486127853393555,1
916,389.1136474609375,349.3332824707031,400.093994140625,385.8138427734375,156.44168090820312,training,2.604321002960205,1
917,389.216552734375,573.56640625,399.7658386230469,611.8442993164062,138.81642150878906,training,0.1870657205581665,1
918,389.7718811035156,397.8008117675781,400.4616394042969,436.3489074707031,156.00961303710938,training,0.5011866688728333,1
919,389.87506103515625,500.2662048339844,400.5727233886719,539.4107055664062,126.10709381103516,training,0.7479328513145447,1
921,390.7813415527344,625.5894775390625,401.2895202636719,662.1179809570312,101.10884857177734,training,1.5090466737747192,1
922,390.8537902832031,544.0196533203125,401.45654296875,582.8019409179688,125.80540466308594,training,0.4855550527572632,1
923,390.9234924316406,334.0610046386719,400.9544982910156,369.6955871582031,147.89523315429688,training,3.417607307434082,1
924,390.947509765625,507.492431640625,401.68267822265625,546.5897827148438,133.88427734375,training,0.6941632032394409,1
926,391.26226806640625,453.5160217285156,401.601806640625,493.6914978027344,200.95272827148438,training,1.542490005493164,1
927,391.4945983886719,447.93902587890625,402.41845703125,487.9748840332031,133.4053955078125,training,1.4695255756378174,1
928,392.0160827636719,629.7086791992188,402.5238037109375,666.1187133789062,96.81941986083984,training,1.656412124633789,1
929,392.3634948730469,549.2194213867188,403.85211181640625,587.675537109375,107.72650909423828,training,0.8313003182411194,1
930,392.8663330078125,312.5425720214844,401.9036560058594,348.0274963378906,158.63479614257812,training,3.853243350982666,1
931,392.9761047363281,621.9590454101562,403.26080322265625,658.8921508789062,167.3110809326172,training,1.2887059450149536,1
933,393.4999084472656,371.7878723144531,403.9399108886719,410.2295837402344,185.15399169921875,training,0.5905447602272034,1
934,393.585205078125,513.6561889648438,404.70806884765625,552.7644653320312,115.5941162109375,training,0.8058525323867798,1
935,394.0481262207031,315.27215576171875,403.6013488769531,350.6481018066406,171.9593048095703,training,3.8854029178619385,1
936,396.1857604980469,282.5951232910156,405.8583679199219,318.2623596191406,144.89306640625,training,3.7608401775360107,1
937,396.4942932128906,570.4474487304688,406.9407653808594,608.547119140625,183.23208618164062,training,0.4475664496421814,1
938,396.8657531738281,640.885986328125,407.4297180175781,677.1448364257812,179.251220703125,training,1.9306919574737549,1
939,397.1680603027344,123.19165802001953,406.2784729003906,161.33349609375,189.86837768554688,training,1.956869125366211,1
940,398.3775939941406,265.7003479003906,407.7752685546875,301.6457214355469,116.8759994506836,training,3.6551809310913086,1
941,398.4889831542969,387.9414367675781,408.39862060546875,427.3590087890625,208.74147033691406,training,0.5588849186897278,1
942,399.2710266113281,505.7060852050781,409.78497314453125,545.6131591796875,165.9276885986328,training,1.2097582817077637,1
943,399.6752014160156,458.3615417480469,410.264892578125,498.1810302734375,147.1156005859375,training,0.9287421107292175,1
944,400.0719909667969,551.71728515625,411.3945007324219,590.4705200195312,108.66461944580078,training,0.549212634563446,1
946,400.626708984375,489.6580810546875,411.7306823730469,528.8682250976562,143.72543334960938,training,0.5971585512161255,1
947,400.99749755859375,278.21337890625,411.11859130859375,314.1847229003906,149.22467041015625,training,3.6076767444610596,1
948,401.6751403808594,397.2856140136719,412.57135009765625,436.1903076171875,159.87808227539062,training,0.5215285420417786,1
949,402.4189147949219,639.2460327148438,412.8996276855469,675.246826171875,158.62535095214844,training,2.403137683868408,1
950,403.80523681640625,284.9886474609375,413.9005126953125,321.1526184082031,126.30914306640625,training,3.483926296234131,1
951,404.4565734863281,601.4296264648438,415.15203857421875,638.8683471679688,119.33985137939453,training,1.1379926204681396,1
952,404.65283203125,569.0369873046875,415.771484375,607.4085693359375,99.7296371459961,training,0.3442911207675934,1
953,405.4388732910156,495.6280517578125,416.9123840332031,534.75439453125,183.35757446289062,training,0.7385199666023254,1
954,405.5486755371094,543.7980346679688,415.2816162109375,583.1346435546875,244.38494873046875,training,1.275334119796753,1
955,405.6944580078125,198.71566772460938,413.1766052246094,236.1949005126953,198.23471069335938,training,3.5936617851257324,1
956,406.03460693359375,358.3091125488281,417.13946533203125,396.3415832519531,133.7161102294922,training,1.5763927698135376,1
957,406.66070556640625,430.5995788574219,417.9193115234375,470.6890563964844,204.61671447753906,training,1.0821704864501953,1
959,408.2253112792969,453.0506591796875,418.99212646484375,493.0274658203125,141.2869415283203,training,0.7914575338363647,1
960,408.4765930175781,520.5093383789062,419.5660095214844,559.89013671875,191.00523376464844,training,0.4786437153816223,1
962,408.5857238769531,281.6387023925781,418.16632080078125,318.7088623046875,231.8965301513672,training,2.8315722942352295,1
963,408.8169250488281,400.437744140625,419.13653564453125,440.0348205566406,138.22445678710938,training,0.3287557065486908,1
964,409.45477294921875,456.4696960449219,420.9344787597656,496.15338134765625,141.53797912597656,training,0.8843783140182495,1
965,409.6644287109375,560.9915161132812,420.44573974609375,600.35205078125,159.27963256835938,training,0.5533106923103333,1
966,409.9178161621094,530.6587524414062,421.2743835449219,569.9722290039062,118.224365234375,training,0.5578325986862183,1
967,410.1571044921875,597.7871704101562,421.28173828125,634.968017578125,135.8123779296875,training,1.552432656288147,1
968,410.28497314453125,404.8896179199219,421.565185546875,444.1712951660156,133.2291259765625,training,0.6804519295692444,1
969,410.8818664550781,497.054931640625,421.447998046875,537.1444702148438,137.8985137939453,training,1.014084815979004,1
970,411.6128234863281,354.01641845703125,422.544677734375,392.9951477050781,125.67020416259766,training,0.7941007614135742,1
971,411.7130432128906,285.30517578125,421.5358581542969,322.445556640625,164.17063903808594,training,2.8105671405792236,1
972,411.7670593261719,481.6044921875,422.3509216308594,521.563232421875,166.46621704101562,training,0.796715497970581,1
973,411.7670593261719,481.6044921875,422.3509216308594,521.563232421875,158.67576599121094,training,0.796715497970581,1
974,412.1156005859375,648.6456909179688,422.5108947753906,684.5802001953125,126.73200225830078,training,2.8130428791046143,1
975,412.1156005859375,648.6456909179688,422.5108947753906,684.5802001953125,134.82582092285156,training,2.8130428791046143,1
977,412.8197326660156,635.1895141601562,423.1771545410156,671.7131958007812,211.8584442138672,training,2.330946683883667,1
978,413.3624572753906,536.0335083007812,424.200927734375,575.5431518554688,119.18053436279297,training,0.4769406318664551,1
979,413.7276306152344,360.1458740234375,423.9831237792969,399.45526123046875,117.72000885009766,training,0.49734801054000854,1
980,414.3900451660156,301.35162353515625,423.9812927246094,338.31561279296875,227.40272521972656,training,3.0839409828186035,1
981,416.0158996582031,474.8202819824219,427.1742248535156,514.5782470703125,124.25376892089844,training,0.4788895547389984,1
982,416.11151123046875,306.28466796875,427.0505676269531,342.5959777832031,191.91925048828125,training,3.688727617263794,1
983,416.29449462890625,448.2971496582031,427.447021484375,488.55255126953125,195.3304901123047,training,0.8528331518173218,1
984,416.29449462890625,448.2971496582031,427.447021484375,488.55255126953125,166.19265747070312,training,0.8528331518173218,1
985,416.56890869140625,257.5802001953125,426.21209716796875,294.085693359375,161.26995849609375,training,3.723264217376709,1
986,416.884033203125,366.8078308105469,428.4194641113281,405.95404052734375,158.2498016357422,training,1.101263403892517,1
987,416.884033203125,366.8078308105469,428.4194641113281,405.95404052734375,106.11785888671875,training,1.101263403892517,1
988,417.1259460449219,451.10595703125,428.3973693847656,491.1563720703125,210.51365661621094,training,0.7074403166770935,1
989,418.0093994140625,569.9254760742188,429.7189636230469,609.0474853515625,173.8361358642578,training,0.5549288988113403,1
990,418.8019714355469,655.0035400390625,428.97003173828125,690.911376953125,205.74984741210938,training,3.1443703174591064,1
991,418.83770751953125,517.38134765625,430.5942077636719,556.652587890625,145.44415283203125,training,0.7174490690231323,1
992,419.1689147949219,502.6069030761719,430.32159423828125,542.319091796875,206.7002716064453,training,0.37403517961502075,1
993,419.66357421875,417.05706787109375,430.6638488769531,457.3570251464844,132.0568084716797,training,0.6409939527511597,1
994,419.6886291503906,605.936279296875,430.6485290527344,643.0887451171875,134.0,training,1.887605905532837,1
995,419.6886291503906,605.936279296875,430.6485290527344,643.0887451171875,118.76026153564453,training,1.887605905532837,1
996,419.9938659667969,479.90789794921875,431.1329040527344,519.52490234375,108.7474136352539,training,0.22329407930374146,1
997,419.9938659667969,479.90789794921875,431.1329040527344,519.52490234375,107.41973876953125,training,0.22329407930374146,1
999,420.20513916015625,379.9239501953125,431.3348693847656,419.7868347167969,146.396728515625,training,0.4074547588825226,1
1000,421.3045654296875,505.7062683105469,432.9552001953125,545.3131103515625,150.900634765625,training,0.6246895790100098,1
1001,421.4509582519531,486.73028564453125,432.3958435058594,526.4188232421875,170.59307861328125,training,0.20093317329883575,1
1002,421.532470703125,613.2395629882812,432.1676330566406,650.64111328125,176.82476806640625,training,1.7840677499771118,1
1003,421.78277587890625,545.9779663085938,432.6153869628906,584.9432983398438,131.8446044921875,training,0.4662669897079468,1
1004,422.00323486328125,508.5453796386719,432.9830322265625,548.3728637695312,174.7598419189453,training,0.40037867426872253,1
1005,422.0956115722656,419.5405578613281,433.5714416503906,459.69305419921875,130.4300537109375,training,0.7363384962081909,1
1007,422.1746826171875,511.5650329589844,434.1791076660156,550.9334716796875,220.00909423828125,training,0.9244086146354675,1
1008,422.3519592285156,338.5693359375,432.9283142089844,378.0696105957031,126.71621704101562,training,0.563235342502594,1
1009,422.4677734375,608.8239135742188,432.93890380859375,646.3866577148438,172.30496215820312,training,1.7546510696411133,1
1010,422.64093017578125,490.0634765625,434.2181701660156,529.7145385742188,158.6505584716797,training,0.554799497127533,1
1011,422.68670654296875,325.7203674316406,433.559326171875,363.8373107910156,130.85105895996094,training,2.0121665000915527,1
1012,422.68670654296875,325.7203674316406,433.559326171875,363.8373107910156,144.54757690429688,training,2.0121665000915527,1
1013,423.1707458496094,353.01751708984375,434.11016845703125,392.55828857421875,164.1371307373047,training,0.544013500213623,1
1014,423.2573547363281,274.6353759765625,433.18670654296875,311.7944641113281,124.39855194091797,training,3.210681438446045,1
1015,423.4316101074219,341.6686096191406,434.50030517578125,381.0749206542969,123.02845001220703,training,0.7776284217834473,1
1017,423.8910217285156,493.86181640625,434.9474182128906,533.7255249023438,154.48948669433594,training,0.31209397315979004,1
1018,424.1222229003906,587.477294921875,434.53106689453125,625.40771484375,112.21408081054688,training,1.5728455781936646,1
1019,424.65814208984375,435.7445983886719,435.4231262207031,476.0337219238281,156.60140991210938,training,0.5328459143638611,1
1020,424.8022155761719,376.9950256347656,435.3009338378906,417.28778076171875,157.53094482421875,training,0.41598546504974365,1
1021,424.9102783203125,407.0179138183594,436.10955810546875,447.34527587890625,127.63619995117188,training,0.5426933765411377,1
1022,425.2017822265625,549.3803100585938,435.904541015625,588.8926391601562,129.43724060058594,training,0.5374669432640076,1
1023,425.4241027832031,565.1788940429688,436.93853759765625,603.983642578125,147.39064025878906,training,0.5941071510314941,1
1024,425.67266845703125,524.9972534179688,436.69818115234375,564.4808349609375,126.9566879272461,training,0.15032458305358887,1
1025,426.1379699707031,646.9904174804688,437.0809631347656,682.701904296875,174.9142608642578,training,3.4085910320281982,1
1026,426.17315673828125,255.7703399658203,435.24456787109375,293.22955322265625,241.82017517089844,training,3.3476240634918213,1
1027,426.5874938964844,529.0411987304688,437.669189453125,568.5537109375,159.1383056640625,training,0.1190236285328865,1
1028,426.8545837402344,637.99609375,437.4302062988281,674.6652221679688,156.57266235351562,training,2.622145891189575,1
1029,426.9420471191406,501.1955261230469,438.1820983886719,540.8410034179688,179.12286376953125,training,0.10426466912031174,1
1030,427.1714782714844,630.9581298828125,437.64013671875,667.30078125,202.24490356445312,training,2.9949660301208496,1
1031,427.1714782714844,630.9581298828125,437.64013671875,667.30078125,199.92498779296875,training,2.9949660301208496,1
1032,427.57513427734375,568.5416870117188,438.1960144042969,607.4393920898438,151.12908935546875,training,0.8596084117889404,1
1033,427.57513427734375,568.5416870117188,438.1960144042969,607.4393920898438,157.58489990234375,training,0.8596084117889404,1
1034,427.8241271972656,484.75830078125,438.7587585449219,524.8638916015625,176.340576171875,training,0.43143072724342346,1
1035,429.08551025390625,641.070556640625,439.86993408203125,677.4806518554688,138.28955078125,training,2.8793675899505615,1
1036,429.4014892578125,347.8874206542969,440.5545654296875,387.39874267578125,202.81765747070312,training,0.8218376636505127,1
1037,429.43499755859375,422.10015869140625,440.3152160644531,462.8630065917969,117.43083190917969,training,0.7807886004447937,1
1038,429.5755310058594,607.8064575195312,439.8577880859375,645.8692626953125,99.46356201171875,training,1.7200078964233398,1
1040,429.96820068359375,489.5163879394531,441.3309326171875,529.3135375976562,138.44493103027344,training,0.20473264157772064,1
1041,429.9706726074219,411.6377258300781,441.60162353515625,452.78533935546875,219.13694763183594,training,1.287527084350586,1
1042,430.76409912109375,616.1195068359375,441.78546142578125,653.1530151367188,168.81350708007812,training,2.3509092330932617,1
1043,430.86224365234375,628.9468383789062,441.87506103515625,665.4777221679688,154.05519104003906,training,2.8104519844055176,1
1044,430.8978271484375,393.55877685546875,441.9286193847656,434.3172302246094,201.2560577392578,training,0.6263660788536072,1
1045,431.50042724609375,322.5375061035156,442.1103820800781,362.0557556152344,189.842041015625,training,0.9092928767204285,1
1046,431.60992431640625,644.4202880859375,442.1229248046875,680.5878295898438,172.07847595214844,training,3.272458791732788,1
1047,431.73193359375,587.3642578125,442.0341796875,625.1553344726562,109.21080780029297,training,2.0259041786193848,1
1048,431.8955383300781,593.5394897460938,443.6615295410156,631.0518798828125,152.3351593017578,training,1.9683912992477417,1
1049,432.2968444824219,486.2043762207031,443.4378662109375,525.8991088867188,163.36769104003906,training,0.16599588096141815,1
1052,432.6570129394531,539.3408203125,444.8103942871094,578.1297607421875,166.81427001953125,training,1.2092173099517822,1
1053,432.7276916503906,478.0606994628906,443.6800537109375,518.162353515625,205.5577850341797,training,0.30631181597709656,1
1054,432.7276916503906,478.0606994628906,443.6800537109375,518.162353515625,142.00352478027344,training,0.30631181597709656,1
1055,433.6061706542969,576.948974609375,444.0884704589844,615.0194091796875,165.5203857421875,training,1.7790539264678955,1
1056,433.9775695800781,374.14544677734375,445.13250732421875,414.6258239746094,150.900634765625,training,0.2725061774253845,1
1057,433.9864501953125,630.7711791992188,444.41229248046875,667.5250244140625,123.2112045288086,training,2.8773415088653564,1
1058,434.56915283203125,648.479248046875,445.57379150390625,684.1634521484375,180.47991943359375,training,3.7149059772491455,1
1059,434.8568420410156,559.1893310546875,445.98052978515625,597.9385375976562,197.1598358154297,training,0.9706788063049316,1
1060,435.0806884765625,556.435546875,447.30755615234375,594.3457641601562,160.00936889648438,training,1.9586517810821533,1
1061,435.1083984375,386.6430969238281,446.6686096191406,426.8196105957031,196.36190795898438,training,0.5800409317016602,1
1062,435.7058410644531,324.10693359375,446.88519287109375,363.7006530761719,156.60140991210938,training,1.0059453248977661,1
1064,436.3309326171875,655.7686157226562,446.83050537109375,691.6688232421875,199.72230529785156,training,3.6717286109924316,1
1067,436.9816589355469,601.2720336914062,447.67681884765625,638.8095703125,177.11013793945312,training,2.228879451751709,1
1068,437.3916931152344,481.09527587890625,448.6920166015625,521.2208862304688,147.77685546875,training,0.09518076479434967,1
1069,437.6124267578125,335.6058349609375,448.5448303222656,375.8306579589844,137.2151641845703,training,0.34070295095443726,1
1071,438.1170654296875,532.1045532226562,449.10015869140625,571.7237548828125,124.3864974975586,training,0.49469873309135437,1
1072,439.1352844238281,487.35736083984375,450.3042297363281,527.23583984375,171.54299926757812,training,0.23961691558361053,1
1074,440.3442077636719,589.45556640625,451.4733581542969,626.964599609375,122.6580581665039,training,2.2818338871002197,1
1077,441.84906005859375,410.72772216796875,453.00042724609375,452.1992492675781,158.13917541503906,training,1.0379765033721924,1
1078,441.8696594238281,623.2457885742188,452.688232421875,660.0552368164062,125.78553009033203,training,2.995026111602783,1
1079,442.41400146484375,524.3071899414062,452.9847106933594,563.9736938476562,188.71937561035156,training,0.9655410051345825,1
1081,443.0164794921875,532.1883544921875,454.44464111328125,571.2828369140625,119.96249389648438,training,0.9443141222000122,1
1083,443.2015380859375,606.074951171875,454.29736328125,642.8594970703125,169.3398895263672,training,3.0492539405822754,1
1084,443.3161315917969,542.8990478515625,454.6695861816406,582.0680541992188,137.6008758544922,training,0.8556926250457764,1
1085,444.1761779785156,546.7348022460938,456.2799072265625,585.7003173828125,215.64089965820312,training,1.195914626121521,1
1086,444.3662414550781,619.7559814453125,455.1358947753906,656.6259155273438,134.95555114746094,training,3.051845073699951,1
1088,446.91845703125,549.9148559570312,457.97991943359375,588.8126831054688,162.29910278320312,training,1.3171517848968506,1
1089,447.3672180175781,341.2947692871094,458.7876281738281,381.6576232910156,145.7738037109375,training,0.5982177257537842,1
1090,447.5772705078125,605.7726440429688,457.8739013671875,643.21044921875,234.5634307861328,training,2.877115488052368,1
1091,448.13189697265625,620.8441772460938,458.9045104980469,657.6707763671875,124.04031372070312,training,3.2256827354431152,1
1092,448.4294128417969,423.3358459472656,459.5623474121094,464.42413330078125,224.78211975097656,training,0.51743084192276,1
1093,449.5481262207031,412.4029541015625,460.7598876953125,453.8636474609375,170.85665893554688,training,0.7878601551055908,1
1094,449.7240905761719,561.1367797851562,461.0283203125,599.8819580078125,98.21405029296875,training,1.454238772392273,1
1095,450.3175964355469,543.59130859375,461.78021240234375,582.5700073242188,110.7926025390625,training,1.2675271034240723,1
1096,450.82000732421875,474.4859313964844,462.7883605957031,514.7625122070312,166.30694580078125,training,0.537064790725708,1
1097,451.1412353515625,298.1058349609375,462.3697814941406,336.8798522949219,135.58023071289062,training,2.372067928314209,1
1098,451.1805725097656,444.30584716796875,462.6375732421875,485.1435546875,164.02134704589844,training,0.22554738819599152,1
1099,451.5843811035156,427.0478820800781,462.3748779296875,469.13323974609375,236.70445251464844,training,1.5107500553131104,1
1100,452.0662841796875,498.9993591308594,462.7288818359375,539.1705322265625,145.35130310058594,training,0.9403905272483826,1
1101,452.0662841796875,498.9993591308594,462.7288818359375,539.1705322265625,172.9219512939453,training,0.9403905272483826,1
1102,452.38140869140625,277.4089660644531,462.96136474609375,315.81976318359375,152.21038818359375,training,2.8763439655303955,1
1103,452.579833984375,264.43218994140625,462.7711486816406,302.48699951171875,62.07253646850586,training,3.348153829574585,1
1104,453.44830322265625,477.23699951171875,464.25726318359375,517.90185546875,167.29913330078125,training,0.7272599935531616,1
1105,454.0306701660156,314.6316833496094,465.0884704589844,355.2257385253906,137.77517700195312,training,0.5854969620704651,1
1106,454.0727844238281,268.8879089355469,464.3470153808594,307.36688232421875,168.80462646484375,training,2.95721435546875,1
1107,454.9721984863281,482.4140319824219,466.5390319824219,522.451171875,117.49042510986328,training,0.5668992400169373,1
1108,455.6668395996094,321.4254455566406,467.13409423828125,362.02923583984375,112.02677917480469,training,0.6633127331733704,1
1109,456.06500244140625,608.9616088867188,467.2738342285156,645.9691772460938,163.65512084960938,training,3.253483772277832,1
1110,456.2336120605469,575.2158813476562,467.64349365234375,613.4840087890625,122.53570556640625,training,2.085524082183838,1
1111,456.23809814453125,277.9433898925781,467.10595703125,316.602294921875,123.0,training,2.726933479309082,1
1112,456.9849853515625,594.3786010742188,468.1271667480469,632.4365844726562,170.2410125732422,training,2.330742359161377,1
1113,457.4148864746094,465.4355773925781,469.0701599121094,505.9424743652344,101.78899383544922,training,0.2526206374168396,1
1114,457.8759460449219,265.05352783203125,468.1034240722656,303.4270935058594,108.46197509765625,training,3.2182517051696777,1
1115,459.1962890625,449.7915954589844,470.83575439453125,490.6236877441406,126.3210220336914,training,0.08322614431381226,1
1116,459.40673828125,469.3336486816406,471.10943603515625,509.81158447265625,118.80236053466797,training,0.3297736346721649,1
1117,459.5146789550781,526.019775390625,470.97943115234375,565.295166015625,124.94799041748047,training,1.3517884016036987,1
1118,459.8962707519531,373.9265441894531,471.7254943847656,415.5227355957031,120.40763854980469,training,0.6280194520950317,1
1120,460.845703125,542.9450073242188,472.3539123535156,581.9881591796875,85.11756896972656,training,1.5664317607879639,1
1121,460.8988342285156,485.8310546875,472.3504943847656,526.2242431640625,190.05789184570312,training,0.45247402787208557,1
1122,461.1028747558594,327.91778564453125,472.67156982421875,369.0595703125,150.97019958496094,training,0.35074368119239807,1
1124,461.6362609863281,535.2666015625,472.9661865234375,574.44677734375,130.11532592773438,training,1.5299235582351685,1
1125,462.51007080078125,445.52142333984375,473.8264465332031,486.90234375,162.18199157714844,training,0.4937190115451813,1
1126,462.9266052246094,383.1929626464844,474.5433044433594,425.2691955566406,143.85409545898438,training,0.8725426197052002,1
1127,463.0179138183594,303.0675964355469,474.7104187011719,343.5921936035156,205.97572326660156,training,1.0731570720672607,1
1128,463.0472412109375,615.7337036132812,474.004638671875,652.56103515625,165.7196502685547,training,3.722116708755493,1
1129,463.2745666503906,480.1862487792969,475.2797546386719,520.5245361328125,204.54339599609375,training,0.621076762676239,1
1130,463.5086669921875,520.9813232421875,474.4787902832031,560.57177734375,150.97019958496094,training,1.4267269372940063,1
1131,463.8559875488281,424.0648193359375,475.5581359863281,465.4791259765625,125.65030670166016,training,0.336783766746521,1
1132,464.14617919921875,464.53057861328125,476.4504089355469,504.9808349609375,116.25833129882812,training,0.8090758919715881,1
1133,464.8022766113281,330.622314453125,476.3514404296875,372.1717834472656,166.5472869873047,training,0.2052200883626938,1
1134,465.74005126953125,407.1018981933594,477.1046142578125,448.9862060546875,128.26145935058594,training,0.6905192136764526,1
1135,466.3658142089844,347.2585144042969,478.250244140625,388.6862487792969,160.4400177001953,training,0.4565165936946869,1
1136,467.2961120605469,509.09954833984375,478.71343994140625,549.117919921875,187.61129760742188,training,0.9885455965995789,1
1137,467.48016357421875,306.72637939453125,479.97100830078125,347.2000427246094,113.1547622680664,training,1.6330862045288086,1
1138,467.5205383300781,362.38775634765625,479.1258850097656,404.4105224609375,180.1138458251953,training,0.5929349064826965,1
1139,467.78704833984375,612.7055053710938,478.55145263671875,650.1633911132812,247.96572875976562,training,3.3763468265533447,1
1141,468.29437255859375,325.7073059082031,479.5724182128906,367.47259521484375,203.66148376464844,training,0.21177344024181366,1
1142,468.3386535644531,460.1998291015625,480.18878173828125,501.3084716796875,195.87240600585938,training,0.1085362508893013,1
1144,468.5010681152344,527.8156127929688,479.5293884277344,567.2449340820312,140.37806701660156,training,1.7001187801361084,1
1145,469.7955017089844,373.9662780761719,481.400634765625,415.96575927734375,170.23806762695312,training,0.527466356754303,1
1150,471.3226013183594,285.95452880859375,482.2795715332031,326.4494323730469,193.0595703125,training,1.4040077924728394,1
1153,471.6025390625,497.2582702636719,482.8768005371094,537.431640625,133.4503631591797,training,1.1055092811584473,1
1157,472.86810302734375,533.1724853515625,486.38671875,571.5104370117188,192.5720672607422,training,3.0688180923461914,1
1159,473.1374206542969,490.18084716796875,485.27056884765625,530.2984619140625,208.92103576660156,training,1.0756371021270752,1
1160,473.6410827636719,580.2567749023438,485.1408386230469,618.6856689453125,130.97328186035156,training,2.5124576091766357,1
1162,476.15960693359375,399.61541748046875,487.6912536621094,441.9393005371094,149.45233154296875,training,0.759247362613678,1
1164,476.55145263671875,576.878173828125,488.1235046386719,615.0418090820312,156.27220153808594,training,2.8675167560577393,1
1165,477.10137939453125,533.7994384765625,488.567626953125,573.2196044921875,134.1417236328125,training,1.8239121437072754,1
1167,478.63031005859375,284.3645324707031,490.23492431640625,325.1119079589844,181.24293518066406,training,1.340972661972046,1
1168,478.6325988769531,552.6107788085938,489.5755615234375,592.0446166992188,146.37281799316406,training,2.0735254287719727,1
1170,479.7003479003906,441.3537902832031,491.5918884277344,482.85125732421875,179.7498321533203,training,0.05809704586863518,1
1171,480.0423278808594,487.7802734375,491.4961242675781,527.8492431640625,184.64559936523438,heldout,1.4428949356079102,1
1172,480.3104553222656,377.8323669433594,492.5124816894531,420.0628967285156,149.72975158691406,training,0.6279301047325134,1
1173,480.5644836425781,355.372802734375,492.1803283691406,398.3783264160156,151.10592651367188,training,1.1165790557861328,1
1176,481.132080078125,264.2525329589844,491.63934326171875,303.03973388671875,201.04974365234375,training,3.5822079181671143,1
1178,481.41131591796875,511.00604248046875,492.39434814453125,551.503662109375,207.51626586914062,heldout,1.4048711061477661,1
1179,481.83038330078125,570.0621337890625,493.3453369140625,608.6683959960938,141.06027221679688,heldout,2.659634590148926,1
1182,482.641357421875,422.24884033203125,494.3441162109375,464.1078796386719,166.1023712158203,heldout,0.23499372601509094,1
1183,483.8356018066406,369.0813903808594,495.2108459472656,412.0210876464844,128.24195861816406,training,1.0706322193145752,1
1185,485.0191650390625,499.53662109375,496.8143310546875,539.8576049804688,181.20982360839844,heldout,1.2435293197631836,1
1186,485.274169921875,573.6482543945312,496.3422546386719,612.744873046875,158.5496826171875,heldout,2.4980881214141846,1
1187,485.2861328125,422.5849304199219,496.86376953125,464.3951110839844,177.60348510742188,heldout,0.36024466156959534,1
1188,485.4731750488281,557.4282836914062,497.2756652832031,596.7771606445312,178.4236602783203,heldout,2.03450608253479,1
1189,485.64263916015625,586.0701293945312,497.5348205566406,624.0202026367188,170.6106719970703,heldout,3.312276840209961,1
1190,485.8121337890625,328.893310546875,498.7220764160156,370.67889404296875,197.47911071777344,training,1.2513619661331177,1
1193,486.315185546875,261.0634460449219,496.8258361816406,300.2041320800781,146.28738403320312,training,3.4381918907165527,1
1194,486.315185546875,261.0634460449219,496.8258361816406,300.2041320800781,155.56027221679688,training,3.4381918907165527,1
1196,487.1423645019531,446.798583984375,499.0426330566406,488.3586730957031,156.40013122558594,heldout,0.253436803817749,1
1200,489.0166320800781,342.5142822265625,501.8460388183594,384.6353454589844,208.66720581054688,training,1.0301579236984253,1
1202,489.09112548828125,478.23095703125,500.9527587890625,519.56591796875,147.1020050048828,heldout,0.4827195405960083,1
1203,489.3817443847656,375.51812744140625,501.34246826171875,418.3580017089844,154.1103515625,training,0.7369593977928162,1
1204,489.4244384765625,486.741455078125,500.3254699707031,527.5413818359375,124.07256317138672,heldout,1.5588868856430054,1
1205,489.4624328613281,436.4535827636719,500.646484375,478.0726623535156,164.0457305908203,heldout,0.9012161493301392,1
1206,489.9764404296875,557.390869140625,501.55023193359375,596.6281127929688,126.89759826660156,heldout,2.368523120880127,1
1207,490.8987121582031,416.42449951171875,503.4603271484375,458.5962219238281,160.36209106445312,heldout,0.5671427249908447,1
1209,491.5345458984375,471.10931396484375,503.8424072265625,512.3396606445312,185.6448211669922,heldout,0.6205039024353027,1
1210,491.82763671875,441.9075012207031,503.9931945800781,483.50958251953125,107.97685241699219,heldout,0.3527023196220398,1
1211,491.9939880371094,529.9991455078125,503.29583740234375,570.1022338867188,115.06520080566406,heldout,1.8409414291381836,1
1212,492.1408386230469,379.0103454589844,504.3596496582031,422.01531982421875,159.06602478027344,training,0.8653433918952942,1
1213,492.3759765625,493.02484130859375,504.1445617675781,533.85791015625,151.85519409179688,heldout,1.0573428869247437,1
1214,492.43017578125,446.6268615722656,504.20428466796875,488.63250732421875,118.43141174316406,heldout,0.34932783246040344,1
1215,493.622314453125,550.8735961914062,505.3333435058594,590.0311889648438,119.10079956054688,heldout,2.5528547763824463,1
1216,493.906982421875,574.629150390625,505.4107971191406,612.7864379882812,165.15447998046875,heldout,3.5162124633789062,1
1217,494.1300048828125,345.376220703125,505.8028564453125,388.632080078125,116.94442749023438,training,0.9152787327766418,1
1218,494.2037048339844,464.7948913574219,506.56512451171875,506.13934326171875,161.4465789794922,heldout,0.6219325661659241,1
1219,494.81781005859375,493.7176818847656,506.46759033203125,534.4789428710938,102.81050872802734,heldout,1.2647929191589355,1
1220,495.1464538574219,422.3134765625,506.8819580078125,464.5812683105469,198.1337890625,heldout,0.39591601490974426,1
1221,495.2816162109375,362.4811706542969,508.4983215332031,404.828125,156.35536193847656,training,1.2572039365768433,1
1222,495.3662109375,403.6504211425781,507.2290954589844,446.4254455566406,161.14588928222656,heldout,0.6086022853851318,1
1223,496.06512451171875,296.06231689453125,510.26824951171875,339.9856872558594,161.28236389160156,training,2.7320637702941895,1
1224,496.3445739746094,544.7433471679688,507.71380615234375,584.0579223632812,121.5236587524414,heldout,2.6347200870513916,1
1225,496.57293701171875,547.4978637695312,507.9395751953125,586.8346557617188,109.79981994628906,heldout,2.6176297664642334,1
1226,497.0048522949219,380.794677734375,509.62261962890625,423.27789306640625,191.73680114746094,training,0.6019973158836365,1
1227,497.04022216796875,297.036376953125,508.9085693359375,340.1863098144531,128.59237670898438,training,0.5152009725570679,1
1228,497.0489501953125,331.0388488769531,508.82086181640625,373.98663330078125,182.52670288085938,training,0.45493435859680176,1
1229,497.08221435546875,472.47802734375,509.2720031738281,514.3636474609375,178.72604370117188,heldout,0.1437106877565384,1
1230,497.37078857421875,560.506103515625,508.6118469238281,599.8455200195312,173.77859497070312,heldout,2.671802282333374,1
1231,498.1856994628906,498.9851379394531,509.99383544921875,539.8228759765625,114.2365951538086,heldout,1.2364091873168945,1
1233,499.8448791503906,345.9320068359375,512.176513671875,388.8276672363281,78.16009521484375,training,0.47973713278770447,1
1234,499.95269775390625,566.5578002929688,511.31390380859375,605.223388671875,164.0426788330078,heldout,3.318631887435913,1
1236,500.4773254394531,479.51727294921875,512.0596313476562,521.469482421875,141.2267608642578,heldout,0.768731951713562,1
1239,501.759033203125,388.94384765625,514.1097412109375,431.8634033203125,185.1782989501953,training,0.5067371129989624,1
1240,501.8393249511719,552.8580932617188,513.2408447265625,592.3302001953125,139.24798583984375,heldout,2.661465644836426,1
1242,503.1286315917969,573.5087890625,514.4872436523438,611.9186401367188,114.350341796875,heldout,3.657538414001465,1
1243,503.23480224609375,487.2429504394531,516.003662109375,528.4086303710938,149.54931640625,heldout,1.0563745498657227,1
1244,503.4679870605469,246.27769470214844,514.1228637695312,285.4859619140625,187.4459991455078,training,3.990216016769409,1
1246,503.83868408203125,293.9891662597656,515.7371215820312,337.1576843261719,170.2733154296875,training,0.3023800849914551,1
1247,503.9117736816406,559.4318237304688,514.7484130859375,598.925537109375,121.57713317871094,heldout,2.9963202476501465,1
1248,504.0479431152344,365.3512268066406,516.276123046875,408.94720458984375,163.3095245361328,training,0.9826140999794006,1
1251,504.1656494140625,531.3876953125,515.810546875,571.3922119140625,147.5940399169922,heldout,2.2092747688293457,1
1253,504.724853515625,356.6400146484375,516.98193359375,400.17974853515625,79.7496109008789,training,0.8798255920410156,1
1258,505.6555480957031,346.90087890625,517.7692260742188,390.72100830078125,113.74533081054688,training,1.0821170806884766,1
1260,506.81072998046875,491.0626525878906,518.9358520507812,532.1259155273438,177.32455444335938,heldout,1.2462329864501953,1
1262,507.5297546386719,373.291259765625,519.847900390625,416.7139587402344,142.8460693359375,training,0.728524923324585,1
1265,509.6747741699219,566.8748779296875,521.1494140625,605.7042236328125,133.42413330078125,heldout,3.479022264480591,1
1267,510.0555725097656,241.77871704101562,521.0023193359375,281.178466796875,207.45843505859375,training,3.9769539833068848,1
1269,510.1547546386719,290.5452575683594,522.2566528320312,333.9609680175781,198.80392456054688,training,0.3361603617668152,1
1270,510.4954833984375,284.04595947265625,522.9810791015625,327.5350646972656,139.97499084472656,training,0.5900363922119141,1
1271,510.4954833984375,284.04595947265625,522.9810791015625,327.5350646972656,107.53138732910156,training,0.5900363922119141,1
1272,510.7799072265625,502.1841735839844,522.7013549804688,543.0149536132812,189.31983947753906,heldout,1.6506530046463013,1
1274,511.6155700683594,488.7987060546875,523.3236694335938,529.8819580078125,158.77027893066406,heldout,1.5834602117538452,1
1275,511.6910705566406,410.5384826660156,523.8704223632812,453.6004943847656,153.235107421875,heldout,0.39778220653533936,1
1276,511.7047424316406,506.31365966796875,523.5264892578125,546.9432373046875,167.93450927734375,heldout,1.8993693590164185,1
1277,511.98907470703125,478.04217529296875,524.4668579101562,519.9761962890625,180.55746459960938,heldout,0.543246328830719,1
1278,511.9975891113281,514.3523559570312,523.821533203125,555.480224609375,138.5676727294922,heldout,1.4544838666915894,1
1279,512.5335693359375,491.83660888671875,524.7781982421875,532.580322265625,163.47476196289062,heldout,1.7309035062789917,1
1280,512.9100341796875,466.4926452636719,525.7279663085938,508.6963195800781,190.4835968017578,heldout,0.4555876851081848,1
1281,512.9100341796875,466.4926452636719,525.7279663085938,508.6963195800781,159.5274200439453,heldout,0.4555876851081848,1
1284,514.8494873046875,401.9287109375,527.8584594726562,444.7911376953125,141.4567108154297,heldout,0.6186840534210205,1
1285,515.4533081054688,417.67633056640625,527.427978515625,460.58880615234375,123.21525573730469,heldout,0.4777969419956207,1
1287,515.5335083007812,568.2201538085938,527.2839965820312,606.9423828125,200.00750732421875,heldout,3.7010130882263184,1
1288,515.7879028320312,330.6229553222656,528.0753173828125,374.4082946777344,180.38291931152344,training,0.6617470979690552,1
1289,515.8099975585938,495.5423889160156,528.365966796875,535.8316040039062,170.38192749023438,heldout,2.248713731765747,1
1291,516.0459594726562,281.4142150878906,527.9585571289062,325.68585205078125,117.4776611328125,training,0.9816418886184692,1
1293,517.156494140625,511.6520690917969,528.758056640625,552.1162109375,154.47006225585938,heldout,2.3338522911071777,1
1294,517.4227294921875,554.2549438476562,528.718505859375,593.9227905273438,138.20999145507812,heldout,3.1057963371276855,1
1296,517.660888671875,480.353759765625,529.0137939453125,522.8915405273438,134.38377380371094,heldout,1.2847228050231934,1
1297,517.8947143554688,375.33355712890625,529.7752075195312,419.27252197265625,93.38094329833984,training,1.0316025018692017,1
1298,518.1260986328125,433.7955627441406,530.407470703125,476.2195739746094,238.01890563964844,heldout,0.4760500192642212,1
1299,518.38037109375,543.8772583007812,529.1415405273438,583.72607421875,180.01666259765625,heldout,3.3038768768310547,1
1300,518.6942749023438,516.9285888671875,531.09619140625,556.8515014648438,144.5233612060547,heldout,2.6525330543518066,1
1301,518.9392700195312,289.1523742675781,531.4369506835938,333.33197021484375,155.68557739257812,training,0.8626487255096436,1
1303,520.03515625,499.49090576171875,531.7998046875,540.2787475585938,176.03976440429688,heldout,2.1017935276031494,1
1307,522.25439453125,565.1046142578125,534.2191162109375,603.7965698242188,235.55465698242188,heldout,3.9232945442199707,1
1308,522.404541015625,297.0068664550781,534.2420043945312,341.95782470703125,110.73391723632812,training,1.5479921102523804,1
1310,522.8673706054688,232.06002807617188,534.4238891601562,271.97479248046875,153.54151916503906,training,3.8342161178588867,1
1311,522.969970703125,318.3358154296875,534.94482421875,362.7925720214844,142.9405517578125,training,1.1088676452636719,1
1312,523.3048095703125,411.5770568847656,535.56005859375,454.7869567871094,146.24978637695312,heldout,0.32972580194473267,1
1315,523.93017578125,232.83059692382812,535.4303588867188,273.3069152832031,139.62808227539062,training,3.324371337890625,1
1316,524.1481323242188,492.4254150390625,535.4601440429688,533.2064819335938,205.07315063476562,heldout,2.5074734687805176,1
1317,524.9093017578125,557.5372924804688,536.1109008789062,597.2183227539062,180.03887939453125,heldout,3.4101204872131348,1
1322,526.4314575195312,332.58441162109375,539.1409301757812,376.835693359375,112.14722442626953,training,0.8387988209724426,1
1323,527.5916748046875,336.8198547363281,539.8346557617188,381.790771484375,122.1556396484375,training,1.4969309568405151,1
1324,527.676025390625,369.7550048828125,540.1607055664062,414.1502685546875,108.48502349853516,training,1.0234805345535278,1
1326,527.8118286132812,373.29437255859375,539.8558959960938,417.82781982421875,119.03360748291016,training,1.2701257467269897,1
1327,527.9666137695312,531.17041015625,539.8372802734375,571.1156005859375,110.18620300292969,heldout,3.0505247116088867,1
1328,528.1493530273438,365.14520263671875,540.5181884765625,409.8443908691406,169.57888793945312,training,1.3040978908538818,1
1330,528.2031860351562,475.3501281738281,540.3831787109375,517.837158203125,211.8348388671875,heldout,0.8122664093971252,1
1336,530.943603515625,431.0405578613281,543.0336303710938,473.94183349609375,107.0513916015625,heldout,0.7395952939987183,1
1338,531.3967895507812,259.8773498535156,543.6481323242188,304.6081237792969,95.48822021484375,training,0.8465175628662109,1
1341,531.913818359375,552.517333984375,543.9415893554688,591.6138305664062,124.99600219726562,heldout,3.89739990234375,1
1342,531.9364013671875,323.81951904296875,544.5648193359375,368.8546142578125,194.60986328125,training,1.366450548171997,1
1343,532.3385009765625,469.38824462890625,544.1389770507812,511.56341552734375,146.08558654785156,heldout,1.4487266540527344,1
1345,533.157958984375,286.1531677246094,545.086181640625,331.7301330566406,207.4945831298828,training,1.7942124605178833,1
1346,533.7654418945312,422.4232177734375,546.1280517578125,465.7406921386719,140.48487854003906,heldout,0.40645191073417664,1
1348,534.3514404296875,243.54058837890625,546.589111328125,286.35943603515625,119.43199157714844,training,1.2264958620071411,1
1349,535.1639404296875,554.7600708007812,547.1144409179688,593.9581298828125,167.2871856689453,heldout,3.9324514865875244,1
1352,535.80224609375,247.36367797851562,547.7141723632812,291.2417297363281,127.16131591796875,training,0.4944140613079071,1
1353,536.5339965820312,348.51739501953125,549.0923461914062,393.7634582519531,165.48715209960938,training,1.5107059478759766,1
1354,536.7427368164062,319.5347900390625,550.1148071289062,364.1646728515625,111.49439239501953,training,1.1276659965515137,1
1355,536.88916015625,345.13446044921875,551.5999755859375,389.10406494140625,126.71621704101562,training,2.095466136932373,1
1356,537.1439819335938,351.3440856933594,550.0578002929688,396.3673095703125,163.57261657714844,training,1.3044129610061646,1
1357,538.85205078125,540.2943725585938,550.7374877929688,579.7566528320312,119.37755584716797,heldout,3.8731260299682617,1
1359,539.2277221679688,490.798583984375,551.412109375,531.8054809570312,185.76597595214844,heldout,2.4570300579071045,1
1360,539.3372192382812,371.5094909667969,552.1215209960938,415.9812316894531,201.11439514160156,training,0.7276862263679504,1
1361,539.4663696289062,461.3619079589844,550.2415771484375,504.31317138671875,190.2288055419922,heldout,2.2336854934692383,1
1363,539.8984375,398.42523193359375,552.3262939453125,442.43096923828125,125.08796691894531,training,0.5093837976455688,1
1365,540.4666748046875,534.5537719726562,552.4632568359375,574.1061401367188,192.1327667236328,heldout,3.8263206481933594,1
1366,540.8450317382812,251.07850646972656,553.1371459960938,295.901611328125,143.45730590820312,training,0.6203393936157227,1
1367,541.9968872070312,400.6081848144531,554.3397827148438,444.49713134765625,142.15484619140625,heldout,0.5320621132850647,1
1368,541.9968872070312,400.6081848144531,554.3397827148438,444.49713134765625,102.9611587524414,heldout,0.5320621132850647,1
1369,542.3327026367188,231.90647888183594,554.3272094726562,274.79180908203125,132.2611083984375,training,1.5238827466964722,1
1370,542.3327026367188,231.90647888183594,554.3272094726562,274.79180908203125,162.8557586669922,training,1.5238827466964722,1
1371,542.927978515625,261.2017517089844,556.0098876953125,306.2265930175781,215.0813751220703,training,0.9504127502441406,1
1372,544.0491943359375,211.70745849609375,555.5075073242188,252.99136352539062,161.91355895996094,training,3.328623056411743,1
1374,546.6781005859375,356.6212158203125,558.8468017578125,402.2688293457031,214.04905700683594,training,1.7368090152740479,1
1375,546.7532348632812,306.9710693359375,559.6995239257812,353.0444641113281,157.4674530029297,training,1.8715336322784424,1
1377,547.08251953125,522.3637084960938,559.099365234375,562.9081420898438,142.40084838867188,heldout,3.159003734588623,1
1380,548.1109619140625,464.14947509765625,560.3538818359375,506.49151611328125,175.20274353027344,heldout,1.6117478609085083,1
1381,549.1177368164062,246.630126953125,561.721435546875,291.3660583496094,133.9440155029297,training,0.22517874836921692,1
1382,549.1177368164062,246.630126953125,561.721435546875,291.3660583496094,92.95159912109375,training,0.22517874836921692,1
1385,549.8372802734375,227.41615295410156,561.838623046875,270.79541015625,167.6245880126953,training,1.3435759544372559,1
1386,550.304443359375,374.7712707519531,563.3419799804688,419.5923156738281,127.02362060546875,training,0.7382436394691467,1
1387,550.4235229492188,510.0482177734375,562.3867797851562,550.2783813476562,128.6856689453125,heldout,3.622319221496582,1
1389,550.6578979492188,513.4395751953125,562.0576171875,554.1123657226562,149.77316284179688,heldout,3.4825353622436523,1
1393,551.6095581054688,249.59275817871094,564.4039916992188,294.8993835449219,124.51104736328125,training,0.7412348985671997,1
1394,552.0276489257812,455.6102294921875,564.604736328125,498.17254638671875,152.20709228515625,heldout,1.4193276166915894,1
1397,552.4711303710938,458.96978759765625,565.5233764648438,501.5492858886719,161.31956481933594,heldout,1.2862683534622192,1
1399,552.7085571289062,436.1887512207031,565.7282104492188,479.41094970703125,155.89739990234375,heldout,0.7341418862342834,1
1403,553.3519897460938,393.13482666015625,566.7447509765625,436.9022216796875,211.03317260742188,training,0.5124087333679199,1
1404,553.596923828125,266.0010681152344,566.3956298828125,312.2041015625,128.88754272460938,training,1.617687463760376,1
1408,554.5476684570312,268.5746154785156,567.7883911132812,314.6544189453125,117.042724609375,training,1.5543322563171387,1
1409,554.95556640625,441.63287353515625,567.8314208984375,484.6885986328125,113.99122619628906,heldout,0.9926238059997559,1
1410,555.81494140625,245.31582641601562,568.6976318359375,290.6203308105469,153.39817810058594,training,0.598883330821991,1
1411,555.8885498046875,350.8541564941406,569.3442993164062,396.99688720703125,192.3564453125,training,1.8509933948516846,1
1412,556.0196533203125,363.7929992675781,569.1282958984375,409.33306884765625,118.3385009765625,training,1.228797435760498,1
1413,556.0196533203125,363.7929992675781,569.1282958984375,409.33306884765625,132.1968231201172,training,1.228797435760498,1
1414,556.0196533203125,363.7929992675781,569.1282958984375,409.33306884765625,113.76730346679688,training,1.228797435760498,1
1415,556.652099609375,298.1466369628906,570.0817260742188,345.1694030761719,133.35665893554688,training,2.5193707942962646,1
1417,557.0044555664062,308.9151916503906,570.00244140625,356.0318908691406,137.6008758544922,training,2.574676513671875,1
1418,557.0625,215.6544647216797,568.8358154296875,258.7015075683594,147.6177520751953,training,2.0320045948028564,1
1419,557.3938598632812,340.3379211425781,570.4085083007812,386.90118408203125,136.52471923828125,training,2.1189661026000977,1
1420,558.9620971679688,262.0753479003906,572.5792236328125,308.01031494140625,135.6171112060547,training,1.4199762344360352,1
1422,559.4140625,461.3241271972656,571.5221557617188,503.83416748046875,161.10244750976562,heldout,1.967522382736206,1
1424,559.8399047851562,198.56092834472656,571.474365234375,240.38174438476562,169.89114379882812,training,3.369309186935425,1
1426,559.9764404296875,369.0306396484375,572.9755859375,414.1855773925781,231.45193481445312,training,0.7329754829406738,1
1427,561.04541015625,344.1749267578125,574.4737548828125,390.8305358886719,104.20652770996094,training,2.142017364501953,1
1428,561.3914184570312,211.95350646972656,574.1260986328125,255.1890869140625,140.48487854003906,training,1.799161434173584,1
1429,561.984375,192.6292266845703,573.9124145507812,234.6521759033203,158.26243591308594,training,3.1891307830810547,1
1430,561.984375,192.6292266845703,573.9124145507812,234.6521759033203,137.9420166015625,training,3.1891307830810547,1
1431,562.1111450195312,476.81201171875,575.1950073242188,518.0519409179688,190.11312866210938,heldout,2.88533616065979,1
1432,563.3370971679688,290.65966796875,576.5338134765625,337.8902587890625,149.20455932617188,training,2.427875280380249,1
1434,563.444091796875,482.25933837890625,576.0048217773438,523.7027587890625,175.7725830078125,heldout,2.82350754737854,1
1435,563.5548706054688,452.622802734375,575.5614624023438,495.8358154296875,138.08331298828125,heldout,1.690138816833496,1
1437,564.2919311523438,359.6724853515625,577.6015625,405.3329772949219,95.44107818603516,training,1.0756546258926392,1
1438,564.9782104492188,364.6837463378906,577.9908447265625,410.1678771972656,131.81805419921875,training,0.8907301425933838,1
1439,565.0355834960938,388.555908203125,577.7028198242188,433.5383605957031,147.6313018798828,training,0.7147517800331116,1
1441,566.203857421875,451.98260498046875,580.00390625,494.10870361328125,206.91786193847656,heldout,2.243619441986084,1
1442,566.5025634765625,488.7745361328125,578.5131225585938,530.0714721679688,178.3451690673828,heldout,3.2652981281280518,1
1443,566.7384643554688,270.8663024902344,580.1904907226562,317.7186279296875,192.5720672607422,training,1.921179175376892,1
1445,567.5574340820312,508.3683776855469,579.724853515625,548.8108520507812,190.341796875,heldout,3.9803857803344727,1
1446,568.3580932617188,328.803955078125,581.4505004882812,376.4071044921875,109.3846435546875,training,2.7603795528411865,1
1448,568.537109375,416.05902099609375,582.0210571289062,460.24627685546875,195.0076904296875,heldout,0.37737220525741577,1
1450,569.5904541015625,473.1061706542969,581.9791259765625,515.509033203125,188.84120178222656,heldout,2.256204605102539,1
1451,570.00244140625,441.6556091308594,583.1250610351562,484.88055419921875,123.21931457519531,heldout,1.3040086030960083,1
1456,571.5946044921875,321.7155456542969,586.0355224609375,368.8620910644531,141.95069885253906,training,2.5226526260375977,1
1457,572.574951171875,444.036865234375,585.0659790039062,487.66741943359375,155.3673095703125,heldout,1.3615580797195435,1
1458,572.9449462890625,501.0242004394531,585.0765991210938,541.7243041992188,147.24468994140625,heldout,3.967794179916382,1
1459,573.4845581054688,429.67706298828125,586.2510375976562,473.6123352050781,140.03927612304688,heldout,0.9940701127052307,1
1461,573.896728515625,199.6287078857422,586.4901123046875,243.86134338378906,168.36270141601562,training,1.2891145944595337,1
1463,574.1481323242188,210.2546844482422,586.604736328125,255.11463928222656,240.24571228027344,training,0.7591720819473267,1
1464,574.4154663085938,205.09474182128906,587.7222290039062,249.1086883544922,210.84828186035156,training,1.519279956817627,1
1468,574.985595703125,268.0557861328125,588.4721069335938,315.5011291503906,180.63499450683594,training,2.206233024597168,1
1469,575.0424194335938,448.1337890625,587.5675048828125,491.6475524902344,122.22110748291016,heldout,1.5050259828567505,1
1470,575.3392944335938,314.82672119140625,588.719482421875,363.21124267578125,121.11151885986328,training,3.2690389156341553,1
1473,576.8396606445312,377.0653381347656,589.8399658203125,422.3890075683594,153.1143341064453,training,0.5395737886428833,1
1474,577.6488647460938,392.4932556152344,590.456298828125,438.12615966796875,130.6866455078125,training,0.9536848068237305,1
1475,578.669189453125,456.4659729003906,591.870361328125,499.0320129394531,179.34603881835938,heldout,2.194443941116333,1
1479,580.4093627929688,382.0920715332031,592.9723510742188,427.84393310546875,122.63768005371094,training,1.141766905784607,1
1480,581.0079345703125,468.1843566894531,593.8773803710938,510.50213623046875,181.43594360351562,heldout,2.5696980953216553,1
1481,581.2255249023438,459.2577209472656,593.7295532226562,502.27423095703125,151.8255615234375,heldout,2.1229324340820312,1
1483,581.7434692382812,425.42193603515625,594.9244384765625,469.3998107910156,174.17520141601562,heldout,1.0382181406021118,1
1487,582.6866455078125,439.723388671875,595.1688232421875,483.8648376464844,169.1626434326172,heldout,1.3912371397018433,1
1488,582.9615478515625,345.0127868652344,596.2467041015625,392.178955078125,114.93041229248047,training,1.9102661609649658,1
1489,583.3443603515625,320.1481628417969,597.2772216796875,368.24737548828125,145.53005981445312,training,2.7978506088256836,1
1490,583.6878051757812,249.96234130859375,597.44580078125,297.6011047363281,148.6808624267578,training,2.093879461288452,1
1491,584.0819091796875,442.93450927734375,596.6961669921875,486.9266662597656,153.2481689453125,heldout,1.4244495630264282,1
1493,584.9747924804688,433.952392578125,597.3817138671875,478.4766540527344,167.7080841064453,heldout,1.3477845191955566,1
1495,587.0304565429688,234.89361572265625,600.3478393554688,282.67333984375,193.81692504882812,training,1.9960880279541016,1
1496,587.8961181640625,489.1775817871094,600.4448852539062,530.583251953125,155.25140380859375,heldout,3.733560800552368,1
1497,588.2064819335938,467.5654296875,600.7992553710938,510.4090270996094,128.0078125,heldout,2.4660556316375732,1
1498,588.729248046875,386.067626953125,602.0089721679688,431.6607971191406,153.26121520996094,training,0.4416828751564026,1
1499,588.8302612304688,260.7625732421875,602.62841796875,308.993408203125,170.7073516845703,training,2.5273354053497314,1
1501,589.1063842773438,200.7817840576172,602.285888671875,247.78448486328125,177.1355438232422,training,1.0266087055206299,1
1503,590.1104736328125,473.03277587890625,602.5191650390625,515.3526000976562,138.77679443359375,heldout,3.0731801986694336,1
1504,590.1768188476562,481.28033447265625,602.552734375,523.0962524414062,132.68006896972656,heldout,3.52398943901062,1
1505,590.5010986328125,360.2135925292969,604.119384765625,405.8077697753906,131.27833557128906,training,0.1491069346666336,1
1506,591.74853515625,439.7950744628906,604.4628295898438,484.1748352050781,186.22030639648438,heldout,1.3608648777008057,1
1507,593.1149291992188,207.88621520996094,607.0641479492188,255.77334594726562,122.11060333251953,training,1.9384430646896362,1
1508,593.1697387695312,216.98809814453125,606.8734741210938,265.63818359375,142.49913024902344,training,2.635833263397217,1
1511,595.0824584960938,279.6884765625,609.1011352539062,329.0323486328125,113.96929168701172,training,3.5011682510375977,1
1513,597.4036865234375,417.1497802734375,610.49853515625,461.7080078125,101.92644500732422,heldout,1.1759992837905884,1
1514,597.499267578125,250.97535705566406,611.4886474609375,300.0097961425781,181.391845703125,training,3.017812728881836,1
1515,597.6911010742188,211.61019897460938,611.7672729492188,260.3916931152344,159.25137329101562,training,2.670480728149414,1
1516,598.7775268554688,214.1431121826172,612.685302734375,263.29547119140625,154.8644561767578,training,2.960987091064453,1
1517,599.1233520507812,254.14627075195312,613.3687133789062,303.1290588378906,195.0589599609375,training,2.9766950607299805,1
1518,599.1520385742188,481.5531921386719,612.1470947265625,523.6932983398438,182.4910888671875,heldout,3.3215057849884033,1
1519,600.1963500976562,451.36395263671875,613.0383911132812,495.06475830078125,117.45637512207031,training,2.071758985519409,1
1520,600.3303833007812,474.17974853515625,613.2056274414062,516.532470703125,122.9837417602539,training,3.2226579189300537,1
1521,601.3375854492188,477.4289245605469,614.6728515625,519.5697631835938,162.7574920654297,training,3.321247100830078,1
1524,602.2529907226562,454.04205322265625,615.0,497.68280029296875,190.2892608642578,training,2.245149850845337,1
1525,602.4996948242188,394.2955627441406,615.5703125,440.75469970703125,154.37940979003906,training,1.0861163139343262,1
1526,603.76953125,307.5234375,617.8281860351562,357.5584411621094,126.3249740600586,training,3.9824883937835693,1
1527,606.8818359375,439.1967468261719,620.368408203125,483.7186584472656,200.0649871826172,training,1.3075960874557495,1
1528,607.0130615234375,266.8492126464844,620.8477783203125,316.67852783203125,197.02792358398438,training,3.5130512714385986,1
1530,607.5957641601562,486.51806640625,619.9700317382812,528.9295654296875,209.59246826171875,training,3.625589370727539,1
1531,608.3974609375,216.67677307128906,621.7631225585938,267.0504150390625,163.8841094970703,training,3.8299901485443115,1
1532,608.6774291992188,295.0746765136719,622.8992919921875,345.1829833984375,146.57762145996094,training,3.8648202419281006,1
1533,609.6132202148438,212.48655700683594,623.6012573242188,262.84185791015625,129.71507263183594,training,3.780673027038574,1
1534,610.41748046875,405.9803466796875,624.482177734375,451.4561767578125,151.90457153320312,training,0.46056294441223145,1
1536,610.7425537109375,288.54083251953125,627.445068359375,337.0743408203125,194.00515747070312,training,3.666987180709839,1
1537,611.6353759765625,194.17901611328125,625.6583251953125,244.52108764648438,108.47119140625,heldout,3.643148422241211,1
1538,611.7059326171875,207.95619201660156,625.5553588867188,258.29937744140625,110.11357879638672,training,3.668577194213867,1
1539,611.7059326171875,207.95619201660156,625.5553588867188,258.29937744140625,142.411376953125,training,3.668577194213867,1
1540,612.6738891601562,393.0593566894531,625.7683715820312,440.189453125,226.42880249023438,training,1.4294031858444214,1
1541,612.9348754882812,183.3323211669922,627.1201782226562,233.57177734375,144.0555419921875,heldout,3.4891088008880615,1
1542,614.2120971679688,288.45501708984375,628.6797485351562,338.6479187011719,189.63648986816406,training,3.7725398540496826,1
1543,614.39013671875,422.0753479003906,628.139404296875,467.3779602050781,140.57737731933594,training,0.8039004802703857,1
1544,615.9769287109375,188.5181121826172,630.1685180664062,239.130615234375,127.23992919921875,heldout,3.7669854164123535,1
1545,616.3911743164062,221.4738006591797,631.1011962890625,272.0249328613281,105.74497985839844,training,3.9009859561920166,1
1546,616.8351440429688,301.3524169921875,631.3279418945312,351.4461669921875,123.73762512207031,training,3.6274213790893555,1
1547,618.2694091796875,357.0977478027344,631.8837890625,404.93353271484375,217.47413635253906,training,1.5313502550125122,1
1549,619.2243041992188,429.2102355957031,632.447021484375,474.6710510253906,117.52021026611328,training,1.220059871673584,1
1551,620.02294921875,401.691162109375,633.8519897460938,447.993408203125,215.84022521972656,training,0.35593676567077637,1
1555,623.6156005859375,435.0396423339844,636.755126953125,480.02862548828125,142.7620391845703,training,1.7394227981567383,1
1556,624.0610961914062,358.4505310058594,637.5699462890625,406.4518127441406,133.29290771484375,training,1.5852384567260742,1
1557,624.1190795898438,400.65802001953125,637.6935424804688,447.054931640625,133.9029541015625,training,0.6756047606468201,1
1559,625.5407104492188,394.2950134277344,638.9791870117188,440.99285888671875,120.27468872070312,training,0.8514182567596436,1
1560,626.3733520507812,401.08001708984375,640.0864868164062,447.532958984375,136.9379425048828,training,0.5766614675521851,1
1561,628.216552734375,364.5435791015625,642.0108032226562,412.58135986328125,149.4289093017578,training,1.4428167343139648,1
1563,628.35791015625,302.88458251953125,642.6287231445312,353.5816345214844,194.92306518554688,training,3.8139610290527344,1
1565,630.2686767578125,389.330810546875,644.3069458007812,435.9122619628906,133.68246459960938,training,0.2945602834224701,1
1567,632.1209716796875,330.0310974121094,646.08447265625,379.4158935546875,124.36639404296875,training,2.4841132164001465,1
1569,634.4786376953125,390.9003601074219,647.8057250976562,438.0810546875,159.26393127441406,training,1.150520920753479,1
1573,637.8312377929688,373.85748291015625,651.2936401367188,421.4061279296875,176.52195739746094,training,1.1314796209335327,1
1574,638.0256958007812,331.3153381347656,652.3963623046875,380.5401306152344,183.6137237548828,training,2.1248908042907715,1
1575,638.9767456054688,356.5663757324219,652.136474609375,406.4842834472656,239.54331970214844,training,3.1304333209991455,1
1577,640.419677734375,366.27142333984375,653.6885986328125,414.59674072265625,197.88885498046875,training,1.7308756113052368,1
1578,640.7969970703125,370.1263732910156,654.6654052734375,417.8524169921875,179.6413116455078,training,0.8961825370788574,1
1579,640.93212890625,319.35302734375,655.189453125,369.7793884277344,143.69064331054688,training,3.1893420219421387,1
1580,642.03662109375,341.1417236328125,656.0648193359375,390.7342224121094,119.75808715820312,training,2.426516056060791,1
1583,646.631103515625,334.29736328125,661.2935791015625,383.48046875,130.015380859375,training,1.8234308958053589,1
1584,647.1683959960938,359.7359313964844,661.239990234375,407.9830017089844,137.09121704101562,training,1.0606142282485962,1
1586,648.7401123046875,362.3867492675781,663.00390625,410.5523986816406,165.01817321777344,training,0.8842954039573669,1
1589,650.8212890625,351.8909912109375,664.4830322265625,401.406494140625,160.90679931640625,training,2.268441677093506,1
1596,658.819091796875,307.0861511230469,673.9048461914062,358.8389892578125,180.04721069335938,training,3.917963981628418,1
1597,659.0069580078125,326.1695861816406,674.02783203125,376.4703369140625,185.6879119873047,training,2.5249483585357666,1
