match_id,source_x_working_px,source_y_working_px,target_x_working_px,target_y_working_px,source_x_native_px,source_y_native_px,target_x_native_px,target_y_native_px,descriptor_source,descriptor_distance,ratio,verification_state,population,residual_target_working_px,source_product_id,target_product_id
1,421.65740966796875,22.452587127685547,430.65838623046875,16.451242446899414,421.65740966796875,22.452587127685547,430.65838623046875,16.451242446899414,SIFT:intensity,3.464101552963257,0.007090667860160431,ROBUST_MODEL_INLIER,FIT,0.0014164449189010575,SYNTHETIC_SOURCE,SYNTHETIC_TARGET
2,368.4256286621094,503.6885070800781,377.4295654296875,497.7388916015625,368.4256286621094,503.6885070800781,377.4295654296875,497.7388916015625,SIFT:intensity,3.464101552963257,0.007525393913007044,ROBUST_MODEL_INLIER,HELD_OUT,0.0509048514641864,SYNTHETIC_SOURCE,SYNTHETIC_TARGET
3,603.3314208984375,170.4327392578125,612.328125,164.43836975097656,603.3314208984375,170.4327392578125,612.328125,164.43836975097656,SIFT:intensity,3.7416574954986572,0.007599361564973475,ROBUST_MODEL_INLIER,FIT,0.006819155488832084,SYNTHETIC_SOURCE,SYNTHETIC_TARGET
4,304.7244873046875,168.2978515625,313.7331848144531,162.28265380859375,304.7244873046875,168.2978515625,313.7331848144531,162.28265380859375,SIFT:intensity,4.0,0.007677769847789525,ROBUST_MODEL_INLIER,HELD_OUT,0.017218487178567565,SYNTHETIC_SOURCE,SYNTHETIC_TARGET
5,166.76385498046875,255.95877075195312,175.76170349121094,249.97561645507812,166.76385498046875,255.95877075195312,175.76170349121094,249.97561645507812,SIFT:intensity,2.6457512378692627,0.007734858562618147,ROBUST_MODEL_INLIER,FIT,0.01733834934095798,SYNTHETIC_SOURCE,SYNTHETIC_TARGET
6,475.4574890136719,344.8772888183594,484.462646484375,338.8740234375,475.4574890136719,344.8772888183594,484.462646484375,338.8740234375,SIFT:intensity,3.605551242828369,0.007759312296570965,ROBUST_MODEL_INLIER,HELD_OUT,0.005957350871333052,SYNTHETIC_SOURCE,SYNTHETIC_TARGET
7,501.8892517089844,334.0125427246094,510.90301513671875,328.0077819824219,501.8892517089844,334.0125427246094,510.90301513671875,328.0077819824219,SIFT:intensity,4.242640495300293,0.007841589136998367,ROBUST_MODEL_INLIER,FIT,0.014492163063882459,SYNTHETIC_SOURCE,SYNTHETIC_TARGET
8,406.3163757324219,233.36781311035156,415.35064697265625,227.3779754638672,406.3163757324219,233.36781311035156,415.35064697265625,227.3779754638672,SIFT:intensity,4.0,0.007933556944813078,ROBUST_MODEL_INLIER,FIT,0.0358952383781954,SYNTHETIC_SOURCE,SYNTHETIC_TARGET
9,519.2008666992188,321.37530517578125,528.1937255859375,315.3624267578125,519.2008666992188,321.37530517578125,528.1937255859375,315.3624267578125,SIFT:intensity,3.1622776985168457,0.007985498665596606,ROBUST_MODEL_INLIER,FIT,0.014385647869903106,SYNTHETIC_SOURCE,SYNTHETIC_TARGET
10,166.76385498046875,255.95877075195312,175.76170349121094,249.97561645507812,166.76385498046875,255.95877075195312,175.76170349121094,249.97561645507812,SIFT:intensity,2.8284270763397217,0.008035141879813627,ROBUST_MODEL_INLIER,FIT,0.01733834934095798,SYNTHETIC_SOURCE,SYNTHETIC_TARGET
11,615.291015625,615.0643310546875,624.252685546875,609.0799560546875,615.291015625,615.0643310546875,624.252685546875,609.0799560546875,SIFT:intensity,4.690415859222412,0.008087344316742203,ROBUST_MODEL_INLIER,HELD_OUT,0.041489102067171886,SYNTHETIC_SOURCE,SYNTHETIC_TARGET
12,142.2071990966797,458.4566345214844,151.2305908203125,452.44677734375,142.2071990966797,458.4566345214844,151.2305908203125,452.44677734375,SIFT:intensity,3.7416574954986572,0.008175503822341376,ROBUST_MODEL_INLIER,HELD_OUT,0.02528697423165632,SYNTHETIC_SOURCE,SYNTHETIC_TARGET
13,339.1246337890625,219.64344787597656,348.1082458496094,213.649658203125,339.1246337890625,219.64344787597656,348.1082458496094,213.649658203125,SIFT:intensity,3.872983455657959,0.008182130288335972,ROBUST_MODEL_INLIER,FIT,0.017615108959620145,SYNTHETIC_SOURCE,SYNTHETIC_TARGET
14,482.17779541015625,236.29676818847656,491.18768310546875,230.28753662109375,482.17779541015625,236.29676818847656,491.18768310546875,230.28753662109375,SIFT:intensity,4.123105525970459,0.008541156192692682,ROBUST_MODEL_INLIER,FIT,0.013315488229973658,SYNTHETIC_SOURCE,SYNTHETIC_TARGET
15,294.02276611328125,36.27777862548828,303.0157470703125,30.285139083862305,294.02276611328125,36.27777862548828,303.0157470703125,30.285139083862305,SIFT:intensity,3.605551242828369,0.008677098996674628,ROBUST_MODEL_INLIER,HELD_OUT,0.010406651453747686,SYNTHETIC_SOURCE,SYNTHETIC_TARGET
16,239.8878173828125,234.40074157714844,248.89968872070312,228.40011596679688,239.8878173828125,234.40074157714844,248.89968872070312,228.40011596679688,SIFT:intensity,4.123105525970459,0.008765345941232327,ROBUST_MODEL_INLIER,FIT,0.011919978752413457,SYNTHETIC_SOURCE,SYNTHETIC_TARGET
17,47.18553924560547,386.2231750488281,56.175537109375,380.2209777832031,47.18553924560547,386.2231750488281,56.175537109375,380.2209777832031,SIFT:intensity,3.605551242828369,0.008798084334020791,ROBUST_MODEL_INLIER,FIT,0.010123677768136536,SYNTHETIC_SOURCE,SYNTHETIC_TARGET
18,90.5630874633789,491.1285400390625,99.55687713623047,485.13055419921875,90.5630874633789,491.1285400390625,99.55687713623047,485.13055419921875,SIFT:intensity,4.242640495300293,0.00895735907186597,ROBUST_MODEL_INLIER,FIT,0.006607478802194288,SYNTHETIC_SOURCE,SYNTHETIC_TARGET
19,255.02430725097656,198.94200134277344,264.0164794921875,192.9435272216797,255.02430725097656,198.94200134277344,264.0164794921875,192.9435272216797,SIFT:intensity,3.605551242828369,0.009274747359115678,ROBUST_MODEL_INLIER,FIT,0.008008248265333619,SYNTHETIC_SOURCE,SYNTHETIC_TARGET
20,562.92822265625,244.2993927001953,571.9071044921875,238.28125,562.92822265625,244.2993927001953,571.9071044921875,238.28125,SIFT:intensity,4.358899116516113,0.009365858597654987,ROBUST_MODEL_INLIER,FIT,0.027570217791624784,SYNTHETIC_SOURCE,SYNTHETIC_TARGET
21,339.1246337890625,219.64344787597656,348.1082458496094,213.649658203125,339.1246337890625,219.64344787597656,348.1082458496094,213.649658203125,SIFT:intensity,4.582575798034668,0.009514998532467633,ROBUST_MODEL_INLIER,FIT,0.017615108959620145,SYNTHETIC_SOURCE,SYNTHETIC_TARGET
22,148.72665405273438,417.8144226074219,157.7317657470703,411.8276672363281,148.72665405273438,417.8144226074219,157.7317657470703,411.8276672363281,SIFT:intensity,4.358899116516113,0.009681829928572033,ROBUST_MODEL_INLIER,FIT,0.014553437659544538,SYNTHETIC_SOURCE,SYNTHETIC_TARGET
23,140.30918884277344,56.78644943237305,149.31690979003906,50.80133056640625,140.30918884277344,56.78644943237305,149.31690979003906,50.80133056640625,SIFT:intensity,4.242640495300293,0.009737744942843227,ROBUST_MODEL_INLIER,HELD_OUT,0.01710980316300936,SYNTHETIC_SOURCE,SYNTHETIC_TARGET
24,291.6640319824219,318.2504577636719,300.6600646972656,312.23638916015625,291.6640319824219,318.2504577636719,300.6600646972656,312.23638916015625,SIFT:intensity,3.872983455657959,0.009755563589963517,ROBUST_MODEL_INLIER,FIT,0.014254335048160914,SYNTHETIC_SOURCE,SYNTHETIC_TARGET
25,207.0500030517578,615.0276489257812,216.0550994873047,609.0332641601562,207.0500030517578,615.0276489257812,216.0550994873047,609.0332641601562,SIFT:intensity,5.0,0.009851609530157476,ROBUST_MODEL_INLIER,HELD_OUT,0.007886521262917844,SYNTHETIC_SOURCE,SYNTHETIC_TARGET
26,186.60467529296875,250.9789581298828,195.60777282714844,244.95542907714844,186.60467529296875,250.9789581298828,195.60777282714844,244.95542907714844,SIFT:intensity,4.0,0.009862783215841314,ROBUST_MODEL_INLIER,HELD_OUT,0.023377040107087993,SYNTHETIC_SOURCE,SYNTHETIC_TARGET
27,251.8433074951172,212.17031860351562,260.8403625488281,206.14430236816406,251.8433074951172,212.17031860351562,260.8403625488281,206.14430236816406,SIFT:intensity,4.0,0.009891086514029666,ROBUST_MODEL_INLIER,FIT,0.025815243353373242,SYNTHETIC_SOURCE,SYNTHETIC_TARGET
28,520.2196044921875,412.02374267578125,529.2133178710938,406.0406188964844,520.2196044921875,412.02374267578125,529.2133178710938,406.0406188964844,SIFT:intensity,4.0,0.009914758733205607,ROBUST_MODEL_INLIER,FIT,0.01833531621663056,SYNTHETIC_SOURCE,SYNTHETIC_TARGET
29,477.04486083984375,440.9419860839844,486.02777099609375,434.9737243652344,477.04486083984375,440.9419860839844,486.02777099609375,434.9737243652344,SIFT:intensity,4.0,0.009997219858826796,ROBUST_MODEL_INLIER,FIT,0.03634661175799635,SYNTHETIC_SOURCE,SYNTHETIC_TARGET
30,586.0789794921875,207.08226013183594,595.1328735351562,201.09353637695312,586.0789794921875,207.08226013183594,595.1328735351562,201.09353637695312,SIFT:intensity,4.898979663848877,0.01009164060562002,ROBUST_MODEL_INLIER,FIT,0.05518157739836375,SYNTHETIC_SOURCE,SYNTHETIC_TARGET
31,615.291015625,615.0643310546875,624.252685546875,609.0799560546875,615.291015625,615.0643310546875,624.252685546875,609.0799560546875,SIFT:intensity,5.916079998016357,0.010145381361152304,ROBUST_MODEL_INLIER,FIT,0.041489102067171886,SYNTHETIC_SOURCE,SYNTHETIC_TARGET
32,186.60467529296875,250.9789581298828,195.60777282714844,244.95542907714844,186.60467529296875,250.9789581298828,195.60777282714844,244.95542907714844,SIFT:intensity,4.582575798034668,0.010182672414851194,ROBUST_MODEL_INLIER,FIT,0.023377040107087993,SYNTHETIC_SOURCE,SYNTHETIC_TARGET
33,591.8341064453125,167.88629150390625,600.8333129882812,161.88328552246094,591.8341064453125,167.88629150390625,600.8333129882812,161.88328552246094,SIFT:intensity,5.0,0.010351434486172963,ROBUST_MODEL_INLIER,FIT,0.002745448646878401,SYNTHETIC_SOURCE,SYNTHETIC_TARGET
34,187.333984375,417.19696044921875,196.36322021484375,411.2173767089844,187.333984375,417.19696044921875,196.36322021484375,411.2173767089844,SIFT:intensity,4.690415859222412,0.010394517303044398,ROBUST_MODEL_INLIER,FIT,0.03590605605263131,SYNTHETIC_SOURCE,SYNTHETIC_TARGET
35,132.0222930908203,90.16260528564453,141.01065063476562,84.15364074707031,132.0222930908203,90.16260528564453,141.01065063476562,84.15364074707031,SIFT:intensity,4.358899116516113,0.010451222541216255,ROBUST_MODEL_INLIER,FIT,0.014437694468915045,SYNTHETIC_SOURCE,SYNTHETIC_TARGET
36,48.407997131347656,548.3876342773438,57.395057678222656,542.3825073242188,48.407997131347656,548.3876342773438,57.395057678222656,542.3825073242188,SIFT:intensity,3.605551242828369,0.010522549622575938,ROBUST_MODEL_INLIER,FIT,0.013745171186237746,SYNTHETIC_SOURCE,SYNTHETIC_TARGET
37,423.4044494628906,527.3491821289062,432.43841552734375,521.3478393554688,423.4044494628906,527.3491821289062,432.43841552734375,521.3478393554688,SIFT:intensity,5.656854152679443,0.010561223695479712,ROBUST_MODEL_INLIER,HELD_OUT,0.034025912467279394,SYNTHETIC_SOURCE,SYNTHETIC_TARGET
38,444.2856140136719,358.6952209472656,453.3037109375,352.68560791015625,444.2856140136719,358.6952209472656,453.3037109375,352.68560791015625,SIFT:intensity,4.582575798034668,0.010651480389344565,ROBUST_MODEL_INLIER,HELD_OUT,0.020364101799744495,SYNTHETIC_SOURCE,SYNTHETIC_TARGET
39,575.4672241210938,284.7309265136719,584.4519653320312,278.7344055175781,575.4672241210938,284.7309265136719,584.4519653320312,278.7344055175781,SIFT:intensity,4.582575798034668,0.010664191719444866,ROBUST_MODEL_INLIER,FIT,0.015690977272616362,SYNTHETIC_SOURCE,SYNTHETIC_TARGET
40,557.853515625,40.670249938964844,566.8760375976562,34.641544342041016,557.853515625,40.670249938964844,566.8760375976562,34.641544342041016,SIFT:intensity,3.872983455657959,0.010701789561502946,ROBUST_MODEL_INLIER,FIT,0.0362288863185603,SYNTHETIC_SOURCE,SYNTHETIC_TARGET
41,136.0364227294922,60.54106903076172,145.04153442382812,54.55267333984375,136.0364227294922,60.54106903076172,145.04153442382812,54.55267333984375,SIFT:intensity,4.4721360206604,0.010726027265035276,ROBUST_MODEL_INLIER,HELD_OUT,0.013032543624311537,SYNTHETIC_SOURCE,SYNTHETIC_TARGET
42,556.2955322265625,23.336654663085938,565.2962036132812,17.32503318786621,556.2955322265625,23.336654663085938,565.2962036132812,17.32503318786621,SIFT:intensity,5.830951690673828,0.01072687403605091,ROBUST_MODEL_INLIER,FIT,0.01127999273131222,SYNTHETIC_SOURCE,SYNTHETIC_TARGET
43,475.4574890136719,344.8772888183594,484.462646484375,338.8740234375,475.4574890136719,344.8772888183594,484.462646484375,338.8740234375,SIFT:intensity,4.0,0.010731653957870528,ROBUST_MODEL_INLIER,FIT,0.005957350871333052,SYNTHETIC_SOURCE,SYNTHETIC_TARGET
44,547.6498413085938,237.8820343017578,556.6563720703125,231.8881378173828,547.6498413085938,237.8820343017578,556.6563720703125,231.8881378173828,SIFT:intensity,5.0,0.010733074068627082,ROBUST_MODEL_INLIER,HELD_OUT,0.00922407386023421,SYNTHETIC_SOURCE,SYNTHETIC_TARGET
45,616.8824462890625,406.9810485839844,625.8755493164062,401.00775146484375,616.8824462890625,406.9810485839844,625.8755493164062,401.00775146484375,SIFT:intensity,6.4031243324279785,0.010840645839886432,ROBUST_MODEL_INLIER,FIT,0.027920805227400366,SYNTHETIC_SOURCE,SYNTHETIC_TARGET
46,536.9217529296875,151.21951293945312,545.919677734375,145.23683166503906,536.9217529296875,151.21951293945312,545.919677734375,145.23683166503906,SIFT:intensity,4.4721360206604,0.010853867779016329,ROBUST_MODEL_INLIER,FIT,0.017799102844036466,SYNTHETIC_SOURCE,SYNTHETIC_TARGET
47,280.631591796875,276.8599548339844,289.648193359375,270.8787536621094,280.631591796875,276.8599548339844,289.648193359375,270.8787536621094,SIFT:intensity,5.656854152679443,0.010854987047307238,ROBUST_MODEL_INLIER,FIT,0.025384237401229803,SYNTHETIC_SOURCE,SYNTHETIC_TARGET
48,510.40869140625,452.7527160644531,519.390869140625,446.753662109375,510.40869140625,452.7527160644531,519.390869140625,446.753662109375,SIFT:intensity,4.358899116516113,0.010927476931461936,ROBUST_MODEL_INLIER,FIT,0.01782471833024936,SYNTHETIC_SOURCE,SYNTHETIC_TARGET
49,289.5417785644531,314.4176330566406,298.5459899902344,308.4170227050781,289.5417785644531,314.4176330566406,298.5459899902344,308.4170227050781,SIFT:intensity,4.358899116516113,0.01094458257653033,ROBUST_MODEL_INLIER,FIT,0.004264306477962118,SYNTHETIC_SOURCE,SYNTHETIC_TARGET
50,357.9980163574219,212.23023986816406,366.99066162109375,206.210205078125,357.9980163574219,212.23023986816406,366.99066162109375,206.210205078125,SIFT:intensity,4.358899116516113,0.010953943844172094,ROBUST_MODEL_INLIER,HELD_OUT,0.020984492676686395,SYNTHETIC_SOURCE,SYNTHETIC_TARGET
51,494.9690856933594,72.31983184814453,503.9845886230469,66.28677368164062,494.9690856933594,72.31983184814453,503.9845886230469,66.28677368164062,SIFT:intensity,4.242640495300293,0.011008969707580916,ROBUST_MODEL_INLIER,FIT,0.036202913312086395,SYNTHETIC_SOURCE,SYNTHETIC_TARGET
52,343.6814270019531,37.25190734863281,352.68597412109375,31.256465911865234,343.6814270019531,37.25190734863281,352.68597412109375,31.256465911865234,SIFT:intensity,5.5677642822265625,0.011019314611187964,ROBUST_MODEL_INLIER,FIT,0.00673270427731925,SYNTHETIC_SOURCE,SYNTHETIC_TARGET
53,95.32337188720703,310.6003723144531,104.33060455322266,304.57867431640625,95.32337188720703,310.6003723144531,104.33060455322266,304.57867431640625,SIFT:intensity,4.582575798034668,0.011072448416709459,ROBUST_MODEL_INLIER,FIT,0.0225411233692457,SYNTHETIC_SOURCE,SYNTHETIC_TARGET
54,195.54551696777344,606.8084106445312,204.53807067871094,600.7998046875,195.54551696777344,606.8084106445312,204.53807067871094,600.7998046875,SIFT:intensity,5.099019527435303,0.011081997449314943,ROBUST_MODEL_INLIER,FIT,0.011076661934798856,SYNTHETIC_SOURCE,SYNTHETIC_TARGET
55,142.2460174560547,518.1849975585938,151.267822265625,512.2164916992188,142.2460174560547,518.1849975585938,151.267822265625,512.2164916992188,SIFT:intensity,4.242640495300293,0.011100912492790584,ROBUST_MODEL_INLIER,HELD_OUT,0.03863170425363293,SYNTHETIC_SOURCE,SYNTHETIC_TARGET
56,209.60179138183594,343.17333984375,218.55657958984375,337.1899719238281,209.60179138183594,343.17333984375,218.55657958984375,337.1899719238281,SIFT:intensity,4.358899116516113,0.011137630681515135,ROBUST_MODEL_INLIER,FIT,0.04825811874900785,SYNTHETIC_SOURCE,SYNTHETIC_TARGET
57,186.03224182128906,274.8418884277344,195.03805541992188,268.8413391113281,186.03224182128906,274.8418884277344,195.03805541992188,268.8413391113281,SIFT:intensity,4.898979663848877,0.01114080818308234,ROBUST_MODEL_INLIER,FIT,0.005862295210343891,SYNTHETIC_SOURCE,SYNTHETIC_TARGET
58,343.6814270019531,37.25190734863281,352.68597412109375,31.256465911865234,343.6814270019531,37.25190734863281,352.68597412109375,31.256465911865234,SIFT:intensity,5.656854152679443,0.011161172732168531,ROBUST_MODEL_INLIER,FIT,0.00673270427731925,SYNTHETIC_SOURCE,SYNTHETIC_TARGET
59,93.796142578125,413.7301940917969,102.78874969482422,407.74029541015625,93.796142578125,413.7301940917969,102.78874969482422,407.74029541015625,SIFT:intensity,5.385164737701416,0.011188975681405153,ROBUST_MODEL_INLIER,FIT,0.012787072497533983,SYNTHETIC_SOURCE,SYNTHETIC_TARGET
60,206.225830078125,274.0938415527344,215.214599609375,268.0799560546875,206.225830078125,274.0938415527344,215.214599609375,268.0799560546875,SIFT:intensity,4.123105525970459,0.011245772355507316,ROBUST_MODEL_INLIER,HELD_OUT,0.017547650648146753,SYNTHETIC_SOURCE,SYNTHETIC_TARGET
61,129.75442504882812,53.77939224243164,138.73663330078125,47.76908493041992,129.75442504882812,53.77939224243164,138.73663330078125,47.76908493041992,SIFT:intensity,4.690415859222412,0.01125745594596206,ROBUST_MODEL_INLIER,FIT,0.020341654980683552,SYNTHETIC_SOURCE,SYNTHETIC_TARGET
62,565.2044067382812,617.4498291015625,574.1831665039062,611.4558715820312,565.2044067382812,617.4498291015625,574.1831665039062,611.4558715820312,SIFT:intensity,6.78233003616333,0.011260256543125608,ROBUST_MODEL_INLIER,FIT,0.02214163345839383,SYNTHETIC_SOURCE,SYNTHETIC_TARGET
63,355.2040100097656,432.1161804199219,364.2072448730469,426.1331481933594,355.2040100097656,432.1161804199219,364.2072448730469,426.1331481933594,SIFT:intensity,5.196152210235596,0.011272726068230019,ROBUST_MODEL_INLIER,FIT,0.017639826828821915,SYNTHETIC_SOURCE,SYNTHETIC_TARGET
64,69.00350952148438,464.265380859375,78.02916717529297,458.2749328613281,69.00350952148438,464.265380859375,78.02916717529297,458.2749328613281,SIFT:intensity,4.898979663848877,0.011282043099604077,ROBUST_MODEL_INLIER,FIT,0.02754994443557749,SYNTHETIC_SOURCE,SYNTHETIC_TARGET
65,187.333984375,417.19696044921875,196.36322021484375,411.2173767089844,187.333984375,417.19696044921875,196.36322021484375,411.2173767089844,SIFT:intensity,4.0,0.011350315335127084,ROBUST_MODEL_INLIER,HELD_OUT,0.03590605605263131,SYNTHETIC_SOURCE,SYNTHETIC_TARGET
66,127.0725326538086,496.9462585449219,136.05630493164062,490.9649353027344,127.0725326538086,496.9462585449219,136.05630493164062,490.9649353027344,SIFT:intensity,4.898979663848877,0.011483227376388811,ROBUST_MODEL_INLIER,FIT,0.024988345067051904,SYNTHETIC_SOURCE,SYNTHETIC_TARGET
67,22.02649688720703,508.7301940917969,31.02001953125,502.730712890625,22.02649688720703,508.7301940917969,31.02001953125,502.730712890625,SIFT:intensity,5.099019527435303,0.011490341270717264,ROBUST_MODEL_INLIER,FIT,0.0064919246683392854,SYNTHETIC_SOURCE,SYNTHETIC_TARGET
68,164.07801818847656,60.843021392822266,173.076416015625,54.855247497558594,164.07801818847656,60.843021392822266,173.076416015625,54.855247497558594,SIFT:intensity,4.690415859222412,0.01157189486083057,ROBUST_MODEL_INLIER,FIT,0.012686242619929759,SYNTHETIC_SOURCE,SYNTHETIC_TARGET
69,157.22564697265625,495.2989196777344,166.22158813476562,489.30145263671875,157.22564697265625,495.2989196777344,166.22158813476562,489.30145263671875,SIFT:intensity,4.898979663848877,0.01157443103473387,ROBUST_MODEL_INLIER,FIT,0.004949625562525356,SYNTHETIC_SOURCE,SYNTHETIC_TARGET
70,492.0166931152344,55.01488494873047,501.0493469238281,49.0269660949707,492.0166931152344,55.01488494873047,501.0493469238281,49.0269660949707,SIFT:intensity,4.4721360206604,0.011597994200407465,ROBUST_MODEL_INLIER,FIT,0.03498788473266502,SYNTHETIC_SOURCE,SYNTHETIC_TARGET
71,132.1136474609375,49.73582077026367,141.1101531982422,43.7010383605957,132.1136474609375,49.73582077026367,141.1101531982422,43.7010383605957,SIFT:intensity,5.74456262588501,0.011612359145159125,ROBUST_MODEL_INLIER,FIT,0.03459043341774649,SYNTHETIC_SOURCE,SYNTHETIC_TARGET
72,108.92194366455078,59.550865173339844,117.92508697509766,53.550323486328125,108.92194366455078,59.550865173339844,117.92508697509766,53.550323486328125,SIFT:intensity,4.4721360206604,0.011763810589046455,ROBUST_MODEL_INLIER,FIT,0.0031940163155731085,SYNTHETIC_SOURCE,SYNTHETIC_TARGET
73,49.77224349975586,599.940185546875,58.756141662597656,593.9481811523438,49.77224349975586,599.940185546875,58.756141662597656,593.9481811523438,SIFT:intensity,4.4721360206604,0.011808877731583994,ROBUST_MODEL_INLIER,FIT,0.018102076333294453,SYNTHETIC_SOURCE,SYNTHETIC_TARGET
74,351.9346618652344,550.6103515625,360.931884765625,544.6314697265625,351.9346618652344,550.6103515625,360.931884765625,544.6314697265625,SIFT:intensity,5.830951690673828,0.011850083488274895,ROBUST_MODEL_INLIER,FIT,0.02165540447660471,SYNTHETIC_SOURCE,SYNTHETIC_TARGET
75,136.69400024414062,191.364501953125,145.6563720703125,185.35169982910156,136.69400024414062,191.364501953125,145.6563720703125,185.35169982910156,SIFT:intensity,4.123105525970459,0.011908634357663109,ROBUST_MODEL_INLIER,FIT,0.03958706829350332,SYNTHETIC_SOURCE,SYNTHETIC_TARGET
76,409.26556396484375,243.2008056640625,418.2641906738281,237.19346618652344,409.26556396484375,243.2008056640625,418.2641906738281,237.19346618652344,SIFT:intensity,3.872983455657959,0.011958267296318999,ROBUST_MODEL_INLIER,FIT,0.007100376523628829,SYNTHETIC_SOURCE,SYNTHETIC_TARGET
77,556.2955322265625,23.336654663085938,565.2962036132812,17.32503318786621,556.2955322265625,23.336654663085938,565.2962036132812,17.32503318786621,SIFT:intensity,5.196152210235596,0.011969079412383928,ROBUST_MODEL_INLIER,HELD_OUT,0.01127999273131222,SYNTHETIC_SOURCE,SYNTHETIC_TARGET
78,23.924659729003906,228.3612518310547,32.9425163269043,222.36077880859375,23.924659729003906,228.3612518310547,32.9425163269043,222.36077880859375,SIFT:intensity,5.0,0.012028165759048177,ROBUST_MODEL_INLIER,FIT,0.017902704382567112,SYNTHETIC_SOURCE,SYNTHETIC_TARGET
79,349.0058898925781,535.840576171875,358.0632629394531,529.8368530273438,349.0058898925781,535.840576171875,358.0632629394531,529.8368530273438,SIFT:intensity,5.385164737701416,0.012059667181257618,ROBUST_MODEL_INLIER,FIT,0.05751698075345922,SYNTHETIC_SOURCE,SYNTHETIC_TARGET
80,104.26848602294922,512.7900390625,113.27202606201172,506.7908630371094,104.26848602294922,512.7900390625,113.27202606201172,506.7908630371094,SIFT:intensity,5.291502475738525,0.012101764589305397,ROBUST_MODEL_INLIER,FIT,0.003777575594505377,SYNTHETIC_SOURCE,SYNTHETIC_TARGET
81,337.15972900390625,68.92424011230469,346.182373046875,62.913509368896484,337.15972900390625,68.92424011230469,346.182373046875,62.913509368896484,SIFT:intensity,5.5677642822265625,0.012196935946406471,ROBUST_MODEL_INLIER,FIT,0.024945760682436546,SYNTHETIC_SOURCE,SYNTHETIC_TARGET
82,569.4090576171875,218.0674591064453,578.4074096679688,212.07904052734375,569.4090576171875,218.0674591064453,578.4074096679688,212.07904052734375,SIFT:intensity,5.916079998016357,0.012418439337804895,ROBUST_MODEL_INLIER,FIT,0.012052688138870712,SYNTHETIC_SOURCE,SYNTHETIC_TARGET
83,256.44171142578125,189.64622497558594,265.4582214355469,183.6414337158203,256.44171142578125,189.64622497558594,265.4582214355469,183.6414337158203,SIFT:intensity,4.358899116516113,0.012527382631549773,ROBUST_MODEL_INLIER,FIT,0.017137444251298407,SYNTHETIC_SOURCE,SYNTHETIC_TARGET
84,49.18512725830078,571.3753662109375,58.138465881347656,565.35986328125,49.18512725830078,571.3753662109375,58.138465881347656,565.35986328125,SIFT:intensity,4.795831680297852,0.012528460127241153,ROBUST_MODEL_INLIER,FIT,0.04901216398142264,SYNTHETIC_SOURCE,SYNTHETIC_TARGET
85,519.4151000976562,359.03240966796875,528.4151000976562,353.0348205566406,519.4151000976562,359.03240966796875,528.4151000976562,353.0348205566406,SIFT:intensity,4.123105525970459,0.01262305980349252,ROBUST_MODEL_INLIER,FIT,0.0027755697721145865,SYNTHETIC_SOURCE,SYNTHETIC_TARGET
86,414.98870849609375,64.59964752197266,424.1969909667969,58.6032829284668,414.98870849609375,64.59964752197266,424.1969909667969,58.6032829284668,SIFT:intensity,5.74456262588501,0.012670569215936884,ROBUST_MODEL_INLIER,FIT,0.20836663890396967,SYNTHETIC_SOURCE,SYNTHETIC_TARGET
87,563.8284912109375,264.7037048339844,572.853271484375,258.7015686035156,563.8284912109375,264.7037048339844,572.853271484375,258.7015686035156,SIFT:intensity,5.5677642822265625,0.012802096842484623,ROBUST_MODEL_INLIER,FIT,0.024889203960200806,SYNTHETIC_SOURCE,SYNTHETIC_TARGET
88,140.99412536621094,238.29103088378906,150.00494384765625,232.2985382080078,140.99412536621094,238.29103088378906,150.00494384765625,232.2985382080078,SIFT:intensity,4.898979663848877,0.012828027200683522,ROBUST_MODEL_INLIER,HELD_OUT,0.013416207443168113,SYNTHETIC_SOURCE,SYNTHETIC_TARGET
89,94.37398529052734,489.8973388671875,103.3697280883789,483.89453125,94.37398529052734,489.8973388671875,103.3697280883789,483.89453125,SIFT:intensity,5.5677642822265625,0.012854876087095908,ROBUST_MODEL_INLIER,HELD_OUT,0.004868869319692324,SYNTHETIC_SOURCE,SYNTHETIC_TARGET
90,615.5445556640625,80.20124816894531,624.529541015625,74.22161865234375,615.5445556640625,80.20124816894531,624.529541015625,74.22161865234375,SIFT:intensity,6.0,0.012864552246081674,ROBUST_MODEL_INLIER,FIT,0.025573394817002326,SYNTHETIC_SOURCE,SYNTHETIC_TARGET
91,568.90185546875,162.58433532714844,577.9071044921875,156.62498474121094,568.90185546875,162.58433532714844,577.9071044921875,156.62498474121094,SIFT:intensity,4.582575798034668,0.012884151122819048,ROBUST_MODEL_INLIER,HELD_OUT,0.04135408009565425,SYNTHETIC_SOURCE,SYNTHETIC_TARGET
92,520.4126586914062,441.9147033691406,529.40771484375,435.9089050292969,520.4126586914062,441.9147033691406,529.40771484375,435.9089050292969,SIFT:intensity,5.0,0.012903665833488683,ROBUST_MODEL_INLIER,FIT,0.007315726373513378,SYNTHETIC_SOURCE,SYNTHETIC_TARGET
93,291.6640319824219,318.2504577636719,300.6600646972656,312.23638916015625,291.6640319824219,318.2504577636719,300.6600646972656,312.23638916015625,SIFT:intensity,5.916079998016357,0.012981197194317146,ROBUST_MODEL_INLIER,FIT,0.014254335048160914,SYNTHETIC_SOURCE,SYNTHETIC_TARGET
94,193.6303253173828,349.69757080078125,202.6256866455078,343.6829833984375,193.6303253173828,349.69757080078125,202.6256866455078,343.6829833984375,SIFT:intensity,5.0,0.01308774951018794,ROBUST_MODEL_INLIER,HELD_OUT,0.014946278042938759,SYNTHETIC_SOURCE,SYNTHETIC_TARGET
95,462.5989074707031,353.307373046875,471.59100341796875,347.31634521484375,462.5989074707031,353.307373046875,471.59100341796875,347.31634521484375,SIFT:intensity,4.898979663848877,0.013130219828239493,ROBUST_MODEL_INLIER,HELD_OUT,0.012203368740200072,SYNTHETIC_SOURCE,SYNTHETIC_TARGET
96,520.4126586914062,441.9147033691406,529.40771484375,435.9089050292969,520.4126586914062,441.9147033691406,529.40771484375,435.9089050292969,SIFT:intensity,5.830951690673828,0.013147220757166189,ROBUST_MODEL_INLIER,FIT,0.007315726373513378,SYNTHETIC_SOURCE,SYNTHETIC_TARGET
97,259.5751037597656,204.76564025878906,268.55706787109375,198.7587890625,259.5751037597656,204.76564025878906,268.55706787109375,198.7587890625,SIFT:intensity,6.082762718200684,0.01315306500711369,ROBUST_MODEL_INLIER,FIT,0.019123909580394796,SYNTHETIC_SOURCE,SYNTHETIC_TARGET
98,125.57896423339844,217.1592559814453,134.5908966064453,211.1447296142578,125.57896423339844,217.1592559814453,134.5908966064453,211.1447296142578,SIFT:intensity,5.5677642822265625,0.0132231532543346,ROBUST_MODEL_INLIER,FIT,0.018548318219108878,SYNTHETIC_SOURCE,SYNTHETIC_TARGET
99,72.9695816040039,365.20477294921875,81.95447540283203,359.1944274902344,72.9695816040039,365.20477294921875,81.95447540283203,359.1944274902344,SIFT:intensity,4.795831680297852,0.013313077142490928,ROBUST_MODEL_INLIER,FIT,0.01806764672908238,SYNTHETIC_SOURCE,SYNTHETIC_TARGET
100,199.69129943847656,54.00230407714844,208.66526794433594,48.0660285949707,199.69129943847656,54.00230407714844,208.66526794433594,48.0660285949707,SIFT:intensity,4.795831680297852,0.01331713179230673,ROBUST_MODEL_INLIER,HELD_OUT,0.06915659446552311,SYNTHETIC_SOURCE,SYNTHETIC_TARGET
101,333.37451171875,372.6889343261719,342.32763671875,366.7589111328125,333.37451171875,372.6889343261719,342.32763671875,366.7589111328125,SIFT:intensity,5.5677642822265625,0.013323670672749172,ROBUST_MODEL_INLIER,HELD_OUT,0.08450353823580131,SYNTHETIC_SOURCE,SYNTHETIC_TARGET
102,140.28565979003906,547.1700439453125,149.2844696044922,541.07275390625,140.28565979003906,547.1700439453125,149.2844696044922,541.07275390625,SIFT:intensity,4.795831680297852,0.013332302761643678,ROBUST_MODEL_INLIER,FIT,0.09693249129922946,SYNTHETIC_SOURCE,SYNTHETIC_TARGET
103,158.17999267578125,426.8854675292969,167.14549255371094,420.80792236328125,158.17999267578125,426.8854675292969,167.14549255371094,420.80792236328125,SIFT:intensity,4.898979663848877,0.013347678439713729,ROBUST_MODEL_INLIER,FIT,0.08452211227110078,SYNTHETIC_SOURCE,SYNTHETIC_TARGET
104,243.91952514648438,399.9012451171875,252.93905639648438,393.8912048339844,243.91952514648438,399.9012451171875,252.93905639648438,393.8912048339844,SIFT:intensity,4.582575798034668,0.013394536026765195,ROBUST_MODEL_INLIER,FIT,0.02183768629862347,SYNTHETIC_SOURCE,SYNTHETIC_TARGET
105,557.6055908203125,124.3404312133789,566.5958862304688,118.33927917480469,557.6055908203125,124.3404312133789,566.5958862304688,118.33927917480469,SIFT:intensity,6.633249759674072,0.01340291161163174,ROBUST_MODEL_INLIER,FIT,0.009690882528550854,SYNTHETIC_SOURCE,SYNTHETIC_TARGET
106,34.33405303955078,201.54576110839844,43.32392120361328,195.53953552246094,34.33405303955078,201.54576110839844,43.32392120361328,195.53953552246094,SIFT:intensity,4.0,0.01356805527922522,ROBUST_MODEL_INLIER,FIT,0.011665471633255424,SYNTHETIC_SOURCE,SYNTHETIC_TARGET
107,564.6776123046875,191.223388671875,573.6878051757812,185.15756225585938,564.6776123046875,191.223388671875,573.6878051757812,185.15756225585938,SIFT:intensity,5.656854152679443,0.013581030911818302,ROBUST_MODEL_INLIER,FIT,0.06625796605090471,SYNTHETIC_SOURCE,SYNTHETIC_TARGET
108,469.2295837402344,472.18670654296875,478.2461853027344,466.1434326171875,469.2295837402344,472.18670654296875,478.2461853027344,466.1434326171875,SIFT:intensity,4.358899116516113,0.01358809540503125,ROBUST_MODEL_INLIER,HELD_OUT,0.046025748967854975,SYNTHETIC_SOURCE,SYNTHETIC_TARGET
109,36.018882751464844,368.765625,44.96587371826172,362.8287658691406,36.018882751464844,368.765625,44.96587371826172,362.8287658691406,SIFT:intensity,4.690415859222412,0.013588160441747363,ROBUST_MODEL_INLIER,FIT,0.08269228221588831,SYNTHETIC_SOURCE,SYNTHETIC_TARGET
110,131.6907958984375,206.56192016601562,140.69729614257812,200.5467071533203,131.6907958984375,206.56192016601562,140.69729614257812,200.5467071533203,SIFT:intensity,6.244997978210449,0.013633092121462617,ROBUST_MODEL_INLIER,FIT,0.0162275859762484,SYNTHETIC_SOURCE,SYNTHETIC_TARGET
111,472.0518493652344,339.1962890625,481.02099609375,333.22991943359375,472.0518493652344,339.1962890625,481.02099609375,333.22991943359375,SIFT:intensity,4.242640495300293,0.013655349232685653,ROBUST_MODEL_INLIER,HELD_OUT,0.045877441757060794,SYNTHETIC_SOURCE,SYNTHETIC_TARGET
112,363.9205322265625,149.55784606933594,372.9222717285156,143.55455017089844,363.9205322265625,149.55784606933594,372.9222717285156,143.55455017089844,SIFT:intensity,4.242640495300293,0.013657189716902524,ROBUST_MODEL_INLIER,FIT,0.0034324141704503352,SYNTHETIC_SOURCE,SYNTHETIC_TARGET
113,250.987060546875,451.32537841796875,260.01702880859375,445.33953857421875,250.987060546875,451.32537841796875,260.01702880859375,445.33953857421875,SIFT:intensity,5.196152210235596,0.013690829087200686,ROBUST_MODEL_INLIER,FIT,0.033343701291772825,SYNTHETIC_SOURCE,SYNTHETIC_TARGET
114,143.28616333007812,220.6686248779297,152.30987548828125,214.67251586914062,143.28616333007812,220.6686248779297,152.30987548828125,214.67251586914062,SIFT:intensity,6.4031243324279785,0.013748747817126832,ROBUST_MODEL_INLIER,FIT,0.02413601021048207,SYNTHETIC_SOURCE,SYNTHETIC_TARGET
115,222.9031982421875,37.25131607055664,231.8977813720703,31.27857780456543,222.9031982421875,37.25131607055664,231.8977813720703,31.27857780456543,SIFT:intensity,6.324555397033691,0.013796844191143546,ROBUST_MODEL_INLIER,FIT,0.028143322501410627,SYNTHETIC_SOURCE,SYNTHETIC_TARGET
116,140.08668518066406,285.6226806640625,149.1160430908203,279.6044616699219,140.08668518066406,285.6226806640625,149.1160430908203,279.6044616699219,SIFT:intensity,5.0,0.013825930488750525,ROBUST_MODEL_INLIER,FIT,0.03440009819560999,SYNTHETIC_SOURCE,SYNTHETIC_TARGET
117,367.3013000488281,247.61683654785156,376.3095397949219,241.5894775390625,367.3013000488281,247.61683654785156,376.3095397949219,241.5894775390625,SIFT:intensity,5.291502475738525,0.013861223141434686,ROBUST_MODEL_INLIER,FIT,0.02823763430771338,SYNTHETIC_SOURCE,SYNTHETIC_TARGET
118,562.92822265625,244.2993927001953,571.9071044921875,238.28125,562.92822265625,244.2993927001953,571.9071044921875,238.28125,SIFT:intensity,6.928203105926514,0.013886488801393301,ROBUST_MODEL_INLIER,HELD_OUT,0.027570217791624784,SYNTHETIC_SOURCE,SYNTHETIC_TARGET
119,559.35302734375,545.9766235351562,568.2945556640625,539.9902954101562,559.35302734375,545.9766235351562,568.2945556640625,539.9902954101562,SIFT:intensity,6.480740547180176,0.013895112387594248,ROBUST_MODEL_INLIER,FIT,0.060088272467870775,SYNTHETIC_SOURCE,SYNTHETIC_TARGET
120,24.014385223388672,211.13446044921875,32.982826232910156,205.1767120361328,24.014385223388672,211.13446044921875,32.982826232910156,205.1767120361328,SIFT:intensity,5.196152210235596,0.013939974269986864,ROBUST_MODEL_INLIER,HELD_OUT,0.05300185644846889,SYNTHETIC_SOURCE,SYNTHETIC_TARGET
121,171.31613159179688,263.26348876953125,180.297607421875,257.306396484375,171.31613159179688,263.26348876953125,180.297607421875,257.306396484375,SIFT:intensity,6.633249759674072,0.01394417144258426,ROBUST_MODEL_INLIER,FIT,0.047052296517754354,SYNTHETIC_SOURCE,SYNTHETIC_TARGET
122,486.63018798828125,236.239990234375,495.6408996582031,230.2336883544922,486.63018798828125,236.239990234375,495.6408996582031,230.2336883544922,SIFT:intensity,5.74456262588501,0.013949401572734622,ROBUST_MODEL_INLIER,HELD_OUT,0.012287288671976659,SYNTHETIC_SOURCE,SYNTHETIC_TARGET
123,262.0119323730469,177.8364715576172,271.0006103515625,171.81385803222656,262.0119323730469,177.8364715576172,271.0006103515625,171.81385803222656,SIFT:intensity,6.4031243324279785,0.013962793014410285,ROBUST_MODEL_INLIER,FIT,0.024943567802676307,SYNTHETIC_SOURCE,SYNTHETIC_TARGET
124,94.93301391601562,43.027591705322266,103.9261474609375,37.02861404418945,94.93301391601562,43.027591705322266,103.9261474609375,37.02861404418945,SIFT:intensity,6.244997978210449,0.013991374447682618,ROBUST_MODEL_INLIER,FIT,0.006960203688023032,SYNTHETIC_SOURCE,SYNTHETIC_TARGET
125,69.00350952148438,464.265380859375,78.02916717529297,458.2749328613281,69.00350952148438,464.265380859375,78.02916717529297,458.2749328613281,SIFT:intensity,4.0,0.01399440018996305,ROBUST_MODEL_INLIER,FIT,0.02754994443557749,SYNTHETIC_SOURCE,SYNTHETIC_TARGET
126,136.3509521484375,74.67909240722656,145.36900329589844,68.65363311767578,136.3509521484375,74.67909240722656,145.36900329589844,68.65363311767578,SIFT:intensity,5.0,0.013995887341307618,ROBUST_MODEL_INLIER,HELD_OUT,0.03093956968785478,SYNTHETIC_SOURCE,SYNTHETIC_TARGET
127,35.2757682800293,375.1258850097656,44.291011810302734,369.1343078613281,35.2757682800293,375.1258850097656,44.291011810302734,369.1343078613281,SIFT:intensity,4.4721360206604,0.014013315070522255,ROBUST_MODEL_INLIER,HELD_OUT,0.01763453977866331,SYNTHETIC_SOURCE,SYNTHETIC_TARGET
128,511.8440856933594,149.81829833984375,520.8499145507812,143.8061065673828,511.8440856933594,149.81829833984375,520.8499145507812,143.8061065673828,SIFT:intensity,6.4031243324279785,0.01404085869621808,ROBUST_MODEL_INLIER,HELD_OUT,0.013206072166824888,SYNTHETIC_SOURCE,SYNTHETIC_TARGET
129,152.193115234375,267.1748046875,161.19024658203125,261.1315612792969,152.193115234375,267.1748046875,161.19024658203125,261.1315612792969,SIFT:intensity,6.0,0.014067541342113335,ROBUST_MODEL_INLIER,FIT,0.042971923872448616,SYNTHETIC_SOURCE,SYNTHETIC_TARGET
130,461.35125732421875,314.5582580566406,470.3204650878906,308.56072998046875,461.35125732421875,314.5582580566406,470.3204650878906,308.56072998046875,SIFT:intensity,6.244997978210449,0.014111377173680759,ROBUST_MODEL_INLIER,FIT,0.030876997685824817,SYNTHETIC_SOURCE,SYNTHETIC_TARGET
131,277.6453857421875,24.758617401123047,286.7157897949219,18.795337677001953,277.6453857421875,24.758617401123047,286.7157897949219,18.795337677001953,SIFT:intensity,7.348469257354736,0.014152806968755103,ROBUST_MODEL_INLIER,FIT,0.07961434829690542,SYNTHETIC_SOURCE,SYNTHETIC_TARGET
132,164.07801818847656,60.843021392822266,173.076416015625,54.855247497558594,164.07801818847656,60.843021392822266,173.076416015625,54.855247497558594,SIFT:intensity,6.928203105926514,0.014168637706766712,ROBUST_MODEL_INLIER,FIT,0.012686242619929759,SYNTHETIC_SOURCE,SYNTHETIC_TARGET
133,487.6512145996094,26.07425308227539,496.6326904296875,20.064044952392578,487.6512145996094,26.07425308227539,496.6326904296875,20.064044952392578,SIFT:intensity,5.830951690673828,0.014176911123624193,ROBUST_MODEL_INLIER,FIT,0.020936856126631945,SYNTHETIC_SOURCE,SYNTHETIC_TARGET
134,520.2954711914062,350.8583068847656,529.3135986328125,344.85833740234375,520.2954711914062,350.8583068847656,529.3135986328125,344.85833740234375,SIFT:intensity,6.4031243324279785,0.014278467223012946,ROBUST_MODEL_INLIER,FIT,0.018177506099426557,SYNTHETIC_SOURCE,SYNTHETIC_TARGET
135,267.5963134765625,59.54039001464844,276.63690185546875,53.53264236450195,267.5963134765625,59.54039001464844,276.63690185546875,53.53264236450195,SIFT:intensity,4.898979663848877,0.014339958144465842,ROBUST_MODEL_INLIER,FIT,0.04129949613706814,SYNTHETIC_SOURCE,SYNTHETIC_TARGET
136,37.64143753051758,514.521484375,46.63177490234375,508.52978515625,37.64143753051758,514.521484375,46.63177490234375,508.52978515625,SIFT:intensity,5.4772257804870605,0.014417596178099887,ROBUST_MODEL_INLIER,FIT,0.012944787906167217,SYNTHETIC_SOURCE,SYNTHETIC_TARGET
137,520.2954711914062,350.8583068847656,529.3135986328125,344.85833740234375,520.2954711914062,350.8583068847656,529.3135986328125,344.85833740234375,SIFT:intensity,6.324555397033691,0.014429473966195254,ROBUST_MODEL_INLIER,FIT,0.018177506099426557,SYNTHETIC_SOURCE,SYNTHETIC_TARGET
138,194.1943359375,49.84467315673828,203.18228149414062,43.881710052490234,194.1943359375,49.84467315673828,203.18228149414062,43.881710052490234,SIFT:intensity,4.795831680297852,0.01446010845600363,ROBUST_MODEL_INLIER,FIT,0.039281774336975044,SYNTHETIC_SOURCE,SYNTHETIC_TARGET
139,99.1893081665039,24.314945220947266,108.19241333007812,18.301185607910156,99.1893081665039,24.314945220947266,108.19241333007812,18.301185607910156,SIFT:intensity,4.582575798034668,0.014473008041307323,ROBUST_MODEL_INLIER,FIT,0.013760913404586036,SYNTHETIC_SOURCE,SYNTHETIC_TARGET
140,168.64889526367188,67.3297119140625,177.65196228027344,61.34567642211914,168.64889526367188,67.3297119140625,177.65196228027344,61.34567642211914,SIFT:intensity,5.4772257804870605,0.014522933211142147,ROBUST_MODEL_INLIER,FIT,0.01662286286476463,SYNTHETIC_SOURCE,SYNTHETIC_TARGET
141,133.81739807128906,496.3323669433594,142.79931640625,490.3396911621094,133.81739807128906,496.3323669433594,142.79931640625,490.3396911621094,SIFT:intensity,7.071067810058594,0.01452512861559054,ROBUST_MODEL_INLIER,HELD_OUT,0.01960629123367111,SYNTHETIC_SOURCE,SYNTHETIC_TARGET
142,214.9838104248047,134.07220458984375,224.0043182373047,128.06700134277344,214.9838104248047,134.07220458984375,224.0043182373047,128.06700134277344,SIFT:intensity,3.7416574954986572,0.014629696918252817,ROBUST_MODEL_INLIER,FIT,0.021115524841641895,SYNTHETIC_SOURCE,SYNTHETIC_TARGET
143,299.7645263671875,152.15354919433594,308.7534484863281,146.15858459472656,299.7645263671875,152.15354919433594,308.7534484863281,146.15858459472656,SIFT:intensity,6.928203105926514,0.014679912191796403,ROBUST_MODEL_INLIER,HELD_OUT,0.012282676116900884,SYNTHETIC_SOURCE,SYNTHETIC_TARGET
144,465.445556640625,320.6563720703125,474.4334716796875,314.6470947265625,465.445556640625,320.6563720703125,474.4334716796875,314.6470947265625,SIFT:intensity,5.5677642822265625,0.014765852808538538,ROBUST_MODEL_INLIER,FIT,0.014979460939300086,SYNTHETIC_SOURCE,SYNTHETIC_TARGET
145,476.3104553222656,468.28509521484375,485.2919006347656,462.2893981933594,476.3104553222656,468.28509521484375,485.2919006347656,462.2893981933594,SIFT:intensity,5.099019527435303,0.014802293022191479,ROBUST_MODEL_INLIER,FIT,0.019088303056198148,SYNTHETIC_SOURCE,SYNTHETIC_TARGET
146,565.4134521484375,37.107452392578125,574.4069213867188,31.10797691345215,565.4134521484375,37.107452392578125,574.4069213867188,31.10797691345215,SIFT:intensity,5.0,0.01482205482676633,ROBUST_MODEL_INLIER,FIT,0.006545612571472055,SYNTHETIC_SOURCE,SYNTHETIC_TARGET
147,297.6669616699219,450.8648681640625,306.66455078125,444.86077880859375,297.6669616699219,450.8648681640625,306.66455078125,444.86077880859375,SIFT:intensity,6.164413928985596,0.014824900869118099,ROBUST_MODEL_INLIER,FIT,0.0044124559738996484,SYNTHETIC_SOURCE,SYNTHETIC_TARGET
148,368.6950378417969,256.38189697265625,377.7106628417969,250.4022216796875,368.6950378417969,256.38189697265625,377.7106628417969,250.4022216796875,SIFT:intensity,4.582575798034668,0.014827158857588152,ROBUST_MODEL_INLIER,FIT,0.025953966794879817,SYNTHETIC_SOURCE,SYNTHETIC_TARGET
149,93.25753784179688,323.2684631347656,102.26629638671875,317.2733459472656,93.25753784179688,323.2684631347656,102.26629638671875,317.2733459472656,SIFT:intensity,5.196152210235596,0.014869838382576037,ROBUST_MODEL_INLIER,HELD_OUT,0.010249307323477428,SYNTHETIC_SOURCE,SYNTHETIC_TARGET
150,607.989501953125,212.91732788085938,616.986572265625,206.90597534179688,607.989501953125,212.91732788085938,616.986572265625,206.90597534179688,SIFT:intensity,4.898979663848877,0.014886458767054817,ROBUST_MODEL_INLIER,HELD_OUT,0.011360381254428144,SYNTHETIC_SOURCE,SYNTHETIC_TARGET
151,280.631591796875,276.8599548339844,289.648193359375,270.8787536621094,280.631591796875,276.8599548339844,289.648193359375,270.8787536621094,SIFT:intensity,6.633249759674072,0.014903883619151006,ROBUST_MODEL_INLIER,FIT,0.025384237401229803,SYNTHETIC_SOURCE,SYNTHETIC_TARGET
152,253.67637634277344,471.01007080078125,262.68194580078125,464.9950866699219,253.67637634277344,471.01007080078125,262.68194580078125,464.9950866699219,SIFT:intensity,5.656854152679443,0.014905877365724808,ROBUST_MODEL_INLIER,FIT,0.01566110489415308,SYNTHETIC_SOURCE,SYNTHETIC_TARGET
153,502.7767333984375,298.6183166503906,511.7831115722656,292.6659851074219,502.7767333984375,298.6183166503906,511.7831115722656,292.6659851074219,SIFT:intensity,4.898979663848877,0.014945571026292903,ROBUST_MODEL_INLIER,FIT,0.048460429516269624,SYNTHETIC_SOURCE,SYNTHETIC_TARGET
154,122.7031478881836,87.76102447509766,131.7351531982422,81.75904083251953,122.7031478881836,87.76102447509766,131.7351531982422,81.75904083251953,SIFT:intensity,6.7082037925720215,0.01501051123519047,ROBUST_MODEL_INLIER,FIT,0.032091967839866564,SYNTHETIC_SOURCE,SYNTHETIC_TARGET
155,222.9031982421875,37.25131607055664,231.8977813720703,31.27857780456543,222.9031982421875,37.25131607055664,231.8977813720703,31.27857780456543,SIFT:intensity,6.855654716491699,0.01503577651715564,ROBUST_MODEL_INLIER,FIT,0.028143322501410627,SYNTHETIC_SOURCE,SYNTHETIC_TARGET
156,116.24696350097656,23.415008544921875,125.25850677490234,17.40583610534668,116.24696350097656,23.415008544921875,125.25850677490234,17.40583610534668,SIFT:intensity,5.916079998016357,0.01509317000341402,ROBUST_MODEL_INLIER,FIT,0.014556419417102806,SYNTHETIC_SOURCE,SYNTHETIC_TARGET
157,125.57896423339844,217.1592559814453,134.5908966064453,211.1447296142578,125.57896423339844,217.1592559814453,134.5908966064453,211.1447296142578,SIFT:intensity,5.4772257804870605,0.015103971926437983,ROBUST_MODEL_INLIER,FIT,0.018548318219108878,SYNTHETIC_SOURCE,SYNTHETIC_TARGET
158,224.32557678222656,21.711688995361328,233.31884765625,15.697108268737793,224.32557678222656,21.711688995361328,233.31884765625,15.697108268737793,SIFT:intensity,8.124038696289062,0.01515884619694801,ROBUST_MODEL_INLIER,HELD_OUT,0.015709037077484125,SYNTHETIC_SOURCE,SYNTHETIC_TARGET
159,89.56123352050781,611.706787109375,98.55425262451172,605.7409057617188,89.56123352050781,611.706787109375,98.55425262451172,605.7409057617188,SIFT:intensity,7.348469257354736,0.015169615932747715,ROBUST_MODEL_INLIER,FIT,0.035173429376705076,SYNTHETIC_SOURCE,SYNTHETIC_TARGET
160,138.15025329589844,201.95794677734375,147.16233825683594,195.97000122070312,138.15025329589844,201.95794677734375,147.16233825683594,195.97000122070312,SIFT:intensity,7.280109882354736,0.015184370225935596,ROBUST_MODEL_INLIER,FIT,0.017360301360282073,SYNTHETIC_SOURCE,SYNTHETIC_TARGET
161,130.04762268066406,366.7710876464844,139.0330352783203,360.7537841796875,130.04762268066406,366.7710876464844,139.0330352783203,360.7537841796875,SIFT:intensity,5.291502475738525,0.015289337072869594,ROBUST_MODEL_INLIER,HELD_OUT,0.022324742691233034,SYNTHETIC_SOURCE,SYNTHETIC_TARGET
162,244.64373779296875,533.7605590820312,253.62884521484375,527.74365234375,244.64373779296875,533.7605590820312,253.62884521484375,527.74365234375,SIFT:intensity,7.0,0.015307285535437337,ROBUST_MODEL_INLIER,FIT,0.022227902914749624,SYNTHETIC_SOURCE,SYNTHETIC_TARGET
163,524.8939208984375,267.7625732421875,533.8853759765625,261.79119873046875,524.8939208984375,267.7625732421875,533.8853759765625,261.79119873046875,SIFT:intensity,7.071067810058594,0.01533731539334476,ROBUST_MODEL_INLIER,FIT,0.030209990185958054,SYNTHETIC_SOURCE,SYNTHETIC_TARGET
164,309.5791015625,21.61764144897461,318.54205322265625,15.626218795776367,309.5791015625,21.61764144897461,318.54205322265625,15.626218795776367,SIFT:intensity,8.124038696289062,0.015425217722140089,ROBUST_MODEL_INLIER,FIT,0.03806760848208358,SYNTHETIC_SOURCE,SYNTHETIC_TARGET
165,171.31613159179688,263.26348876953125,180.297607421875,257.306396484375,171.31613159179688,263.26348876953125,180.297607421875,257.306396484375,SIFT:intensity,6.855654716491699,0.015497685361645277,ROBUST_MODEL_INLIER,FIT,0.047052296517754354,SYNTHETIC_SOURCE,SYNTHETIC_TARGET
166,44.581932067871094,193.99497985839844,53.57102966308594,187.9805908203125,44.581932067871094,193.99497985839844,53.57102966308594,187.9805908203125,SIFT:intensity,4.0,0.015621305385841666,ROBUST_MODEL_INLIER,HELD_OUT,0.017735826970264473,SYNTHETIC_SOURCE,SYNTHETIC_TARGET
167,138.99119567871094,524.3142700195312,148.0232391357422,518.2734985351562,138.99119567871094,524.3142700195312,148.0232391357422,518.2734985351562,SIFT:intensity,6.082762718200684,0.01567030287275566,ROBUST_MODEL_INLIER,FIT,0.05159902285104455,SYNTHETIC_SOURCE,SYNTHETIC_TARGET
168,617.34765625,319.04144287109375,626.3477172851562,313.0537414550781,617.34765625,319.04144287109375,626.3477172851562,313.0537414550781,SIFT:intensity,7.8102498054504395,0.015670915501776038,ROBUST_MODEL_INLIER,HELD_OUT,0.012663338043111321,SYNTHETIC_SOURCE,SYNTHETIC_TARGET
169,516.2196044921875,378.2384033203125,525.22314453125,372.23016357421875,516.2196044921875,378.2384033203125,525.22314453125,372.23016357421875,SIFT:intensity,7.280109882354736,0.015713447144101132,ROBUST_MODEL_INLIER,FIT,0.008653361597870496,SYNTHETIC_SOURCE,SYNTHETIC_TARGET
170,34.8424186706543,488.7518615722656,43.83475875854492,482.77203369140625,34.8424186706543,488.7518615722656,43.83475875854492,482.77203369140625,SIFT:intensity,8.426149368286133,0.015760884425230288,ROBUST_MODEL_INLIER,HELD_OUT,0.021902504916672443,SYNTHETIC_SOURCE,SYNTHETIC_TARGET
171,259.9969177246094,183.99916076660156,268.987060546875,178.01644897460938,259.9969177246094,183.99916076660156,268.987060546875,178.01644897460938,SIFT:intensity,5.830951690673828,0.015842169909510685,ROBUST_MODEL_INLIER,FIT,0.02019590954770197,SYNTHETIC_SOURCE,SYNTHETIC_TARGET
172,198.8016815185547,352.7686462402344,207.80810546875,346.7759094238281,198.8016815185547,352.7686462402344,207.80810546875,346.7759094238281,SIFT:intensity,7.0,0.0158627423548485,ROBUST_MODEL_INLIER,FIT,0.010001795964450963,SYNTHETIC_SOURCE,SYNTHETIC_TARGET
173,486.3790283203125,337.9263000488281,495.380126953125,331.91668701171875,486.3790283203125,337.9263000488281,495.380126953125,331.91668701171875,SIFT:intensity,7.071067810058594,0.01586785925874031,ROBUST_MODEL_INLIER,FIT,0.009319267358752933,SYNTHETIC_SOURCE,SYNTHETIC_TARGET
174,31.267162322998047,253.9130401611328,40.27730941772461,247.92837524414062,31.267162322998047,253.9130401611328,40.27730941772461,247.92837524414062,SIFT:intensity,4.690415859222412,0.015871834770652054,ROBUST_MODEL_INLIER,FIT,0.018718049060888,SYNTHETIC_SOURCE,SYNTHETIC_TARGET
175,355.8863220214844,304.0128479003906,364.9776611328125,298.00225830078125,355.8863220214844,304.0128479003906,364.9776611328125,298.00225830078125,SIFT:intensity,5.0,0.015903819168606108,ROBUST_MODEL_INLIER,FIT,0.09195517591626852,SYNTHETIC_SOURCE,SYNTHETIC_TARGET
176,564.9961547851562,151.01992797851562,573.9930419921875,145.025634765625,564.9961547851562,151.01992797851562,573.9930419921875,145.025634765625,SIFT:intensity,5.656854152679443,0.015909131408484586,ROBUST_MODEL_INLIER,HELD_OUT,0.006801818367212021,SYNTHETIC_SOURCE,SYNTHETIC_TARGET
177,451.2690734863281,587.5093383789062,460.273681640625,581.505126953125,451.2690734863281,587.5093383789062,460.273681640625,581.505126953125,SIFT:intensity,3.0,0.015927731547469272,ROBUST_MODEL_INLIER,FIT,0.006038163610653951,SYNTHETIC_SOURCE,SYNTHETIC_TARGET
178,164.86886596679688,43.484249114990234,173.88534545898438,37.49583053588867,164.86886596679688,43.484249114990234,173.88534545898438,37.49583053588867,SIFT:intensity,6.78233003616333,0.01593677809536751,ROBUST_MODEL_INLIER,FIT,0.02039080268972103,SYNTHETIC_SOURCE,SYNTHETIC_TARGET
179,368.6950378417969,256.38189697265625,377.7106628417969,250.4022216796875,368.6950378417969,256.38189697265625,377.7106628417969,250.4022216796875,SIFT:intensity,6.4031243324279785,0.015970523693765518,ROBUST_MODEL_INLIER,FIT,0.025953966794879817,SYNTHETIC_SOURCE,SYNTHETIC_TARGET
180,516.5929565429688,372.98321533203125,525.5875854492188,366.988037109375,516.5929565429688,372.98321533203125,525.5875854492188,366.988037109375,SIFT:intensity,5.196152210235596,0.015975913486637534,ROBUST_MODEL_INLIER,HELD_OUT,0.007433333079268044,SYNTHETIC_SOURCE,SYNTHETIC_TARGET
181,460.7658996582031,472.0104064941406,469.7561950683594,466.0294494628906,460.7658996582031,472.0104064941406,469.7561950683594,466.0294494628906,SIFT:intensity,5.196152210235596,0.016008938473988456,ROBUST_MODEL_INLIER,FIT,0.021677981857405104,SYNTHETIC_SOURCE,SYNTHETIC_TARGET
182,157.38525390625,205.2615966796875,166.41773986816406,199.30633544921875,157.38525390625,205.2615966796875,166.41773986816406,199.30633544921875,SIFT:intensity,6.78233003616333,0.016011655147538193,ROBUST_MODEL_INLIER,FIT,0.055611160754639746,SYNTHETIC_SOURCE,SYNTHETIC_TARGET
183,134.1909637451172,235.39266967773438,143.2145233154297,229.4112548828125,134.1909637451172,235.39266967773438,143.2145233154297,229.4112548828125,SIFT:intensity,6.324555397033691,0.016024221183132195,ROBUST_MODEL_INLIER,HELD_OUT,0.0302703860330298,SYNTHETIC_SOURCE,SYNTHETIC_TARGET
184,87.20121002197266,496.4530029296875,96.22415924072266,490.44781494140625,87.20121002197266,496.4530029296875,96.22415924072266,490.44781494140625,SIFT:intensity,6.082762718200684,0.01609145820103411,ROBUST_MODEL_INLIER,HELD_OUT,0.023495483277664354,SYNTHETIC_SOURCE,SYNTHETIC_TARGET
185,87.72279357910156,483.640869140625,96.72750854492188,477.6636047363281,87.72279357910156,483.640869140625,96.72750854492188,477.6636047363281,SIFT:intensity,7.071067810058594,0.016127060395055463,ROBUST_MODEL_INLIER,FIT,0.02358537711116834,SYNTHETIC_SOURCE,SYNTHETIC_TARGET
186,452.3015441894531,449.6270446777344,461.30181884765625,443.6309814453125,452.3015441894531,449.6270446777344,461.30181884765625,443.6309814453125,SIFT:intensity,7.681145668029785,0.016143738330950643,ROBUST_MODEL_INLIER,FIT,0.004312991015221675,SYNTHETIC_SOURCE,SYNTHETIC_TARGET
187,162.50595092773438,71.67715454101562,171.50704956054688,65.70515441894531,162.50595092773438,71.67715454101562,171.50704956054688,65.70515441894531,SIFT:intensity,7.280109882354736,0.01616983922557907,ROBUST_MODEL_INLIER,HELD_OUT,0.028387258860060306,SYNTHETIC_SOURCE,SYNTHETIC_TARGET
188,274.0228271484375,22.057540893554688,282.995361328125,16.057287216186523,274.0228271484375,22.057540893554688,282.995361328125,16.057287216186523,SIFT:intensity,7.874007701873779,0.01620372031262511,ROBUST_MODEL_INLIER,FIT,0.027420267105255844,SYNTHETIC_SOURCE,SYNTHETIC_TARGET
189,482.9546203613281,446.32135009765625,491.92230224609375,440.366455078125,482.9546203613281,446.32135009765625,491.92230224609375,440.366455078125,SIFT:intensity,6.480740547180176,0.016251443116786356,ROBUST_MODEL_INLIER,FIT,0.0557580455958677,SYNTHETIC_SOURCE,SYNTHETIC_TARGET
190,265.9192810058594,489.86669921875,274.9060363769531,483.86676025390625,265.9192810058594,489.86669921875,274.9060363769531,483.86676025390625,SIFT:intensity,4.123105525970459,0.016291261221757274,ROBUST_MODEL_INLIER,HELD_OUT,0.013205704123446597,SYNTHETIC_SOURCE,SYNTHETIC_TARGET
191,144.0238800048828,538.5311279296875,153.02833557128906,532.526123046875,144.0238800048828,538.5311279296875,153.02833557128906,532.526123046875,SIFT:intensity,7.6157732009887695,0.01631553569614308,ROBUST_MODEL_INLIER,FIT,0.006465064755653304,SYNTHETIC_SOURCE,SYNTHETIC_TARGET
192,457.9849853515625,365.2199401855469,466.9789733886719,359.2065734863281,457.9849853515625,365.2199401855469,466.9789733886719,359.2065734863281,SIFT:intensity,5.4772257804870605,0.01634177563218194,ROBUST_MODEL_INLIER,FIT,0.014305861517169909,SYNTHETIC_SOURCE,SYNTHETIC_TARGET
193,263.3779602050781,510.151123046875,272.3771667480469,504.19439697265625,263.3779602050781,510.151123046875,272.3771667480469,504.19439697265625,SIFT:intensity,5.4772257804870605,0.01636327497696549,ROBUST_MODEL_INLIER,HELD_OUT,0.04364463413679133,SYNTHETIC_SOURCE,SYNTHETIC_TARGET
194,135.34832763671875,499.7624206542969,144.32000732421875,493.7652282714844,135.34832763671875,499.7624206542969,144.32000732421875,493.7652282714844,SIFT:intensity,7.4833149909973145,0.016431812279582212,ROBUST_MODEL_INLIER,FIT,0.028451897563032055,SYNTHETIC_SOURCE,SYNTHETIC_TARGET
195,346.47430419921875,186.6748504638672,355.47198486328125,180.67198181152344,346.47430419921875,186.6748504638672,355.47198486328125,180.67198181152344,SIFT:intensity,6.633249759674072,0.016481255773147144,ROBUST_MODEL_INLIER,FIT,0.0033824304583897438,SYNTHETIC_SOURCE,SYNTHETIC_TARGET
196,463.05352783203125,255.1842498779297,472.0602722167969,249.18429565429688,463.05352783203125,255.1842498779297,472.0602722167969,249.18429565429688,SIFT:intensity,4.898979663848877,0.016584808242330096,ROBUST_MODEL_INLIER,HELD_OUT,0.006802532894438317,SYNTHETIC_SOURCE,SYNTHETIC_TARGET
197,202.95692443847656,353.9034118652344,211.9678192138672,347.8965148925781,202.95692443847656,353.9034118652344,211.9678192138672,347.8965148925781,SIFT:intensity,6.480740547180176,0.016612970159678157,ROBUST_MODEL_INLIER,HELD_OUT,0.012742505166148234,SYNTHETIC_SOURCE,SYNTHETIC_TARGET
198,336.4660339355469,379.1654968261719,345.4693603515625,373.17474365234375,336.4660339355469,379.1654968261719,345.4693603515625,373.17474365234375,SIFT:intensity,7.8102498054504395,0.016811170459268988,ROBUST_MODEL_INLIER,FIT,0.010185553335215659,SYNTHETIC_SOURCE,SYNTHETIC_TARGET
199,477.9718933105469,459.2042236328125,486.94232177734375,453.1942443847656,477.9718933105469,459.2042236328125,486.94232177734375,453.1942443847656,SIFT:intensity,5.916079998016357,0.016854244433702384,ROBUST_MODEL_INLIER,FIT,0.031051851372591057,SYNTHETIC_SOURCE,SYNTHETIC_TARGET
200,263.08709716796875,51.7487907409668,272.10418701171875,45.811912536621094,263.08709716796875,51.7487907409668,272.10418701171875,45.811912536621094,SIFT:intensity,6.324555397033691,0.01689608734197143,ROBUST_MODEL_INLIER,HELD_OUT,0.06575799779428687,SYNTHETIC_SOURCE,SYNTHETIC_TARGET
201,143.28616333007812,220.6686248779297,152.30987548828125,214.67251586914062,143.28616333007812,220.6686248779297,152.30987548828125,214.67251586914062,SIFT:intensity,6.855654716491699,0.01692939987794644,ROBUST_MODEL_INLIER,FIT,0.02413601021048207,SYNTHETIC_SOURCE,SYNTHETIC_TARGET
202,477.9334411621094,375.038818359375,486.9326171875,369.0385437011719,477.9334411621094,375.038818359375,486.9326171875,369.0385437011719,SIFT:intensity,4.358899116516113,0.01694748731599893,ROBUST_MODEL_INLIER,HELD_OUT,0.0007833446236035456,SYNTHETIC_SOURCE,SYNTHETIC_TARGET
203,94.93301391601562,43.027591705322266,103.9261474609375,37.02861404418945,94.93301391601562,43.027591705322266,103.9261474609375,37.02861404418945,SIFT:intensity,7.6157732009887695,0.017001569139064872,ROBUST_MODEL_INLIER,FIT,0.006960203688023032,SYNTHETIC_SOURCE,SYNTHETIC_TARGET
204,425.9595031738281,276.9383239746094,434.9793701171875,270.92034912109375,425.9595031738281,276.9383239746094,434.9793701171875,270.92034912109375,SIFT:intensity,7.416198253631592,0.01702365011974363,ROBUST_MODEL_INLIER,HELD_OUT,0.02658284927601744,SYNTHETIC_SOURCE,SYNTHETIC_TARGET
205,23.135984420776367,322.71990966796875,32.1304931640625,316.6719055175781,23.135984420776367,322.71990966796875,32.1304931640625,316.6719055175781,SIFT:intensity,8.602325439453125,0.017033339192778007,ROBUST_MODEL_INLIER,FIT,0.04795006005732452,SYNTHETIC_SOURCE,SYNTHETIC_TARGET
206,550.844970703125,175.98876953125,559.8267211914062,170.02621459960938,550.844970703125,175.98876953125,559.8267211914062,170.02621459960938,SIFT:intensity,8.5440034866333,0.01704208882074026,ROBUST_MODEL_INLIER,HELD_OUT,0.04196337197926603,SYNTHETIC_SOURCE,SYNTHETIC_TARGET
207,23.804410934448242,349.7741394042969,32.79029846191406,343.7884826660156,23.804410934448242,349.7741394042969,32.79029846191406,343.7884826660156,SIFT:intensity,6.855654716491699,0.0170615765968364,ROBUST_MODEL_INLIER,FIT,0.020351521278083793,SYNTHETIC_SOURCE,SYNTHETIC_TARGET
208,214.7803497314453,116.8420639038086,223.78585815429688,110.83653259277344,214.7803497314453,116.8420639038086,223.78585815429688,110.83653259277344,SIFT:intensity,6.7082037925720215,0.017176428943321973,ROBUST_MODEL_INLIER,FIT,0.007585980154968093,SYNTHETIC_SOURCE,SYNTHETIC_TARGET
209,49.11045455932617,539.884033203125,58.073665618896484,533.91162109375,49.11045455932617,539.884033203125,58.073665618896484,533.91162109375,SIFT:intensity,7.549834251403809,0.017262639032215275,ROBUST_MODEL_INLIER,HELD_OUT,0.04616692827873154,SYNTHETIC_SOURCE,SYNTHETIC_TARGET
210,496.3351135253906,50.72282409667969,505.32098388671875,44.6981201171875,496.3351135253906,50.72282409667969,505.32098388671875,44.6981201171875,SIFT:intensity,8.366600036621094,0.017299439970055005,ROBUST_MODEL_INLIER,FIT,0.028120721905670717,SYNTHETIC_SOURCE,SYNTHETIC_TARGET
211,592.9824829101562,226.48390197753906,601.9844970703125,220.45748901367188,592.9824829101562,226.48390197753906,601.9844970703125,220.45748901367188,SIFT:intensity,5.74456262588501,0.01731319129052917,ROBUST_MODEL_INLIER,FIT,0.026129983558661765,SYNTHETIC_SOURCE,SYNTHETIC_TARGET
212,294.3504333496094,117.11326599121094,303.34832763671875,111.13311004638672,294.3504333496094,117.11326599121094,303.34832763671875,111.13311004638672,SIFT:intensity,8.717798233032227,0.017318127262144538,ROBUST_MODEL_INLIER,FIT,0.020313077128818646,SYNTHETIC_SOURCE,SYNTHETIC_TARGET
213,304.7244873046875,168.2978515625,313.7331848144531,162.28265380859375,304.7244873046875,168.2978515625,313.7331848144531,162.28265380859375,SIFT:intensity,4.358899116516113,0.01740776677641756,ROBUST_MODEL_INLIER,HELD_OUT,0.017218487178567565,SYNTHETIC_SOURCE,SYNTHETIC_TARGET
214,122.7031478881836,87.76102447509766,131.7351531982422,81.75904083251953,122.7031478881836,87.76102447509766,131.7351531982422,81.75904083251953,SIFT:intensity,9.539392471313477,0.017414755326850197,ROBUST_MODEL_INLIER,FIT,0.032091967839866564,SYNTHETIC_SOURCE,SYNTHETIC_TARGET
215,569.4090576171875,218.0674591064453,578.4074096679688,212.07904052734375,569.4090576171875,218.0674591064453,578.4074096679688,212.07904052734375,SIFT:intensity,8.0,0.01745605953215225,ROBUST_MODEL_INLIER,HELD_OUT,0.012052688138870712,SYNTHETIC_SOURCE,SYNTHETIC_TARGET
216,562.3143920898438,260.25244140625,571.2508544921875,254.2500457763672,562.3143920898438,260.25244140625,571.2508544921875,254.2500457763672,SIFT:intensity,9.05538558959961,0.017546924161457766,ROBUST_MODEL_INLIER,FIT,0.06352430760830631,SYNTHETIC_SOURCE,SYNTHETIC_TARGET
217,345.4001159667969,192.38140869140625,354.45135498046875,186.43397521972656,345.4001159667969,192.38140869140625,354.45135498046875,186.43397521972656,SIFT:intensity,6.557438373565674,0.017566380182624047,ROBUST_MODEL_INLIER,HELD_OUT,0.07370076428334077,SYNTHETIC_SOURCE,SYNTHETIC_TARGET
218,516.2196044921875,378.2384033203125,525.22314453125,372.23016357421875,516.2196044921875,378.2384033203125,525.22314453125,372.23016357421875,SIFT:intensity,7.141428470611572,0.017568209739926146,ROBUST_MODEL_INLIER,HELD_OUT,0.008653361597870496,SYNTHETIC_SOURCE,SYNTHETIC_TARGET
219,448.98004150390625,438.0755920410156,458.035400390625,432.0694580078125,448.98004150390625,438.0755920410156,458.035400390625,432.0694580078125,SIFT:intensity,7.549834251403809,0.017593758856245163,ROBUST_MODEL_INLIER,FIT,0.05570427695866709,SYNTHETIC_SOURCE,SYNTHETIC_TARGET
220,241.7427978515625,57.09299850463867,250.73190307617188,51.08061599731445,241.7427978515625,57.09299850463867,250.73190307617188,51.08061599731445,SIFT:intensity,8.185352325439453,0.01759717189647323,ROBUST_MODEL_INLIER,FIT,0.0161906763550806,SYNTHETIC_SOURCE,SYNTHETIC_TARGET
221,286.282958984375,217.7822723388672,295.2646484375,211.6890411376953,286.282958984375,217.7822723388672,295.2646484375,211.6890411376953,SIFT:intensity,5.5677642822265625,0.0175987229375908,ROBUST_MODEL_INLIER,FIT,0.09464598516786604,SYNTHETIC_SOURCE,SYNTHETIC_TARGET
222,533.446533203125,164.78761291503906,542.460205078125,158.76190185546875,533.446533203125,164.78761291503906,542.460205078125,158.76190185546875,SIFT:intensity,5.916079998016357,0.017633876491164557,ROBUST_MODEL_INLIER,FIT,0.028820686976799056,SYNTHETIC_SOURCE,SYNTHETIC_TARGET
223,444.5519104003906,481.38873291015625,453.5433044433594,475.40301513671875,444.5519104003906,481.38873291015625,453.5433044433594,475.40301513671875,SIFT:intensity,7.0,0.01769992084359828,ROBUST_MODEL_INLIER,FIT,0.016964596619911055,SYNTHETIC_SOURCE,SYNTHETIC_TARGET
224,393.4083251953125,120.13059997558594,402.3995056152344,114.14319610595703,393.4083251953125,120.13059997558594,402.3995056152344,114.14319610595703,SIFT:intensity,8.124038696289062,0.017763710951612048,ROBUST_MODEL_INLIER,FIT,0.015650957797801686,SYNTHETIC_SOURCE,SYNTHETIC_TARGET
225,255.6360321044922,389.7851257324219,264.6400146484375,383.7624816894531,255.6360321044922,389.7851257324219,264.6400146484375,383.7624816894531,SIFT:intensity,8.88819408416748,0.0177845705470449,ROBUST_MODEL_INLIER,HELD_OUT,0.022640983887092916,SYNTHETIC_SOURCE,SYNTHETIC_TARGET
226,494.9690856933594,72.31983184814453,503.9845886230469,66.28677368164062,494.9690856933594,72.31983184814453,503.9845886230469,66.28677368164062,SIFT:intensity,9.433980941772461,0.01783052236695084,ROBUST_MODEL_INLIER,FIT,0.036202913312086395,SYNTHETIC_SOURCE,SYNTHETIC_TARGET
227,44.72563552856445,514.9407958984375,53.75339889526367,508.8868103027344,44.72563552856445,514.9407958984375,53.75339889526367,508.8868103027344,SIFT:intensity,7.416198253631592,0.017836678157205785,ROBUST_MODEL_INLIER,FIT,0.060403571136899,SYNTHETIC_SOURCE,SYNTHETIC_TARGET
228,610.1145629882812,164.9726104736328,619.1149291992188,159.02330017089844,610.1145629882812,164.9726104736328,619.1149291992188,159.02330017089844,SIFT:intensity,4.358899116516113,0.017839637469152268,ROBUST_MODEL_INLIER,FIT,0.05105566312163336,SYNTHETIC_SOURCE,SYNTHETIC_TARGET
229,593.5780639648438,151.31137084960938,602.557373046875,145.2940216064453,593.5780639648438,151.31137084960938,602.557373046875,145.2940216064453,SIFT:intensity,5.385164737701416,0.017842433460596985,ROBUST_MODEL_INLIER,HELD_OUT,0.02673406149692939,SYNTHETIC_SOURCE,SYNTHETIC_TARGET
230,603.3314208984375,170.4327392578125,612.328125,164.43836975097656,603.3314208984375,170.4327392578125,612.328125,164.43836975097656,SIFT:intensity,8.717798233032227,0.01787639292057705,ROBUST_MODEL_INLIER,FIT,0.006819155488832084,SYNTHETIC_SOURCE,SYNTHETIC_TARGET
231,200.72254943847656,22.757190704345703,209.70358276367188,16.773263931274414,200.72254943847656,22.757190704345703,209.70358276367188,16.773263931274414,SIFT:intensity,8.88819408416748,0.0178778644721875,ROBUST_MODEL_INLIER,FIT,0.025063774799469096,SYNTHETIC_SOURCE,SYNTHETIC_TARGET
232,92.61642456054688,494.6582946777344,101.57474517822266,488.6941223144531,92.61642456054688,494.6582946777344,101.57474517822266,488.6941223144531,SIFT:intensity,6.78233003616333,0.017912858996258458,ROBUST_MODEL_INLIER,HELD_OUT,0.05516533049131015,SYNTHETIC_SOURCE,SYNTHETIC_TARGET
233,507.0991516113281,32.2725830078125,516.1184692382812,26.291343688964844,507.0991516113281,32.2725830078125,516.1184692382812,26.291343688964844,SIFT:intensity,7.549834251403809,0.017923190119303448,ROBUST_MODEL_INLIER,HELD_OUT,0.027215922352487713,SYNTHETIC_SOURCE,SYNTHETIC_TARGET
234,24.37188148498535,163.66603088378906,33.3277473449707,157.66287231445312,24.37188148498535,163.66603088378906,33.3277473449707,157.66287231445312,SIFT:intensity,8.0,0.01794701200570648,ROBUST_MODEL_INLIER,FIT,0.044176823450492744,SYNTHETIC_SOURCE,SYNTHETIC_TARGET
235,250.987060546875,451.32537841796875,260.01702880859375,445.33953857421875,250.987060546875,451.32537841796875,260.01702880859375,445.33953857421875,SIFT:intensity,6.4031243324279785,0.01811243635928403,ROBUST_MODEL_INLIER,FIT,0.033343701291772825,SYNTHETIC_SOURCE,SYNTHETIC_TARGET
236,347.1703186035156,428.1802673339844,356.15838623046875,422.1982421875,347.1703186035156,428.1802673339844,356.15838623046875,422.1982421875,SIFT:intensity,6.855654716491699,0.01811574535633319,ROBUST_MODEL_INLIER,FIT,0.021854424355924,SYNTHETIC_SOURCE,SYNTHETIC_TARGET
237,310.4049987792969,534.7824096679688,319.4059753417969,528.7828979492188,310.4049987792969,534.7824096679688,319.4059753417969,528.7828979492188,SIFT:intensity,5.0,0.018175690502070168,ROBUST_MODEL_INLIER,FIT,0.0013311940755684007,SYNTHETIC_SOURCE,SYNTHETIC_TARGET
238,459.7687683105469,484.0731506347656,468.7668151855469,478.0762023925781,459.7687683105469,484.0731506347656,468.7668151855469,478.0762023925781,SIFT:intensity,8.774964332580566,0.018216654437253003,ROBUST_MODEL_INLIER,FIT,0.003912474192247466,SYNTHETIC_SOURCE,SYNTHETIC_TARGET
239,45.32022476196289,357.8133850097656,54.33962631225586,351.84710693359375,45.32022476196289,357.8133850097656,54.33962631225586,351.84710693359375,SIFT:intensity,5.830951690673828,0.018278665313957256,ROBUST_MODEL_INLIER,FIT,0.03924371814379639,SYNTHETIC_SOURCE,SYNTHETIC_TARGET
240,476.7912902832031,351.67547607421875,485.7509460449219,345.6866760253906,476.7912902832031,351.67547607421875,485.7509460449219,345.6866760253906,SIFT:intensity,5.4772257804870605,0.01828955585462208,ROBUST_MODEL_INLIER,FIT,0.0419249093118935,SYNTHETIC_SOURCE,SYNTHETIC_TARGET
241,197.66160583496094,34.44856643676758,206.65139770507812,28.480804443359375,197.66160583496094,34.44856643676758,206.65139770507812,28.480804443359375,SIFT:intensity,6.164413928985596,0.01835085854626177,ROBUST_MODEL_INLIER,HELD_OUT,0.03414943715631002,SYNTHETIC_SOURCE,SYNTHETIC_TARGET
242,553.3192749023438,120.84033203125,562.3056640625,114.87692260742188,553.3192749023438,120.84033203125,562.3056640625,114.87692260742188,SIFT:intensity,9.165151596069336,0.01837471360987778,ROBUST_MODEL_INLIER,FIT,0.03936590003104314,SYNTHETIC_SOURCE,SYNTHETIC_TARGET
243,247.29176330566406,126.76982879638672,256.2945861816406,120.77273559570312,247.29176330566406,126.76982879638672,256.2945861816406,120.77273559570312,SIFT:intensity,5.916079998016357,0.018477557676448767,ROBUST_MODEL_INLIER,HELD_OUT,0.004350779296423882,SYNTHETIC_SOURCE,SYNTHETIC_TARGET
244,49.18512725830078,571.3753662109375,58.138465881347656,565.35986328125,49.18512725830078,571.3753662109375,58.138465881347656,565.35986328125,SIFT:intensity,6.7082037925720215,0.0184992147501781,ROBUST_MODEL_INLIER,FIT,0.04901216398142264,SYNTHETIC_SOURCE,SYNTHETIC_TARGET
245,294.6303405761719,444.0103454589844,303.6495666503906,438.0110168457031,294.6303405761719,444.0103454589844,303.6495666503906,438.0110168457031,SIFT:intensity,7.937253952026367,0.018500300599370675,ROBUST_MODEL_INLIER,FIT,0.01929966008560751,SYNTHETIC_SOURCE,SYNTHETIC_TARGET
246,217.2195281982422,326.87939453125,226.17034912109375,320.87646484375,217.2195281982422,326.87939453125,226.17034912109375,320.87646484375,SIFT:intensity,6.324555397033691,0.018537202419819095,ROBUST_MODEL_INLIER,FIT,0.04920022805101904,SYNTHETIC_SOURCE,SYNTHETIC_TARGET
247,517.509033203125,418.6195068359375,526.501708984375,412.6490478515625,517.509033203125,418.6195068359375,526.501708984375,412.6490478515625,SIFT:intensity,6.557438373565674,0.018602082283647937,ROBUST_MODEL_INLIER,FIT,0.030778301460659185,SYNTHETIC_SOURCE,SYNTHETIC_TARGET
248,75.69951629638672,415.515869140625,84.68482971191406,409.51104736328125,75.69951629638672,415.515869140625,84.68482971191406,409.51104736328125,SIFT:intensity,6.928203105926514,0.01874165148432641,ROBUST_MODEL_INLIER,FIT,0.015304324037886435,SYNTHETIC_SOURCE,SYNTHETIC_TARGET
249,256.662109375,517.02685546875,265.6566467285156,511.0391540527344,256.662109375,517.02685546875,265.6566467285156,511.0391540527344,SIFT:intensity,6.324555397033691,0.018770614405284824,ROBUST_MODEL_INLIER,FIT,0.013772842973004896,SYNTHETIC_SOURCE,SYNTHETIC_TARGET
250,29.259361267089844,494.915283203125,38.237613677978516,488.9235534667969,29.259361267089844,494.915283203125,38.237613677978516,488.9235534667969,SIFT:intensity,8.602325439453125,0.018779863511356985,ROBUST_MODEL_INLIER,FIT,0.023356464376314008,SYNTHETIC_SOURCE,SYNTHETIC_TARGET
251,196.4935302734375,28.91062355041504,205.4820098876953,22.911340713500977,196.4935302734375,28.91062355041504,205.4820098876953,22.911340713500977,SIFT:intensity,6.324555397033691,0.018842786797767776,ROBUST_MODEL_INLIER,FIT,0.011525460098301975,SYNTHETIC_SOURCE,SYNTHETIC_TARGET
252,464.9855041503906,278.043212890625,474.0046081542969,272.0284118652344,464.9855041503906,278.043212890625,474.0046081542969,272.0284118652344,SIFT:intensity,7.416198253631592,0.018853895326171075,ROBUST_MODEL_INLIER,FIT,0.023981931133715762,SYNTHETIC_SOURCE,SYNTHETIC_TARGET
253,262.0119323730469,177.8364715576172,271.0006103515625,171.81385803222656,262.0119323730469,177.8364715576172,271.0006103515625,171.81385803222656,SIFT:intensity,6.557438373565674,0.01887448839940097,ROBUST_MODEL_INLIER,FIT,0.024943567802676307,SYNTHETIC_SOURCE,SYNTHETIC_TARGET
254,437.25946044921875,503.92919921875,446.26324462890625,497.9337158203125,437.25946044921875,503.92919921875,446.26324462890625,497.9337158203125,SIFT:intensity,5.291502475738525,0.01890123701201832,ROBUST_MODEL_INLIER,HELD_OUT,0.006204175890275854,SYNTHETIC_SOURCE,SYNTHETIC_TARGET
255,272.1511535644531,306.9192199707031,281.14654541015625,300.9212951660156,272.1511535644531,306.9192199707031,281.14654541015625,300.9212951660156,SIFT:intensity,9.380831718444824,0.01894193904092964,ROBUST_MODEL_INLIER,HELD_OUT,0.005173629988999147,SYNTHETIC_SOURCE,SYNTHETIC_TARGET
256,575.6026611328125,194.1444549560547,584.6056518554688,188.138671875,575.6026611328125,194.1444549560547,584.6056518554688,188.138671875,SIFT:intensity,8.5440034866333,0.018979272220557966,ROBUST_MODEL_INLIER,FIT,0.006211559831750709,SYNTHETIC_SOURCE,SYNTHETIC_TARGET
257,141.96121215820312,429.13018798828125,150.94383239746094,423.1351318359375,141.96121215820312,429.13018798828125,150.94383239746094,423.1351318359375,SIFT:intensity,5.830951690673828,0.019052446806675453,ROBUST_MODEL_INLIER,FIT,0.01812852680042654,SYNTHETIC_SOURCE,SYNTHETIC_TARGET
258,390.5632019042969,104.53958129882812,399.5936584472656,98.54691314697266,390.5632019042969,104.53958129882812,399.5936584472656,98.54691314697266,SIFT:intensity,5.4772257804870605,0.019054822415688937,ROBUST_MODEL_INLIER,HELD_OUT,0.03145826181426747,SYNTHETIC_SOURCE,SYNTHETIC_TARGET
259,564.566650390625,565.0238037109375,573.5681762695312,559.0328369140625,564.566650390625,565.0238037109375,573.5681762695312,559.0328369140625,SIFT:intensity,7.681145668029785,0.019091621159908624,ROBUST_MODEL_INLIER,HELD_OUT,0.00952802354823406,SYNTHETIC_SOURCE,SYNTHETIC_TARGET
260,140.99412536621094,238.29103088378906,150.00494384765625,232.2985382080078,140.99412536621094,238.29103088378906,150.00494384765625,232.2985382080078,SIFT:intensity,7.549834251403809,0.019112891621648243,ROBUST_MODEL_INLIER,FIT,0.013416207443168113,SYNTHETIC_SOURCE,SYNTHETIC_TARGET
261,437.25946044921875,503.92919921875,446.26324462890625,497.9337158203125,437.25946044921875,503.92919921875,446.26324462890625,497.9337158203125,SIFT:intensity,4.795831680297852,0.019180718405724613,ROBUST_MODEL_INLIER,FIT,0.006204175890275854,SYNTHETIC_SOURCE,SYNTHETIC_TARGET
262,267.9385986328125,178.24057006835938,276.8985595703125,172.24252319335938,267.9385986328125,178.24057006835938,276.8985595703125,172.24252319335938,SIFT:intensity,6.0,0.019185884135636926,ROBUST_MODEL_INLIER,FIT,0.040060372077222545,SYNTHETIC_SOURCE,SYNTHETIC_TARGET
263,518.2782592773438,433.41705322265625,527.2717895507812,427.42144775390625,518.2782592773438,433.41705322265625,527.2717895507812,427.42144775390625,SIFT:intensity,8.0,0.019190723702671164,ROBUST_MODEL_INLIER,FIT,0.007994600999141333,SYNTHETIC_SOURCE,SYNTHETIC_TARGET
264,34.904205322265625,169.2194366455078,43.939754486083984,163.23135375976562,34.904205322265625,169.2194366455078,43.939754486083984,163.23135375976562,SIFT:intensity,7.348469257354736,0.019240456535136948,ROBUST_MODEL_INLIER,FIT,0.03765412316250907,SYNTHETIC_SOURCE,SYNTHETIC_TARGET
265,195.60511779785156,430.71710205078125,204.5992889404297,424.70220947265625,195.60511779785156,430.71710205078125,204.5992889404297,424.70220947265625,SIFT:intensity,6.244997978210449,0.01929454516559833,ROBUST_MODEL_INLIER,HELD_OUT,0.01563696861550635,SYNTHETIC_SOURCE,SYNTHETIC_TARGET
266,333.2420349121094,384.01007080078125,342.26123046875,378.0097351074219,333.2420349121094,384.01007080078125,342.26123046875,378.0097351074219,SIFT:intensity,8.426149368286133,0.01931754745394323,ROBUST_MODEL_INLIER,HELD_OUT,0.019241354278292534,SYNTHETIC_SOURCE,SYNTHETIC_TARGET
267,217.2195281982422,326.87939453125,226.17034912109375,320.87646484375,217.2195281982422,326.87939453125,226.17034912109375,320.87646484375,SIFT:intensity,6.557438373565674,0.01935282460276902,ROBUST_MODEL_INLIER,FIT,0.04920022805101904,SYNTHETIC_SOURCE,SYNTHETIC_TARGET
268,140.01121520996094,433.73541259765625,149.093505859375,427.7209167480469,140.01121520996094,433.73541259765625,149.093505859375,427.7209167480469,SIFT:intensity,5.099019527435303,0.019359240931692456,ROBUST_MODEL_INLIER,FIT,0.08354033518822522,SYNTHETIC_SOURCE,SYNTHETIC_TARGET
269,508.10394287109375,483.79559326171875,517.1132202148438,477.8201904296875,508.10394287109375,483.79559326171875,517.1132202148438,477.8201904296875,SIFT:intensity,9.539392471313477,0.019363387981357835,ROBUST_MODEL_INLIER,FIT,0.026645743206772037,SYNTHETIC_SOURCE,SYNTHETIC_TARGET
270,526.2908325195312,445.29962158203125,535.288330078125,439.2797546386719,526.2908325195312,445.29962158203125,535.288330078125,439.2797546386719,SIFT:intensity,6.324555397033691,0.01938980557335548,ROBUST_MODEL_INLIER,FIT,0.01965675866292164,SYNTHETIC_SOURCE,SYNTHETIC_TARGET
271,428.9630432128906,393.886474609375,437.96435546875,387.86376953125,428.9630432128906,393.886474609375,437.96435546875,387.86376953125,SIFT:intensity,5.0,0.019430557991688645,ROBUST_MODEL_INLIER,FIT,0.022382011938221785,SYNTHETIC_SOURCE,SYNTHETIC_TARGET
272,98.39006805419922,615.7476806640625,107.38297271728516,609.775390625,98.39006805419922,615.7476806640625,107.38297271728516,609.775390625,SIFT:intensity,10.049875259399414,0.01943559504920834,ROBUST_MODEL_INLIER,FIT,0.028945822368702804,SYNTHETIC_SOURCE,SYNTHETIC_TARGET
273,512.93115234375,470.9324035644531,521.965087890625,464.9020690917969,512.93115234375,470.9324035644531,521.965087890625,464.9020690917969,SIFT:intensity,7.141428470611572,0.019441331320579718,ROBUST_MODEL_INLIER,FIT,0.04530939597056599,SYNTHETIC_SOURCE,SYNTHETIC_TARGET
274,167.66261291503906,246.30441284179688,176.6659698486328,240.3228759765625,167.66261291503906,246.30441284179688,176.6659698486328,240.3228759765625,SIFT:intensity,7.280109882354736,0.019502098396820537,ROBUST_MODEL_INLIER,FIT,0.019132455934104925,SYNTHETIC_SOURCE,SYNTHETIC_TARGET
275,122.787841796875,470.85833740234375,131.78404235839844,464.8722839355469,122.787841796875,470.85833740234375,131.78404235839844,464.8722839355469,SIFT:intensity,7.348469257354736,0.019509538142320062,ROBUST_MODEL_INLIER,FIT,0.014794932541866989,SYNTHETIC_SOURCE,SYNTHETIC_TARGET
276,185.67941284179688,430.2326965332031,194.6839141845703,424.2259216308594,185.67941284179688,430.2326965332031,194.6839141845703,424.2259216308594,SIFT:intensity,5.4772257804870605,0.019536741563353104,ROBUST_MODEL_INLIER,FIT,0.007859520906209443,SYNTHETIC_SOURCE,SYNTHETIC_TARGET
277,518.6593017578125,402.91156005859375,527.6512451171875,396.9012451171875,518.6593017578125,402.91156005859375,527.6512451171875,396.9012451171875,SIFT:intensity,7.280109882354736,0.0195515468595278,ROBUST_MODEL_INLIER,FIT,0.012774550447269242,SYNTHETIC_SOURCE,SYNTHETIC_TARGET
278,513.4323120117188,389.1977844238281,522.4322509765625,383.22503662109375,513.4323120117188,389.1977844238281,522.4322509765625,383.22503662109375,SIFT:intensity,7.681145668029785,0.019564671475909866,ROBUST_MODEL_INLIER,HELD_OUT,0.027616505069918088,SYNTHETIC_SOURCE,SYNTHETIC_TARGET
279,188.3448028564453,343.0349426269531,197.34439086914062,337.02117919921875,188.3448028564453,343.0349426269531,197.34439086914062,337.02117919921875,SIFT:intensity,7.280109882354736,0.01958377795498109,ROBUST_MODEL_INLIER,FIT,0.01340412765969778,SYNTHETIC_SOURCE,SYNTHETIC_TARGET
280,151.02708435058594,90.61174011230469,160.03396606445312,84.59073638916016,151.02708435058594,90.61174011230469,160.03396606445312,84.59073638916016,SIFT:intensity,9.591663360595703,0.0196072289312962,ROBUST_MODEL_INLIER,FIT,0.021770984372372536,SYNTHETIC_SOURCE,SYNTHETIC_TARGET
281,523.5407104492188,450.853515625,532.5446166992188,444.85162353515625,523.5407104492188,450.853515625,532.5446166992188,444.85162353515625,SIFT:intensity,8.366600036621094,0.019626608229041283,ROBUST_MODEL_INLIER,FIT,0.004237055964647397,SYNTHETIC_SOURCE,SYNTHETIC_TARGET
282,294.56964111328125,181.1930694580078,303.594970703125,175.17135620117188,294.56964111328125,181.1930694580078,303.594970703125,175.17135620117188,SIFT:intensity,5.5677642822265625,0.019628302229237723,ROBUST_MODEL_INLIER,FIT,0.03316152914273982,SYNTHETIC_SOURCE,SYNTHETIC_TARGET
283,269.8467712402344,231.89678955078125,278.8421325683594,225.89358520507812,269.8467712402344,231.89678955078125,278.8421325683594,225.89358520507812,SIFT:intensity,6.0,0.019688117262702,ROBUST_MODEL_INLIER,FIT,0.005400048921671194,SYNTHETIC_SOURCE,SYNTHETIC_TARGET
284,525.2723999023438,167.61489868164062,534.2925415039062,161.59385681152344,525.2723999023438,167.61489868164062,534.2925415039062,161.59385681152344,SIFT:intensity,6.633249759674072,0.01969129723533365,ROBUST_MODEL_INLIER,FIT,0.028897958149480846,SYNTHETIC_SOURCE,SYNTHETIC_TARGET
285,198.87472534179688,109.71353912353516,207.87109375,103.6787338256836,198.87472534179688,109.71353912353516,207.87109375,103.6787338256836,SIFT:intensity,7.071067810058594,0.019703830373312324,ROBUST_MODEL_INLIER,FIT,0.034627159255399456,SYNTHETIC_SOURCE,SYNTHETIC_TARGET
286,219.69131469726562,267.7855224609375,228.72215270996094,261.8241882324219,219.69131469726562,267.7855224609375,228.72215270996094,261.8241882324219,SIFT:intensity,10.535654067993164,0.019723084137703146,ROBUST_MODEL_INLIER,HELD_OUT,0.04977102758714065,SYNTHETIC_SOURCE,SYNTHETIC_TARGET
287,454.6427001953125,578.1717529296875,463.64263916015625,572.1869506835938,454.6427001953125,578.1717529296875,463.64263916015625,572.1869506835938,SIFT:intensity,8.602325439453125,0.01979922694224965,ROBUST_MODEL_INLIER,FIT,0.015562064975830703,SYNTHETIC_SOURCE,SYNTHETIC_TARGET
288,426.8940734863281,402.3838806152344,435.8945617675781,396.38714599609375,426.8940734863281,402.3838806152344,435.8945617675781,396.38714599609375,SIFT:intensity,5.099019527435303,0.019835288122415966,ROBUST_MODEL_INLIER,FIT,0.003668763651734353,SYNTHETIC_SOURCE,SYNTHETIC_TARGET
289,186.73809814453125,325.0458068847656,195.74253845214844,319.0538024902344,186.73809814453125,325.0458068847656,195.74253845214844,319.0538024902344,SIFT:intensity,7.8102498054504395,0.019923976354091898,ROBUST_MODEL_INLIER,FIT,0.009487519642482737,SYNTHETIC_SOURCE,SYNTHETIC_TARGET
290,536.9550170898438,158.5538787841797,545.9578247070312,152.53701782226562,536.9550170898438,158.5538787841797,545.9578247070312,152.53701782226562,SIFT:intensity,7.211102485656738,0.01996157321607574,ROBUST_MODEL_INLIER,FIT,0.016741612547068695,SYNTHETIC_SOURCE,SYNTHETIC_TARGET
291,61.37712478637695,574.5603637695312,70.35356140136719,568.5528564453125,61.37712478637695,574.5603637695312,70.35356140136719,568.5528564453125,SIFT:intensity,9.32737922668457,0.01997535575189637,ROBUST_MODEL_INLIER,FIT,0.024578459267911745,SYNTHETIC_SOURCE,SYNTHETIC_TARGET
292,149.56884765625,466.2339782714844,158.59552001953125,460.2488098144531,149.56884765625,466.2339782714844,158.59552001953125,460.2488098144531,SIFT:intensity,8.485280990600586,0.019980306642999882,ROBUST_MODEL_INLIER,FIT,0.030737155673159707,SYNTHETIC_SOURCE,SYNTHETIC_TARGET
293,491.3233642578125,231.24749755859375,500.31964111328125,225.28134155273438,491.3233642578125,231.24749755859375,500.31964111328125,225.28134155273438,SIFT:intensity,5.4772257804870605,0.020032747769699072,ROBUST_MODEL_INLIER,FIT,0.034405387225892994,SYNTHETIC_SOURCE,SYNTHETIC_TARGET
294,463.77081298828125,267.38043212890625,472.78173828125,261.3619384765625,463.77081298828125,267.38043212890625,472.78173828125,261.3619384765625,SIFT:intensity,6.7082037925720215,0.02004477240325977,ROBUST_MODEL_INLIER,HELD_OUT,0.021190508456620835,SYNTHETIC_SOURCE,SYNTHETIC_TARGET
295,504.7356872558594,458.310791015625,513.7860107421875,452.3351745605469,504.7356872558594,458.310791015625,513.7860107421875,452.3351745605469,SIFT:intensity,8.485280990600586,0.020058252253838036,ROBUST_MODEL_INLIER,FIT,0.056120572256348596,SYNTHETIC_SOURCE,SYNTHETIC_TARGET
296,270.0949401855469,185.43814086914062,279.0688781738281,179.45408630371094,270.0949401855469,185.43814086914062,279.0688781738281,179.45408630371094,SIFT:intensity,9.486832618713379,0.020064981505386117,ROBUST_MODEL_INLIER,HELD_OUT,0.03070589618768507,SYNTHETIC_SOURCE,SYNTHETIC_TARGET
297,437.1207580566406,495.4861145019531,446.1317443847656,489.4950866699219,437.1207580566406,495.4861145019531,446.1317443847656,489.4950866699219,SIFT:intensity,5.656854152679443,0.020096823688678215,ROBUST_MODEL_INLIER,FIT,0.014452578685921012,SYNTHETIC_SOURCE,SYNTHETIC_TARGET
298,168.64889526367188,67.3297119140625,177.65196228027344,61.34567642211914,168.64889526367188,67.3297119140625,177.65196228027344,61.34567642211914,SIFT:intensity,9.486832618713379,0.020134318236636126,ROBUST_MODEL_INLIER,FIT,0.01662286286476463,SYNTHETIC_SOURCE,SYNTHETIC_TARGET
299,129.65414428710938,501.9840087890625,138.64993286132812,495.98529052734375,129.65414428710938,501.9840087890625,138.64993286132812,495.98529052734375,SIFT:intensity,9.05538558959961,0.020171148624856056,ROBUST_MODEL_INLIER,HELD_OUT,0.00447907232349045,SYNTHETIC_SOURCE,SYNTHETIC_TARGET
300,189.90538024902344,419.8548889160156,198.89920043945312,413.8506774902344,189.90538024902344,419.8548889160156,198.89920043945312,413.8506774902344,SIFT:intensity,6.480740547180176,0.020193926504729235,ROBUST_MODEL_INLIER,HELD_OUT,0.007240629288961305,SYNTHETIC_SOURCE,SYNTHETIC_TARGET
301,120.71223449707031,185.2240447998047,129.7139129638672,179.22398376464844,120.71223449707031,185.2240447998047,129.7139129638672,179.22398376464844,SIFT:intensity,4.582575798034668,0.020226653157701977,ROBUST_MODEL_INLIER,FIT,0.001750710207612427,SYNTHETIC_SOURCE,SYNTHETIC_TARGET
302,42.39472198486328,402.73297119140625,51.369319915771484,396.7287292480469,42.39472198486328,402.73297119140625,51.369319915771484,396.7287292480469,SIFT:intensity,7.280109882354736,0.02026769494437261,ROBUST_MODEL_INLIER,FIT,0.02565107543410027,SYNTHETIC_SOURCE,SYNTHETIC_TARGET
303,497.92791748046875,367.6130676269531,506.9171142578125,361.6299743652344,497.92791748046875,367.6130676269531,506.9171142578125,361.6299743652344,SIFT:intensity,8.5440034866333,0.02028499027954707,ROBUST_MODEL_INLIER,FIT,0.020347273476842186,SYNTHETIC_SOURCE,SYNTHETIC_TARGET
304,44.52692794799805,182.09678649902344,53.51976013183594,176.10781860351562,44.52692794799805,182.09678649902344,53.51976013183594,176.10781860351562,SIFT:intensity,5.196152210235596,0.020295301799129008,ROBUST_MODEL_INLIER,HELD_OUT,0.013438808280140744,SYNTHETIC_SOURCE,SYNTHETIC_TARGET
305,346.0859375,451.86676025390625,355.093505859375,445.86907958984375,346.0859375,451.86676025390625,355.093505859375,445.86907958984375,SIFT:intensity,8.062257766723633,0.020297718535562642,ROBUST_MODEL_INLIER,FIT,0.008073226381561308,SYNTHETIC_SOURCE,SYNTHETIC_TARGET
306,425.95538330078125,33.17350387573242,434.92938232421875,27.16942024230957,425.95538330078125,33.17350387573242,434.92938232421875,27.16942024230957,SIFT:intensity,7.348469257354736,0.020302659751888892,ROBUST_MODEL_INLIER,FIT,0.026220332408127787,SYNTHETIC_SOURCE,SYNTHETIC_TARGET
307,106.12439727783203,22.717695236206055,115.14573669433594,16.730026245117188,106.12439727783203,22.717695236206055,115.14573669433594,16.730026245117188,SIFT:intensity,7.937253952026367,0.020311577136303407,ROBUST_MODEL_INLIER,FIT,0.02486960863396397,SYNTHETIC_SOURCE,SYNTHETIC_TARGET
308,222.5799560546875,277.2379455566406,231.59178161621094,271.23638916015625,222.5799560546875,277.2379455566406,231.59178161621094,271.23638916015625,SIFT:intensity,8.83176040649414,0.020335270530183,ROBUST_MODEL_INLIER,FIT,0.011931041395658178,SYNTHETIC_SOURCE,SYNTHETIC_TARGET
309,134.62420654296875,370.65887451171875,143.6508026123047,364.6906433105469,134.62420654296875,370.65887451171875,143.6508026123047,364.6906433105469,SIFT:intensity,7.141428470611572,0.020366873725821064,ROBUST_MODEL_INLIER,FIT,0.04174115730798596,SYNTHETIC_SOURCE,SYNTHETIC_TARGET
310,148.72665405273438,417.8144226074219,157.7317657470703,411.8276672363281,148.72665405273438,417.8144226074219,157.7317657470703,411.8276672363281,SIFT:intensity,3.605551242828369,0.020377175947293477,ROBUST_MODEL_INLIER,FIT,0.014553437659544538,SYNTHETIC_SOURCE,SYNTHETIC_TARGET
311,196.80624389648438,301.8189392089844,205.81906127929688,295.829833984375,196.80624389648438,301.8189392089844,205.81906127929688,295.829833984375,SIFT:intensity,5.830951690673828,0.02040491287027756,ROBUST_MODEL_INLIER,HELD_OUT,0.01709466944835207,SYNTHETIC_SOURCE,SYNTHETIC_TARGET
312,270.0894775390625,356.7882385253906,279.09393310546875,350.7720642089844,270.0894775390625,356.7882385253906,279.09393310546875,350.7720642089844,SIFT:intensity,9.219544410705566,0.020425133896553663,ROBUST_MODEL_INLIER,FIT,0.01643832692368012,SYNTHETIC_SOURCE,SYNTHETIC_TARGET
313,578.0556030273438,490.07012939453125,587.044921875,484.0546875,578.0556030273438,490.07012939453125,587.044921875,484.0546875,SIFT:intensity,9.165151596069336,0.020454055628055138,ROBUST_MODEL_INLIER,HELD_OUT,0.018451150933984226,SYNTHETIC_SOURCE,SYNTHETIC_TARGET
314,21.54916000366211,97.5763931274414,30.561561584472656,91.5806655883789,21.54916000366211,97.5763931274414,30.561561584472656,91.5806655883789,SIFT:intensity,10.72380542755127,0.020502422163791292,ROBUST_MODEL_INLIER,FIT,0.013282932130485068,SYNTHETIC_SOURCE,SYNTHETIC_TARGET
315,176.4677734375,441.7600402832031,185.4505157470703,435.7674560546875,176.4677734375,441.7600402832031,185.4505157470703,435.7674560546875,SIFT:intensity,5.196152210235596,0.02055260550051853,ROBUST_MODEL_INLIER,HELD_OUT,0.0188886091028474,SYNTHETIC_SOURCE,SYNTHETIC_TARGET
316,404.703369140625,440.5904235839844,413.6746520996094,434.5572204589844,404.703369140625,440.5904235839844,413.6746520996094,434.5572204589844,SIFT:intensity,7.348469257354736,0.02058087923891787,ROBUST_MODEL_INLIER,HELD_OUT,0.04359391710104767,SYNTHETIC_SOURCE,SYNTHETIC_TARGET
317,157.9757537841797,481.6392517089844,167.018310546875,475.5289611816406,157.9757537841797,481.6392517089844,167.018310546875,475.5289611816406,SIFT:intensity,8.9442720413208,0.02065585647767376,ROBUST_MODEL_INLIER,FIT,0.11789296418183912,SYNTHETIC_SOURCE,SYNTHETIC_TARGET
318,508.6316833496094,331.989990234375,517.6275634765625,325.9714660644531,508.6316833496094,331.989990234375,517.6275634765625,325.9714660644531,SIFT:intensity,6.480740547180176,0.0206884608595105,ROBUST_MODEL_INLIER,FIT,0.018611260274042467,SYNTHETIC_SOURCE,SYNTHETIC_TARGET
319,151.08941650390625,95.87637329101562,160.0800018310547,89.8907241821289,151.08941650390625,95.87637329101562,160.0800018310547,89.8907241821289,SIFT:intensity,5.196152210235596,0.02074911726310434,ROBUST_MODEL_INLIER,HELD_OUT,0.01744457441318279,SYNTHETIC_SOURCE,SYNTHETIC_TARGET
320,146.43356323242188,543.0556640625,155.44325256347656,537.056396484375,146.43356323242188,543.0556640625,155.44325256347656,537.056396484375,SIFT:intensity,9.165151596069336,0.02079254885811662,ROBUST_MODEL_INLIER,FIT,0.009796689402984072,SYNTHETIC_SOURCE,SYNTHETIC_TARGET
321,51.96063995361328,606.80126953125,60.94026565551758,600.8394775390625,51.96063995361328,606.80126953125,60.94026565551758,600.8394775390625,SIFT:intensity,6.082762718200684,0.020821490969204413,ROBUST_MODEL_INLIER,FIT,0.04360128441354421,SYNTHETIC_SOURCE,SYNTHETIC_TARGET
322,164.93887329101562,261.4291076660156,173.9264373779297,255.44268798828125,164.93887329101562,261.4291076660156,173.9264373779297,255.44268798828125,SIFT:intensity,7.348469257354736,0.020914770640723668,ROBUST_MODEL_INLIER,FIT,0.01865390249066101,SYNTHETIC_SOURCE,SYNTHETIC_TARGET
323,170.5413360595703,140.9290008544922,179.57008361816406,134.9617919921875,170.5413360595703,140.9290008544922,179.57008361816406,134.9617919921875,SIFT:intensity,7.874007701873779,0.02092146758165836,ROBUST_MODEL_INLIER,HELD_OUT,0.04391286172548348,SYNTHETIC_SOURCE,SYNTHETIC_TARGET
324,87.20121002197266,496.4530029296875,96.22415924072266,490.44781494140625,87.20121002197266,496.4530029296875,96.22415924072266,490.44781494140625,SIFT:intensity,9.0,0.020950126661769743,ROBUST_MODEL_INLIER,FIT,0.023495483277664354,SYNTHETIC_SOURCE,SYNTHETIC_TARGET
325,27.70545196533203,608.0703735351562,36.71849060058594,602.0679931640625,27.70545196533203,608.0703735351562,36.71849060058594,602.0679931640625,SIFT:intensity,9.797959327697754,0.0209638741401753,ROBUST_MODEL_INLIER,FIT,0.013238820025004403,SYNTHETIC_SOURCE,SYNTHETIC_TARGET
326,108.3282699584961,182.95079040527344,117.3116226196289,176.96055603027344,108.3282699584961,182.95079040527344,117.3116226196289,176.96055603027344,SIFT:intensity,5.385164737701416,0.02103403451021967,ROBUST_MODEL_INLIER,FIT,0.01944806753014178,SYNTHETIC_SOURCE,SYNTHETIC_TARGET
327,335.7997741699219,182.1842498779297,344.7781066894531,176.1696319580078,335.7997741699219,182.1842498779297,344.7781066894531,176.1696319580078,SIFT:intensity,8.5440034866333,0.021034201023529056,ROBUST_MODEL_INLIER,HELD_OUT,0.025897174881135427,SYNTHETIC_SOURCE,SYNTHETIC_TARGET
328,251.47640991210938,229.8870849609375,260.4649353027344,223.88829040527344,251.47640991210938,229.8870849609375,260.4649353027344,223.88829040527344,SIFT:intensity,7.416198253631592,0.021060758470834263,ROBUST_MODEL_INLIER,HELD_OUT,0.0115361316076011,SYNTHETIC_SOURCE,SYNTHETIC_TARGET
329,307.491943359375,525.9989624023438,316.472412109375,520.0230712890625,307.491943359375,525.9989624023438,316.472412109375,520.0230712890625,SIFT:intensity,8.9442720413208,0.02115141287912357,ROBUST_MODEL_INLIER,HELD_OUT,0.031282914290837405,SYNTHETIC_SOURCE,SYNTHETIC_TARGET
330,220.75375366210938,132.43467712402344,229.77798461914062,126.4681167602539,220.75375366210938,132.43467712402344,229.77798461914062,126.4681167602539,SIFT:intensity,8.83176040649414,0.02116170391279187,ROBUST_MODEL_INLIER,FIT,0.041618098608755504,SYNTHETIC_SOURCE,SYNTHETIC_TARGET
331,276.91741943359375,39.95413589477539,285.9470520019531,33.95016098022461,276.91741943359375,39.95413589477539,285.9470520019531,33.95016098022461,SIFT:intensity,8.774964332580566,0.021171245376811577,ROBUST_MODEL_INLIER,FIT,0.029897168046940068,SYNTHETIC_SOURCE,SYNTHETIC_TARGET
332,204.93960571289062,315.47412109375,213.941162109375,309.4944763183594,204.93960571289062,315.47412109375,213.941162109375,309.4944763183594,SIFT:intensity,9.219544410705566,0.02118870031836421,ROBUST_MODEL_INLIER,FIT,0.020781381248705225,SYNTHETIC_SOURCE,SYNTHETIC_TARGET
333,180.29745483398438,75.95217895507812,189.3101806640625,69.99809265136719,180.29745483398438,75.95217895507812,189.3101806640625,69.99809265136719,SIFT:intensity,9.643651008605957,0.021221146328684336,ROBUST_MODEL_INLIER,FIT,0.0480079910420714,SYNTHETIC_SOURCE,SYNTHETIC_TARGET
334,239.8878173828125,234.40074157714844,248.89968872070312,228.40011596679688,239.8878173828125,234.40074157714844,248.89968872070312,228.40011596679688,SIFT:intensity,6.324555397033691,0.02125327808867689,ROBUST_MODEL_INLIER,FIT,0.011919978752413457,SYNTHETIC_SOURCE,SYNTHETIC_TARGET
335,252.14962768554688,398.6656799316406,261.15771484375,392.656494140625,252.14962768554688,398.6656799316406,261.15771484375,392.656494140625,SIFT:intensity,5.099019527435303,0.021361565046946696,ROBUST_MODEL_INLIER,FIT,0.011998469283430714,SYNTHETIC_SOURCE,SYNTHETIC_TARGET
336,126.81098175048828,183.29782104492188,135.75799560546875,177.29876708984375,126.81098175048828,183.29782104492188,135.75799560546875,177.29876708984375,SIFT:intensity,7.416198253631592,0.02144664231318468,ROBUST_MODEL_INLIER,FIT,0.05295658265282669,SYNTHETIC_SOURCE,SYNTHETIC_TARGET
337,423.7989501953125,88.5529556274414,432.8116455078125,82.52179718017578,423.7989501953125,88.5529556274414,432.8116455078125,82.52179718017578,SIFT:intensity,5.385164737701416,0.02144990271569474,ROBUST_MODEL_INLIER,FIT,0.033325885289161826,SYNTHETIC_SOURCE,SYNTHETIC_TARGET
338,337.62554931640625,386.17333984375,346.6307373046875,380.1662902832031,337.62554931640625,386.17333984375,346.6307373046875,380.1662902832031,SIFT:intensity,10.770329475402832,0.021458629201931995,ROBUST_MODEL_INLIER,FIT,0.00849028580142188,SYNTHETIC_SOURCE,SYNTHETIC_TARGET
339,521.101806640625,65.28736877441406,530.1118774414062,59.27811050415039,521.101806640625,65.28736877441406,530.1118774414062,59.27811050415039,SIFT:intensity,8.124038696289062,0.021516876832099116,ROBUST_MODEL_INLIER,HELD_OUT,0.013470255246758473,SYNTHETIC_SOURCE,SYNTHETIC_TARGET
340,100.30134582519531,470.4748229980469,109.29766082763672,464.47845458984375,100.30134582519531,470.4748229980469,109.29766082763672,464.47845458984375,SIFT:intensity,9.848857879638672,0.021611576219478918,ROBUST_MODEL_INLIER,FIT,0.005404730410832351,SYNTHETIC_SOURCE,SYNTHETIC_TARGET
341,219.82003784179688,276.095458984375,228.79554748535156,270.08905029296875,219.82003784179688,276.095458984375,228.79554748535156,270.08905029296875,SIFT:intensity,8.0,0.021660658171869667,ROBUST_MODEL_INLIER,FIT,0.025180788694613824,SYNTHETIC_SOURCE,SYNTHETIC_TARGET
342,520.9600830078125,271.4014892578125,529.947509765625,265.4034729003906,520.9600830078125,271.4014892578125,529.947509765625,265.4034729003906,SIFT:intensity,11.618949890136719,0.021666815008540282,ROBUST_MODEL_INLIER,FIT,0.01274559732151425,SYNTHETIC_SOURCE,SYNTHETIC_TARGET
343,166.20936584472656,239.8669891357422,175.21615600585938,233.85267639160156,166.20936584472656,239.8669891357422,175.21615600585938,233.85267639160156,SIFT:intensity,8.0,0.021687545595354334,ROBUST_MODEL_INLIER,FIT,0.015533481107911003,SYNTHETIC_SOURCE,SYNTHETIC_TARGET
344,291.0762634277344,346.94158935546875,300.12152099609375,340.93475341796875,291.0762634277344,346.94158935546875,300.12152099609375,340.93475341796875,SIFT:intensity,4.582575798034668,0.021718857177776486,ROBUST_MODEL_INLIER,FIT,0.04576325041879655,SYNTHETIC_SOURCE,SYNTHETIC_TARGET
345,451.4272766113281,255.07015991210938,460.3599548339844,249.06922912597656,451.4272766113281,255.07015991210938,460.3599548339844,249.06922912597656,SIFT:intensity,7.4833149909973145,0.021719802217443494,ROBUST_MODEL_INLIER,FIT,0.06727838590417455,SYNTHETIC_SOURCE,SYNTHETIC_TARGET
346,175.1708221435547,270.30303955078125,184.12786865234375,264.3121337890625,175.1708221435547,270.30303955078125,184.12786865234375,264.3121337890625,SIFT:intensity,9.380831718444824,0.021725250713406096,ROBUST_MODEL_INLIER,HELD_OUT,0.043937865303418235,SYNTHETIC_SOURCE,SYNTHETIC_TARGET
347,78.28461456298828,521.778076171875,87.31660461425781,515.7633056640625,78.28461456298828,521.778076171875,87.31660461425781,515.7633056640625,SIFT:intensity,8.246211051940918,0.021737996839681577,ROBUST_MODEL_INLIER,HELD_OUT,0.035125958670228045,SYNTHETIC_SOURCE,SYNTHETIC_TARGET
348,257.2970886230469,492.4166564941406,266.2937927246094,486.419189453125,257.2970886230469,492.4166564941406,266.2937927246094,486.419189453125,SIFT:intensity,6.0,0.021738130534926424,ROBUST_MODEL_INLIER,FIT,0.004354012389766748,SYNTHETIC_SOURCE,SYNTHETIC_TARGET
349,164.93887329101562,261.4291076660156,173.9264373779297,255.44268798828125,164.93887329101562,261.4291076660156,173.9264373779297,255.44268798828125,SIFT:intensity,7.4833149909973145,0.02184306726570324,ROBUST_MODEL_INLIER,FIT,0.01865390249066101,SYNTHETIC_SOURCE,SYNTHETIC_TARGET
350,105.20654296875,190.28768920898438,114.18717956542969,184.3037872314453,105.20654296875,190.28768920898438,114.18717956542969,184.3037872314453,SIFT:intensity,9.05538558959961,0.021859906602486233,ROBUST_MODEL_INLIER,FIT,0.025380679464312602,SYNTHETIC_SOURCE,SYNTHETIC_TARGET
351,67.44864654541016,588.1507568359375,76.37739562988281,582.202880859375,67.44864654541016,588.1507568359375,76.37739562988281,582.202880859375,SIFT:intensity,8.366600036621094,0.021901268492795247,ROBUST_MODEL_INLIER,FIT,0.0884601397062207,SYNTHETIC_SOURCE,SYNTHETIC_TARGET
352,415.6772766113281,238.2533721923828,424.6488037109375,232.22607421875,415.6772766113281,238.2533721923828,424.6488037109375,232.22607421875,SIFT:intensity,4.4721360206604,0.021902770953332002,ROBUST_MODEL_INLIER,FIT,0.03916023445129018,SYNTHETIC_SOURCE,SYNTHETIC_TARGET
353,120.52973175048828,580.3956298828125,129.5408477783203,574.3904418945312,120.52973175048828,580.3956298828125,129.5408477783203,574.3904418945312,SIFT:intensity,12.12435531616211,0.02193796922959349,ROBUST_MODEL_INLIER,FIT,0.012159515080513104,SYNTHETIC_SOURCE,SYNTHETIC_TARGET
354,122.8197021484375,398.638427734375,131.8164825439453,392.626953125,122.8197021484375,398.638427734375,131.8164825439453,392.626953125,SIFT:intensity,7.6157732009887695,0.02203650688380189,ROBUST_MODEL_INLIER,FIT,0.01155474273311255,SYNTHETIC_SOURCE,SYNTHETIC_TARGET
355,336.4660339355469,379.1654968261719,345.4693603515625,373.17474365234375,336.4660339355469,379.1654968261719,345.4693603515625,373.17474365234375,SIFT:intensity,8.124038696289062,0.022079616122216643,ROBUST_MODEL_INLIER,FIT,0.010185553335215659,SYNTHETIC_SOURCE,SYNTHETIC_TARGET
356,238.4812469482422,135.3829345703125,247.48394775390625,129.3820037841797,238.4812469482422,135.3829345703125,247.48394775390625,129.3820037841797,SIFT:intensity,7.0,0.022119913081054432,ROBUST_MODEL_INLIER,HELD_OUT,0.002804392149286567,SYNTHETIC_SOURCE,SYNTHETIC_TARGET
357,482.9546203613281,446.32135009765625,491.92230224609375,440.366455078125,482.9546203613281,446.32135009765625,491.92230224609375,440.366455078125,SIFT:intensity,10.29563045501709,0.022139706641382685,ROBUST_MODEL_INLIER,FIT,0.0557580455958677,SYNTHETIC_SOURCE,SYNTHETIC_TARGET
358,180.19473266601562,345.29156494140625,189.19532775878906,339.3007507324219,180.19473266601562,345.29156494140625,189.19532775878906,339.3007507324219,SIFT:intensity,7.4833149909973145,0.02216133297228221,ROBUST_MODEL_INLIER,FIT,0.009571573549325953,SYNTHETIC_SOURCE,SYNTHETIC_TARGET
359,576.4588623046875,161.8149871826172,585.4696655273438,155.82638549804688,576.4588623046875,161.8149871826172,585.4696655273438,155.82638549804688,SIFT:intensity,9.486832618713379,0.02217863660734447,ROBUST_MODEL_INLIER,FIT,0.01600187445227003,SYNTHETIC_SOURCE,SYNTHETIC_TARGET
360,426.36505126953125,24.166259765625,435.36212158203125,18.148456573486328,426.36505126953125,24.166259765625,435.36212158203125,18.148456573486328,SIFT:intensity,8.062257766723633,0.022182569234027123,ROBUST_MODEL_INLIER,FIT,0.01767573979426233,SYNTHETIC_SOURCE,SYNTHETIC_TARGET
361,512.93115234375,470.9324035644531,521.965087890625,464.9020690917969,512.93115234375,470.9324035644531,521.965087890625,464.9020690917969,SIFT:intensity,8.88819408416748,0.022202106544036652,ROBUST_MODEL_INLIER,FIT,0.04530939597056599,SYNTHETIC_SOURCE,SYNTHETIC_TARGET
362,242.21990966796875,475.0487060546875,251.2109832763672,469.0364990234375,242.21990966796875,475.0487060546875,251.2109832763672,469.0364990234375,SIFT:intensity,7.745966911315918,0.022229999425463377,ROBUST_MODEL_INLIER,FIT,0.014802551313769311,SYNTHETIC_SOURCE,SYNTHETIC_TARGET
363,253.67637634277344,471.01007080078125,262.68194580078125,464.9950866699219,253.67637634277344,471.01007080078125,262.68194580078125,464.9950866699219,SIFT:intensity,7.681145668029785,0.022261852888521616,ROBUST_MODEL_INLIER,FIT,0.01566110489415308,SYNTHETIC_SOURCE,SYNTHETIC_TARGET
364,286.5168762207031,120.9689712524414,295.4981384277344,114.97642517089844,286.5168762207031,120.9689712524414,295.4981384277344,114.97642517089844,SIFT:intensity,9.110433578491211,0.022298371549635033,ROBUST_MODEL_INLIER,FIT,0.020261196425484365,SYNTHETIC_SOURCE,SYNTHETIC_TARGET
365,452.0835266113281,563.0814819335938,461.0841064453125,557.0578002929688,452.0835266113281,563.0814819335938,461.0841064453125,557.0578002929688,SIFT:intensity,5.5677642822265625,0.022315374612985675,ROBUST_MODEL_INLIER,FIT,0.02332572817231207,SYNTHETIC_SOURCE,SYNTHETIC_TARGET
366,134.87173461914062,509.9770202636719,143.87326049804688,503.9699401855469,134.87173461914062,509.9770202636719,143.87326049804688,503.9699401855469,SIFT:intensity,7.071067810058594,0.022321316323753605,ROBUST_MODEL_INLIER,FIT,0.0068972261032022,SYNTHETIC_SOURCE,SYNTHETIC_TARGET
367,24.222078323364258,546.6405029296875,33.19861602783203,540.6366577148438,24.222078323364258,546.6405029296875,33.19861602783203,540.6366577148438,SIFT:intensity,10.488088607788086,0.022379099817254833,ROBUST_MODEL_INLIER,FIT,0.023673827594434566,SYNTHETIC_SOURCE,SYNTHETIC_TARGET
368,369.60546875,195.05844116210938,378.61456298828125,189.06283569335938,369.60546875,195.05844116210938,378.61456298828125,189.06283569335938,SIFT:intensity,9.486832618713379,0.02239142583893693,ROBUST_MODEL_INLIER,FIT,0.010304677423251451,SYNTHETIC_SOURCE,SYNTHETIC_TARGET
369,404.449462890625,447.52166748046875,413.46673583984375,441.5282287597656,404.449462890625,447.52166748046875,413.46673583984375,441.5282287597656,SIFT:intensity,9.539392471313477,0.022555537055129905,ROBUST_MODEL_INLIER,HELD_OUT,0.018652130018533844,SYNTHETIC_SOURCE,SYNTHETIC_TARGET
370,123.14395904541016,229.3638916015625,132.14480590820312,223.3186492919922,123.14395904541016,229.3638916015625,132.14480590820312,223.3186492919922,SIFT:intensity,12.247448921203613,0.0225579082019231,ROBUST_MODEL_INLIER,FIT,0.04488688255538455,SYNTHETIC_SOURCE,SYNTHETIC_TARGET
371,185.58221435546875,52.92365646362305,194.63821411132812,46.938602447509766,185.58221435546875,52.92365646362305,194.63821411132812,46.938602447509766,SIFT:intensity,7.745966911315918,0.022559995185266364,ROBUST_MODEL_INLIER,FIT,0.05809911002023817,SYNTHETIC_SOURCE,SYNTHETIC_TARGET
372,180.29745483398438,75.95217895507812,189.3101806640625,69.99809265136719,180.29745483398438,75.95217895507812,189.3101806640625,69.99809265136719,SIFT:intensity,6.928203105926514,0.022593341141166783,ROBUST_MODEL_INLIER,FIT,0.0480079910420714,SYNTHETIC_SOURCE,SYNTHETIC_TARGET
373,199.11073303222656,120.58305358886719,208.03225708007812,114.55023193359375,199.11073303222656,120.58305358886719,208.03225708007812,114.55023193359375,SIFT:intensity,10.862780570983887,0.022615290050041228,ROBUST_MODEL_INLIER,HELD_OUT,0.08488092925653944,SYNTHETIC_SOURCE,SYNTHETIC_TARGET
374,427.0785217285156,535.164794921875,436.07537841796875,529.180419921875,427.0785217285156,535.164794921875,436.07537841796875,529.180419921875,SIFT:intensity,10.24695110321045,0.02269113506057543,ROBUST_MODEL_INLIER,FIT,0.01628657567603741,SYNTHETIC_SOURCE,SYNTHETIC_TARGET
375,174.43911743164062,281.29620361328125,183.42230224609375,275.2562561035156,174.43911743164062,281.29620361328125,183.42230224609375,275.2562561035156,SIFT:intensity,8.9442720413208,0.022743725658057445,ROBUST_MODEL_INLIER,FIT,0.04298887408932112,SYNTHETIC_SOURCE,SYNTHETIC_TARGET
376,166.45419311523438,327.4192199707031,175.46632385253906,321.4309997558594,166.45419311523438,327.4192199707031,175.46632385253906,321.4309997558594,SIFT:intensity,11.135528564453125,0.022761621190292142,ROBUST_MODEL_INLIER,FIT,0.01719727817564863,SYNTHETIC_SOURCE,SYNTHETIC_TARGET
377,165.33322143554688,127.32085418701172,174.35362243652344,121.33011627197266,165.33322143554688,127.32085418701172,174.35362243652344,121.33011627197266,SIFT:intensity,6.557438373565674,0.022764630485264933,ROBUST_MODEL_INLIER,FIT,0.022599514602236463,SYNTHETIC_SOURCE,SYNTHETIC_TARGET
378,313.20599365234375,319.48468017578125,322.2394714355469,313.4573059082031,313.20599365234375,319.48468017578125,322.2394714355469,313.4573059082031,SIFT:intensity,8.485280990600586,0.022780530132173366,ROBUST_MODEL_INLIER,FIT,0.043050751456453054,SYNTHETIC_SOURCE,SYNTHETIC_TARGET
379,386.9064025878906,168.27696228027344,395.8680725097656,162.23300170898438,386.9064025878906,168.27696228027344,395.8680725097656,162.23300170898438,SIFT:intensity,5.196152210235596,0.02278663533363797,ROBUST_MODEL_INLIER,HELD_OUT,0.05802001653283407,SYNTHETIC_SOURCE,SYNTHETIC_TARGET
380,24.222078323364258,546.6405029296875,33.19861602783203,540.6366577148438,24.222078323364258,546.6405029296875,33.19861602783203,540.6366577148438,SIFT:intensity,9.165151596069336,0.022787112806128832,ROBUST_MODEL_INLIER,FIT,0.023673827594434566,SYNTHETIC_SOURCE,SYNTHETIC_TARGET
381,215.49130249023438,145.63731384277344,224.46331787109375,139.6383056640625,215.49130249023438,145.63731384277344,224.46331787109375,139.6383056640625,SIFT:intensity,7.416198253631592,0.022823825084419814,ROBUST_MODEL_INLIER,FIT,0.0279717359168751,SYNTHETIC_SOURCE,SYNTHETIC_TARGET
382,202.72943115234375,393.2032165527344,211.73924255371094,387.2395935058594,202.72943115234375,393.2032165527344,211.73924255371094,387.2395935058594,SIFT:intensity,10.440306663513184,0.022890566887308034,ROBUST_MODEL_INLIER,FIT,0.038040555960728924,SYNTHETIC_SOURCE,SYNTHETIC_TARGET
383,398.5390625,120.46668243408203,407.5213623046875,114.48506927490234,398.5390625,120.46668243408203,407.5213623046875,114.48506927490234,SIFT:intensity,5.74456262588501,0.02289888289715085,ROBUST_MODEL_INLIER,HELD_OUT,0.025754299154714336,SYNTHETIC_SOURCE,SYNTHETIC_TARGET
384,245.62744140625,524.260498046875,254.64871215820312,518.2620239257812,245.62744140625,524.260498046875,254.64871215820312,518.2620239257812,SIFT:intensity,10.630146026611328,0.022899588985170728,ROBUST_MODEL_INLIER,FIT,0.02140016751092225,SYNTHETIC_SOURCE,SYNTHETIC_TARGET
385,536.1015014648438,370.64337158203125,545.1202392578125,364.62774658203125,536.1015014648438,370.64337158203125,545.1202392578125,364.62774658203125,SIFT:intensity,9.848857879638672,0.022928700489895107,ROBUST_MODEL_INLIER,HELD_OUT,0.024201473755759862,SYNTHETIC_SOURCE,SYNTHETIC_TARGET
386,310.6304016113281,543.8435668945312,319.6303405761719,537.854736328125,310.6304016113281,543.8435668945312,319.6303405761719,537.854736328125,SIFT:intensity,6.557438373565674,0.022932031122265807,ROBUST_MODEL_INLIER,FIT,0.011533747276073371,SYNTHETIC_SOURCE,SYNTHETIC_TARGET
387,494.5231628417969,150.94256591796875,503.5231628417969,144.94122314453125,494.5231628417969,150.94256591796875,503.5231628417969,144.94122314453125,SIFT:intensity,11.180339813232422,0.022939883686768033,ROBUST_MODEL_INLIER,FIT,0.0009795400555752704,SYNTHETIC_SOURCE,SYNTHETIC_TARGET
388,166.48280334472656,417.7802734375,175.48451232910156,411.76220703125,166.48280334472656,417.7802734375,175.48451232910156,411.76220703125,SIFT:intensity,8.306623458862305,0.022953219117377955,ROBUST_MODEL_INLIER,FIT,0.017788862355069473,SYNTHETIC_SOURCE,SYNTHETIC_TARGET
389,545.1880493164062,107.9636459350586,554.1741333007812,101.98734283447266,545.1880493164062,107.9636459350586,554.1741333007812,101.98734283447266,SIFT:intensity,5.74456262588501,0.022953474368639565,ROBUST_MODEL_INLIER,FIT,0.02777273891817578,SYNTHETIC_SOURCE,SYNTHETIC_TARGET
390,352.8475341796875,434.3205261230469,361.8311462402344,428.30145263671875,352.8475341796875,434.3205261230469,361.8311462402344,428.30145263671875,SIFT:intensity,11.357816696166992,0.02317173932425498,ROBUST_MODEL_INLIER,FIT,0.024841493777515086,SYNTHETIC_SOURCE,SYNTHETIC_TARGET
391,123.14395904541016,229.3638916015625,132.14480590820312,223.3186492919922,123.14395904541016,229.3638916015625,132.14480590820312,223.3186492919922,SIFT:intensity,12.449899673461914,0.0232362834106968,ROBUST_MODEL_INLIER,HELD_OUT,0.04488688255538455,SYNTHETIC_SOURCE,SYNTHETIC_TARGET
392,263.08636474609375,327.837890625,272.0752258300781,321.8509826660156,263.08636474609375,327.837890625,272.0752258300781,321.8509826660156,SIFT:intensity,9.0,0.02324875199723013,ROBUST_MODEL_INLIER,FIT,0.017439350830079144,SYNTHETIC_SOURCE,SYNTHETIC_TARGET
393,310.4049987792969,534.7824096679688,319.4059753417969,528.7828979492188,310.4049987792969,534.7824096679688,319.4059753417969,528.7828979492188,SIFT:intensity,6.244997978210449,0.023251139684365207,ROBUST_MODEL_INLIER,FIT,0.0013311940755684007,SYNTHETIC_SOURCE,SYNTHETIC_TARGET
394,163.3150634765625,478.52142333984375,172.3237762451172,472.5360107421875,163.3150634765625,478.52142333984375,172.3237762451172,472.5360107421875,SIFT:intensity,6.4031243324279785,0.0232541279407413,ROBUST_MODEL_INLIER,FIT,0.017328174152055443,SYNTHETIC_SOURCE,SYNTHETIC_TARGET
395,202.72943115234375,393.2032165527344,211.73924255371094,387.2395935058594,202.72943115234375,393.2032165527344,211.73924255371094,387.2395935058594,SIFT:intensity,10.630146026611328,0.02326633928592302,ROBUST_MODEL_INLIER,FIT,0.038040555960728924,SYNTHETIC_SOURCE,SYNTHETIC_TARGET
396,535.7862548828125,68.21244812011719,544.757080078125,62.24565505981445,535.7862548828125,68.21244812011719,544.757080078125,62.24565505981445,SIFT:intensity,9.0,0.02330628707546291,ROBUST_MODEL_INLIER,FIT,0.04444691965324802,SYNTHETIC_SOURCE,SYNTHETIC_TARGET
397,456.79718017578125,71.64071655273438,465.8499450683594,65.6558837890625,456.79718017578125,71.64071655273438,465.8499450683594,65.6558837890625,SIFT:intensity,10.440306663513184,0.023379043075891486,ROBUST_MODEL_INLIER,HELD_OUT,0.055047211433863895,SYNTHETIC_SOURCE,SYNTHETIC_TARGET
398,423.2796630859375,387.7601623535156,432.2966003417969,381.7587890625,423.2796630859375,387.7601623535156,432.2966003417969,381.7587890625,SIFT:intensity,7.0,0.023483321871986533,ROBUST_MODEL_INLIER,FIT,0.017012978552734842,SYNTHETIC_SOURCE,SYNTHETIC_TARGET
399,423.465576171875,540.3714599609375,432.45159912109375,534.3469848632812,423.465576171875,540.3714599609375,432.45159912109375,534.3469848632812,SIFT:intensity,9.899495124816895,0.023499593974207048,ROBUST_MODEL_INLIER,HELD_OUT,0.027846198975078354,SYNTHETIC_SOURCE,SYNTHETIC_TARGET
400,183.92726135253906,58.76463317871094,192.8779754638672,52.763404846191406,183.92726135253906,58.76463317871094,192.8779754638672,52.763404846191406,SIFT:intensity,7.745966911315918,0.023506865241547034,ROBUST_MODEL_INLIER,FIT,0.04924769239031675,SYNTHETIC_SOURCE,SYNTHETIC_TARGET
401,421.65740966796875,22.452587127685547,430.65838623046875,16.451242446899414,421.65740966796875,22.452587127685547,430.65838623046875,16.451242446899414,SIFT:intensity,11.224971771240234,0.02355506634222458,ROBUST_MODEL_INLIER,FIT,0.0014164449189010575,SYNTHETIC_SOURCE,SYNTHETIC_TARGET
402,614.525390625,503.19354248046875,623.5408935546875,497.2059020996094,614.525390625,503.19354248046875,623.5408935546875,497.2059020996094,SIFT:intensity,10.488088607788086,0.023601238833706,ROBUST_MODEL_INLIER,HELD_OUT,0.02009130333256565,SYNTHETIC_SOURCE,SYNTHETIC_TARGET
403,422.7826232910156,80.71408081054688,431.75836181640625,74.74913787841797,422.7826232910156,80.71408081054688,431.75836181640625,74.74913787841797,SIFT:intensity,10.770329475402832,0.023615225681876108,ROBUST_MODEL_INLIER,HELD_OUT,0.04290773353908615,SYNTHETIC_SOURCE,SYNTHETIC_TARGET
404,323.8084411621094,357.29681396484375,332.7904357910156,351.27685546875,323.8084411621094,357.29681396484375,332.7904357910156,351.27685546875,SIFT:intensity,10.862780570983887,0.023622501033293143,ROBUST_MODEL_INLIER,HELD_OUT,0.026579680635041073,SYNTHETIC_SOURCE,SYNTHETIC_TARGET
405,394.58453369140625,231.37405395507812,403.60321044921875,225.37564086914062,394.58453369140625,231.37405395507812,403.60321044921875,225.37564086914062,SIFT:intensity,11.224971771240234,0.023657589559526945,ROBUST_MODEL_INLIER,FIT,0.018823935200498687,SYNTHETIC_SOURCE,SYNTHETIC_TARGET
406,515.2159423828125,503.1126708984375,524.2011108398438,497.1266174316406,515.2159423828125,503.1126708984375,524.2011108398438,497.1266174316406,SIFT:intensity,10.535654067993164,0.023667918931116416,ROBUST_MODEL_INLIER,HELD_OUT,0.020577146150108337,SYNTHETIC_SOURCE,SYNTHETIC_TARGET
407,333.6304626464844,371.4293518066406,342.6258544921875,365.44805908203125,333.6304626464844,371.4293518066406,342.6258544921875,365.44805908203125,SIFT:intensity,11.090536117553711,0.02368156782455339,ROBUST_MODEL_INLIER,FIT,0.019609702117684192,SYNTHETIC_SOURCE,SYNTHETIC_TARGET
408,476.3306579589844,264.8761901855469,485.3470458984375,258.84820556640625,476.3306579589844,264.8761901855469,485.3470458984375,258.84820556640625,SIFT:intensity,6.78233003616333,0.02371241144257905,ROBUST_MODEL_INLIER,FIT,0.032139521571446325,SYNTHETIC_SOURCE,SYNTHETIC_TARGET
409,520.5637817382812,393.0118408203125,529.5949096679688,387.0084533691406,520.5637817382812,393.0118408203125,529.5949096679688,387.0084533691406,SIFT:intensity,9.69536018371582,0.023747948574869216,ROBUST_MODEL_INLIER,HELD_OUT,0.03131995163618083,SYNTHETIC_SOURCE,SYNTHETIC_TARGET
410,526.7216186523438,460.1485595703125,535.6995239257812,454.1783447265625,526.7216186523438,460.1485595703125,535.6995239257812,454.1783447265625,SIFT:intensity,9.0,0.023774525097186208,ROBUST_MODEL_INLIER,FIT,0.03735165502746614,SYNTHETIC_SOURCE,SYNTHETIC_TARGET
411,487.5201416015625,458.3109436035156,496.51177978515625,452.3310241699219,487.5201416015625,458.3109436035156,496.51177978515625,452.3310241699219,SIFT:intensity,12.247448921203613,0.023816231192819746,ROBUST_MODEL_INLIER,HELD_OUT,0.022071457383882328,SYNTHETIC_SOURCE,SYNTHETIC_TARGET
412,258.7129821777344,105.9372329711914,267.7102355957031,99.91133117675781,258.7129821777344,105.9372329711914,267.7102355957031,99.91133117675781,SIFT:intensity,7.0,0.023818342769769137,ROBUST_MODEL_INLIER,HELD_OUT,0.025679910238930452,SYNTHETIC_SOURCE,SYNTHETIC_TARGET
413,267.9515380859375,55.84037780761719,276.938720703125,49.82460403442383,267.9515380859375,55.84037780761719,276.938720703125,49.82460403442383,SIFT:intensity,9.165151596069336,0.02383809656818809,ROBUST_MODEL_INLIER,FIT,0.020014137120688377,SYNTHETIC_SOURCE,SYNTHETIC_TARGET
414,422.7826232910156,80.71408081054688,431.75836181640625,74.74913787841797,422.7826232910156,80.71408081054688,431.75836181640625,74.74913787841797,SIFT:intensity,10.72380542755127,0.023864702955473695,ROBUST_MODEL_INLIER,FIT,0.04290773353908615,SYNTHETIC_SOURCE,SYNTHETIC_TARGET
415,39.820823669433594,282.3158874511719,48.81035232543945,276.33111572265625,39.820823669433594,282.3158874511719,48.81035232543945,276.33111572265625,SIFT:intensity,5.196152210235596,0.023901282714103456,ROBUST_MODEL_INLIER,FIT,0.018756888274947595,SYNTHETIC_SOURCE,SYNTHETIC_TARGET
416,187.8677978515625,34.294212341308594,196.8612823486328,28.292821884155273,187.8677978515625,34.294212341308594,196.8612823486328,28.292821884155273,SIFT:intensity,8.246211051940918,0.023916935904801668,ROBUST_MODEL_INLIER,HELD_OUT,0.0065505994329800015,SYNTHETIC_SOURCE,SYNTHETIC_TARGET
417,451.8087158203125,391.32757568359375,460.7972412109375,385.3542785644531,451.8087158203125,391.32757568359375,460.7972412109375,385.3542785644531,SIFT:intensity,9.433980941772461,0.023982536376520296,ROBUST_MODEL_INLIER,FIT,0.02938112826076678,SYNTHETIC_SOURCE,SYNTHETIC_TARGET
418,43.96877670288086,273.99578857421875,52.972816467285156,267.9865417480469,43.96877670288086,273.99578857421875,52.972816467285156,267.9865417480469,SIFT:intensity,5.196152210235596,0.02402050549392259,ROBUST_MODEL_INLIER,FIT,0.009777057370860872,SYNTHETIC_SOURCE,SYNTHETIC_TARGET
419,433.19805908203125,396.6681823730469,442.19586181640625,390.6536865234375,433.19805908203125,396.6681823730469,442.19586181640625,390.6536865234375,SIFT:intensity,5.830951690673828,0.02404623436871825,ROBUST_MODEL_INLIER,FIT,0.014294386973781449,SYNTHETIC_SOURCE,SYNTHETIC_TARGET
420,34.93712615966797,215.9306640625,43.95687484741211,209.91436767578125,34.93712615966797,215.9306640625,43.95687484741211,209.91436767578125,SIFT:intensity,6.78233003616333,0.024065345189067198,ROBUST_MODEL_INLIER,FIT,0.025409684813317807,SYNTHETIC_SOURCE,SYNTHETIC_TARGET
421,501.1266784667969,366.2698669433594,510.1211853027344,360.2802429199219,501.1266784667969,366.2698669433594,510.1211853027344,360.2802429199219,SIFT:intensity,9.165151596069336,0.024090225538277416,ROBUST_MODEL_INLIER,HELD_OUT,0.012042742645796845,SYNTHETIC_SOURCE,SYNTHETIC_TARGET
422,505.2045593261719,385.8647155761719,514.2111206054688,379.8787841796875,505.2045593261719,385.8647155761719,514.2111206054688,379.8787841796875,SIFT:intensity,9.165151596069336,0.02412575439252117,ROBUST_MODEL_INLIER,FIT,0.015873310682870206,SYNTHETIC_SOURCE,SYNTHETIC_TARGET
423,461.3753356933594,452.52789306640625,470.42205810546875,446.5309143066406,461.3753356933594,452.52789306640625,470.42205810546875,446.5309143066406,SIFT:intensity,9.433980941772461,0.024161673313224965,ROBUST_MODEL_INLIER,FIT,0.04689056792531273,SYNTHETIC_SOURCE,SYNTHETIC_TARGET
424,239.8655242919922,298.9430236816406,248.8789520263672,292.94488525390625,239.8655242919922,298.9430236816406,248.8789520263672,292.94488525390625,SIFT:intensity,8.062257766723633,0.02419800460669138,ROBUST_MODEL_INLIER,HELD_OUT,0.013656134703474966,SYNTHETIC_SOURCE,SYNTHETIC_TARGET
425,58.57496643066406,462.6261291503906,67.56388092041016,456.6334533691406,58.57496643066406,462.6261291503906,67.56388092041016,456.6334533691406,SIFT:intensity,10.535654067993164,0.024216695322511708,ROBUST_MODEL_INLIER,FIT,0.013453218947331008,SYNTHETIC_SOURCE,SYNTHETIC_TARGET
426,340.5389404296875,72.73570251464844,349.5485534667969,66.73934936523438,340.5389404296875,72.73570251464844,349.5485534667969,66.73934936523438,SIFT:intensity,9.05538558959961,0.024236443523174542,ROBUST_MODEL_INLIER,FIT,0.010458586691760911,SYNTHETIC_SOURCE,SYNTHETIC_TARGET
427,65.47294616699219,510.1690673828125,74.45806884765625,504.1611633300781,65.47294616699219,510.1690673828125,74.45806884765625,504.1611633300781,SIFT:intensity,10.099504470825195,0.0242372828817285,ROBUST_MODEL_INLIER,FIT,0.016637983171378174,SYNTHETIC_SOURCE,SYNTHETIC_TARGET
428,429.3850402832031,73.44676208496094,438.3525695800781,67.4113540649414,429.3850402832031,73.44676208496094,438.3525695800781,67.4113540649414,SIFT:intensity,5.656854152679443,0.02432476210650802,ROBUST_MODEL_INLIER,FIT,0.04774345962037418,SYNTHETIC_SOURCE,SYNTHETIC_TARGET
429,73.10453796386719,576.7745361328125,82.08809661865234,570.8128662109375,73.10453796386719,576.7745361328125,82.08809661865234,570.8128662109375,SIFT:intensity,5.74456262588501,0.024331320839259294,ROBUST_MODEL_INLIER,HELD_OUT,0.042024633895570054,SYNTHETIC_SOURCE,SYNTHETIC_TARGET
430,162.09576416015625,517.8884887695312,171.10191345214844,511.8875427246094,162.09576416015625,517.8884887695312,171.10191345214844,511.8875427246094,SIFT:intensity,6.78233003616333,0.024336171154893796,ROBUST_MODEL_INLIER,FIT,0.006222322312116189,SYNTHETIC_SOURCE,SYNTHETIC_TARGET
431,275.195068359375,501.69866943359375,284.14971923828125,495.6712646484375,275.195068359375,501.69866943359375,284.14971923828125,495.6712646484375,SIFT:intensity,6.164413928985596,0.024423146405262264,ROBUST_MODEL_INLIER,HELD_OUT,0.052759650177097724,SYNTHETIC_SOURCE,SYNTHETIC_TARGET
432,539.6173706054688,345.0304870605469,548.5863037109375,339.0107421875,539.6173706054688,345.0304870605469,548.5863037109375,339.0107421875,SIFT:intensity,9.219544410705566,0.02449824057732629,ROBUST_MODEL_INLIER,HELD_OUT,0.036577537433039334,SYNTHETIC_SOURCE,SYNTHETIC_TARGET
433,437.1207580566406,495.4861145019531,446.1317443847656,489.4950866699219,437.1207580566406,495.4861145019531,446.1317443847656,489.4950866699219,SIFT:intensity,6.164413928985596,0.024599473696581043,ROBUST_MODEL_INLIER,FIT,0.014452578685921012,SYNTHETIC_SOURCE,SYNTHETIC_TARGET
434,202.2086181640625,401.0249938964844,211.1797332763672,394.98114013671875,202.2086181640625,401.0249938964844,211.1797332763672,394.98114013671875,SIFT:intensity,6.557438373565674,0.024656032272307876,ROBUST_MODEL_INLIER,HELD_OUT,0.05218263255860254,SYNTHETIC_SOURCE,SYNTHETIC_TARGET
435,97.60677337646484,379.86663818359375,106.6209945678711,373.8977966308594,97.60677337646484,379.86663818359375,106.6209945678711,373.8977966308594,SIFT:intensity,8.124038696289062,0.024714485781965223,ROBUST_MODEL_INLIER,FIT,0.03460101430424681,SYNTHETIC_SOURCE,SYNTHETIC_TARGET
436,96.55754852294922,253.28955078125,105.56219482421875,247.31248474121094,96.55754852294922,253.28955078125,105.56219482421875,247.31248474121094,SIFT:intensity,12.328827857971191,0.024740726813566156,ROBUST_MODEL_INLIER,FIT,0.023766040414531696,SYNTHETIC_SOURCE,SYNTHETIC_TARGET
437,614.525390625,503.19354248046875,623.5408935546875,497.2059020996094,614.525390625,503.19354248046875,623.5408935546875,497.2059020996094,SIFT:intensity,11.48912525177002,0.024743352858295087,ROBUST_MODEL_INLIER,FIT,0.02009130333256565,SYNTHETIC_SOURCE,SYNTHETIC_TARGET
438,289.1103210449219,457.4519958496094,298.1405944824219,451.4573669433594,289.1103210449219,457.4519958496094,298.1405944824219,451.4573669433594,SIFT:intensity,11.045360565185547,0.02476824659248258,ROBUST_MODEL_INLIER,FIT,0.030856920004416182,SYNTHETIC_SOURCE,SYNTHETIC_TARGET
439,266.7870178222656,523.4560546875,275.78759765625,517.4729614257812,266.7870178222656,523.4560546875,275.78759765625,517.4729614257812,SIFT:intensity,6.164413928985596,0.024780274515718893,ROBUST_MODEL_INLIER,FIT,0.017282368923018716,SYNTHETIC_SOURCE,SYNTHETIC_TARGET
440,102.46526336669922,302.7645568847656,111.48213958740234,296.7871398925781,102.46526336669922,302.7645568847656,111.48213958740234,296.7871398925781,SIFT:intensity,8.66025447845459,0.024844177929733105,ROBUST_MODEL_INLIER,FIT,0.028511981435862737,SYNTHETIC_SOURCE,SYNTHETIC_TARGET
441,465.2197265625,139.44834899902344,474.2178955078125,133.45571899414062,465.2197265625,139.44834899902344,474.2178955078125,133.45571899414062,SIFT:intensity,11.090536117553711,0.02487962128503185,ROBUST_MODEL_INLIER,FIT,0.007937669378064133,SYNTHETIC_SOURCE,SYNTHETIC_TARGET
442,219.5094757080078,166.65394592285156,228.51364135742188,160.62738037109375,219.5094757080078,166.65394592285156,228.51364135742188,160.62738037109375,SIFT:intensity,9.899495124816895,0.02488591106818038,ROBUST_MODEL_INLIER,FIT,0.026537549109170524,SYNTHETIC_SOURCE,SYNTHETIC_TARGET
443,268.5517578125,190.33291625976562,277.51226806640625,184.31053161621094,268.5517578125,190.33291625976562,277.51226806640625,184.31053161621094,SIFT:intensity,10.954451560974121,0.024896674220519513,ROBUST_MODEL_INLIER,FIT,0.04517435245800743,SYNTHETIC_SOURCE,SYNTHETIC_TARGET
444,593.2216796875,329.5084533691406,602.2313232421875,323.486083984375,593.2216796875,329.5084533691406,602.2313232421875,323.486083984375,SIFT:intensity,9.05538558959961,0.02495212056997019,ROBUST_MODEL_INLIER,FIT,0.02404385023000752,SYNTHETIC_SOURCE,SYNTHETIC_TARGET
445,326.155517578125,432.6315002441406,335.130615234375,426.6282653808594,326.155517578125,432.6315002441406,335.130615234375,426.6282653808594,SIFT:intensity,9.380831718444824,0.024952639650146387,ROBUST_MODEL_INLIER,FIT,0.02502177162000787,SYNTHETIC_SOURCE,SYNTHETIC_TARGET
446,81.53437042236328,427.5418395996094,90.5040054321289,421.56475830078125,81.53437042236328,427.5418395996094,90.5040054321289,421.56475830078125,SIFT:intensity,11.618949890136719,0.025010712643191893,ROBUST_MODEL_INLIER,FIT,0.03822764758931679,SYNTHETIC_SOURCE,SYNTHETIC_TARGET
447,170.27175903320312,235.21913146972656,179.26060485839844,229.21243286132812,170.27175903320312,235.21913146972656,179.26060485839844,229.21243286132812,SIFT:intensity,10.392304420471191,0.02501114598315678,ROBUST_MODEL_INLIER,FIT,0.012787491281201251,SYNTHETIC_SOURCE,SYNTHETIC_TARGET
448,517.0288696289062,60.34439468383789,526.0216674804688,54.32524490356445,517.0288696289062,60.34439468383789,526.0216674804688,54.32524490356445,SIFT:intensity,7.745966911315918,0.025015248326903432,ROBUST_MODEL_INLIER,FIT,0.0201024325760661,SYNTHETIC_SOURCE,SYNTHETIC_TARGET
449,490.3965759277344,418.13848876953125,499.3666687011719,412.14593505859375,490.3965759277344,418.13848876953125,499.3666687011719,412.14593505859375,SIFT:intensity,5.656854152679443,0.02504160695776578,ROBUST_MODEL_INLIER,FIT,0.030866026069656587,SYNTHETIC_SOURCE,SYNTHETIC_TARGET
450,548.66259765625,382.94873046875,557.67431640625,376.9267272949219,548.66259765625,382.94873046875,557.67431640625,376.9267272949219,SIFT:intensity,5.099019527435303,0.02504459041180846,ROBUST_MODEL_INLIER,FIT,0.02463016008627811,SYNTHETIC_SOURCE,SYNTHETIC_TARGET
451,24.203533172607422,392.61492919921875,33.19013214111328,386.6185607910156,24.203533172607422,392.61492919921875,33.19013214111328,386.6185607910156,SIFT:intensity,10.440306663513184,0.025063313888532758,ROBUST_MODEL_INLIER,FIT,0.013940230250602155,SYNTHETIC_SOURCE,SYNTHETIC_TARGET
452,575.6026611328125,194.1444549560547,584.6056518554688,188.138671875,575.6026611328125,194.1444549560547,584.6056518554688,188.138671875,SIFT:intensity,11.0,0.025076537956189245,ROBUST_MODEL_INLIER,FIT,0.006211559831750709,SYNTHETIC_SOURCE,SYNTHETIC_TARGET
453,101.24746704101562,76.00222778320312,110.26514434814453,69.94593811035156,101.24746704101562,76.00222778320312,110.26514434814453,69.94593811035156,SIFT:intensity,8.602325439453125,0.025101116945874195,ROBUST_MODEL_INLIER,FIT,0.05866646926293022,SYNTHETIC_SOURCE,SYNTHETIC_TARGET
454,259.9104309082031,522.2489013671875,268.8954772949219,516.26611328125,259.9104309082031,522.2489013671875,268.8954772949219,516.26611328125,SIFT:intensity,6.633249759674072,0.025115137327798624,ROBUST_MODEL_INLIER,FIT,0.02304706116589523,SYNTHETIC_SOURCE,SYNTHETIC_TARGET
455,62.41111373901367,605.9969482421875,71.41305541992188,599.9913330078125,62.41111373901367,605.9969482421875,71.41305541992188,599.9913330078125,SIFT:intensity,6.324555397033691,0.025188836789019654,ROBUST_MODEL_INLIER,FIT,0.005614468856647126,SYNTHETIC_SOURCE,SYNTHETIC_TARGET
456,348.1608581542969,156.56979370117188,357.14617919921875,150.56192016601562,348.1608581542969,156.56979370117188,357.14617919921875,150.56192016601562,SIFT:intensity,11.958260536193848,0.02524328983579002,ROBUST_MODEL_INLIER,FIT,0.016447445939075555,SYNTHETIC_SOURCE,SYNTHETIC_TARGET
457,368.628173828125,217.13096618652344,377.6333923339844,211.1210174560547,368.628173828125,217.13096618652344,377.6333923339844,211.1210174560547,SIFT:intensity,10.099504470825195,0.025293459694435288,ROBUST_MODEL_INLIER,FIT,0.01093498541273476,SYNTHETIC_SOURCE,SYNTHETIC_TARGET
458,306.4485778808594,446.48193359375,315.4277038574219,440.46746826171875,306.4485778808594,446.48193359375,315.4277038574219,440.46746826171875,SIFT:intensity,6.7082037925720215,0.025297950353095015,ROBUST_MODEL_INLIER,FIT,0.025152631654657337,SYNTHETIC_SOURCE,SYNTHETIC_TARGET
459,149.03196716308594,590.4163208007812,158.0303955078125,584.4031982421875,149.03196716308594,590.4163208007812,158.0303955078125,584.4031982421875,SIFT:intensity,5.5677642822265625,0.025334992296513748,ROBUST_MODEL_INLIER,FIT,0.012849178075120449,SYNTHETIC_SOURCE,SYNTHETIC_TARGET
460,594.0657958984375,347.6789855957031,603.09033203125,341.6603088378906,594.0657958984375,347.6789855957031,603.09033203125,341.6603088378906,SIFT:intensity,11.445523262023926,0.02534721382114107,ROBUST_MODEL_INLIER,FIT,0.030653160336432714,SYNTHETIC_SOURCE,SYNTHETIC_TARGET
461,97.74590301513672,95.0079116821289,106.74207305908203,89.00225067138672,97.74590301513672,95.0079116821289,106.74207305908203,89.00225067138672,SIFT:intensity,13.527749061584473,0.025368028742482483,ROBUST_MODEL_INLIER,HELD_OUT,0.006509617698092735,SYNTHETIC_SOURCE,SYNTHETIC_TARGET
462,170.9058380126953,328.4659423828125,179.91409301757812,322.4832458496094,170.9058380126953,328.4659423828125,179.91409301757812,322.4832458496094,SIFT:intensity,8.366600036621094,0.025390314965515772,ROBUST_MODEL_INLIER,HELD_OUT,0.019520580927924767,SYNTHETIC_SOURCE,SYNTHETIC_TARGET
463,408.4927978515625,452.27520751953125,417.4884033203125,446.26641845703125,408.4927978515625,452.27520751953125,417.4884033203125,446.26641845703125,SIFT:intensity,8.66025447845459,0.02539762261112408,ROBUST_MODEL_INLIER,FIT,0.00948094044604739,SYNTHETIC_SOURCE,SYNTHETIC_TARGET
464,269.9444580078125,553.1212158203125,278.9298400878906,547.1326904296875,269.9444580078125,553.1212158203125,278.9298400878906,547.1326904296875,SIFT:intensity,10.954451560974121,0.025402347648565377,ROBUST_MODEL_INLIER,HELD_OUT,0.018775175843236278,SYNTHETIC_SOURCE,SYNTHETIC_TARGET
465,195.712646484375,420.75848388671875,204.72080993652344,414.7596435546875,195.712646484375,420.75848388671875,204.72080993652344,414.7596435546875,SIFT:intensity,11.180339813232422,0.02550768034823706,ROBUST_MODEL_INLIER,FIT,0.008349486339301167,SYNTHETIC_SOURCE,SYNTHETIC_TARGET
466,93.83442687988281,611.5045166015625,102.8367919921875,605.4835815429688,93.83442687988281,611.5045166015625,102.8367919921875,605.4835815429688,SIFT:intensity,10.677078247070312,0.025529810713973505,ROBUST_MODEL_INLIER,FIT,0.02071155102012127,SYNTHETIC_SOURCE,SYNTHETIC_TARGET
467,393.4083251953125,120.13059997558594,402.3995056152344,114.14319610595703,393.4083251953125,120.13059997558594,402.3995056152344,114.14319610595703,SIFT:intensity,4.898979663848877,0.02553526882220727,ROBUST_MODEL_INLIER,FIT,0.015650957797801686,SYNTHETIC_SOURCE,SYNTHETIC_TARGET
468,36.30620193481445,311.9892272949219,45.308494567871094,305.99884033203125,36.30620193481445,311.9892272949219,45.308494567871094,305.99884033203125,SIFT:intensity,11.0,0.0255493585583348,ROBUST_MODEL_INLIER,FIT,0.010247706379587974,SYNTHETIC_SOURCE,SYNTHETIC_TARGET
469,562.3143920898438,260.25244140625,571.2508544921875,254.2500457763672,562.3143920898438,260.25244140625,571.2508544921875,254.2500457763672,SIFT:intensity,10.344079971313477,0.025550285368400937,ROBUST_MODEL_INLIER,FIT,0.06352430760830631,SYNTHETIC_SOURCE,SYNTHETIC_TARGET
470,573.0509033203125,227.8243865966797,582.0712890625,221.8197784423828,573.0509033203125,227.8243865966797,582.0712890625,221.8197784423828,SIFT:intensity,8.306623458862305,0.025718087026243668,ROBUST_MODEL_INLIER,FIT,0.020867611729241994,SYNTHETIC_SOURCE,SYNTHETIC_TARGET
471,544.446044921875,193.59957885742188,553.444091796875,187.5811004638672,544.446044921875,193.59957885742188,553.444091796875,187.5811004638672,SIFT:intensity,8.88819408416748,0.025725947868554453,ROBUST_MODEL_INLIER,FIT,0.01821423163619382,SYNTHETIC_SOURCE,SYNTHETIC_TARGET
472,441.2335510253906,480.5216369628906,450.244140625,474.530517578125,441.2335510253906,480.5216369628906,450.244140625,474.530517578125,SIFT:intensity,12.961481094360352,0.025749074214635976,ROBUST_MODEL_INLIER,FIT,0.014091832606555488,SYNTHETIC_SOURCE,SYNTHETIC_TARGET
473,83.68974304199219,92.69155883789062,92.67333221435547,86.66717529296875,83.68974304199219,92.69155883789062,92.67333221435547,86.66717529296875,SIFT:intensity,10.099504470825195,0.025754490140717925,ROBUST_MODEL_INLIER,FIT,0.029064391568853758,SYNTHETIC_SOURCE,SYNTHETIC_TARGET
474,185.81906127929688,422.795166015625,194.8044891357422,416.8096618652344,185.81906127929688,422.795166015625,194.8044891357422,416.8096618652344,SIFT:intensity,7.681145668029785,0.025807498188215587,ROBUST_MODEL_INLIER,FIT,0.020780748223808116,SYNTHETIC_SOURCE,SYNTHETIC_TARGET
475,276.40838623046875,616.954833984375,285.4096374511719,610.9583740234375,276.40838623046875,616.954833984375,285.4096374511719,610.9583740234375,SIFT:intensity,6.480740547180176,0.025859734947372023,ROBUST_MODEL_INLIER,FIT,0.004114133315740287,SYNTHETIC_SOURCE,SYNTHETIC_TARGET
476,23.771808624267578,126.53874206542969,32.769718170166016,120.56861877441406,23.771808624267578,126.53874206542969,32.769718170166016,120.56861877441406,SIFT:intensity,6.557438373565674,0.025894871357861986,ROBUST_MODEL_INLIER,HELD_OUT,0.030310056886987874,SYNTHETIC_SOURCE,SYNTHETIC_TARGET
477,589.1875,389.4743347167969,598.1832275390625,383.4765319824219,589.1875,389.4743347167969,598.1832275390625,383.4765319824219,SIFT:intensity,10.630146026611328,0.025899467836813003,ROBUST_MODEL_INLIER,FIT,0.004942317198880493,SYNTHETIC_SOURCE,SYNTHETIC_TARGET
478,38.66262435913086,26.121849060058594,47.61541748046875,20.067337036132812,38.66262435913086,26.121849060058594,47.61541748046875,20.067337036132812,SIFT:intensity,13.0,0.025919720689307927,ROBUST_MODEL_INLIER,FIT,0.07180630325644638,SYNTHETIC_SOURCE,SYNTHETIC_TARGET
479,407.052978515625,457.9385070800781,416.0893249511719,451.937744140625,407.052978515625,457.9385070800781,416.0893249511719,451.937744140625,SIFT:intensity,8.88819408416748,0.025920925087255003,ROBUST_MODEL_INLIER,FIT,0.03639439515296696,SYNTHETIC_SOURCE,SYNTHETIC_TARGET
480,214.96583557128906,612.84521484375,223.9057159423828,606.7783203125,214.96583557128906,612.84521484375,223.9057159423828,606.7783203125,SIFT:intensity,13.0,0.025931218329701407,ROBUST_MODEL_INLIER,FIT,0.08963893658186262,SYNTHETIC_SOURCE,SYNTHETIC_TARGET
481,39.27899169921875,496.0662536621094,48.28569793701172,490.07476806640625,39.27899169921875,496.0662536621094,48.28569793701172,490.07476806640625,SIFT:intensity,11.445523262023926,0.025943698579535334,ROBUST_MODEL_INLIER,FIT,0.011154422842051983,SYNTHETIC_SOURCE,SYNTHETIC_TARGET
482,118.19976806640625,512.010498046875,127.22894287109375,506.0074462890625,118.19976806640625,512.010498046875,127.22894287109375,506.0074462890625,SIFT:intensity,9.165151596069336,0.026222240494947445,ROBUST_MODEL_INLIER,FIT,0.02934390511465173,SYNTHETIC_SOURCE,SYNTHETIC_TARGET
483,385.01959228515625,306.7035827636719,394.0291442871094,300.7203369140625,385.01959228515625,306.7035827636719,394.0291442871094,300.7203369140625,SIFT:intensity,11.313708305358887,0.02623408999993702,ROBUST_MODEL_INLIER,HELD_OUT,0.019625463442524166,SYNTHETIC_SOURCE,SYNTHETIC_TARGET
484,238.46893310546875,143.836181640625,247.42893981933594,137.85647583007812,238.46893310546875,143.836181640625,247.42893981933594,137.85647583007812,SIFT:intensity,11.747340202331543,0.02624103431929235,ROBUST_MODEL_INLIER,FIT,0.044973068288040395,SYNTHETIC_SOURCE,SYNTHETIC_TARGET
485,102.14031982421875,90.57901000976562,111.14525604248047,84.61466217041016,102.14031982421875,90.57901000976562,111.14525604248047,84.61466217041016,SIFT:intensity,9.0,0.026248663255102327,ROBUST_MODEL_INLIER,FIT,0.03635939997247094,SYNTHETIC_SOURCE,SYNTHETIC_TARGET
486,255.6321258544922,477.5373840332031,264.6271667480469,471.5074768066406,255.6321258544922,477.5373840332031,264.6271667480469,471.5074768066406,SIFT:intensity,9.433980941772461,0.026284515610424573,ROBUST_MODEL_INLIER,FIT,0.029948707990205676,SYNTHETIC_SOURCE,SYNTHETIC_TARGET
487,366.22552490234375,273.94622802734375,375.2439880371094,267.9076232910156,366.22552490234375,273.94622802734375,375.2439880371094,267.9076232910156,SIFT:intensity,5.916079998016357,0.026290053529924348,ROBUST_MODEL_INLIER,FIT,0.04248423810553805,SYNTHETIC_SOURCE,SYNTHETIC_TARGET
488,109.62071990966797,501.2126159667969,118.61032104492188,495.2099304199219,109.62071990966797,501.2126159667969,118.61032104492188,495.2099304199219,SIFT:intensity,9.110433578491211,0.02630854713403351,ROBUST_MODEL_INLIER,FIT,0.010610118254518198,SYNTHETIC_SOURCE,SYNTHETIC_TARGET
489,93.37237548828125,301.79425048828125,102.32923126220703,295.7672424316406,93.37237548828125,301.79425048828125,102.32923126220703,295.7672424316406,SIFT:intensity,5.196152210235596,0.026334031912480713,ROBUST_MODEL_INLIER,FIT,0.05066918140085308,SYNTHETIC_SOURCE,SYNTHETIC_TARGET
490,525.1534423828125,321.3691711425781,534.1319580078125,315.3793029785156,525.1534423828125,321.3691711425781,534.1319580078125,315.3793029785156,SIFT:intensity,6.0,0.02635434685265698,ROBUST_MODEL_INLIER,FIT,0.02387011638630607,SYNTHETIC_SOURCE,SYNTHETIC_TARGET
491,24.15770149230957,289.421875,33.140193939208984,283.43890380859375,24.15770149230957,289.421875,33.140193939208984,283.43890380859375,SIFT:intensity,16.0623779296875,0.02638546606643339,ROBUST_MODEL_INLIER,FIT,0.024646176135136286,SYNTHETIC_SOURCE,SYNTHETIC_TARGET
492,382.0899658203125,278.2270812988281,391.1085510253906,272.242431640625,382.0899658203125,278.2270812988281,391.1085510253906,272.242431640625,SIFT:intensity,7.549834251403809,0.026399957138867614,ROBUST_MODEL_INLIER,FIT,0.024373418906981574,SYNTHETIC_SOURCE,SYNTHETIC_TARGET
493,372.7724304199219,293.6080017089844,381.7830810546875,287.6287841796875,372.7724304199219,293.6080017089844,381.7830810546875,287.6287841796875,SIFT:intensity,6.4031243324279785,0.026420421366008973,ROBUST_MODEL_INLIER,HELD_OUT,0.02369808587372864,SYNTHETIC_SOURCE,SYNTHETIC_TARGET
494,148.6285400390625,303.7918395996094,157.61209106445312,297.7962341308594,148.6285400390625,303.7918395996094,157.61209106445312,297.7962341308594,SIFT:intensity,10.58300495147705,0.02649421602054604,ROBUST_MODEL_INLIER,FIT,0.01707956151650619,SYNTHETIC_SOURCE,SYNTHETIC_TARGET
495,104.07243347167969,316.8575744628906,113.07438659667969,310.85498046875,104.07243347167969,316.8575744628906,113.07438659667969,310.85498046875,SIFT:intensity,8.124038696289062,0.026521119980425608,ROBUST_MODEL_INLIER,FIT,0.0029945160931846926,SYNTHETIC_SOURCE,SYNTHETIC_TARGET
496,21.56293296813965,125.95728302001953,30.56514549255371,120.00592041015625,21.56293296813965,125.95728302001953,30.56514549255371,120.00592041015625,SIFT:intensity,6.78233003616333,0.026636931970009218,ROBUST_MODEL_INLIER,FIT,0.049053704349363084,SYNTHETIC_SOURCE,SYNTHETIC_TARGET
497,194.8818817138672,155.33563232421875,203.875732421875,149.35406494140625,194.8818817138672,155.33563232421875,203.875732421875,149.35406494140625,SIFT:intensity,11.958260536193848,0.02673540607838281,ROBUST_MODEL_INLIER,FIT,0.019763024405632948,SYNTHETIC_SOURCE,SYNTHETIC_TARGET
498,22.32567596435547,395.7977294921875,31.31999969482422,389.77667236328125,22.32567596435547,395.7977294921875,31.31999969482422,389.77667236328125,SIFT:intensity,9.32737922668457,0.02675931895667224,ROBUST_MODEL_INLIER,FIT,0.021445173650177646,SYNTHETIC_SOURCE,SYNTHETIC_TARGET
499,467.1889953613281,581.773681640625,476.1883850097656,575.7657470703125,467.1889953613281,581.773681640625,476.1883850097656,575.7657470703125,SIFT:intensity,10.862780570983887,0.026766499768129982,ROBUST_MODEL_INLIER,FIT,0.00759128997062452,SYNTHETIC_SOURCE,SYNTHETIC_TARGET
500,449.1984558105469,286.5716247558594,458.1761779785156,280.5550231933594,449.1984558105469,286.5716247558594,458.1761779785156,280.5550231933594,SIFT:intensity,11.357816696166992,0.026834437900941567,ROBUST_MODEL_INLIER,FIT,0.02753021750726164,SYNTHETIC_SOURCE,SYNTHETIC_TARGET
501,51.96063995361328,606.80126953125,60.94026565551758,600.8394775390625,51.96063995361328,606.80126953125,60.94026565551758,600.8394775390625,SIFT:intensity,7.348469257354736,0.026848392475258342,ROBUST_MODEL_INLIER,FIT,0.04360128441354421,SYNTHETIC_SOURCE,SYNTHETIC_TARGET
502,427.57293701171875,406.8953857421875,436.52301025390625,400.90252685546875,427.57293701171875,406.8953857421875,436.52301025390625,400.90252685546875,SIFT:intensity,7.681145668029785,0.026909843057496937,ROBUST_MODEL_INLIER,HELD_OUT,0.05044247805512582,SYNTHETIC_SOURCE,SYNTHETIC_TARGET
503,540.2244262695312,97.82984924316406,549.2008056640625,91.85784912109375,540.2244262695312,97.82984924316406,549.2008056640625,91.85784912109375,SIFT:intensity,9.219544410705566,0.026934944825477793,ROBUST_MODEL_INLIER,FIT,0.03688223637993496,SYNTHETIC_SOURCE,SYNTHETIC_TARGET
504,146.41690063476562,489.1209716796875,155.44015502929688,483.1531677246094,146.41690063476562,489.1209716796875,155.44015502929688,483.1531677246094,SIFT:intensity,12.041594505310059,0.026948132034991547,ROBUST_MODEL_INLIER,FIT,0.04003840979656141,SYNTHETIC_SOURCE,SYNTHETIC_TARGET
505,267.9515380859375,55.84037780761719,276.938720703125,49.82460403442383,267.9515380859375,55.84037780761719,276.938720703125,49.82460403442383,SIFT:intensity,10.099504470825195,0.027015419391346752,ROBUST_MODEL_INLIER,HELD_OUT,0.020014137120688377,SYNTHETIC_SOURCE,SYNTHETIC_TARGET
506,204.2224884033203,162.07705688476562,213.247314453125,156.06558227539062,204.2224884033203,162.07705688476562,213.247314453125,156.06558227539062,SIFT:intensity,4.242640495300293,0.02701825643302954,ROBUST_MODEL_INLIER,FIT,0.027240532883652302,SYNTHETIC_SOURCE,SYNTHETIC_TARGET
507,241.70919799804688,373.330810546875,250.7051239013672,367.3212890625,241.70919799804688,373.330810546875,250.7051239013672,367.3212890625,SIFT:intensity,7.416198253631592,0.02702397471046256,ROBUST_MODEL_INLIER,FIT,0.010004065398127905,SYNTHETIC_SOURCE,SYNTHETIC_TARGET
508,218.26858520507812,161.4298095703125,227.26040649414062,155.4065399169922,218.26858520507812,161.4298095703125,227.26040649414062,155.4065399169922,SIFT:intensity,6.557438373565674,0.027061295370041,ROBUST_MODEL_INLIER,FIT,0.024306370997020637,SYNTHETIC_SOURCE,SYNTHETIC_TARGET
509,463.666015625,359.8587646484375,472.540771484375,353.8316345214844,463.666015625,359.8587646484375,472.540771484375,353.8316345214844,SIFT:intensity,10.72380542755127,0.027079108455635163,ROBUST_MODEL_INLIER,FIT,0.1280274959264554,SYNTHETIC_SOURCE,SYNTHETIC_TARGET
510,274.40771484375,208.5741424560547,283.4436950683594,202.59730529785156,274.40771484375,208.5741424560547,283.4436950683594,202.59730529785156,SIFT:intensity,6.78233003616333,0.027099635259765196,ROBUST_MODEL_INLIER,FIT,0.043027889982720884,SYNTHETIC_SOURCE,SYNTHETIC_TARGET
511,312.3189697265625,445.96942138671875,321.2878723144531,439.9822082519531,312.3189697265625,445.96942138671875,321.2878723144531,439.9822082519531,SIFT:intensity,7.6157732009887695,0.02712886519515973,ROBUST_MODEL_INLIER,HELD_OUT,0.033721763353699544,SYNTHETIC_SOURCE,SYNTHETIC_TARGET
512,385.627685546875,616.9278564453125,394.5870666503906,610.9474487304688,385.627685546875,616.9278564453125,394.5870666503906,610.9474487304688,SIFT:intensity,11.958260536193848,0.02713123830810559,ROBUST_MODEL_INLIER,FIT,0.04521552289187269,SYNTHETIC_SOURCE,SYNTHETIC_TARGET
513,451.45135498046875,569.1276245117188,460.4413757324219,563.11669921875,451.45135498046875,569.1276245117188,460.4413757324219,563.11669921875,SIFT:intensity,6.557438373565674,0.027154642198640715,ROBUST_MODEL_INLIER,HELD_OUT,0.014498563938995861,SYNTHETIC_SOURCE,SYNTHETIC_TARGET
514,270.0949401855469,185.43814086914062,279.0688781738281,179.45408630371094,270.0949401855469,185.43814086914062,279.0688781738281,179.45408630371094,SIFT:intensity,12.569805145263672,0.027200999091158962,ROBUST_MODEL_INLIER,HELD_OUT,0.03070589618768507,SYNTHETIC_SOURCE,SYNTHETIC_TARGET
515,309.55938720703125,454.85809326171875,318.5616149902344,448.8488464355469,309.55938720703125,454.85809326171875,318.5616149902344,448.8488464355469,SIFT:intensity,7.348469257354736,0.02722738545982288,ROBUST_MODEL_INLIER,HELD_OUT,0.009168875643032974,SYNTHETIC_SOURCE,SYNTHETIC_TARGET
516,185.67941284179688,430.2326965332031,194.6839141845703,424.2259216308594,185.67941284179688,430.2326965332031,194.6839141845703,424.2259216308594,SIFT:intensity,6.78233003616333,0.02724552436812256,ROBUST_MODEL_INLIER,FIT,0.007859520906209443,SYNTHETIC_SOURCE,SYNTHETIC_TARGET
517,346.0859375,451.86676025390625,355.093505859375,445.86907958984375,346.0859375,451.86676025390625,355.093505859375,445.86907958984375,SIFT:intensity,12.083045959472656,0.027262583245823327,ROBUST_MODEL_INLIER,HELD_OUT,0.008073226381561308,SYNTHETIC_SOURCE,SYNTHETIC_TARGET
518,257.02960205078125,451.6888122558594,266.0194396972656,445.68572998046875,257.02960205078125,451.6888122558594,266.0194396972656,445.68572998046875,SIFT:intensity,9.848857879638672,0.027298080068196274,ROBUST_MODEL_INLIER,FIT,0.010475328344039553,SYNTHETIC_SOURCE,SYNTHETIC_TARGET
519,314.19775390625,532.0194091796875,323.20947265625,526.0275268554688,314.19775390625,532.0194091796875,323.20947265625,526.0275268554688,SIFT:intensity,8.124038696289062,0.027302332603174804,ROBUST_MODEL_INLIER,FIT,0.0145033808017077,SYNTHETIC_SOURCE,SYNTHETIC_TARGET
520,407.6507873535156,318.4903259277344,416.6602478027344,312.504638671875,407.6507873535156,318.4903259277344,416.6602478027344,312.504638671875,SIFT:intensity,11.401754379272461,0.02735043713460021,ROBUST_MODEL_INLIER,HELD_OUT,0.017486682216604855,SYNTHETIC_SOURCE,SYNTHETIC_TARGET
521,613.9066772460938,172.87142944335938,622.7877197265625,166.797119140625,613.9066772460938,172.87142944335938,622.7877197265625,166.797119140625,SIFT:intensity,6.7082037925720215,0.027352186174165502,ROBUST_MODEL_INLIER,FIT,0.14002861654655954,SYNTHETIC_SOURCE,SYNTHETIC_TARGET
522,616.3745727539062,246.14715576171875,625.3895874023438,240.1298370361328,616.3745727539062,246.14715576171875,625.3895874023438,240.1298370361328,SIFT:intensity,13.076696395874023,0.02735997888191643,ROBUST_MODEL_INLIER,HELD_OUT,0.022677495905685623,SYNTHETIC_SOURCE,SYNTHETIC_TARGET
523,615.346923828125,308.23309326171875,624.3470458984375,302.2205810546875,615.346923828125,308.23309326171875,624.3470458984375,302.2205810546875,SIFT:intensity,15.65247631072998,0.02737078632123324,ROBUST_MODEL_INLIER,FIT,0.012149062949599788,SYNTHETIC_SOURCE,SYNTHETIC_TARGET
524,166.20936584472656,239.8669891357422,175.21615600585938,233.85267639160156,166.20936584472656,239.8669891357422,175.21615600585938,233.85267639160156,SIFT:intensity,13.076696395874023,0.02737226379369929,ROBUST_MODEL_INLIER,HELD_OUT,0.015533481107911003,SYNTHETIC_SOURCE,SYNTHETIC_TARGET
525,448.7275085449219,347.1448059082031,457.7198791503906,341.1395568847656,448.7275085449219,347.1448059082031,457.7198791503906,341.1395568847656,SIFT:intensity,12.449899673461914,0.02737253278162203,ROBUST_MODEL_INLIER,FIT,0.009020629271726338,SYNTHETIC_SOURCE,SYNTHETIC_TARGET
526,29.089685440063477,370.0108642578125,38.035362243652344,364.02288818359375,29.089685440063477,370.0108642578125,38.035362243652344,364.02288818359375,SIFT:intensity,10.392304420471191,0.027375386974193415,ROBUST_MODEL_INLIER,FIT,0.05567321217204474,SYNTHETIC_SOURCE,SYNTHETIC_TARGET
527,272.0766296386719,50.12236785888672,281.0646057128906,44.1258659362793,272.0766296386719,50.12236785888672,281.0646057128906,44.1258659362793,SIFT:intensity,10.440306663513184,0.02745320655372462,ROBUST_MODEL_INLIER,FIT,0.012585469805749655,SYNTHETIC_SOURCE,SYNTHETIC_TARGET
528,474.443603515625,83.06366729736328,483.4146728515625,77.048095703125,474.443603515625,83.06366729736328,483.4146728515625,77.048095703125,SIFT:intensity,12.884099006652832,0.027457885282630705,ROBUST_MODEL_INLIER,FIT,0.03264350511306303,SYNTHETIC_SOURCE,SYNTHETIC_TARGET
529,269.1378173828125,142.75852966308594,278.1625061035156,136.75949096679688,269.1378173828125,142.75852966308594,278.1625061035156,136.75949096679688,SIFT:intensity,12.206555366516113,0.02750368452002721,ROBUST_MODEL_INLIER,HELD_OUT,0.02476999354127072,SYNTHETIC_SOURCE,SYNTHETIC_TARGET
530,105.09502410888672,526.3807983398438,114.09426879882812,520.3704833984375,105.09502410888672,526.3807983398438,114.09426879882812,520.3704833984375,SIFT:intensity,10.24695110321045,0.02753572078771172,ROBUST_MODEL_INLIER,FIT,0.009975902517164528,SYNTHETIC_SOURCE,SYNTHETIC_TARGET
531,560.1260986328125,46.9261589050293,569.1317749023438,40.96624755859375,560.1260986328125,46.9261589050293,569.1317749023438,40.96624755859375,SIFT:intensity,9.380831718444824,0.02755114688332737,ROBUST_MODEL_INLIER,FIT,0.04085564283807311,SYNTHETIC_SOURCE,SYNTHETIC_TARGET
532,103.1100082397461,309.3740539550781,112.10773468017578,303.3572998046875,103.1100082397461,309.3740539550781,112.10773468017578,303.3572998046875,SIFT:intensity,6.855654716491699,0.027575257272786025,ROBUST_MODEL_INLIER,FIT,0.0165405591255319,SYNTHETIC_SOURCE,SYNTHETIC_TARGET
533,237.50364685058594,186.95643615722656,246.5344696044922,180.95321655273438,237.50364685058594,186.95643615722656,246.5344696044922,180.95321655273438,SIFT:intensity,10.0,0.027586232442800115,ROBUST_MODEL_INLIER,FIT,0.031000304909639665,SYNTHETIC_SOURCE,SYNTHETIC_TARGET
534,90.27513122558594,82.59478759765625,99.28181457519531,76.60187530517578,90.27513122558594,82.59478759765625,99.28181457519531,76.60187530517578,SIFT:intensity,12.206555366516113,0.02761607480119276,ROBUST_MODEL_INLIER,HELD_OUT,0.010040597888977624,SYNTHETIC_SOURCE,SYNTHETIC_TARGET
535,285.6158752441406,154.86410522460938,294.5974426269531,148.85977172851562,285.6158752441406,154.86410522460938,294.5974426269531,148.85977172851562,SIFT:intensity,6.324555397033691,0.027617619534342615,ROBUST_MODEL_INLIER,FIT,0.01881038023252927,SYNTHETIC_SOURCE,SYNTHETIC_TARGET
536,551.317138671875,351.3278503417969,560.2957763671875,345.3266296386719,551.317138671875,351.3278503417969,560.2957763671875,345.3266296386719,SIFT:intensity,5.5677642822265625,0.02765859068069169,ROBUST_MODEL_INLIER,HELD_OUT,0.02133372447080381,SYNTHETIC_SOURCE,SYNTHETIC_TARGET
537,616.9896240234375,438.5771484375,626.0071411132812,432.56939697265625,616.9896240234375,438.5771484375,626.0071411132812,432.56939697265625,SIFT:intensity,12.688577651977539,0.027663859301716942,ROBUST_MODEL_INLIER,FIT,0.019053199756180902,SYNTHETIC_SOURCE,SYNTHETIC_TARGET
538,99.12908172607422,306.84564208984375,108.141845703125,300.8548278808594,99.12908172607422,306.84564208984375,108.141845703125,300.8548278808594,SIFT:intensity,5.4772257804870605,0.027672992984989663,ROBUST_MODEL_INLIER,FIT,0.01597792507129486,SYNTHETIC_SOURCE,SYNTHETIC_TARGET
539,72.9695816040039,365.20477294921875,81.95447540283203,359.1944274902344,72.9695816040039,365.20477294921875,81.95447540283203,359.1944274902344,SIFT:intensity,5.385164737701416,0.02777445194546287,ROBUST_MODEL_INLIER,HELD_OUT,0.01806764672908238,SYNTHETIC_SOURCE,SYNTHETIC_TARGET
540,277.0091247558594,203.3163604736328,285.9970397949219,197.3147430419922,277.0091247558594,203.3163604736328,285.9970397949219,197.3147430419922,SIFT:intensity,9.05538558959961,0.02777568852335179,ROBUST_MODEL_INLIER,FIT,0.012104226329350955,SYNTHETIC_SOURCE,SYNTHETIC_TARGET
541,444.4020080566406,28.56249237060547,453.3742370605469,22.550607681274414,444.4020080566406,28.56249237060547,453.3742370605469,22.550607681274414,SIFT:intensity,12.0,0.027777777777777776,ROBUST_MODEL_INLIER,FIT,0.030023442449775267,SYNTHETIC_SOURCE,SYNTHETIC_TARGET
542,351.9346618652344,550.6103515625,360.931884765625,544.6314697265625,351.9346618652344,550.6103515625,360.931884765625,544.6314697265625,SIFT:intensity,6.78233003616333,0.027785703111716225,ROBUST_MODEL_INLIER,FIT,0.02165540447660471,SYNTHETIC_SOURCE,SYNTHETIC_TARGET
543,177.12957763671875,487.7106628417969,186.14378356933594,481.7016296386719,177.12957763671875,487.7106628417969,186.14378356933594,481.7016296386719,SIFT:intensity,10.14889144897461,0.027805391284281323,ROBUST_MODEL_INLIER,HELD_OUT,0.016681157877763725,SYNTHETIC_SOURCE,SYNTHETIC_TARGET
544,457.24053955078125,256.8859558105469,466.21929931640625,250.83984375,457.24053955078125,256.8859558105469,466.21929931640625,250.83984375,SIFT:intensity,9.380831718444824,0.027814996658303226,ROBUST_MODEL_INLIER,FIT,0.050418868659797195,SYNTHETIC_SOURCE,SYNTHETIC_TARGET
545,484.7239074707031,497.5677185058594,493.7144470214844,491.5737609863281,484.7239074707031,497.5677185058594,493.7144470214844,491.5737609863281,SIFT:intensity,12.165525436401367,0.02783028060528496,ROBUST_MODEL_INLIER,FIT,0.011387842063485327,SYNTHETIC_SOURCE,SYNTHETIC_TARGET
546,68.96498107910156,154.91845703125,77.92029571533203,148.89093017578125,68.96498107910156,154.91845703125,77.92029571533203,148.89093017578125,SIFT:intensity,11.87434196472168,0.02798972522626018,ROBUST_MODEL_INLIER,FIT,0.052254157615244476,SYNTHETIC_SOURCE,SYNTHETIC_TARGET
547,122.34476470947266,539.7705688476562,131.33209228515625,533.7606811523438,122.34476470947266,539.7705688476562,131.33209228515625,533.7606811523438,SIFT:intensity,7.0,0.028017712858263297,ROBUST_MODEL_INLIER,FIT,0.015815411102948543,SYNTHETIC_SOURCE,SYNTHETIC_TARGET
548,504.98504638671875,489.951171875,514.014892578125,483.9576721191406,504.98504638671875,489.951171875,514.014892578125,483.9576721191406,SIFT:intensity,12.688577651977539,0.02802308039256641,ROBUST_MODEL_INLIER,HELD_OUT,0.0306700465095621,SYNTHETIC_SOURCE,SYNTHETIC_TARGET
549,312.8658142089844,459.0692138671875,321.8638916015625,453.0782470703125,312.8658142089844,459.0692138671875,321.8638916015625,453.0782470703125,SIFT:intensity,7.937253952026367,0.02805752020645079,ROBUST_MODEL_INLIER,FIT,0.009583090693769848,SYNTHETIC_SOURCE,SYNTHETIC_TARGET
550,222.82070922851562,227.7269744873047,231.81414794921875,221.70364379882812,222.82070922851562,227.7269744873047,231.81414794921875,221.70364379882812,SIFT:intensity,11.445523262023926,0.02805873659231333,ROBUST_MODEL_INLIER,FIT,0.023872716921970277,SYNTHETIC_SOURCE,SYNTHETIC_TARGET
551,105.09502410888672,526.3807983398438,114.09426879882812,520.3704833984375,105.09502410888672,526.3807983398438,114.09426879882812,520.3704833984375,SIFT:intensity,10.630146026611328,0.02806057920557305,ROBUST_MODEL_INLIER,HELD_OUT,0.009975902517164528,SYNTHETIC_SOURCE,SYNTHETIC_TARGET
552,588.9581298828125,384.4293212890625,597.9285888671875,378.4334411621094,588.9581298828125,384.4293212890625,597.9285888671875,378.4334411621094,SIFT:intensity,10.58300495147705,0.028060971054185837,ROBUST_MODEL_INLIER,FIT,0.029834157923027422,SYNTHETIC_SOURCE,SYNTHETIC_TARGET
553,595.14599609375,433.8493347167969,604.1507568359375,427.8216552734375,595.14599609375,433.8493347167969,604.1507568359375,427.8216552734375,SIFT:intensity,12.288206100463867,0.02806704540385157,ROBUST_MODEL_INLIER,FIT,0.027734806314429757,SYNTHETIC_SOURCE,SYNTHETIC_TARGET
554,568.2593994140625,551.3198852539062,577.2557983398438,545.3209838867188,568.2593994140625,551.3198852539062,577.2557983398438,545.3209838867188,SIFT:intensity,5.830951690673828,0.02808768280020939,ROBUST_MODEL_INLIER,FIT,0.0038445189201992626,SYNTHETIC_SOURCE,SYNTHETIC_TARGET
555,539.98486328125,76.34793090820312,548.9541015625,70.33973693847656,539.98486328125,76.34793090820312,548.9541015625,70.33973693847656,SIFT:intensity,11.916375160217285,0.028147121279159488,ROBUST_MODEL_INLIER,HELD_OUT,0.03169815118097631,SYNTHETIC_SOURCE,SYNTHETIC_TARGET
556,516.98291015625,309.9804382324219,525.966796875,303.9670715332031,516.98291015625,309.9804382324219,525.966796875,303.9670715332031,SIFT:intensity,9.05538558959961,0.02821964660828097,ROBUST_MODEL_INLIER,FIT,0.020669470367554153,SYNTHETIC_SOURCE,SYNTHETIC_TARGET
557,394.9599304199219,21.75912857055664,403.9158935546875,15.756993293762207,394.9599304199219,21.75912857055664,403.9158935546875,15.756993293762207,SIFT:intensity,15.905973434448242,0.028242372330949814,ROBUST_MODEL_INLIER,FIT,0.0440267219517377,SYNTHETIC_SOURCE,SYNTHETIC_TARGET
558,614.525390625,503.19354248046875,623.5408935546875,497.2059020996094,614.525390625,503.19354248046875,623.5408935546875,497.2059020996094,SIFT:intensity,11.916375160217285,0.028243247908061767,ROBUST_MODEL_INLIER,HELD_OUT,0.02009130333256565,SYNTHETIC_SOURCE,SYNTHETIC_TARGET
559,536.1663208007812,47.98560333251953,545.156494140625,42.031639099121094,536.1663208007812,47.98560333251953,545.156494140625,42.031639099121094,SIFT:intensity,11.532562255859375,0.02825055912557149,ROBUST_MODEL_INLIER,HELD_OUT,0.047419744847183094,SYNTHETIC_SOURCE,SYNTHETIC_TARGET
560,360.565673828125,541.0247802734375,369.5404968261719,535.0403442382812,360.565673828125,541.0247802734375,369.5404968261719,535.0403442382812,SIFT:intensity,11.87434196472168,0.028262311732734354,ROBUST_MODEL_INLIER,FIT,0.029753793618844452,SYNTHETIC_SOURCE,SYNTHETIC_TARGET
561,459.7687683105469,484.0731506347656,468.7668151855469,478.0762023925781,459.7687683105469,484.0731506347656,468.7668151855469,478.0762023925781,SIFT:intensity,9.110433578491211,0.028274326491428692,ROBUST_MODEL_INLIER,FIT,0.003912474192247466,SYNTHETIC_SOURCE,SYNTHETIC_TARGET
562,584.5320434570312,130.33181762695312,593.5227661132812,124.32707977294922,584.5320434570312,130.33181762695312,593.5227661132812,124.32707977294922,SIFT:intensity,11.445523262023926,0.028279953585204572,ROBUST_MODEL_INLIER,FIT,0.010215173986589558,SYNTHETIC_SOURCE,SYNTHETIC_TARGET
563,483.25421142578125,252.20159912109375,492.26702880859375,246.21109008789062,483.25421142578125,252.20159912109375,492.26702880859375,246.21109008789062,SIFT:intensity,7.745966911315918,0.028333995719869463,ROBUST_MODEL_INLIER,FIT,0.01620454314252845,SYNTHETIC_SOURCE,SYNTHETIC_TARGET
564,567.9168701171875,362.275390625,576.9093627929688,356.2671203613281,567.9168701171875,362.275390625,576.9093627929688,356.2671203613281,SIFT:intensity,12.449899673461914,0.028386720956251523,ROBUST_MODEL_INLIER,FIT,0.010871011966476251,SYNTHETIC_SOURCE,SYNTHETIC_TARGET
565,359.9976806640625,327.04693603515625,369.00274658203125,321.06292724609375,359.9976806640625,327.04693603515625,369.00274658203125,321.06292724609375,SIFT:intensity,13.601470947265625,0.02842431115881238,ROBUST_MODEL_INLIER,FIT,0.017135701748287508,SYNTHETIC_SOURCE,SYNTHETIC_TARGET
566,127.9106216430664,490.3676452636719,136.89805603027344,484.3736877441406,127.9106216430664,490.3676452636719,136.89805603027344,484.3736877441406,SIFT:intensity,12.369317054748535,0.02848478093578204,ROBUST_MODEL_INLIER,FIT,0.014063896547161343,SYNTHETIC_SOURCE,SYNTHETIC_TARGET
567,290.33642578125,188.40093994140625,299.35467529296875,182.41049194335938,290.33642578125,188.40093994140625,299.35467529296875,182.41049194335938,SIFT:intensity,4.898979663848877,0.02848532831771027,ROBUST_MODEL_INLIER,HELD_OUT,0.020809869815777118,SYNTHETIC_SOURCE,SYNTHETIC_TARGET
568,324.00616455078125,93.08301544189453,333.0027770996094,87.09669494628906,324.00616455078125,93.08301544189453,333.0027770996094,87.09669494628906,SIFT:intensity,10.392304420471191,0.028509003669706646,ROBUST_MODEL_INLIER,HELD_OUT,0.014435904307484478,SYNTHETIC_SOURCE,SYNTHETIC_TARGET
569,141.94635009765625,373.64111328125,150.92767333984375,367.6357727050781,141.94635009765625,373.64111328125,150.92767333984375,367.6357727050781,SIFT:intensity,5.916079998016357,0.028581430245024093,ROBUST_MODEL_INLIER,FIT,0.01928410636861283,SYNTHETIC_SOURCE,SYNTHETIC_TARGET
570,94.578125,122.6961669921875,103.5726318359375,116.69744873046875,94.578125,122.6961669921875,103.5726318359375,116.69744873046875,SIFT:intensity,9.273618698120117,0.02861560096654114,ROBUST_MODEL_INLIER,FIT,0.0056906490439334705,SYNTHETIC_SOURCE,SYNTHETIC_TARGET
571,461.42474365234375,276.3793640136719,470.4876403808594,270.3682861328125,461.42474365234375,276.3793640136719,470.4876403808594,270.3682861328125,SIFT:intensity,9.591663360595703,0.028619337498424706,ROBUST_MODEL_INLIER,HELD_OUT,0.06384778507398685,SYNTHETIC_SOURCE,SYNTHETIC_TARGET
572,122.29568481445312,388.5011901855469,131.26158142089844,382.546875,122.29568481445312,388.5011901855469,131.26158142089844,382.546875,SIFT:intensity,12.328827857971191,0.028646758848641346,ROBUST_MODEL_INLIER,FIT,0.05727514784734847,SYNTHETIC_SOURCE,SYNTHETIC_TARGET
573,169.66397094726562,124.94104766845703,178.65753173828125,118.9194107055664,169.66397094726562,124.94104766845703,178.65753173828125,118.9194107055664,SIFT:intensity,8.246211051940918,0.02870892463653247,ROBUST_MODEL_INLIER,HELD_OUT,0.02221265437535956,SYNTHETIC_SOURCE,SYNTHETIC_TARGET
574,28.913793563842773,526.4122314453125,37.91384506225586,520.4019165039062,28.913793563842773,526.4122314453125,37.91384506225586,520.4019165039062,SIFT:intensity,11.532562255859375,0.02872585338206581,ROBUST_MODEL_INLIER,HELD_OUT,0.009951113272172426,SYNTHETIC_SOURCE,SYNTHETIC_TARGET
575,177.70022583007812,279.7002868652344,186.68031311035156,273.682861328125,177.70022583007812,279.7002868652344,186.68031311035156,273.682861328125,SIFT:intensity,11.180339813232422,0.028877718271861592,ROBUST_MODEL_INLIER,FIT,0.026187423082195654,SYNTHETIC_SOURCE,SYNTHETIC_TARGET
576,136.84890747070312,394.96893310546875,145.8433837890625,388.97344970703125,136.84890747070312,394.96893310546875,145.8433837890625,388.97344970703125,SIFT:intensity,7.211102485656738,0.02888371781959372,ROBUST_MODEL_INLIER,HELD_OUT,0.007336939503730225,SYNTHETIC_SOURCE,SYNTHETIC_TARGET
577,67.76061248779297,523.0880126953125,76.75157165527344,517.12158203125,67.76061248779297,523.0880126953125,76.75157165527344,517.12158203125,SIFT:intensity,8.774964332580566,0.02888909363942278,ROBUST_MODEL_INLIER,FIT,0.0351055968000723,SYNTHETIC_SOURCE,SYNTHETIC_TARGET
578,184.80410766601562,137.00396728515625,193.8041534423828,130.96070861816406,184.80410766601562,137.00396728515625,193.8041534423828,130.96070861816406,SIFT:intensity,12.688577651977539,0.028927617836162184,ROBUST_MODEL_INLIER,HELD_OUT,0.042894461107225446,SYNTHETIC_SOURCE,SYNTHETIC_TARGET
579,215.78611755371094,241.44384765625,224.7755889892578,235.4257354736328,215.78611755371094,241.44384765625,224.7755889892578,235.4257354736328,SIFT:intensity,13.711309432983398,0.028952984864278834,ROBUST_MODEL_INLIER,FIT,0.02061252182675776,SYNTHETIC_SOURCE,SYNTHETIC_TARGET
580,363.9205322265625,149.55784606933594,372.9222717285156,143.55455017089844,363.9205322265625,149.55784606933594,372.9222717285156,143.55455017089844,SIFT:intensity,13.784049034118652,0.028963775875782905,ROBUST_MODEL_INLIER,FIT,0.0034324141704503352,SYNTHETIC_SOURCE,SYNTHETIC_TARGET
581,520.5787353515625,315.92303466796875,529.59765625,309.9076843261719,520.5787353515625,315.92303466796875,529.59765625,309.9076843261719,SIFT:intensity,8.83176040649414,0.028965465833958717,ROBUST_MODEL_INLIER,FIT,0.024172631100454034,SYNTHETIC_SOURCE,SYNTHETIC_TARGET
582,474.9270935058594,130.623046875,483.9487609863281,124.63577270507812,474.9270935058594,130.623046875,483.9487609863281,124.63577270507812,SIFT:intensity,10.58300495147705,0.02899703613208412,ROBUST_MODEL_INLIER,HELD_OUT,0.025353838404531745,SYNTHETIC_SOURCE,SYNTHETIC_TARGET
583,34.45022201538086,398.63336181640625,43.44900131225586,392.60125732421875,34.45022201538086,398.63336181640625,43.44900131225586,392.60125732421875,SIFT:intensity,10.344079971313477,0.029006211622618412,ROBUST_MODEL_INLIER,HELD_OUT,0.03176192728980728,SYNTHETIC_SOURCE,SYNTHETIC_TARGET
584,482.27044677734375,500.95709228515625,491.3103942871094,494.9739074707031,482.27044677734375,500.95709228515625,491.3103942871094,494.9739074707031,SIFT:intensity,11.313708305358887,0.029119222342136,ROBUST_MODEL_INLIER,FIT,0.04352697764221743,SYNTHETIC_SOURCE,SYNTHETIC_TARGET
585,553.34619140625,113.42554473876953,562.3408813476562,107.43498229980469,553.34619140625,113.42554473876953,562.3408813476562,107.43498229980469,SIFT:intensity,14.247806549072266,0.02914996978374351,ROBUST_MODEL_INLIER,FIT,0.011126060285140646,SYNTHETIC_SOURCE,SYNTHETIC_TARGET
586,397.9682922363281,458.2236328125,406.9804382324219,452.2327575683594,397.9682922363281,458.2236328125,406.9804382324219,452.2327575683594,SIFT:intensity,10.0,0.02919437495099821,ROBUST_MODEL_INLIER,FIT,0.015449322475485725,SYNTHETIC_SOURCE,SYNTHETIC_TARGET
587,494.18731689453125,515.3199462890625,503.1619873046875,509.3026123046875,494.18731689453125,515.3199462890625,503.1619873046875,509.3026123046875,SIFT:intensity,10.488088607788086,0.029207141527126095,ROBUST_MODEL_INLIER,FIT,0.03045063693752314,SYNTHETIC_SOURCE,SYNTHETIC_TARGET
588,378.64007568359375,283.53558349609375,387.64190673828125,277.5240478515625,378.64007568359375,283.53558349609375,387.64190673828125,277.5240478515625,SIFT:intensity,7.071067810058594,0.02927106560791043,ROBUST_MODEL_INLIER,FIT,0.011327901538184285,SYNTHETIC_SOURCE,SYNTHETIC_TARGET
589,384.9931640625,131.3979949951172,393.9915771484375,125.39141845703125,384.9931640625,131.3979949951172,393.9915771484375,125.39141845703125,SIFT:intensity,13.711309432983398,0.02930804144971457,ROBUST_MODEL_INLIER,HELD_OUT,0.006400543948954929,SYNTHETIC_SOURCE,SYNTHETIC_TARGET
590,323.39801025390625,441.68951416015625,332.439208984375,435.6877136230469,323.39801025390625,441.68951416015625,332.439208984375,435.6877136230469,SIFT:intensity,15.620499610900879,0.02932094948710217,ROBUST_MODEL_INLIER,FIT,0.041269505822884835,SYNTHETIC_SOURCE,SYNTHETIC_TARGET
591,232.97640991210938,199.13165283203125,241.99061584472656,193.1181182861328,232.97640991210938,199.13165283203125,241.99061584472656,193.1181182861328,SIFT:intensity,10.049875259399414,0.029325487228962527,ROBUST_MODEL_INLIER,FIT,0.01940532121527781,SYNTHETIC_SOURCE,SYNTHETIC_TARGET
592,327.62591552734375,428.0047607421875,336.6228942871094,422.00946044921875,327.62591552734375,428.0047607421875,336.6228942871094,422.00946044921875,SIFT:intensity,14.832396507263184,0.029340092882611732,ROBUST_MODEL_INLIER,FIT,0.005873464802448216,SYNTHETIC_SOURCE,SYNTHETIC_TARGET
593,349.5394287109375,459.0282897949219,358.56512451171875,453.0206604003906,349.5394287109375,459.0282897949219,358.56512451171875,453.0206604003906,SIFT:intensity,12.288206100463867,0.0294034290788757,ROBUST_MODEL_INLIER,HELD_OUT,0.026747155745799448,SYNTHETIC_SOURCE,SYNTHETIC_TARGET
594,554.00537109375,404.5142822265625,563.0198364257812,398.5259094238281,554.00537109375,404.5142822265625,563.0198364257812,398.5259094238281,SIFT:intensity,12.041594505310059,0.029409923117200615,ROBUST_MODEL_INLIER,FIT,0.01882467422545448,SYNTHETIC_SOURCE,SYNTHETIC_TARGET
595,38.520652770996094,424.11676025390625,47.52649688720703,418.11859130859375,38.520652770996094,424.11676025390625,47.52649688720703,418.11859130859375,SIFT:intensity,11.747340202331543,0.02941674476756462,ROBUST_MODEL_INLIER,FIT,0.0062857324587883845,SYNTHETIC_SOURCE,SYNTHETIC_TARGET
596,274.5455322265625,518.7742309570312,283.5338134765625,512.7748413085938,274.5455322265625,518.7742309570312,283.5338134765625,512.7748413085938,SIFT:intensity,8.366600036621094,0.02946899500571146,ROBUST_MODEL_INLIER,FIT,0.011713593218838634,SYNTHETIC_SOURCE,SYNTHETIC_TARGET
597,187.1608428955078,77.97888946533203,196.18386840820312,71.96825408935547,187.1608428955078,77.97888946533203,196.18386840820312,71.96825408935547,SIFT:intensity,9.219544410705566,0.02946955578140952,ROBUST_MODEL_INLIER,FIT,0.025254292842974424,SYNTHETIC_SOURCE,SYNTHETIC_TARGET
598,587.4510498046875,502.5647277832031,596.428955078125,496.541259765625,587.4510498046875,502.5647277832031,596.428955078125,496.541259765625,SIFT:intensity,14.525838851928711,0.02948583977765877,ROBUST_MODEL_INLIER,HELD_OUT,0.03193646512707376,SYNTHETIC_SOURCE,SYNTHETIC_TARGET
599,581.7171630859375,271.29034423828125,590.7360229492188,265.244384765625,581.7171630859375,271.29034423828125,590.7360229492188,265.244384765625,SIFT:intensity,12.806248664855957,0.0295428754165295,ROBUST_MODEL_INLIER,FIT,0.04935932184298924,SYNTHETIC_SOURCE,SYNTHETIC_TARGET
600,523.6591186523438,428.90545654296875,532.6434326171875,422.9161682128906,523.6591186523438,428.90545654296875,532.6434326171875,422.9161682128906,SIFT:intensity,9.643651008605957,0.029572292185365886,ROBUST_MODEL_INLIER,FIT,0.01916493893023167,SYNTHETIC_SOURCE,SYNTHETIC_TARGET
601,56.49347686767578,577.8720092773438,65.48725128173828,571.8720092773438,56.49347686767578,577.8720092773438,65.48725128173828,571.8720092773438,SIFT:intensity,10.954451560974121,0.029584267125337387,ROBUST_MODEL_INLIER,HELD_OUT,0.006190538218134791,SYNTHETIC_SOURCE,SYNTHETIC_TARGET
602,444.7234802246094,23.006351470947266,453.7420349121094,16.99901580810547,444.7234802246094,23.006351470947266,453.7420349121094,16.99901580810547,SIFT:intensity,9.0,0.02964860444097715,ROBUST_MODEL_INLIER,FIT,0.01986396500973449,SYNTHETIC_SOURCE,SYNTHETIC_TARGET
603,183.89755249023438,231.37860107421875,192.96133422851562,225.4674530029297,183.89755249023438,231.37860107421875,192.96133422851562,225.4674530029297,SIFT:intensity,8.88819408416748,0.029683105314829723,ROBUST_MODEL_INLIER,FIT,0.10969725489714506,SYNTHETIC_SOURCE,SYNTHETIC_TARGET
604,352.07806396484375,336.9278259277344,361.07611083984375,330.9043273925781,352.07806396484375,336.9278259277344,361.07611083984375,330.9043273925781,SIFT:intensity,11.313708305358887,0.02969374973067763,ROBUST_MODEL_INLIER,FIT,0.023212726014416814,SYNTHETIC_SOURCE,SYNTHETIC_TARGET
605,54.53076171875,203.69622802734375,63.53243637084961,197.66712951660156,54.53076171875,203.69622802734375,63.53243637084961,197.66712951660156,SIFT:intensity,9.539392471313477,0.02970130801489309,ROBUST_MODEL_INLIER,FIT,0.028785665440272338,SYNTHETIC_SOURCE,SYNTHETIC_TARGET
606,139.39505004882812,335.37774658203125,148.37997436523438,329.3750305175781,139.39505004882812,335.37774658203125,148.37997436523438,329.3750305175781,SIFT:intensity,12.206555366516113,0.029721032436718853,ROBUST_MODEL_INLIER,FIT,0.015212787068835555,SYNTHETIC_SOURCE,SYNTHETIC_TARGET
607,559.35302734375,545.9766235351562,568.2945556640625,539.9902954101562,559.35302734375,545.9766235351562,568.2945556640625,539.9902954101562,SIFT:intensity,6.164413928985596,0.029789511871789583,ROBUST_MODEL_INLIER,FIT,0.060088272467870775,SYNTHETIC_SOURCE,SYNTHETIC_TARGET
608,244.077392578125,327.5551452636719,253.10386657714844,321.53912353515625,244.077392578125,327.5551452636719,253.10386657714844,321.53912353515625,SIFT:intensity,16.18641471862793,0.029827802752544322,ROBUST_MODEL_INLIER,FIT,0.03079697131385254,SYNTHETIC_SOURCE,SYNTHETIC_TARGET
609,160.0895233154297,609.1226806640625,169.08314514160156,603.1031494140625,160.0895233154297,609.1226806640625,169.08314514160156,603.1031494140625,SIFT:intensity,13.67479419708252,0.0298442579683809,ROBUST_MODEL_INLIER,HELD_OUT,0.020185913215173712,SYNTHETIC_SOURCE,SYNTHETIC_TARGET
610,594.9384155273438,375.1973876953125,603.930419921875,369.197998046875,594.9384155273438,375.1973876953125,603.930419921875,369.197998046875,SIFT:intensity,11.916375160217285,0.029895379683003574,ROBUST_MODEL_INLIER,FIT,0.00800935299560062,SYNTHETIC_SOURCE,SYNTHETIC_TARGET
611,369.16339111328125,342.71038818359375,378.1595458984375,336.6853942871094,369.16339111328125,342.71038818359375,378.1595458984375,336.6853942871094,SIFT:intensity,12.529964447021484,0.029917574027951067,ROBUST_MODEL_INLIER,HELD_OUT,0.024920926526428196,SYNTHETIC_SOURCE,SYNTHETIC_TARGET
612,283.3507995605469,573.2279052734375,292.3630065917969,567.224365234375,283.3507995605469,573.2279052734375,292.3630065917969,567.224365234375,SIFT:intensity,12.489995956420898,0.0299680607582398,ROBUST_MODEL_INLIER,FIT,0.0126576692286652,SYNTHETIC_SOURCE,SYNTHETIC_TARGET
613,257.8313293457031,97.66944122314453,266.8526611328125,91.68939208984375,257.8313293457031,97.66944122314453,266.8526611328125,91.68939208984375,SIFT:intensity,14.491376876831055,0.02999211737573494,ROBUST_MODEL_INLIER,HELD_OUT,0.029490784391541514,SYNTHETIC_SOURCE,SYNTHETIC_TARGET
614,40.61417770385742,372.26458740234375,49.55733108520508,366.3334655761719,40.61417770385742,372.26458740234375,49.55733108520508,366.3334655761719,SIFT:intensity,11.575837135314941,0.030040673169933557,ROBUST_MODEL_INLIER,FIT,0.08955923382402212,SYNTHETIC_SOURCE,SYNTHETIC_TARGET
615,21.75926399230957,137.96331787109375,30.76236343383789,131.9604034423828,21.75926399230957,137.96331787109375,30.76236343383789,131.9604034423828,SIFT:intensity,8.66025447845459,0.030049503643901496,ROBUST_MODEL_INLIER,FIT,0.004049139877608171,SYNTHETIC_SOURCE,SYNTHETIC_TARGET
616,270.0894775390625,356.7882385253906,279.09393310546875,350.7720642089844,270.0894775390625,356.7882385253906,279.09393310546875,350.7720642089844,SIFT:intensity,10.344079971313477,0.03014549877040662,ROBUST_MODEL_INLIER,HELD_OUT,0.01643832692368012,SYNTHETIC_SOURCE,SYNTHETIC_TARGET
617,260.7218933105469,385.32110595703125,269.7300109863281,379.3639221191406,260.7218933105469,385.32110595703125,269.7300109863281,379.3639221191406,SIFT:intensity,5.916079998016357,0.030173872585665854,ROBUST_MODEL_INLIER,HELD_OUT,0.043945358900535775,SYNTHETIC_SOURCE,SYNTHETIC_TARGET
618,263.00482177734375,86.58818054199219,271.9880676269531,80.61546325683594,263.00482177734375,86.58818054199219,271.9880676269531,80.61546325683594,SIFT:intensity,11.916375160217285,0.03019301229662527,ROBUST_MODEL_INLIER,FIT,0.032303674569939496,SYNTHETIC_SOURCE,SYNTHETIC_TARGET
619,367.8465270996094,84.52693176269531,376.8735046386719,78.5199203491211,367.8465270996094,84.52693176269531,376.8735046386719,78.5199203491211,SIFT:intensity,11.532562255859375,0.030195024096156424,ROBUST_MODEL_INLIER,FIT,0.02782882764274749,SYNTHETIC_SOURCE,SYNTHETIC_TARGET
620,601.4691772460938,32.487918853759766,610.45361328125,26.490026473999023,601.4691772460938,32.487918853759766,610.45361328125,26.490026473999023,SIFT:intensity,12.449899673461914,0.030200861619429073,ROBUST_MODEL_INLIER,FIT,0.015713834064485004,SYNTHETIC_SOURCE,SYNTHETIC_TARGET
621,81.41509246826172,598.205322265625,90.40438842773438,592.1830444335938,81.41509246826172,598.205322265625,90.40438842773438,592.1830444335938,SIFT:intensity,12.083045959472656,0.030242129670543034,ROBUST_MODEL_INLIER,HELD_OUT,0.024368038979425317,SYNTHETIC_SOURCE,SYNTHETIC_TARGET
622,301.9980163574219,353.5914001464844,310.9793701171875,347.5733947753906,301.9980163574219,353.5914001464844,310.9793701171875,347.5733947753906,SIFT:intensity,9.380831718444824,0.03025224784945951,ROBUST_MODEL_INLIER,FIT,0.025635610365005553,SYNTHETIC_SOURCE,SYNTHETIC_TARGET
623,295.7200622558594,454.783935546875,304.7197265625,448.7786560058594,295.7200622558594,454.783935546875,304.7197265625,448.7786560058594,SIFT:intensity,10.58300495147705,0.03027474702214664,ROBUST_MODEL_INLIER,FIT,0.004923780135603113,SYNTHETIC_SOURCE,SYNTHETIC_TARGET
624,351.9007568359375,498.34246826171875,360.9033203125,492.3292541503906,351.9007568359375,498.34246826171875,360.9033203125,492.3292541503906,SIFT:intensity,6.244997978210449,0.030305884946807447,ROBUST_MODEL_INLIER,FIT,0.013112046361532313,SYNTHETIC_SOURCE,SYNTHETIC_TARGET
625,565.239990234375,444.83502197265625,574.2145385742188,438.85125732421875,565.239990234375,444.83502197265625,574.2145385742188,438.85125732421875,SIFT:intensity,12.083045959472656,0.030309036586355403,ROBUST_MODEL_INLIER,HELD_OUT,0.030348105084958103,SYNTHETIC_SOURCE,SYNTHETIC_TARGET
626,492.2875671386719,425.9277648925781,501.279296875,419.92572021484375,492.2875671386719,425.9277648925781,501.279296875,419.92572021484375,SIFT:intensity,6.855654716491699,0.030314286110438085,ROBUST_MODEL_INLIER,FIT,0.00839439388484106,SYNTHETIC_SOURCE,SYNTHETIC_TARGET
627,554.7008056640625,400.1703796386719,563.7125244140625,394.1443786621094,554.7008056640625,400.1703796386719,563.7125244140625,394.1443786621094,SIFT:intensity,11.789826393127441,0.03033029440157244,ROBUST_MODEL_INLIER,FIT,0.02820714593505066,SYNTHETIC_SOURCE,SYNTHETIC_TARGET
628,349.5276184082031,338.5399475097656,358.52923583984375,332.52911376953125,349.5276184082031,338.5399475097656,358.52923583984375,332.52911376953125,SIFT:intensity,11.618949890136719,0.03035262175297368,ROBUST_MODEL_INLIER,FIT,0.010600724718223443,SYNTHETIC_SOURCE,SYNTHETIC_TARGET
629,157.9757537841797,481.6392517089844,167.018310546875,475.5289611816406,157.9757537841797,481.6392517089844,167.018310546875,475.5289611816406,SIFT:intensity,8.062257766723633,0.030399164708974302,ROBUST_MODEL_INLIER,FIT,0.11789296418183912,SYNTHETIC_SOURCE,SYNTHETIC_TARGET
630,87.86467742919922,505.5911865234375,96.855224609375,499.60260009765625,87.86467742919922,505.5911865234375,96.855224609375,499.60260009765625,SIFT:intensity,11.87434196472168,0.03042393571117428,ROBUST_MODEL_INLIER,HELD_OUT,0.015073515590386865,SYNTHETIC_SOURCE,SYNTHETIC_TARGET
631,207.5653839111328,167.044189453125,216.55209350585938,161.00755310058594,207.5653839111328,167.044189453125,216.55209350585938,161.00755310058594,SIFT:intensity,7.280109882354736,0.030424779384784793,ROBUST_MODEL_INLIER,FIT,0.038614527446411126,SYNTHETIC_SOURCE,SYNTHETIC_TARGET
632,166.07720947265625,187.49237060546875,175.095703125,181.47866821289062,166.07720947265625,187.49237060546875,175.095703125,181.47866821289062,SIFT:intensity,12.845232963562012,0.03049842630582652,ROBUST_MODEL_INLIER,FIT,0.022838893029507673,SYNTHETIC_SOURCE,SYNTHETIC_TARGET
633,604.4910278320312,591.0928344726562,613.4963989257812,585.073486328125,604.4910278320312,591.0928344726562,613.4963989257812,585.073486328125,SIFT:intensity,13.638181686401367,0.030501163272661926,ROBUST_MODEL_INLIER,FIT,0.019741547527794494,SYNTHETIC_SOURCE,SYNTHETIC_TARGET
634,258.562255859375,174.13633728027344,267.575927734375,168.13772583007812,258.562255859375,174.13633728027344,267.575927734375,168.13772583007812,SIFT:intensity,11.224971771240234,0.03053919566197478,ROBUST_MODEL_INLIER,FIT,0.01382918848128831,SYNTHETIC_SOURCE,SYNTHETIC_TARGET
635,454.3166809082031,358.8326416015625,463.2870178222656,352.7893981933594,454.3166809082031,358.8326416015625,463.2870178222656,352.7893981933594,SIFT:intensity,13.45362377166748,0.03056355452805424,ROBUST_MODEL_INLIER,FIT,0.05211336334093387,SYNTHETIC_SOURCE,SYNTHETIC_TARGET
636,586.436279296875,174.0128173828125,595.4281005859375,168.02552795410156,586.436279296875,174.0128173828125,595.4281005859375,168.02552795410156,SIFT:intensity,8.185352325439453,0.030601853378378917,ROBUST_MODEL_INLIER,FIT,0.015397953688672434,SYNTHETIC_SOURCE,SYNTHETIC_TARGET
637,554.00537109375,404.5142822265625,563.0198364257812,398.5259094238281,554.00537109375,404.5142822265625,563.0198364257812,398.5259094238281,SIFT:intensity,12.489995956420898,0.030620646099885605,ROBUST_MODEL_INLIER,HELD_OUT,0.01882467422545448,SYNTHETIC_SOURCE,SYNTHETIC_TARGET
638,473.5902404785156,263.5466613769531,482.5861511230469,257.5771789550781,473.5902404785156,263.5466613769531,482.5861511230469,257.5771789550781,SIFT:intensity,7.348469257354736,0.030678331821572227,ROBUST_MODEL_INLIER,FIT,0.031145483623470634,SYNTHETIC_SOURCE,SYNTHETIC_TARGET
639,294.9331970214844,155.23548889160156,303.92919921875,149.24786376953125,294.9331970214844,155.23548889160156,303.92919921875,149.24786376953125,SIFT:intensity,7.0,0.030682873038737568,ROBUST_MODEL_INLIER,HELD_OUT,0.013338112991335414,SYNTHETIC_SOURCE,SYNTHETIC_TARGET
640,306.5709228515625,184.9475860595703,315.584228515625,178.9525909423828,306.5709228515625,184.9475860595703,315.584228515625,178.9525909423828,SIFT:intensity,13.114876747131348,0.030704484162245787,ROBUST_MODEL_INLIER,HELD_OUT,0.014390591515296383,SYNTHETIC_SOURCE,SYNTHETIC_TARGET
641,138.99366760253906,564.0928344726562,148.05506896972656,558.0018920898438,138.99366760253906,564.0928344726562,148.05506896972656,558.0018920898438,SIFT:intensity,10.29563045501709,0.030704921041822545,ROBUST_MODEL_INLIER,FIT,0.10945382536427439,SYNTHETIC_SOURCE,SYNTHETIC_TARGET
642,513.4337158203125,508.5601501464844,522.45849609375,502.5477294921875,513.4337158203125,508.5601501464844,522.45849609375,502.5477294921875,SIFT:intensity,13.190905570983887,0.030725835547814852,ROBUST_MODEL_INLIER,FIT,0.02759870180460133,SYNTHETIC_SOURCE,SYNTHETIC_TARGET
643,544.3178100585938,61.304588317871094,553.327880859375,55.276241302490234,544.3178100585938,61.304588317871094,553.327880859375,55.276241302490234,SIFT:intensity,13.266499519348145,0.030740223823672856,ROBUST_MODEL_INLIER,FIT,0.029755290158793385,SYNTHETIC_SOURCE,SYNTHETIC_TARGET
644,378.23968505859375,67.66691589355469,387.24163818359375,61.66320037841797,378.23968505859375,67.66691589355469,387.24163818359375,61.66320037841797,SIFT:intensity,11.357816696166992,0.03077377591754608,ROBUST_MODEL_INLIER,FIT,0.0039020796396534146,SYNTHETIC_SOURCE,SYNTHETIC_TARGET
645,235.7848663330078,420.769775390625,244.80462646484375,414.7868957519531,235.7848663330078,420.769775390625,244.80462646484375,414.7868957519531,SIFT:intensity,13.076696395874023,0.030816418772061573,ROBUST_MODEL_INLIER,FIT,0.0264194531928674,SYNTHETIC_SOURCE,SYNTHETIC_TARGET
646,246.83103942871094,228.34617614746094,255.80340576171875,222.3878631591797,246.83103942871094,228.34617614746094,255.80340576171875,222.3878631591797,SIFT:intensity,9.32737922668457,0.030821053146930434,ROBUST_MODEL_INLIER,FIT,0.05029318868631818,SYNTHETIC_SOURCE,SYNTHETIC_TARGET
647,260.4779357910156,116.16226196289062,269.4735107421875,110.17908477783203,260.4779357910156,116.16226196289062,269.4735107421875,110.17908477783203,SIFT:intensity,8.5440034866333,0.03088243198047491,ROBUST_MODEL_INLIER,HELD_OUT,0.01773626428143182,SYNTHETIC_SOURCE,SYNTHETIC_TARGET
648,307.65960693359375,68.72125244140625,316.6353454589844,62.72731399536133,307.65960693359375,68.72125244140625,316.6353454589844,62.72731399536133,SIFT:intensity,14.071247100830078,0.030966680403170875,ROBUST_MODEL_INLIER,FIT,0.025053775893700368,SYNTHETIC_SOURCE,SYNTHETIC_TARGET
649,138.8174285888672,549.6495361328125,147.82168579101562,543.6974487304688,138.8174285888672,549.6495361328125,147.82168579101562,543.6974487304688,SIFT:intensity,9.643651008605957,0.03101991136934166,ROBUST_MODEL_INLIER,FIT,0.04846828672376122,SYNTHETIC_SOURCE,SYNTHETIC_TARGET
650,172.1707000732422,60.759742736816406,181.17213439941406,54.763916015625,172.1707000732422,60.759742736816406,181.17213439941406,54.763916015625,SIFT:intensity,12.206555366516113,0.031063960878541703,ROBUST_MODEL_INLIER,FIT,0.004772877281041972,SYNTHETIC_SOURCE,SYNTHETIC_TARGET
651,448.006103515625,484.3052062988281,457.0791320800781,478.2712707519531,448.006103515625,484.3052062988281,457.0791320800781,478.2712707519531,SIFT:intensity,14.832396507263184,0.031077896469114696,ROBUST_MODEL_INLIER,HELD_OUT,0.0804169612836739,SYNTHETIC_SOURCE,SYNTHETIC_TARGET
652,320.36834716796875,140.10220336914062,329.3507080078125,134.08860778808594,320.36834716796875,140.10220336914062,329.3507080078125,134.08860778808594,SIFT:intensity,11.180339813232422,0.03109394987656031,ROBUST_MODEL_INLIER,FIT,0.022013492601737954,SYNTHETIC_SOURCE,SYNTHETIC_TARGET
653,83.62693786621094,394.02935791015625,92.61764526367188,388.0793762207031,83.62693786621094,394.02935791015625,92.61764526367188,388.0793762207031,SIFT:intensity,15.748015403747559,0.03112043353891488,ROBUST_MODEL_INLIER,FIT,0.0512241310458651,SYNTHETIC_SOURCE,SYNTHETIC_TARGET
654,409.0755920410156,279.2704772949219,418.0531311035156,273.26043701171875,409.0755920410156,279.2704772949219,418.0531311035156,273.26043701171875,SIFT:intensity,6.7082037925720215,0.031125289744974863,ROBUST_MODEL_INLIER,FIT,0.024414422583904805,SYNTHETIC_SOURCE,SYNTHETIC_TARGET
655,518.6974487304688,146.18218994140625,527.72900390625,140.16896057128906,518.6974487304688,146.18218994140625,527.72900390625,140.16896057128906,SIFT:intensity,17.748239517211914,0.03117966038295847,ROBUST_MODEL_INLIER,FIT,0.034119351011793066,SYNTHETIC_SOURCE,SYNTHETIC_TARGET
656,464.9855041503906,278.043212890625,474.0046081542969,272.0284118652344,464.9855041503906,278.043212890625,474.0046081542969,272.0284118652344,SIFT:intensity,7.348469257354736,0.03128226298757587,ROBUST_MODEL_INLIER,FIT,0.023981931133715762,SYNTHETIC_SOURCE,SYNTHETIC_TARGET
657,366.7680358886719,264.6144714355469,375.7492980957031,258.5701599121094,366.7680358886719,264.6144714355469,375.7492980957031,258.5701599121094,SIFT:intensity,7.8102498054504395,0.031300903465519093,ROBUST_MODEL_INLIER,HELD_OUT,0.04775719440102354,SYNTHETIC_SOURCE,SYNTHETIC_TARGET
658,492.4633483886719,301.03802490234375,501.46002197265625,295.0622253417969,492.4633483886719,301.03802490234375,501.46002197265625,295.0622253417969,SIFT:intensity,13.379088401794434,0.031333362118323715,ROBUST_MODEL_INLIER,HELD_OUT,0.024782840781920133,SYNTHETIC_SOURCE,SYNTHETIC_TARGET
659,234.98126220703125,369.5310363769531,243.98947143554688,363.55181884765625,234.98126220703125,369.5310363769531,243.98947143554688,363.55181884765625,SIFT:intensity,13.784049034118652,0.03134738677342609,ROBUST_MODEL_INLIER,FIT,0.02270090677862274,SYNTHETIC_SOURCE,SYNTHETIC_TARGET
660,157.98654174804688,168.2978515625,166.98846435546875,162.296630859375,157.98654174804688,168.2978515625,166.98846435546875,162.296630859375,SIFT:intensity,14.491376876831055,0.03135016995055972,ROBUST_MODEL_INLIER,FIT,0.0021466147550346665,SYNTHETIC_SOURCE,SYNTHETIC_TARGET
661,196.94146728515625,592.918212890625,205.94334411621094,586.9220581054688,196.94146728515625,592.918212890625,205.94334411621094,586.9220581054688,SIFT:intensity,9.539392471313477,0.031414273002755344,ROBUST_MODEL_INLIER,FIT,0.004627792641550905,SYNTHETIC_SOURCE,SYNTHETIC_TARGET
662,553.9720458984375,499.8518371582031,562.95751953125,493.8513488769531,553.9720458984375,499.8518371582031,562.95751953125,493.8513488769531,SIFT:intensity,11.401754379272461,0.031427446324064176,ROBUST_MODEL_INLIER,FIT,0.014481121536876161,SYNTHETIC_SOURCE,SYNTHETIC_TARGET
663,574.7902221679688,556.982666015625,583.7367553710938,551.131591796875,574.7902221679688,556.982666015625,583.7367553710938,551.131591796875,SIFT:intensity,8.306623458862305,0.031444636233493355,ROBUST_MODEL_INLIER,FIT,0.1585601931863489,SYNTHETIC_SOURCE,SYNTHETIC_TARGET
664,584.7662963867188,81.6334457397461,593.7698364257812,75.62718200683594,584.7662963867188,81.6334457397461,593.7698364257812,75.62718200683594,SIFT:intensity,12.449899673461914,0.0314607138533056,ROBUST_MODEL_INLIER,HELD_OUT,0.006903719186979586,SYNTHETIC_SOURCE,SYNTHETIC_TARGET
665,337.881103515625,156.59092712402344,346.913330078125,150.578857421875,337.881103515625,156.59092712402344,346.913330078125,150.578857421875,SIFT:intensity,14.142135620117188,0.031461633107713556,ROBUST_MODEL_INLIER,FIT,0.034329582161700886,SYNTHETIC_SOURCE,SYNTHETIC_TARGET
666,245.9691162109375,416.8326110839844,254.9694061279297,410.8603515625,245.9691162109375,416.8326110839844,254.9694061279297,410.8603515625,SIFT:intensity,13.964240074157715,0.031465520368410056,ROBUST_MODEL_INLIER,FIT,0.02810678685251149,SYNTHETIC_SOURCE,SYNTHETIC_TARGET
667,499.6542053222656,448.9109191894531,508.63763427734375,442.8984375,499.6542053222656,448.9109191894531,508.63763427734375,442.8984375,SIFT:intensity,12.569805145263672,0.031492393348455855,ROBUST_MODEL_INLIER,FIT,0.020491840839413588,SYNTHETIC_SOURCE,SYNTHETIC_TARGET
668,258.30181884765625,134.3462371826172,267.2969970703125,128.3441162109375,258.30181884765625,134.3462371826172,267.2969970703125,128.3441162109375,SIFT:intensity,10.049875259399414,0.031513756549251044,ROBUST_MODEL_INLIER,HELD_OUT,0.005088817948151834,SYNTHETIC_SOURCE,SYNTHETIC_TARGET
669,365.1655578613281,198.4859619140625,374.13372802734375,192.49900817871094,365.1655578613281,198.4859619140625,374.13372802734375,192.49900817871094,SIFT:intensity,11.747340202331543,0.03151947947069702,ROBUST_MODEL_INLIER,FIT,0.034497386264180946,SYNTHETIC_SOURCE,SYNTHETIC_TARGET
670,176.16500854492188,463.58026123046875,185.1820831298828,457.58892822265625,176.16500854492188,463.58026123046875,185.1820831298828,457.58892822265625,SIFT:intensity,11.832159996032715,0.031533595802734335,ROBUST_MODEL_INLIER,FIT,0.01935642207138979,SYNTHETIC_SOURCE,SYNTHETIC_TARGET
671,228.29835510253906,294.9439392089844,237.3450927734375,288.95489501953125,228.29835510253906,294.9439392089844,237.3450927734375,288.95489501953125,SIFT:intensity,11.958260536193848,0.031581723902227035,ROBUST_MODEL_INLIER,FIT,0.04813352181278392,SYNTHETIC_SOURCE,SYNTHETIC_TARGET
672,46.12179946899414,260.3010559082031,55.15769577026367,254.2860565185547,46.12179946899414,260.3010559082031,55.15769577026367,254.2860565185547,SIFT:intensity,7.745966911315918,0.03159961263621754,ROBUST_MODEL_INLIER,FIT,0.03880745661358068,SYNTHETIC_SOURCE,SYNTHETIC_TARGET
673,377.76629638671875,151.716552734375,386.7677917480469,145.72177124023438,377.76629638671875,151.716552734375,386.7677917480469,145.72177124023438,SIFT:intensity,6.78233003616333,0.03164342102321849,ROBUST_MODEL_INLIER,FIT,0.005791620389087614,SYNTHETIC_SOURCE,SYNTHETIC_TARGET
674,144.9733123779297,424.99664306640625,153.9694366455078,419.0029602050781,144.9733123779297,424.99664306640625,153.9694366455078,419.0029602050781,SIFT:intensity,9.746794700622559,0.03164610522088505,ROBUST_MODEL_INLIER,HELD_OUT,0.0077013137882097175,SYNTHETIC_SOURCE,SYNTHETIC_TARGET
675,612.8156127929688,165.1849822998047,621.80517578125,159.19244384765625,612.8156127929688,165.1849822998047,621.80517578125,159.19244384765625,SIFT:intensity,14.422204971313477,0.03166291365357541,ROBUST_MODEL_INLIER,FIT,0.01300852500859485,SYNTHETIC_SOURCE,SYNTHETIC_TARGET
676,283.8294677734375,609.6928100585938,292.8085021972656,603.7362060546875,283.8294677734375,609.6928100585938,292.8085021972656,603.7362060546875,SIFT:intensity,16.552946090698242,0.03167113043469121,ROBUST_MODEL_INLIER,FIT,0.048503627206433426,SYNTHETIC_SOURCE,SYNTHETIC_TARGET
677,35.6621208190918,28.522554397583008,44.68727111816406,22.5288143157959,35.6621208190918,28.522554397583008,44.68727111816406,22.5288143157959,SIFT:intensity,13.34166431427002,0.03168228180512475,ROBUST_MODEL_INLIER,FIT,0.0260523037758563,SYNTHETIC_SOURCE,SYNTHETIC_TARGET
678,113.71516418457031,521.5159301757812,122.69144439697266,515.496337890625,113.71516418457031,521.5159301757812,122.69144439697266,515.496337890625,SIFT:intensity,13.0,0.031728746862571974,ROBUST_MODEL_INLIER,HELD_OUT,0.030498755431918427,SYNTHETIC_SOURCE,SYNTHETIC_TARGET
679,279.5873718261719,198.21914672851562,288.5661315917969,192.22686767578125,279.5873718261719,198.21914672851562,288.5661315917969,192.22686767578125,SIFT:intensity,15.874507904052734,0.0317617872103358,ROBUST_MODEL_INLIER,FIT,0.022684274985658986,SYNTHETIC_SOURCE,SYNTHETIC_TARGET
680,553.9720458984375,499.8518371582031,562.95751953125,493.8513488769531,553.9720458984375,499.8518371582031,562.95751953125,493.8513488769531,SIFT:intensity,11.532562255859375,0.031773881027142396,ROBUST_MODEL_INLIER,FIT,0.014481121536876161,SYNTHETIC_SOURCE,SYNTHETIC_TARGET
681,272.1511535644531,306.9192199707031,281.14654541015625,300.9212951660156,272.1511535644531,306.9192199707031,281.14654541015625,300.9212951660156,SIFT:intensity,10.535654067993164,0.03182875524337038,ROBUST_MODEL_INLIER,FIT,0.005173629988999147,SYNTHETIC_SOURCE,SYNTHETIC_TARGET
682,588.061279296875,514.5706787109375,597.0553588867188,508.5428161621094,588.061279296875,514.5706787109375,597.0553588867188,508.5428161621094,SIFT:intensity,11.958260536193848,0.03184197092059982,ROBUST_MODEL_INLIER,HELD_OUT,0.028118762657591456,SYNTHETIC_SOURCE,SYNTHETIC_TARGET
683,378.9866638183594,273.9273986816406,388.0589599609375,267.9374694824219,378.9866638183594,273.9273986816406,388.0589599609375,267.9374694824219,SIFT:intensity,11.090536117553711,0.03187067304475316,ROBUST_MODEL_INLIER,FIT,0.07309066041503115,SYNTHETIC_SOURCE,SYNTHETIC_TARGET
684,325.9037780761719,532.414306640625,334.9058837890625,526.4342651367188,325.9037780761719,532.414306640625,334.9058837890625,526.4342651367188,SIFT:intensity,12.449899673461914,0.031885526180965566,ROBUST_MODEL_INLIER,FIT,0.02043636692189362,SYNTHETIC_SOURCE,SYNTHETIC_TARGET
685,314.7933654785156,538.50390625,323.7707214355469,532.47314453125,314.7933654785156,538.50390625,323.7707214355469,532.47314453125,SIFT:intensity,9.05538558959961,0.03189129128470712,ROBUST_MODEL_INLIER,FIT,0.037877229332061266,SYNTHETIC_SOURCE,SYNTHETIC_TARGET
686,166.07720947265625,187.49237060546875,175.095703125,181.47866821289062,166.07720947265625,187.49237060546875,175.095703125,181.47866821289062,SIFT:intensity,13.892443656921387,0.03190799906847187,ROBUST_MODEL_INLIER,HELD_OUT,0.022838893029507673,SYNTHETIC_SOURCE,SYNTHETIC_TARGET
687,500.0948486328125,516.7040405273438,509.0696716308594,510.697998046875,500.0948486328125,516.7040405273438,509.0696716308594,510.697998046875,SIFT:intensity,14.456831932067871,0.031957561091526906,ROBUST_MODEL_INLIER,FIT,0.025764708267910105,SYNTHETIC_SOURCE,SYNTHETIC_TARGET
688,454.7701110839844,311.9001159667969,463.78289794921875,305.87384033203125,454.7701110839844,311.9001159667969,463.78289794921875,305.87384033203125,SIFT:intensity,13.601470947265625,0.032003814954870105,ROBUST_MODEL_INLIER,FIT,0.02891494032201647,SYNTHETIC_SOURCE,SYNTHETIC_TARGET
689,536.9617309570312,130.41665649414062,545.9647827148438,124.49727630615234,536.9617309570312,130.41665649414062,545.9647827148438,124.49727630615234,SIFT:intensity,10.770329475402832,0.03203101033840557,ROBUST_MODEL_INLIER,FIT,0.08104333222174048,SYNTHETIC_SOURCE,SYNTHETIC_TARGET
690,456.79718017578125,71.64071655273438,465.8499450683594,65.6558837890625,456.79718017578125,71.64071655273438,465.8499450683594,65.6558837890625,SIFT:intensity,10.908712387084961,0.032049950498121066,ROBUST_MODEL_INLIER,FIT,0.055047211433863895,SYNTHETIC_SOURCE,SYNTHETIC_TARGET
691,83.06268310546875,423.6593322753906,92.04766082763672,417.6708984375,83.06268310546875,423.6593322753906,92.04766082763672,417.6708984375,SIFT:intensity,15.066518783569336,0.032055261533311195,ROBUST_MODEL_INLIER,FIT,0.019147626691143747,SYNTHETIC_SOURCE,SYNTHETIC_TARGET
692,97.59949493408203,473.1918029785156,106.61643981933594,467.1820983886719,97.59949493408203,473.1918029785156,106.61643981933594,467.1820983886719,SIFT:intensity,14.177447319030762,0.03207091189350311,ROBUST_MODEL_INLIER,FIT,0.01938874750069382,SYNTHETIC_SOURCE,SYNTHETIC_TARGET
693,263.00482177734375,86.58818054199219,271.9880676269531,80.61546325683594,263.00482177734375,86.58818054199219,271.9880676269531,80.61546325683594,SIFT:intensity,12.649110794067383,0.032084610116691274,ROBUST_MODEL_INLIER,FIT,0.032303674569939496,SYNTHETIC_SOURCE,SYNTHETIC_TARGET
694,49.05585861206055,351.46978759765625,58.04694747924805,345.44500732421875,49.05585861206055,351.46978759765625,58.04694747924805,345.44500732421875,SIFT:intensity,7.937253952026367,0.0321067521248718,ROBUST_MODEL_INLIER,FIT,0.02597564491118152,SYNTHETIC_SOURCE,SYNTHETIC_TARGET
695,450.0502014160156,510.9920349121094,459.0086669921875,504.908447265625,450.0502014160156,510.9920349121094,459.0086669921875,504.908447265625,SIFT:intensity,12.922847747802734,0.03213823377487595,ROBUST_MODEL_INLIER,FIT,0.09299157311735955,SYNTHETIC_SOURCE,SYNTHETIC_TARGET
696,242.2105255126953,411.1643371582031,251.21926879882812,405.15948486328125,242.2105255126953,411.1643371582031,251.21926879882812,405.15948486328125,SIFT:intensity,14.247806549072266,0.03223469174987037,ROBUST_MODEL_INLIER,FIT,0.00986862127321033,SYNTHETIC_SOURCE,SYNTHETIC_TARGET
697,383.87274169921875,104.92839813232422,392.87548828125,98.91840362548828,383.87274169921875,104.92839813232422,392.87548828125,98.91840362548828,SIFT:intensity,11.789826393127441,0.03223635316923039,ROBUST_MODEL_INLIER,FIT,0.010026867906041648,SYNTHETIC_SOURCE,SYNTHETIC_TARGET
698,138.4035186767578,406.04803466796875,147.36141967773438,400.08892822265625,138.4035186767578,406.04803466796875,147.36141967773438,400.08892822265625,SIFT:intensity,9.949873924255371,0.032313644667270644,ROBUST_MODEL_INLIER,FIT,0.05891251484471647,SYNTHETIC_SOURCE,SYNTHETIC_TARGET
699,611.8755493164062,102.3756332397461,620.8616943359375,96.32449340820312,611.8755493164062,102.3756332397461,620.8616943359375,96.32449340820312,SIFT:intensity,16.031219482421875,0.0323204820320833,ROBUST_MODEL_INLIER,FIT,0.05261984755713722,SYNTHETIC_SOURCE,SYNTHETIC_TARGET
700,293.2595520019531,362.6874694824219,302.2560729980469,356.6981201171875,293.2595520019531,362.6874694824219,302.2560729980469,356.6981201171875,SIFT:intensity,7.937253952026367,0.03232567716175097,ROBUST_MODEL_INLIER,FIT,0.011537587195260551,SYNTHETIC_SOURCE,SYNTHETIC_TARGET
701,40.16233825683594,260.2435607910156,49.164306640625,254.2430419921875,40.16233825683594,260.2435607910156,49.164306640625,254.2430419921875,SIFT:intensity,8.124038696289062,0.03233769926924235,ROBUST_MODEL_INLIER,FIT,0.0020200767099242426,SYNTHETIC_SOURCE,SYNTHETIC_TARGET
702,259.5347595214844,395.19921875,268.5090637207031,389.1749267578125,259.5347595214844,395.19921875,268.5090637207031,389.1749267578125,SIFT:intensity,7.6157732009887695,0.032361869814339216,ROBUST_MODEL_INLIER,FIT,0.035077885257169435,SYNTHETIC_SOURCE,SYNTHETIC_TARGET
703,399.67205810546875,116.87711334228516,408.6909484863281,110.83419799804688,399.67205810546875,116.87711334228516,408.6909484863281,110.83419799804688,SIFT:intensity,8.185352325439453,0.03236303204550122,ROBUST_MODEL_INLIER,FIT,0.04657433961804701,SYNTHETIC_SOURCE,SYNTHETIC_TARGET
704,406.9593505859375,288.6448059082031,415.9576110839844,282.65362548828125,406.9593505859375,288.6448059082031,415.9576110839844,282.65362548828125,SIFT:intensity,15.65247631072998,0.03239331788320262,ROBUST_MODEL_INLIER,FIT,0.009338759316381657,SYNTHETIC_SOURCE,SYNTHETIC_TARGET
705,96.89190673828125,101.00617980957031,105.87264251708984,94.9826431274414,96.89190673828125,101.00617980957031,105.87264251708984,94.9826431274414,SIFT:intensity,12.767145156860352,0.032403294262295206,ROBUST_MODEL_INLIER,FIT,0.030104945584810534,SYNTHETIC_SOURCE,SYNTHETIC_TARGET
706,549.4693603515625,329.5223083496094,558.452392578125,323.5185241699219,549.4693603515625,329.5223083496094,558.452392578125,323.5185241699219,SIFT:intensity,14.247806549072266,0.032408005470470305,ROBUST_MODEL_INLIER,HELD_OUT,0.017264111253628575,SYNTHETIC_SOURCE,SYNTHETIC_TARGET
707,273.54742431640625,162.0218963623047,282.5377502441406,156.0230255126953,273.54742431640625,162.0218963623047,282.5377502441406,156.0230255126953,SIFT:intensity,14.73091983795166,0.03241207000872778,ROBUST_MODEL_INLIER,FIT,0.009743433003655818,SYNTHETIC_SOURCE,SYNTHETIC_TARGET
708,450.498291015625,35.36587142944336,459.4992980957031,29.395055770874023,450.498291015625,35.36587142944336,459.4992980957031,29.395055770874023,SIFT:intensity,14.247806549072266,0.03247300524620932,ROBUST_MODEL_INLIER,FIT,0.02956739638833127,SYNTHETIC_SOURCE,SYNTHETIC_TARGET
709,288.8184509277344,213.7279510498047,297.8009338378906,207.7478790283203,288.8184509277344,213.7279510498047,297.8009338378906,207.7478790283203,SIFT:intensity,16.34013557434082,0.03250624251937336,ROBUST_MODEL_INLIER,FIT,0.026777294628184685,SYNTHETIC_SOURCE,SYNTHETIC_TARGET
710,30.351987838745117,383.3004150390625,39.344078063964844,377.3040466308594,30.351987838745117,383.3004150390625,39.344078063964844,377.3040466308594,SIFT:intensity,15.36229133605957,0.03252416933888575,ROBUST_MODEL_INLIER,FIT,0.008820977892207522,SYNTHETIC_SOURCE,SYNTHETIC_TARGET
711,298.29168701171875,185.25157165527344,307.273681640625,179.2646942138672,298.29168701171875,185.25157165527344,307.273681640625,179.2646942138672,SIFT:intensity,5.656854152679443,0.03255800582347093,ROBUST_MODEL_INLIER,FIT,0.022459797289274032,SYNTHETIC_SOURCE,SYNTHETIC_TARGET
712,150.00238037109375,200.11013793945312,159.0032958984375,194.09898376464844,150.00238037109375,200.11013793945312,159.0032958984375,194.09898376464844,SIFT:intensity,14.247806549072266,0.03256124777910872,ROBUST_MODEL_INLIER,FIT,0.010832609366106114,SYNTHETIC_SOURCE,SYNTHETIC_TARGET
713,161.0686798095703,512.2683715820312,170.03712463378906,506.2641906738281,161.0686798095703,512.2683715820312,170.03712463378906,506.2641906738281,SIFT:intensity,6.557438373565674,0.03262286048025446,ROBUST_MODEL_INLIER,FIT,0.03173970261701417,SYNTHETIC_SOURCE,SYNTHETIC_TARGET
714,297.63836669921875,508.03076171875,306.6122741699219,502.0018310546875,297.63836669921875,508.03076171875,306.6122741699219,502.0018310546875,SIFT:intensity,14.832396507263184,0.03269689960745796,ROBUST_MODEL_INLIER,FIT,0.0386583792843119,SYNTHETIC_SOURCE,SYNTHETIC_TARGET
715,244.54014587402344,242.0858612060547,253.55227661132812,236.07107543945312,244.54014587402344,242.0858612060547,253.55227661132812,236.07107543945312,SIFT:intensity,13.490737915039062,0.032733038744413516,ROBUST_MODEL_INLIER,FIT,0.018874482261187927,SYNTHETIC_SOURCE,SYNTHETIC_TARGET
716,419.9849853515625,88.01880645751953,428.9675598144531,82.0020523071289,419.9849853515625,88.01880645751953,428.9675598144531,82.0020523071289,SIFT:intensity,7.141428470611572,0.032741626121543584,ROBUST_MODEL_INLIER,FIT,0.02388897573444229,SYNTHETIC_SOURCE,SYNTHETIC_TARGET
717,157.98654174804688,168.2978515625,166.98846435546875,162.296630859375,157.98654174804688,168.2978515625,166.98846435546875,162.296630859375,SIFT:intensity,15.198683738708496,0.03276012123858046,ROBUST_MODEL_INLIER,HELD_OUT,0.0021466147550346665,SYNTHETIC_SOURCE,SYNTHETIC_TARGET
718,368.9128112792969,162.99497985839844,377.9095764160156,156.98556518554688,368.9128112792969,162.99497985839844,377.9095764160156,156.98556518554688,SIFT:intensity,9.848857879638672,0.032761343452383185,ROBUST_MODEL_INLIER,FIT,0.009595804246470682,SYNTHETIC_SOURCE,SYNTHETIC_TARGET
719,538.8258666992188,120.95582580566406,547.8517456054688,114.92198944091797,538.8258666992188,120.95582580566406,547.8517456054688,114.92198944091797,SIFT:intensity,10.440306663513184,0.032767540713990094,ROBUST_MODEL_INLIER,FIT,0.04233754890065105,SYNTHETIC_SOURCE,SYNTHETIC_TARGET
720,477.9326171875,266.36663818359375,486.9425354003906,260.3802490234375,477.9326171875,266.36663818359375,486.9425354003906,260.3802490234375,SIFT:intensity,15.099668502807617,0.032795158685886894,ROBUST_MODEL_INLIER,FIT,0.01716349952346625,SYNTHETIC_SOURCE,SYNTHETIC_TARGET
721,164.0022430419922,181.3652801513672,173.00064086914062,175.35890197753906,164.0022430419922,181.3652801513672,173.00064086914062,175.35890197753906,SIFT:intensity,13.82027530670166,0.03280459302409391,ROBUST_MODEL_INLIER,FIT,0.006212004931679118,SYNTHETIC_SOURCE,SYNTHETIC_TARGET
722,558.5529174804688,499.5316467285156,567.5575561523438,493.5665283203125,558.5529174804688,499.5316467285156,567.5575561523438,493.5665283203125,SIFT:intensity,13.152946472167969,0.03286696229939231,ROBUST_MODEL_INLIER,HELD_OUT,0.03555583210777686,SYNTHETIC_SOURCE,SYNTHETIC_TARGET
723,29.486509323120117,207.15399169921875,38.488834381103516,201.1112518310547,29.486509323120117,207.15399169921875,38.488834381103516,201.1112518310547,SIFT:intensity,14.247806549072266,0.032879534278556076,ROBUST_MODEL_INLIER,FIT,0.042441834651490574,SYNTHETIC_SOURCE,SYNTHETIC_TARGET
724,354.4833068847656,530.3387451171875,363.4613037109375,524.3046264648438,354.4833068847656,530.3387451171875,363.4613037109375,524.3046264648438,SIFT:intensity,10.0,0.03289117745958615,ROBUST_MODEL_INLIER,FIT,0.04026764660523189,SYNTHETIC_SOURCE,SYNTHETIC_TARGET
725,519.4476928710938,108.12759399414062,528.388916015625,102.13895416259766,519.4476928710938,108.12759399414062,528.388916015625,102.13895416259766,SIFT:intensity,10.344079971313477,0.03291639940781427,ROBUST_MODEL_INLIER,HELD_OUT,0.05988992316900269,SYNTHETIC_SOURCE,SYNTHETIC_TARGET
726,402.9217224121094,332.85406494140625,411.9187316894531,326.86541748046875,402.9217224121094,332.85406494140625,411.9187316894531,326.86541748046875,SIFT:intensity,13.266499519348145,0.032987874878377524,ROBUST_MODEL_INLIER,FIT,0.012081271057399558,SYNTHETIC_SOURCE,SYNTHETIC_TARGET
727,521.0787353515625,594.6788330078125,530.0784301757812,588.693115234375,521.0787353515625,594.6788330078125,530.0784301757812,588.693115234375,SIFT:intensity,16.76305389404297,0.033105364150010474,ROBUST_MODEL_INLIER,HELD_OUT,0.014648827036009542,SYNTHETIC_SOURCE,SYNTHETIC_TARGET
728,205.57858276367188,60.234962463378906,214.58164978027344,54.23680114746094,205.57858276367188,60.234962463378906,214.58164978027344,54.23680114746094,SIFT:intensity,14.866068840026855,0.03311823910618734,ROBUST_MODEL_INLIER,FIT,0.003813480660030933,SYNTHETIC_SOURCE,SYNTHETIC_TARGET
729,21.917322158813477,254.36863708496094,30.901229858398438,248.3631591796875,21.917322158813477,254.36863708496094,30.901229858398438,248.3631591796875,SIFT:intensity,14.899664878845215,0.03311887206478606,ROBUST_MODEL_INLIER,FIT,0.01684161085545913,SYNTHETIC_SOURCE,SYNTHETIC_TARGET
730,431.0510559082031,200.10232543945312,440.06201171875,194.12583923339844,431.0510559082031,200.10232543945312,440.06201171875,194.12583923339844,SIFT:intensity,12.884099006652832,0.033168128033015234,ROBUST_MODEL_INLIER,HELD_OUT,0.026290653405335315,SYNTHETIC_SOURCE,SYNTHETIC_TARGET
731,441.1177062988281,408.37451171875,450.0982666015625,402.3737487792969,441.1177062988281,408.37451171875,450.0982666015625,402.3737487792969,SIFT:intensity,14.0,0.033231758687269033,ROBUST_MODEL_INLIER,FIT,0.019398017382380173,SYNTHETIC_SOURCE,SYNTHETIC_TARGET
732,364.49542236328125,304.9941101074219,373.47607421875,299.01806640625,364.49542236328125,304.9941101074219,373.47607421875,299.01806640625,SIFT:intensity,15.588457107543945,0.03323855463638095,ROBUST_MODEL_INLIER,FIT,0.031049526867030032,SYNTHETIC_SOURCE,SYNTHETIC_TARGET
733,61.333038330078125,245.65077209472656,70.3199462890625,239.6446533203125,61.333038330078125,245.65077209472656,70.3199462890625,239.6446533203125,SIFT:intensity,12.569805145263672,0.03329484046723494,ROBUST_MODEL_INLIER,FIT,0.01425899560821498,SYNTHETIC_SOURCE,SYNTHETIC_TARGET
734,280.97637939453125,59.5361213684082,289.94970703125,53.55870056152344,280.97637939453125,59.5361213684082,289.94970703125,53.55870056152344,SIFT:intensity,11.618949890136719,0.03329936457147495,ROBUST_MODEL_INLIER,HELD_OUT,0.03514796113152573,SYNTHETIC_SOURCE,SYNTHETIC_TARGET
735,272.6787414550781,525.722900390625,281.67462158203125,519.734375,272.6787414550781,525.722900390625,281.67462158203125,519.734375,SIFT:intensity,9.539392471313477,0.03334045954392252,ROBUST_MODEL_INLIER,HELD_OUT,0.012520308459517411,SYNTHETIC_SOURCE,SYNTHETIC_TARGET
736,367.9907531738281,409.7430114746094,377.00872802734375,403.71990966796875,367.9907531738281,409.7430114746094,377.00872802734375,403.71990966796875,SIFT:intensity,15.459625244140625,0.03335039318862784,ROBUST_MODEL_INLIER,HELD_OUT,0.029012706636954964,SYNTHETIC_SOURCE,SYNTHETIC_TARGET
737,228.29835510253906,294.9439392089844,237.3450927734375,288.95489501953125,228.29835510253906,294.9439392089844,237.3450927734375,288.95489501953125,SIFT:intensity,11.135528564453125,0.03340870738281444,ROBUST_MODEL_INLIER,FIT,0.04813352181278392,SYNTHETIC_SOURCE,SYNTHETIC_TARGET
738,204.41497802734375,56.630043029785156,213.44149780273438,50.6306037902832,204.41497802734375,56.630043029785156,213.44149780273438,50.6306037902832,SIFT:intensity,14.142135620117188,0.033413623408207686,ROBUST_MODEL_INLIER,HELD_OUT,0.026581653142005914,SYNTHETIC_SOURCE,SYNTHETIC_TARGET
739,610.4434814453125,252.99612426757812,619.4564208984375,246.95858764648438,610.4434814453125,252.99612426757812,619.4564208984375,246.95858764648438,SIFT:intensity,16.792856216430664,0.03342750712539566,ROBUST_MODEL_INLIER,FIT,0.039375085697031735,SYNTHETIC_SOURCE,SYNTHETIC_TARGET
740,269.2234191894531,383.1926574707031,278.23883056640625,377.18450927734375,269.2234191894531,383.1926574707031,278.23883056640625,377.18450927734375,SIFT:intensity,12.369317054748535,0.03345234251038376,ROBUST_MODEL_INLIER,FIT,0.017306430271060057,SYNTHETIC_SOURCE,SYNTHETIC_TARGET
741,370.8970642089844,450.5397644042969,379.86651611328125,444.5462646484375,370.8970642089844,450.5397644042969,379.86651611328125,444.5462646484375,SIFT:intensity,12.845232963562012,0.03346372536158863,ROBUST_MODEL_INLIER,HELD_OUT,0.03126521230380474,SYNTHETIC_SOURCE,SYNTHETIC_TARGET
742,53.09318161010742,167.84202575683594,62.09811019897461,161.85435485839844,53.09318161010742,167.84202575683594,62.09811019897461,161.85435485839844,SIFT:intensity,5.099019527435303,0.033507048230511136,ROBUST_MODEL_INLIER,HELD_OUT,0.013633299080622918,SYNTHETIC_SOURCE,SYNTHETIC_TARGET
743,475.19476318359375,541.5578002929688,484.17645263671875,535.5917358398438,475.19476318359375,541.5578002929688,484.17645263671875,535.5917358398438,SIFT:intensity,12.688577651977539,0.03362100310237515,ROBUST_MODEL_INLIER,FIT,0.038859768186991384,SYNTHETIC_SOURCE,SYNTHETIC_TARGET
744,202.7691192626953,156.02378845214844,211.7744903564453,150.01246643066406,202.7691192626953,156.02378845214844,211.7744903564453,150.01246643066406,SIFT:intensity,5.196152210235596,0.03366962895139931,ROBUST_MODEL_INLIER,FIT,0.012223504544279071,SYNTHETIC_SOURCE,SYNTHETIC_TARGET
745,191.44207763671875,83.0727310180664,200.42076110839844,77.09393310546875,191.44207763671875,83.0727310180664,200.42076110839844,77.09393310546875,SIFT:intensity,10.677078247070312,0.03368247144225035,ROBUST_MODEL_INLIER,FIT,0.030291155623996178,SYNTHETIC_SOURCE,SYNTHETIC_TARGET
746,123.22494506835938,50.96263885498047,132.22463989257812,44.96110153198242,123.22494506835938,50.96263885498047,132.22463989257812,44.96110153198242,SIFT:intensity,12.727922439575195,0.03368661002108015,ROBUST_MODEL_INLIER,FIT,0.001201358643506689,SYNTHETIC_SOURCE,SYNTHETIC_TARGET
747,472.125732421875,581.9574584960938,481.1006774902344,575.9275512695312,472.125732421875,581.9574584960938,481.1006774902344,575.9275512695312,SIFT:intensity,15.231546401977539,0.03370891983979617,ROBUST_MODEL_INLIER,FIT,0.03870713300306428,SYNTHETIC_SOURCE,SYNTHETIC_TARGET
748,66.88483428955078,526.4996948242188,75.83910369873047,520.499267578125,66.88483428955078,526.4996948242188,75.83910369873047,520.499267578125,SIFT:intensity,12.806248664855957,0.03371268085506706,ROBUST_MODEL_INLIER,FIT,0.045684857812795916,SYNTHETIC_SOURCE,SYNTHETIC_TARGET
749,530.7894897460938,420.9198913574219,539.7450561523438,414.9662170410156,530.7894897460938,420.9198913574219,539.7450561523438,414.9662170410156,SIFT:intensity,9.05538558959961,0.03372893226736675,ROBUST_MODEL_INLIER,FIT,0.06442230386382397,SYNTHETIC_SOURCE,SYNTHETIC_TARGET
750,55.586639404296875,84.03655242919922,64.6028060913086,78.01114654541016,55.586639404296875,84.03655242919922,64.6028060913086,78.01114654541016,SIFT:intensity,11.445523262023926,0.03376921745889697,ROBUST_MODEL_INLIER,FIT,0.029831605852437614,SYNTHETIC_SOURCE,SYNTHETIC_TARGET
751,303.73297119140625,57.048343658447266,312.7232360839844,51.04317855834961,303.73297119140625,57.048343658447266,312.7232360839844,51.04317855834961,SIFT:intensity,12.806248664855957,0.033782754692458984,ROBUST_MODEL_INLIER,FIT,0.010813453814861042,SYNTHETIC_SOURCE,SYNTHETIC_TARGET
752,270.3816833496094,147.1448211669922,279.4125671386719,141.1504364013672,270.3816833496094,147.1448211669922,279.4125671386719,141.1504364013672,SIFT:intensity,15.588457107543945,0.033790519312957776,ROBUST_MODEL_INLIER,HELD_OUT,0.03150226804423213,SYNTHETIC_SOURCE,SYNTHETIC_TARGET
753,443.41058349609375,597.6781005859375,452.4058532714844,591.6962890625,443.41058349609375,597.6781005859375,452.4058532714844,591.6962890625,SIFT:intensity,8.88819408416748,0.03379736778800685,ROBUST_MODEL_INLIER,HELD_OUT,0.019135038716414917,SYNTHETIC_SOURCE,SYNTHETIC_TARGET
754,379.7684326171875,330.0920715332031,388.75927734375,324.0755310058594,379.7684326171875,330.0920715332031,388.75927734375,324.0755310058594,SIFT:intensity,15.55634880065918,0.03387270038783295,ROBUST_MODEL_INLIER,FIT,0.01856483643456271,SYNTHETIC_SOURCE,SYNTHETIC_TARGET
755,56.94032669067383,248.40284729003906,65.94649505615234,242.3752899169922,56.94032669067383,248.40284729003906,65.94649505615234,242.3752899169922,SIFT:intensity,12.569805145263672,0.03387878352438817,ROBUST_MODEL_INLIER,HELD_OUT,0.027894060038412407,SYNTHETIC_SOURCE,SYNTHETIC_TARGET
756,172.99998474121094,485.4462585449219,182.00804138183594,479.4542541503906,172.99998474121094,485.4462585449219,182.00804138183594,479.4542541503906,SIFT:intensity,14.899664878845215,0.033891420965451634,ROBUST_MODEL_INLIER,FIT,0.011642046236247244,SYNTHETIC_SOURCE,SYNTHETIC_TARGET
757,196.1132049560547,91.2334976196289,205.13340759277344,85.27133178710938,196.1132049560547,91.2334976196289,205.13340759277344,85.27133178710938,SIFT:intensity,7.6157732009887695,0.0339631320326504,ROBUST_MODEL_INLIER,FIT,0.04323333695811208,SYNTHETIC_SOURCE,SYNTHETIC_TARGET
758,266.8737487792969,471.1656799316406,275.8775329589844,465.1995849609375,266.8737487792969,471.1656799316406,275.8775329589844,465.1995849609375,SIFT:intensity,14.282856941223145,0.03396494872208529,ROBUST_MODEL_INLIER,FIT,0.03448268753758396,SYNTHETIC_SOURCE,SYNTHETIC_TARGET
759,66.51522827148438,307.5052795410156,75.52363586425781,301.5232238769531,66.51522827148438,307.5052795410156,75.52363586425781,301.5232238769531,SIFT:intensity,12.845232963562012,0.03398852158634518,ROBUST_MODEL_INLIER,FIT,0.020165954753845056,SYNTHETIC_SOURCE,SYNTHETIC_TARGET
760,498.2921142578125,397.6023254394531,507.295654296875,391.6002197265625,498.2921142578125,397.6023254394531,507.295654296875,391.6002197265625,SIFT:intensity,11.269427299499512,0.03399730579821997,ROBUST_MODEL_INLIER,FIT,0.003986298866371359,SYNTHETIC_SOURCE,SYNTHETIC_TARGET
761,81.53437042236328,427.5418395996094,90.5040054321289,421.56475830078125,81.53437042236328,427.5418395996094,90.5040054321289,421.56475830078125,SIFT:intensity,13.379088401794434,0.03400980706834257,ROBUST_MODEL_INLIER,FIT,0.03822764758931679,SYNTHETIC_SOURCE,SYNTHETIC_TARGET
762,453.55194091796875,394.9190368652344,462.5704040527344,388.91815185546875,453.55194091796875,394.9190368652344,462.5704040527344,388.91815185546875,SIFT:intensity,14.560219764709473,0.03401892610877902,ROBUST_MODEL_INLIER,FIT,0.018516234126972585,SYNTHETIC_SOURCE,SYNTHETIC_TARGET
763,494.12371826171875,522.9805908203125,503.12042236328125,516.9867553710938,494.12371826171875,522.9805908203125,503.12042236328125,516.9867553710938,SIFT:intensity,12.449899673461914,0.03406574479628064,ROBUST_MODEL_INLIER,FIT,0.007293094875163129,SYNTHETIC_SOURCE,SYNTHETIC_TARGET
764,219.5094757080078,166.65394592285156,228.51364135742188,160.62738037109375,219.5094757080078,166.65394592285156,228.51364135742188,160.62738037109375,SIFT:intensity,11.135528564453125,0.034127249938809466,ROBUST_MODEL_INLIER,FIT,0.026537549109170524,SYNTHETIC_SOURCE,SYNTHETIC_TARGET
765,509.7542419433594,237.80128479003906,518.7621459960938,231.81497192382812,509.7542419433594,237.80128479003906,518.7621459960938,231.81497192382812,SIFT:intensity,11.313708305358887,0.03414923326998648,ROBUST_MODEL_INLIER,FIT,0.016144431706626577,SYNTHETIC_SOURCE,SYNTHETIC_TARGET
766,582.6766967773438,468.35980224609375,591.6385498046875,462.35870361328125,582.6766967773438,468.35980224609375,591.6385498046875,462.35870361328125,SIFT:intensity,12.206555366516113,0.03416189168003374,ROBUST_MODEL_INLIER,FIT,0.038108272042515275,SYNTHETIC_SOURCE,SYNTHETIC_TARGET
767,307.99468994140625,541.3795166015625,316.98291015625,535.3865356445312,307.99468994140625,541.3795166015625,316.98291015625,535.3865356445312,SIFT:intensity,9.219544410705566,0.03422731163146815,ROBUST_MODEL_INLIER,FIT,0.013863649182364417,SYNTHETIC_SOURCE,SYNTHETIC_TARGET
768,567.9168701171875,362.275390625,576.9093627929688,356.2671203613281,567.9168701171875,362.275390625,576.9093627929688,356.2671203613281,SIFT:intensity,13.56466007232666,0.034227790854970956,ROBUST_MODEL_INLIER,HELD_OUT,0.010871011966476251,SYNTHETIC_SOURCE,SYNTHETIC_TARGET
769,309.55938720703125,454.85809326171875,318.5616149902344,448.8488464355469,309.55938720703125,454.85809326171875,318.5616149902344,448.8488464355469,SIFT:intensity,9.05538558959961,0.03426605964918521,ROBUST_MODEL_INLIER,HELD_OUT,0.009168875643032974,SYNTHETIC_SOURCE,SYNTHETIC_TARGET
770,360.565673828125,541.0247802734375,369.5404968261719,535.0403442382812,360.565673828125,541.0247802734375,369.5404968261719,535.0403442382812,SIFT:intensity,16.462078094482422,0.034355318138460954,ROBUST_MODEL_INLIER,FIT,0.029753793618844452,SYNTHETIC_SOURCE,SYNTHETIC_TARGET
771,610.4434814453125,252.99612426757812,619.4564208984375,246.95858764648438,610.4434814453125,252.99612426757812,619.4564208984375,246.95858764648438,SIFT:intensity,16.5227108001709,0.034372820019543796,ROBUST_MODEL_INLIER,HELD_OUT,0.039375085697031735,SYNTHETIC_SOURCE,SYNTHETIC_TARGET
772,166.78317260742188,224.06280517578125,175.788330078125,218.0642547607422,166.78317260742188,224.06280517578125,175.788330078125,218.0642547607422,SIFT:intensity,14.387495040893555,0.03446910082149079,ROBUST_MODEL_INLIER,FIT,0.005510351326896332,SYNTHETIC_SOURCE,SYNTHETIC_TARGET
773,185.9674072265625,216.54397583007812,194.94261169433594,210.57020568847656,185.9674072265625,216.54397583007812,194.94261169433594,210.57020568847656,SIFT:intensity,12.688577651977539,0.0344990704369494,ROBUST_MODEL_INLIER,HELD_OUT,0.036329049903701977,SYNTHETIC_SOURCE,SYNTHETIC_TARGET
774,387.76031494140625,304.2445373535156,396.7728271484375,298.24420166015625,387.76031494140625,304.2445373535156,396.7728271484375,298.24420166015625,SIFT:intensity,15.524174690246582,0.03452596826152461,ROBUST_MODEL_INLIER,HELD_OUT,0.012558015989027225,SYNTHETIC_SOURCE,SYNTHETIC_TARGET
775,424.62298583984375,318.5254211425781,433.60882568359375,312.52630615234375,424.62298583984375,318.5254211425781,433.60882568359375,312.52630615234375,SIFT:intensity,7.745966911315918,0.034540307074432695,ROBUST_MODEL_INLIER,FIT,0.014169562566785705,SYNTHETIC_SOURCE,SYNTHETIC_TARGET
776,460.44158935546875,370.8485412597656,469.418212890625,364.88818359375,460.44158935546875,370.8485412597656,469.418212890625,364.88818359375,SIFT:intensity,15.099668502807617,0.03455654531303407,ROBUST_MODEL_INLIER,FIT,0.046312547702616835,SYNTHETIC_SOURCE,SYNTHETIC_TARGET
777,394.4007568359375,326.6307678222656,403.4074401855469,320.6584167480469,394.4007568359375,326.6307678222656,403.4074401855469,320.6584167480469,SIFT:intensity,14.59451961517334,0.03459757779881076,ROBUST_MODEL_INLIER,FIT,0.02881010510482814,SYNTHETIC_SOURCE,SYNTHETIC_TARGET
778,219.87875366210938,50.39509582519531,228.8790740966797,44.40542984008789,219.87875366210938,50.39509582519531,228.8790740966797,44.40542984008789,SIFT:intensity,15.033296585083008,0.03468906085385142,ROBUST_MODEL_INLIER,FIT,0.010704584474942451,SYNTHETIC_SOURCE,SYNTHETIC_TARGET
779,336.6129150390625,91.6565170288086,345.6270446777344,85.61835479736328,336.6129150390625,91.6565170288086,345.6270446777344,85.61835479736328,SIFT:intensity,15.198683738708496,0.03470199974065674,ROBUST_MODEL_INLIER,HELD_OUT,0.04036862323353032,SYNTHETIC_SOURCE,SYNTHETIC_TARGET
780,538.7576293945312,445.5001525878906,547.761962890625,439.4670104980469,538.7576293945312,445.5001525878906,547.761962890625,439.4670104980469,SIFT:intensity,13.964240074157715,0.034746377214655254,ROBUST_MODEL_INLIER,FIT,0.0330690383751616,SYNTHETIC_SOURCE,SYNTHETIC_TARGET
781,183.94688415527344,353.5549621582031,192.9452667236328,347.57171630859375,183.94688415527344,353.5549621582031,192.9452667236328,347.57171630859375,SIFT:intensity,17.464248657226562,0.03487399605292144,ROBUST_MODEL_INLIER,HELD_OUT,0.0171904498762108,SYNTHETIC_SOURCE,SYNTHETIC_TARGET
782,539.4595947265625,479.1382141113281,548.4375,473.13153076171875,539.4595947265625,479.1382141113281,548.4375,473.13153076171875,SIFT:intensity,16.5227108001709,0.03488187885809652,ROBUST_MODEL_INLIER,FIT,0.022936576626093677,SYNTHETIC_SOURCE,SYNTHETIC_TARGET
783,503.3810729980469,515.7445068359375,512.377197265625,509.7437438964844,503.3810729980469,515.7445068359375,512.377197265625,509.7437438964844,SIFT:intensity,14.142135620117188,0.03489620286793617,ROBUST_MODEL_INLIER,FIT,0.003850645911156986,SYNTHETIC_SOURCE,SYNTHETIC_TARGET
784,52.54049301147461,86.10604095458984,61.56801986694336,80.11428833007812,52.54049301147461,86.10604095458984,61.56801986694336,80.11428833007812,SIFT:intensity,12.845232963562012,0.03494192490043634,ROBUST_MODEL_INLIER,FIT,0.02888617390531239,SYNTHETIC_SOURCE,SYNTHETIC_TARGET
785,96.6062240600586,298.6507263183594,105.60081481933594,292.6565246582031,96.6062240600586,298.6507263183594,105.60081481933594,292.6565246582031,SIFT:intensity,10.535654067993164,0.034998503933719116,ROBUST_MODEL_INLIER,FIT,0.008169756665284687,SYNTHETIC_SOURCE,SYNTHETIC_TARGET
786,293.5939636230469,295.35498046875,302.59442138671875,289.3594055175781,293.5939636230469,295.35498046875,302.59442138671875,289.3594055175781,SIFT:intensity,11.090536117553711,0.03500525852322887,ROBUST_MODEL_INLIER,FIT,0.004815750112400764,SYNTHETIC_SOURCE,SYNTHETIC_TARGET
787,401.2996826171875,356.2617492675781,410.2835998535156,350.25665283203125,401.2996826171875,356.2617492675781,410.2835998535156,350.25665283203125,SIFT:intensity,13.856406211853027,0.03503272551250343,ROBUST_MODEL_INLIER,FIT,0.01672058715113518,SYNTHETIC_SOURCE,SYNTHETIC_TARGET
788,380.5964660644531,116.57918548583984,389.6051940917969,110.61309051513672,380.5964660644531,116.57918548583984,389.6051940917969,110.61309051513672,SIFT:intensity,13.0,0.03506272883714043,ROBUST_MODEL_INLIER,FIT,0.03537466336224094,SYNTHETIC_SOURCE,SYNTHETIC_TARGET
789,43.43504333496094,320.71002197265625,52.4095344543457,314.697265625,43.43504333496094,320.71002197265625,52.4095344543457,314.697265625,SIFT:intensity,14.422204971313477,0.035115684554270256,ROBUST_MODEL_INLIER,FIT,0.028318411574713372,SYNTHETIC_SOURCE,SYNTHETIC_TARGET
790,153.48992919921875,329.0385437011719,162.48426818847656,323.0560607910156,153.48992919921875,329.0385437011719,162.48426818847656,323.0560607910156,SIFT:intensity,13.856406211853027,0.03512027524269171,ROBUST_MODEL_INLIER,HELD_OUT,0.018742334117665994,SYNTHETIC_SOURCE,SYNTHETIC_TARGET
791,432.98321533203125,289.94549560546875,442.02655029296875,283.96142578125,432.98321533203125,289.94549560546875,442.02655029296875,283.96142578125,SIFT:intensity,14.832396507263184,0.03520602952949487,ROBUST_MODEL_INLIER,FIT,0.046340030503242875,SYNTHETIC_SOURCE,SYNTHETIC_TARGET
792,336.6272277832031,390.5036926269531,345.63287353515625,384.5069580078125,336.6272277832031,390.5036926269531,345.63287353515625,384.5069580078125,SIFT:intensity,15.65247631072998,0.03529614184662767,ROBUST_MODEL_INLIER,FIT,0.006750415084624828,SYNTHETIC_SOURCE,SYNTHETIC_TARGET
793,279.2902526855469,383.8277282714844,288.2764587402344,377.82568359375,279.2902526855469,383.8277282714844,288.2764587402344,377.82568359375,SIFT:intensity,14.21267032623291,0.03529946291804159,ROBUST_MODEL_INLIER,FIT,0.013850480374981444,SYNTHETIC_SOURCE,SYNTHETIC_TARGET
794,106.90149688720703,126.13510131835938,115.91222381591797,120.17862701416016,106.90149688720703,126.13510131835938,115.91222381591797,120.17862701416016,SIFT:intensity,15.905973434448242,0.03530609526693275,ROBUST_MODEL_INLIER,FIT,0.04519273416295589,SYNTHETIC_SOURCE,SYNTHETIC_TARGET
795,545.1621704101562,178.36695861816406,554.1400146484375,172.3736114501953,545.1621704101562,178.36695861816406,554.1400146484375,172.3736114501953,SIFT:intensity,13.190905570983887,0.03533110672523475,ROBUST_MODEL_INLIER,FIT,0.023196802464077366,SYNTHETIC_SOURCE,SYNTHETIC_TARGET
796,250.169921875,239.54815673828125,259.1803894042969,233.52581787109375,250.169921875,239.54815673828125,259.1803894042969,233.52581787109375,SIFT:intensity,14.491376876831055,0.0353611271319567,ROBUST_MODEL_INLIER,FIT,0.024360029584061815,SYNTHETIC_SOURCE,SYNTHETIC_TARGET
797,604.5012817382812,261.5325927734375,613.4779663085938,255.5230712890625,604.5012817382812,261.5325927734375,613.4779663085938,255.5230712890625,SIFT:intensity,15.329710006713867,0.035362299341009935,ROBUST_MODEL_INLIER,HELD_OUT,0.025006613637145084,SYNTHETIC_SOURCE,SYNTHETIC_TARGET
798,81.67498016357422,493.57525634765625,90.67739868164062,487.5605773925781,81.67498016357422,493.57525634765625,90.67739868164062,487.5605773925781,SIFT:intensity,14.071247100830078,0.03540880501454215,ROBUST_MODEL_INLIER,FIT,0.014525219251851315,SYNTHETIC_SOURCE,SYNTHETIC_TARGET
799,106.03872680664062,434.5047912597656,115.02513122558594,428.5116271972656,106.03872680664062,434.5047912597656,115.02513122558594,428.5116271972656,SIFT:intensity,13.416407585144043,0.03542268135247107,ROBUST_MODEL_INLIER,FIT,0.01534407634258929,SYNTHETIC_SOURCE,SYNTHETIC_TARGET
800,511.8440856933594,149.81829833984375,520.8499145507812,143.8061065673828,511.8440856933594,149.81829833984375,520.8499145507812,143.8061065673828,SIFT:intensity,16.733200073242188,0.03542443475093482,ROBUST_MODEL_INLIER,FIT,0.013206072166824888,SYNTHETIC_SOURCE,SYNTHETIC_TARGET
801,209.1978759765625,366.55792236328125,218.18124389648438,360.55548095703125,209.1978759765625,366.55792236328125,218.18124389648438,360.55548095703125,SIFT:intensity,16.552946090698242,0.03553197994512659,ROBUST_MODEL_INLIER,FIT,0.016715855534681558,SYNTHETIC_SOURCE,SYNTHETIC_TARGET
802,97.14510345458984,372.2781982421875,106.10452270507812,366.2855224609375,97.14510345458984,372.2781982421875,106.10452270507812,366.2855224609375,SIFT:intensity,7.681145668029785,0.03556162075968779,ROBUST_MODEL_INLIER,FIT,0.041257695325637486,SYNTHETIC_SOURCE,SYNTHETIC_TARGET
803,594.9384155273438,375.1973876953125,603.930419921875,369.197998046875,594.9384155273438,375.1973876953125,603.930419921875,369.197998046875,SIFT:intensity,13.45362377166748,0.03556745932337263,ROBUST_MODEL_INLIER,HELD_OUT,0.00800935299560062,SYNTHETIC_SOURCE,SYNTHETIC_TARGET
804,129.89112854003906,311.8774719238281,138.90972900390625,305.87640380859375,129.89112854003906,311.8774719238281,138.90972900390625,305.87640380859375,SIFT:intensity,15.099668502807617,0.035644261136068486,ROBUST_MODEL_INLIER,HELD_OUT,0.01865951836758863,SYNTHETIC_SOURCE,SYNTHETIC_TARGET
805,350.11944580078125,35.534183502197266,359.1007080078125,29.501113891601562,350.11944580078125,35.534183502197266,359.1007080078125,29.501113891601562,SIFT:intensity,9.32737922668457,0.03567768942389157,ROBUST_MODEL_INLIER,FIT,0.03766999589918321,SYNTHETIC_SOURCE,SYNTHETIC_TARGET
806,461.4964294433594,298.79522705078125,470.461181640625,292.78533935546875,461.4964294433594,298.79522705078125,470.461181640625,292.78533935546875,SIFT:intensity,14.142135620117188,0.03571485547995612,ROBUST_MODEL_INLIER,FIT,0.03646748757836111,SYNTHETIC_SOURCE,SYNTHETIC_TARGET
807,391.05072021484375,169.03562927246094,400.02008056640625,163.07899475097656,391.05072021484375,169.03562927246094,400.02008056640625,163.07899475097656,SIFT:intensity,14.73091983795166,0.03575150052486337,ROBUST_MODEL_INLIER,FIT,0.05336926878982897,SYNTHETIC_SOURCE,SYNTHETIC_TARGET
808,141.70721435546875,120.17208099365234,150.71151733398438,114.16886138916016,141.70721435546875,120.17208099365234,150.71151733398438,114.16886138916016,SIFT:intensity,11.958260536193848,0.03575177468628216,ROBUST_MODEL_INLIER,FIT,0.005202346804980167,SYNTHETIC_SOURCE,SYNTHETIC_TARGET
809,388.6787414550781,539.27490234375,397.6856994628906,533.2720336914062,388.6787414550781,539.27490234375,397.6856994628906,533.2720336914062,SIFT:intensity,15.231546401977539,0.03575500098824486,ROBUST_MODEL_INLIER,FIT,0.007438061274399667,SYNTHETIC_SOURCE,SYNTHETIC_TARGET
810,72.56809997558594,550.7723388671875,81.54705047607422,544.8182983398438,72.56809997558594,550.7723388671875,81.54705047607422,544.8182983398438,SIFT:intensity,13.928388595581055,0.03575827860099361,ROBUST_MODEL_INLIER,HELD_OUT,0.05086303797002103,SYNTHETIC_SOURCE,SYNTHETIC_TARGET
811,22.809045791625977,436.7676086425781,31.804845809936523,430.7861022949219,22.809045791625977,436.7676086425781,31.804845809936523,430.7861022949219,SIFT:intensity,8.66025447845459,0.03576694312034605,ROBUST_MODEL_INLIER,FIT,0.01931009901103751,SYNTHETIC_SOURCE,SYNTHETIC_TARGET
812,493.102783203125,519.390625,502.1141052246094,513.390380859375,493.102783203125,519.390625,502.1141052246094,513.390380859375,SIFT:intensity,13.0,0.0358106339888803,ROBUST_MODEL_INLIER,FIT,0.011368432923313325,SYNTHETIC_SOURCE,SYNTHETIC_TARGET
813,500.7093505859375,23.643674850463867,509.695068359375,17.627403259277344,500.7093505859375,23.643674850463867,509.695068359375,17.627403259277344,SIFT:intensity,17.804492950439453,0.035818420033004256,ROBUST_MODEL_INLIER,FIT,0.02134755988112369,SYNTHETIC_SOURCE,SYNTHETIC_TARGET
814,252.9722137451172,160.19503784179688,261.9920654296875,154.23927307128906,252.9722137451172,160.19503784179688,261.9920654296875,154.23927307128906,SIFT:intensity,11.135528564453125,0.035843934987023984,ROBUST_MODEL_INLIER,HELD_OUT,0.04883674132052045,SYNTHETIC_SOURCE,SYNTHETIC_TARGET
815,370.8970642089844,450.5397644042969,379.86651611328125,444.5462646484375,370.8970642089844,450.5397644042969,379.86651611328125,444.5462646484375,SIFT:intensity,15.524174690246582,0.03584695835167858,ROBUST_MODEL_INLIER,HELD_OUT,0.03126521230380474,SYNTHETIC_SOURCE,SYNTHETIC_TARGET
816,31.818288803100586,401.3692626953125,40.82029342651367,395.38397216796875,31.818288803100586,401.3692626953125,40.82029342651367,395.38397216796875,SIFT:intensity,14.696938514709473,0.03584725878857983,ROBUST_MODEL_INLIER,FIT,0.015212589179584275,SYNTHETIC_SOURCE,SYNTHETIC_TARGET
817,385.34130859375,540.3113403320312,394.34564208984375,534.3309326171875,385.34130859375,540.3113403320312,394.34564208984375,534.3309326171875,SIFT:intensity,15.36229133605957,0.035882041371674965,ROBUST_MODEL_INLIER,FIT,0.0204314331760859,SYNTHETIC_SOURCE,SYNTHETIC_TARGET
818,168.58602905273438,202.38893127441406,177.56472778320312,196.3762969970703,168.58602905273438,202.38893127441406,177.56472778320312,196.3762969970703,SIFT:intensity,15.68438720703125,0.035907784430886706,ROBUST_MODEL_INLIER,FIT,0.024542783982120297,SYNTHETIC_SOURCE,SYNTHETIC_TARGET
819,274.9998779296875,419.3431701660156,283.99090576171875,413.3293151855469,274.9998779296875,419.3431701660156,283.99090576171875,413.3293151855469,SIFT:intensity,19.235383987426758,0.03590891335476115,ROBUST_MODEL_INLIER,FIT,0.016176490030344968,SYNTHETIC_SOURCE,SYNTHETIC_TARGET
820,417.6764831542969,229.15875244140625,426.67950439453125,223.15762329101562,417.6764831542969,229.15875244140625,426.67950439453125,223.15762329101562,SIFT:intensity,9.591663360595703,0.035925343891564085,ROBUST_MODEL_INLIER,FIT,0.0031609462925553072,SYNTHETIC_SOURCE,SYNTHETIC_TARGET
821,284.6106262207031,60.95817947387695,293.6312255859375,54.940589904785156,284.6106262207031,60.95817947387695,293.6312255859375,54.940589904785156,SIFT:intensity,12.489995956420898,0.035951255770555496,ROBUST_MODEL_INLIER,HELD_OUT,0.026887388184704483,SYNTHETIC_SOURCE,SYNTHETIC_TARGET
822,404.449462890625,447.52166748046875,413.46673583984375,441.5282287597656,404.449462890625,447.52166748046875,413.46673583984375,441.5282287597656,SIFT:intensity,12.206555366516113,0.03598406223992067,ROBUST_MODEL_INLIER,FIT,0.018652130018533844,SYNTHETIC_SOURCE,SYNTHETIC_TARGET
823,325.9037780761719,532.414306640625,334.9058837890625,526.4342651367188,325.9037780761719,532.414306640625,334.9058837890625,526.4342651367188,SIFT:intensity,12.489995956420898,0.035992429863417344,ROBUST_MODEL_INLIER,FIT,0.02043636692189362,SYNTHETIC_SOURCE,SYNTHETIC_TARGET
824,134.1909637451172,235.39266967773438,143.2145233154297,229.4112548828125,134.1909637451172,235.39266967773438,143.2145233154297,229.4112548828125,SIFT:intensity,13.67479419708252,0.03599802055160653,ROBUST_MODEL_INLIER,FIT,0.0302703860330298,SYNTHETIC_SOURCE,SYNTHETIC_TARGET
825,220.41854858398438,574.6157836914062,229.43084716796875,568.6190795898438,220.41854858398438,574.6157836914062,229.43084716796875,568.6190795898438,SIFT:intensity,18.84144401550293,0.03601096302176535,ROBUST_MODEL_INLIER,FIT,0.012875570331563986,SYNTHETIC_SOURCE,SYNTHETIC_TARGET
826,444.9648742675781,23.963842391967773,453.9654846191406,17.982866287231445,444.9648742675781,23.963842391967773,453.9654846191406,17.982866287231445,SIFT:intensity,15.68438720703125,0.036017727910175525,ROBUST_MODEL_INLIER,FIT,0.019399297889503966,SYNTHETIC_SOURCE,SYNTHETIC_TARGET
827,295.39532470703125,545.523681640625,304.4162902832031,539.5195922851562,295.39532470703125,545.523681640625,304.4162902832031,539.5195922851562,SIFT:intensity,14.387495040893555,0.03603693371611744,ROBUST_MODEL_INLIER,HELD_OUT,0.02133900060988299,SYNTHETIC_SOURCE,SYNTHETIC_TARGET
828,316.7185363769531,574.165283203125,325.7200927734375,568.150390625,316.7185363769531,574.165283203125,325.7200927734375,568.150390625,SIFT:intensity,15.132745742797852,0.036046289808441455,ROBUST_MODEL_INLIER,HELD_OUT,0.01461635107827973,SYNTHETIC_SOURCE,SYNTHETIC_TARGET
829,436.4925842285156,21.650146484375,445.4935607910156,15.65029239654541,436.4925842285156,21.650146484375,445.4935607910156,15.65029239654541,SIFT:intensity,10.954451560974121,0.03605018051931957,ROBUST_MODEL_INLIER,FIT,0.0011425834238151615,SYNTHETIC_SOURCE,SYNTHETIC_TARGET
830,102.59072875976562,124.8419189453125,111.61089324951172,118.8427963256836,102.59072875976562,124.8419189453125,111.61089324951172,118.8427963256836,SIFT:intensity,15.29705810546875,0.036057916068343826,ROBUST_MODEL_INLIER,FIT,0.020248373648914835,SYNTHETIC_SOURCE,SYNTHETIC_TARGET
831,306.4485778808594,446.48193359375,315.4277038574219,440.46746826171875,306.4485778808594,446.48193359375,315.4277038574219,440.46746826171875,SIFT:intensity,9.69536018371582,0.036101901381394116,ROBUST_MODEL_INLIER,FIT,0.025152631654657337,SYNTHETIC_SOURCE,SYNTHETIC_TARGET
832,104.39717864990234,425.5792236328125,113.4150161743164,419.57769775390625,104.39717864990234,425.5792236328125,113.4150161743164,419.57769775390625,SIFT:intensity,13.747727394104004,0.03611276677810545,ROBUST_MODEL_INLIER,FIT,0.01792098501898291,SYNTHETIC_SOURCE,SYNTHETIC_TARGET
833,195.98204040527344,604.4500122070312,204.9593048095703,598.4586181640625,195.98204040527344,604.4500122070312,204.9593048095703,598.4586181640625,SIFT:intensity,13.34166431427002,0.03619790213377188,ROBUST_MODEL_INLIER,FIT,0.02439863678754017,SYNTHETIC_SOURCE,SYNTHETIC_TARGET
834,524.6968383789062,201.076171875,533.7177734375,195.09173583984375,524.6968383789062,201.076171875,533.7177734375,195.09173583984375,SIFT:intensity,13.82027530670166,0.03619833210610716,ROBUST_MODEL_INLIER,FIT,0.02634207985181896,SYNTHETIC_SOURCE,SYNTHETIC_TARGET
835,27.724153518676758,232.28060913085938,36.69477462768555,226.27774047851562,27.724153518676758,232.28060913085938,36.69477462768555,226.27774047851562,SIFT:intensity,17.63519287109375,0.03621953247363418,ROBUST_MODEL_INLIER,FIT,0.02943982636212688,SYNTHETIC_SOURCE,SYNTHETIC_TARGET
836,330.8541564941406,237.65988159179688,339.8272399902344,231.67152404785156,330.8541564941406,237.65988159179688,339.8272399902344,231.67152404785156,SIFT:intensity,13.527749061584473,0.03624515616265056,ROBUST_MODEL_INLIER,HELD_OUT,0.029431246586181587,SYNTHETIC_SOURCE,SYNTHETIC_TARGET
837,108.54662322998047,131.10113525390625,117.54186248779297,125.10164642333984,108.54662322998047,131.10113525390625,117.54186248779297,125.10164642333984,SIFT:intensity,12.806248664855957,0.036292308867511044,ROBUST_MODEL_INLIER,FIT,0.004795555828032035,SYNTHETIC_SOURCE,SYNTHETIC_TARGET
838,107.88420104980469,177.6065216064453,116.8824691772461,171.58641052246094,107.88420104980469,177.6065216064453,116.8824691772461,171.58641052246094,SIFT:intensity,14.142135620117188,0.036301526802769796,ROBUST_MODEL_INLIER,FIT,0.019818634068852634,SYNTHETIC_SOURCE,SYNTHETIC_TARGET
839,279.2902526855469,383.8277282714844,288.2764587402344,377.82568359375,279.2902526855469,383.8277282714844,288.2764587402344,377.82568359375,SIFT:intensity,14.866068840026855,0.03630895913063862,ROBUST_MODEL_INLIER,HELD_OUT,0.013850480374981444,SYNTHETIC_SOURCE,SYNTHETIC_TARGET
840,520.5947265625,399.6045227050781,529.578857421875,393.58807373046875,520.5947265625,399.6045227050781,529.578857421875,393.58807373046875,SIFT:intensity,12.369317054748535,0.036332917303973776,ROBUST_MODEL_INLIER,HELD_OUT,0.02256314468936859,SYNTHETIC_SOURCE,SYNTHETIC_TARGET
841,361.4206237792969,51.778419494628906,370.42486572265625,45.78459930419922,361.4206237792969,51.778419494628906,370.42486572265625,45.78459930419922,SIFT:intensity,13.892443656921387,0.036346114255452026,ROBUST_MODEL_INLIER,FIT,0.007823679281112049,SYNTHETIC_SOURCE,SYNTHETIC_TARGET
842,316.7185363769531,574.165283203125,325.7200927734375,568.150390625,316.7185363769531,574.165283203125,325.7200927734375,568.150390625,SIFT:intensity,14.106736183166504,0.03634959937943366,ROBUST_MODEL_INLIER,FIT,0.01461635107827973,SYNTHETIC_SOURCE,SYNTHETIC_TARGET
843,185.99722290039062,348.18414306640625,194.98553466796875,342.1756286621094,185.99722290039062,348.18414306640625,194.98553466796875,342.1756286621094,SIFT:intensity,15.779733657836914,0.0363967264364651,ROBUST_MODEL_INLIER,HELD_OUT,0.014211647495487603,SYNTHETIC_SOURCE,SYNTHETIC_TARGET
844,520.5822143554688,418.9731750488281,529.5960693359375,412.87030029296875,520.5822143554688,418.9731750488281,529.5960693359375,412.87030029296875,SIFT:intensity,13.56466007232666,0.03640355447259837,ROBUST_MODEL_INLIER,FIT,0.10344865327937297,SYNTHETIC_SOURCE,SYNTHETIC_TARGET
845,33.01050567626953,219.8143310546875,42.00503921508789,213.8291473388672,33.01050567626953,219.8143310546875,42.00503921508789,213.8291473388672,SIFT:intensity,15.132745742797852,0.036429774414779445,ROBUST_MODEL_INLIER,HELD_OUT,0.016119369369067604,SYNTHETIC_SOURCE,SYNTHETIC_TARGET
846,470.4717102050781,183.52783203125,479.43658447265625,177.5278778076172,470.4717102050781,183.52783203125,479.43658447265625,177.5278778076172,SIFT:intensity,15.779733657836914,0.036459335916869916,ROBUST_MODEL_INLIER,FIT,0.03508235286250288,SYNTHETIC_SOURCE,SYNTHETIC_TARGET
847,297.63836669921875,508.03076171875,306.6122741699219,502.0018310546875,297.63836669921875,508.03076171875,306.6122741699219,502.0018310546875,SIFT:intensity,16.552946090698242,0.03647749325756729,ROBUST_MODEL_INLIER,FIT,0.0386583792843119,SYNTHETIC_SOURCE,SYNTHETIC_TARGET
848,580.43115234375,27.90898323059082,589.43115234375,21.888765335083008,580.43115234375,27.90898323059082,589.43115234375,21.888765335083008,SIFT:intensity,15.099668502807617,0.03655740466229507,ROBUST_MODEL_INLIER,FIT,0.01985364469209126,SYNTHETIC_SOURCE,SYNTHETIC_TARGET
849,604.4910278320312,591.0928344726562,613.4963989257812,585.073486328125,604.4910278320312,591.0928344726562,613.4963989257812,585.073486328125,SIFT:intensity,14.282856941223145,0.036582204813005184,ROBUST_MODEL_INLIER,FIT,0.019741547527794494,SYNTHETIC_SOURCE,SYNTHETIC_TARGET
850,496.6986083984375,511.4960632324219,505.7195739746094,505.4997863769531,496.6986083984375,511.4960632324219,505.7195739746094,505.4997863769531,SIFT:intensity,15.842979431152344,0.03659872572758211,ROBUST_MODEL_INLIER,FIT,0.021405236921263397,SYNTHETIC_SOURCE,SYNTHETIC_TARGET
851,556.7478637695312,83.6453857421875,565.7376098632812,77.66292572021484,556.7478637695312,83.6453857421875,565.7376098632812,77.66292572021484,SIFT:intensity,15.42724895477295,0.03663437561779553,ROBUST_MODEL_INLIER,FIT,0.020609930031345532,SYNTHETIC_SOURCE,SYNTHETIC_TARGET
852,454.6427001953125,578.1717529296875,463.64263916015625,572.1869506835938,454.6427001953125,578.1717529296875,463.64263916015625,572.1869506835938,SIFT:intensity,6.928203105926514,0.03671579462958181,ROBUST_MODEL_INLIER,HELD_OUT,0.015562064975830703,SYNTHETIC_SOURCE,SYNTHETIC_TARGET
853,57.350162506103516,379.1892395019531,66.3558578491211,373.1970520019531,57.350162506103516,379.1892395019531,66.3558578491211,373.1970520019531,SIFT:intensity,15.29705810546875,0.03676986182051213,ROBUST_MODEL_INLIER,FIT,0.009991024407989551,SYNTHETIC_SOURCE,SYNTHETIC_TARGET
854,337.5401306152344,486.02203369140625,346.6132507324219,479.9535827636719,337.5401306152344,486.02203369140625,346.6132507324219,479.9535827636719,SIFT:intensity,10.908712387084961,0.036787267109669904,ROBUST_MODEL_INLIER,FIT,0.09994516680253983,SYNTHETIC_SOURCE,SYNTHETIC_TARGET
855,467.8511962890625,110.36605072021484,476.864013671875,104.38848876953125,467.8511962890625,110.36605072021484,476.864013671875,104.38848876953125,SIFT:intensity,13.45362377166748,0.036821397613870925,ROBUST_MODEL_INLIER,FIT,0.026180301031474233,SYNTHETIC_SOURCE,SYNTHETIC_TARGET
856,185.9674072265625,216.54397583007812,194.94261169433594,210.57020568847656,185.9674072265625,216.54397583007812,194.94261169433594,210.57020568847656,SIFT:intensity,14.387495040893555,0.03683559604198724,ROBUST_MODEL_INLIER,FIT,0.036329049903701977,SYNTHETIC_SOURCE,SYNTHETIC_TARGET
857,140.8526611328125,379.5590515136719,149.856201171875,373.5660095214844,140.8526611328125,379.5590515136719,149.856201171875,373.5660095214844,SIFT:intensity,10.862780570983887,0.03685264152381134,ROBUST_MODEL_INLIER,FIT,0.008153178309982976,SYNTHETIC_SOURCE,SYNTHETIC_TARGET
858,119.95525360107422,463.12884521484375,128.9394073486328,457.1300354003906,119.95525360107422,463.12884521484375,128.9394073486328,457.1300354003906,SIFT:intensity,13.928388595581055,0.03686552414251118,ROBUST_MODEL_INLIER,FIT,0.015876759135450145,SYNTHETIC_SOURCE,SYNTHETIC_TARGET
859,548.0286254882812,572.4300537109375,556.9990234375,566.42138671875,548.0286254882812,572.4300537109375,556.9990234375,566.42138671875,SIFT:intensity,16.309507369995117,0.036872642204584506,ROBUST_MODEL_INLIER,FIT,0.030700293080119494,SYNTHETIC_SOURCE,SYNTHETIC_TARGET
860,176.95301818847656,366.05548095703125,185.9813690185547,360.0531921386719,176.95301818847656,366.05548095703125,185.9813690185547,360.0531921386719,SIFT:intensity,14.933184623718262,0.03687430864993985,ROBUST_MODEL_INLIER,FIT,0.028461746515487524,SYNTHETIC_SOURCE,SYNTHETIC_TARGET
861,172.54254150390625,135.102783203125,181.55145263671875,129.09234619140625,172.54254150390625,135.102783203125,181.55145263671875,129.09234619140625,SIFT:intensity,13.638181686401367,0.036939229868329336,ROBUST_MODEL_INLIER,FIT,0.013479082725578084,SYNTHETIC_SOURCE,SYNTHETIC_TARGET
862,44.43239974975586,611.6430053710938,53.46220779418945,605.6477661132812,44.43239974975586,611.6430053710938,53.46220779418945,605.6477661132812,SIFT:intensity,10.049875259399414,0.03694407501351828,ROBUST_MODEL_INLIER,HELD_OUT,0.030290538301836405,SYNTHETIC_SOURCE,SYNTHETIC_TARGET
863,580.1943969726562,390.03985595703125,589.2020263671875,384.058837890625,580.1943969726562,390.03985595703125,589.2020263671875,384.058837890625,SIFT:intensity,14.73091983795166,0.036964322416936625,ROBUST_MODEL_INLIER,FIT,0.020813100236300733,SYNTHETIC_SOURCE,SYNTHETIC_TARGET
864,545.1621704101562,178.36695861816406,554.1400146484375,172.3736114501953,545.1621704101562,178.36695861816406,554.1400146484375,172.3736114501953,SIFT:intensity,12.806248664855957,0.03698973200028666,ROBUST_MODEL_INLIER,FIT,0.023196802464077366,SYNTHETIC_SOURCE,SYNTHETIC_TARGET
865,383.49835205078125,160.5487518310547,392.4940490722656,154.54202270507812,383.49835205078125,160.5487518310547,392.4940490722656,154.54202270507812,SIFT:intensity,7.937253952026367,0.037030586889411014,ROBUST_MODEL_INLIER,HELD_OUT,0.007657332052325295,SYNTHETIC_SOURCE,SYNTHETIC_TARGET
866,28.909364700317383,447.0075378417969,37.897220611572266,441.01214599609375,28.909364700317383,447.0075378417969,37.897220611572266,441.01214599609375,SIFT:intensity,16.031219482421875,0.03706375417840451,ROBUST_MODEL_INLIER,HELD_OUT,0.01308030962246102,SYNTHETIC_SOURCE,SYNTHETIC_TARGET
867,236.89466857910156,22.85303497314453,245.88941955566406,16.879261016845703,236.89466857910156,22.85303497314453,245.88941955566406,16.879261016845703,SIFT:intensity,18.41195297241211,0.03709607667141833,ROBUST_MODEL_INLIER,HELD_OUT,0.02709465536004478,SYNTHETIC_SOURCE,SYNTHETIC_TARGET
868,527.681640625,473.87457275390625,536.6830444335938,467.8593444824219,527.681640625,473.87457275390625,536.6830444335938,467.8593444824219,SIFT:intensity,11.958260536193848,0.037100440070809745,ROBUST_MODEL_INLIER,FIT,0.014934484864154609,SYNTHETIC_SOURCE,SYNTHETIC_TARGET
869,33.01050567626953,219.8143310546875,42.00503921508789,213.8291473388672,33.01050567626953,219.8143310546875,42.00503921508789,213.8291473388672,SIFT:intensity,15.36229133605957,0.037120413627446384,ROBUST_MODEL_INLIER,HELD_OUT,0.016119369369067604,SYNTHETIC_SOURCE,SYNTHETIC_TARGET
870,493.29351806640625,147.5760040283203,502.3150634765625,141.52650451660156,493.29351806640625,147.5760040283203,502.3150634765625,141.52650451660156,SIFT:intensity,15.491933822631836,0.037153699299887565,ROBUST_MODEL_INLIER,HELD_OUT,0.053669805416609914,SYNTHETIC_SOURCE,SYNTHETIC_TARGET
871,177.4397735595703,329.0788879394531,186.4397430419922,323.0625,177.4397735595703,329.0788879394531,186.4397430419922,323.0625,SIFT:intensity,13.784049034118652,0.0372013707798945,ROBUST_MODEL_INLIER,FIT,0.016023643129481287,SYNTHETIC_SOURCE,SYNTHETIC_TARGET
872,127.72041320800781,554.4299926757812,136.70457458496094,548.42626953125,127.72041320800781,554.4299926757812,136.70457458496094,548.42626953125,SIFT:intensity,9.486832618713379,0.03720355235130479,ROBUST_MODEL_INLIER,FIT,0.016146077502735567,SYNTHETIC_SOURCE,SYNTHETIC_TARGET
873,269.0337829589844,268.1499328613281,278.0425109863281,262.138671875,269.0337829589844,268.1499328613281,278.0425109863281,262.138671875,SIFT:intensity,16.462078094482422,0.037246140704859675,ROBUST_MODEL_INLIER,FIT,0.013989900867343549,SYNTHETIC_SOURCE,SYNTHETIC_TARGET
874,47.523345947265625,416.1456604003906,56.50240707397461,410.14569091796875,47.523345947265625,416.1456604003906,56.50240707397461,410.14569091796875,SIFT:intensity,14.866068840026855,0.03729840222501932,ROBUST_MODEL_INLIER,FIT,0.0208968270994039,SYNTHETIC_SOURCE,SYNTHETIC_TARGET
875,558.7105712890625,299.9361877441406,567.7302856445312,293.95068359375,558.7105712890625,299.9361877441406,567.7302856445312,293.95068359375,SIFT:intensity,17.972200393676758,0.03734366689173405,ROBUST_MODEL_INLIER,HELD_OUT,0.024724218152428163,SYNTHETIC_SOURCE,SYNTHETIC_TARGET
876,330.8541564941406,237.65988159179688,339.8272399902344,231.67152404785156,330.8541564941406,237.65988159179688,339.8272399902344,231.67152404785156,SIFT:intensity,12.727922439575195,0.03735050945958847,ROBUST_MODEL_INLIER,FIT,0.029431246586181587,SYNTHETIC_SOURCE,SYNTHETIC_TARGET
877,520.369140625,167.87074279785156,529.3695678710938,161.86297607421875,520.369140625,167.87074279785156,529.3695678710938,161.86297607421875,SIFT:intensity,14.798648834228516,0.03740301518258649,ROBUST_MODEL_INLIER,FIT,0.007417517964626354,SYNTHETIC_SOURCE,SYNTHETIC_TARGET
878,106.41350555419922,488.8211669921875,115.37316131591797,482.81817626953125,106.41350555419922,488.8211669921875,115.37316131591797,482.81817626953125,SIFT:intensity,19.313207626342773,0.03743375799316716,ROBUST_MODEL_INLIER,FIT,0.040383958569667956,SYNTHETIC_SOURCE,SYNTHETIC_TARGET
879,21.567691802978516,381.8465270996094,30.566951751708984,375.82177734375,21.567691802978516,381.8465270996094,30.566951751708984,375.82177734375,SIFT:intensity,11.0,0.03761106778460869,ROBUST_MODEL_INLIER,FIT,0.02439533357175587,SYNTHETIC_SOURCE,SYNTHETIC_TARGET
880,53.541114807128906,248.45181274414062,62.556644439697266,242.45372009277344,53.541114807128906,248.45181274414062,62.556644439697266,242.45372009277344,SIFT:intensity,14.21267032623291,0.03766707345479486,ROBUST_MODEL_INLIER,FIT,0.015740195911289532,SYNTHETIC_SOURCE,SYNTHETIC_TARGET
881,492.6778564453125,182.99853515625,501.6819152832031,176.96949768066406,492.6778564453125,182.99853515625,501.6819152832031,176.96949768066406,SIFT:intensity,14.317821502685547,0.037681086176523645,ROBUST_MODEL_INLIER,HELD_OUT,0.028965473422318075,SYNTHETIC_SOURCE,SYNTHETIC_TARGET
882,368.628173828125,217.13096618652344,377.6333923339844,211.1210174560547,368.628173828125,217.13096618652344,377.6333923339844,211.1210174560547,SIFT:intensity,12.884099006652832,0.03769424006964824,ROBUST_MODEL_INLIER,HELD_OUT,0.01093498541273476,SYNTHETIC_SOURCE,SYNTHETIC_TARGET
883,610.9611206054688,337.0972900390625,619.9456787109375,331.0898742675781,610.9611206054688,337.0972900390625,619.9456787109375,331.0898742675781,SIFT:intensity,15.716233253479004,0.037720383531810064,ROBUST_MODEL_INLIER,FIT,0.016934097377869085,SYNTHETIC_SOURCE,SYNTHETIC_TARGET
884,273.6708068847656,228.87521362304688,282.6772155761719,222.86109924316406,273.6708068847656,228.87521362304688,282.6772155761719,222.86109924316406,SIFT:intensity,6.78233003616333,0.03773906167204553,ROBUST_MODEL_INLIER,FIT,0.015189626470972224,SYNTHETIC_SOURCE,SYNTHETIC_TARGET
885,58.57496643066406,462.6261291503906,67.56388092041016,456.6334533691406,58.57496643066406,462.6261291503906,67.56388092041016,456.6334533691406,SIFT:intensity,10.677078247070312,0.03775719764909532,ROBUST_MODEL_INLIER,HELD_OUT,0.013453218947331008,SYNTHETIC_SOURCE,SYNTHETIC_TARGET
886,77.71366119384766,86.39248657226562,86.69821166992188,80.37616729736328,77.71366119384766,86.39248657226562,86.69821166992188,80.37616729736328,SIFT:intensity,14.933184623718262,0.03779366411032805,ROBUST_MODEL_INLIER,HELD_OUT,0.022177388224557528,SYNTHETIC_SOURCE,SYNTHETIC_TARGET
887,472.476318359375,369.2353515625,481.47198486328125,363.2100524902344,472.476318359375,369.2353515625,481.47198486328125,363.2100524902344,SIFT:intensity,9.746794700622559,0.037794457331876696,ROBUST_MODEL_INLIER,FIT,0.02530073574853063,SYNTHETIC_SOURCE,SYNTHETIC_TARGET
888,339.099853515625,613.9649047851562,348.1334533691406,608.0051879882812,339.099853515625,613.9649047851562,348.1334533691406,608.0051879882812,SIFT:intensity,18.920886993408203,0.037821658146417976,ROBUST_MODEL_INLIER,FIT,0.0527659758960742,SYNTHETIC_SOURCE,SYNTHETIC_TARGET
889,608.5961303710938,60.40833282470703,617.56298828125,54.39714431762695,608.5961303710938,60.40833282470703,617.56298828125,54.39714431762695,SIFT:intensity,16.67333221435547,0.037839638846096604,ROBUST_MODEL_INLIER,FIT,0.034821392088169534,SYNTHETIC_SOURCE,SYNTHETIC_TARGET
890,298.64239501953125,326.0057067871094,307.65673828125,320.02520751953125,298.64239501953125,326.0057067871094,307.65673828125,320.02520751953125,SIFT:intensity,12.328827857971191,0.037904544410100244,ROBUST_MODEL_INLIER,HELD_OUT,0.024528841651138843,SYNTHETIC_SOURCE,SYNTHETIC_TARGET
891,544.9945068359375,483.9181213378906,554.009765625,477.9302062988281,544.9945068359375,483.9181213378906,554.009765625,477.9302062988281,SIFT:intensity,16.67333221435547,0.037946208582698544,ROBUST_MODEL_INLIER,HELD_OUT,0.019728505017842842,SYNTHETIC_SOURCE,SYNTHETIC_TARGET
892,509.1676330566406,307.0829162597656,518.1383056640625,301.0400085449219,509.1676330566406,307.0829162597656,518.1383056640625,301.0400085449219,SIFT:intensity,8.5440034866333,0.037952364561071344,ROBUST_MODEL_INLIER,FIT,0.05164644120485677,SYNTHETIC_SOURCE,SYNTHETIC_TARGET
893,68.09805297851562,445.57830810546875,77.09536743164062,439.55999755859375,68.09805297851562,445.57830810546875,77.09536743164062,439.55999755859375,SIFT:intensity,13.601470947265625,0.037976936722118805,ROBUST_MODEL_INLIER,FIT,0.01813935049606197,SYNTHETIC_SOURCE,SYNTHETIC_TARGET
894,462.7748718261719,410.93829345703125,471.77593994140625,404.928955078125,462.7748718261719,410.93829345703125,471.77593994140625,404.928955078125,SIFT:intensity,14.106736183166504,0.038017609038273184,ROBUST_MODEL_INLIER,FIT,0.009042941020602251,SYNTHETIC_SOURCE,SYNTHETIC_TARGET
895,244.1947479248047,319.5741271972656,253.20245361328125,313.5469055175781,244.1947479248047,319.5741271972656,253.20245361328125,313.5469055175781,SIFT:intensity,16.492422103881836,0.03815891499415108,ROBUST_MODEL_INLIER,HELD_OUT,0.02795360188110479,SYNTHETIC_SOURCE,SYNTHETIC_TARGET
896,40.30895233154297,378.9642028808594,49.27724838256836,372.97149658203125,40.30895233154297,378.9642028808594,49.27724838256836,372.97149658203125,SIFT:intensity,15.033296585083008,0.038161353712247076,ROBUST_MODEL_INLIER,FIT,0.03257122855768365,SYNTHETIC_SOURCE,SYNTHETIC_TARGET
897,320.36834716796875,140.10220336914062,329.3507080078125,134.08860778808594,320.36834716796875,140.10220336914062,329.3507080078125,134.08860778808594,SIFT:intensity,16.703292846679688,0.03820513582968686,ROBUST_MODEL_INLIER,FIT,0.022013492601737954,SYNTHETIC_SOURCE,SYNTHETIC_TARGET
898,476.1161193847656,525.3809814453125,485.11505126953125,519.3912353515625,476.1161193847656,525.3809814453125,485.11505126953125,519.3912353515625,SIFT:intensity,15.905973434448242,0.0382052800944124,ROBUST_MODEL_INLIER,HELD_OUT,0.010667312545415465,SYNTHETIC_SOURCE,SYNTHETIC_TARGET
899,259.3072204589844,94.71765899658203,268.3022155761719,88.72700500488281,259.3072204589844,94.71765899658203,268.3022155761719,88.72700500488281,SIFT:intensity,15.231546401977539,0.03820839711194376,ROBUST_MODEL_INLIER,FIT,0.010903343236374236,SYNTHETIC_SOURCE,SYNTHETIC_TARGET
900,324.8722229003906,246.36593627929688,333.8854064941406,240.4057159423828,324.8722229003906,246.36593627929688,333.8854064941406,240.4057159423828,SIFT:intensity,14.966629981994629,0.038213143725930585,ROBUST_MODEL_INLIER,FIT,0.04226765068093285,SYNTHETIC_SOURCE,SYNTHETIC_TARGET
901,267.26171875,509.8759460449219,276.2851867675781,503.8948974609375,267.26171875,509.8759460449219,276.2851867675781,503.8948974609375,SIFT:intensity,13.45362377166748,0.038284070323633394,ROBUST_MODEL_INLIER,FIT,0.030430174655134312,SYNTHETIC_SOURCE,SYNTHETIC_TARGET
902,53.541114807128906,248.45181274414062,62.556644439697266,242.45372009277344,53.541114807128906,248.45181274414062,62.556644439697266,242.45372009277344,SIFT:intensity,14.282856941223145,0.03828620013145985,ROBUST_MODEL_INLIER,HELD_OUT,0.015740195911289532,SYNTHETIC_SOURCE,SYNTHETIC_TARGET
903,465.9162292480469,187.33462524414062,474.9194030761719,181.34657287597656,465.9162292480469,187.33462524414062,474.9194030761719,181.34657287597656,SIFT:intensity,15.81138801574707,0.03831670766738596,ROBUST_MODEL_INLIER,HELD_OUT,0.012725942283016788,SYNTHETIC_SOURCE,SYNTHETIC_TARGET
904,411.2913818359375,351.4050598144531,420.2904968261719,345.4190979003906,411.2913818359375,351.4050598144531,420.2904968261719,345.4190979003906,SIFT:intensity,13.34166431427002,0.03832498489327459,ROBUST_MODEL_INLIER,HELD_OUT,0.01442682005038755,SYNTHETIC_SOURCE,SYNTHETIC_TARGET
905,541.7160034179688,302.92816162109375,550.681884765625,296.945068359375,541.7160034179688,302.92816162109375,550.681884765625,296.945068359375,SIFT:intensity,20.049938201904297,0.03840308090270301,ROBUST_MODEL_INLIER,HELD_OUT,0.038200127808602304,SYNTHETIC_SOURCE,SYNTHETIC_TARGET
906,550.1559448242188,44.01100158691406,559.1256713867188,38.040252685546875,550.1559448242188,44.01100158691406,559.1256713867188,38.040252685546875,SIFT:intensity,11.045360565185547,0.03853285580126302,ROBUST_MODEL_INLIER,FIT,0.04231765052920606,SYNTHETIC_SOURCE,SYNTHETIC_TARGET
907,442.0331115722656,203.9656982421875,451.0350341796875,197.9649200439453,442.0331115722656,203.9656982421875,451.0350341796875,197.9649200439453,SIFT:intensity,14.966629981994629,0.03854716877951992,ROBUST_MODEL_INLIER,FIT,0.0020114282301616397,SYNTHETIC_SOURCE,SYNTHETIC_TARGET
908,524.790771484375,51.77885055541992,533.765380859375,45.75190734863281,524.790771484375,51.77885055541992,533.765380859375,45.75190734863281,SIFT:intensity,17.435596466064453,0.03856225037164779,ROBUST_MODEL_INLIER,FIT,0.0367260050569308,SYNTHETIC_SOURCE,SYNTHETIC_TARGET
909,137.99488830566406,327.3210144042969,146.98269653320312,321.3065490722656,137.99488830566406,327.3210144042969,146.98269653320312,321.3065490722656,SIFT:intensity,14.03566837310791,0.038600191611623244,ROBUST_MODEL_INLIER,FIT,0.01861086307085943,SYNTHETIC_SOURCE,SYNTHETIC_TARGET
910,52.62649917602539,28.405954360961914,61.626686096191406,22.40985679626465,52.62649917602539,28.405954360961914,61.626686096191406,22.40985679626465,SIFT:intensity,16.278820037841797,0.03860630619018114,ROBUST_MODEL_INLIER,FIT,0.004273079503785307,SYNTHETIC_SOURCE,SYNTHETIC_TARGET
911,167.51052856445312,211.39138793945312,176.52194213867188,205.35855102539062,167.51052856445312,211.39138793945312,176.52194213867188,205.35855102539062,SIFT:intensity,10.0,0.03862529865119109,ROBUST_MODEL_INLIER,HELD_OUT,0.03443526022587478,SYNTHETIC_SOURCE,SYNTHETIC_TARGET
912,51.82865524291992,142.54214477539062,60.854854583740234,136.56143188476562,51.82865524291992,142.54214477539062,60.854854583740234,136.56143188476562,SIFT:intensity,16.881942749023438,0.03864713391352851,ROBUST_MODEL_INLIER,HELD_OUT,0.03278695178972964,SYNTHETIC_SOURCE,SYNTHETIC_TARGET
913,438.2876892089844,326.9390869140625,447.28228759765625,320.935546875,438.2876892089844,326.9390869140625,447.28228759765625,320.935546875,SIFT:intensity,8.88819408416748,0.038649801644108875,ROBUST_MODEL_INLIER,FIT,0.0062265772240686305,SYNTHETIC_SOURCE,SYNTHETIC_TARGET
914,582.6766967773438,468.35980224609375,591.6385498046875,462.35870361328125,582.6766967773438,468.35980224609375,591.6385498046875,462.35870361328125,SIFT:intensity,10.816654205322266,0.038713706322715834,ROBUST_MODEL_INLIER,HELD_OUT,0.038108272042515275,SYNTHETIC_SOURCE,SYNTHETIC_TARGET
915,506.9766845703125,390.4917297363281,515.9826049804688,384.5025634765625,506.9766845703125,390.4917297363281,515.9826049804688,384.5025634765625,SIFT:intensity,15.198683738708496,0.03872945520322116,ROBUST_MODEL_INLIER,FIT,0.012688245233273976,SYNTHETIC_SOURCE,SYNTHETIC_TARGET
916,590.1585693359375,138.7128448486328,599.1702880859375,132.7117462158203,590.1585693359375,138.7128448486328,599.1702880859375,132.7117462158203,SIFT:intensity,9.110433578491211,0.038749563625467436,ROBUST_MODEL_INLIER,FIT,0.011787422112274213,SYNTHETIC_SOURCE,SYNTHETIC_TARGET
917,364.0166015625,217.40139770507812,373.009521484375,211.40512084960938,364.0166015625,217.40139770507812,373.009521484375,211.40512084960938,SIFT:intensity,13.747727394104004,0.03874983022212237,ROBUST_MODEL_INLIER,FIT,0.008135639701622335,SYNTHETIC_SOURCE,SYNTHETIC_TARGET
918,385.1592102050781,400.0338439941406,394.184326171875,394.0527648925781,385.1592102050781,400.0338439941406,394.184326171875,394.0527648925781,SIFT:intensity,14.899664878845215,0.03880555287746203,ROBUST_MODEL_INLIER,FIT,0.03170224497180039,SYNTHETIC_SOURCE,SYNTHETIC_TARGET
919,607.111328125,593.8069458007812,616.099853515625,587.7909545898438,607.111328125,593.8069458007812,616.099853515625,587.7909545898438,SIFT:intensity,16.401220321655273,0.03886938063592624,ROBUST_MODEL_INLIER,FIT,0.019360228748731733,SYNTHETIC_SOURCE,SYNTHETIC_TARGET
920,226.21011352539062,478.59832763671875,235.17616271972656,472.60845947265625,226.21011352539062,478.59832763671875,235.17616271972656,472.60845947265625,SIFT:intensity,15.937376976013184,0.03890615298809518,ROBUST_MODEL_INLIER,HELD_OUT,0.03549253381457739,SYNTHETIC_SOURCE,SYNTHETIC_TARGET
921,141.75448608398438,411.4362487792969,150.74098205566406,405.4349670410156,141.75448608398438,411.4362487792969,150.74098205566406,405.4349670410156,SIFT:intensity,6.78233003616333,0.038964109547192025,ROBUST_MODEL_INLIER,FIT,0.01348948598162956,SYNTHETIC_SOURCE,SYNTHETIC_TARGET
922,271.3985900878906,497.3208923339844,280.4156188964844,491.3045959472656,271.3985900878906,497.3208923339844,280.4156188964844,491.3045959472656,SIFT:intensity,12.609519958496094,0.03901726230361469,ROBUST_MODEL_INLIER,HELD_OUT,0.023353216576004462,SYNTHETIC_SOURCE,SYNTHETIC_TARGET
923,429.5456237792969,364.3333740234375,438.5503845214844,358.3489685058594,429.5456237792969,364.3333740234375,438.5503845214844,358.3489685058594,SIFT:intensity,15.905973434448242,0.03901817573741087,ROBUST_MODEL_INLIER,FIT,0.016666897478331586,SYNTHETIC_SOURCE,SYNTHETIC_TARGET
924,92.7228012084961,356.42193603515625,101.71794128417969,350.4120178222656,92.7228012084961,356.42193603515625,101.71794128417969,350.4120178222656,SIFT:intensity,14.317821502685547,0.03902052583511116,ROBUST_MODEL_INLIER,FIT,0.010698280395614126,SYNTHETIC_SOURCE,SYNTHETIC_TARGET
925,176.16500854492188,463.58026123046875,185.1820831298828,457.58892822265625,176.16500854492188,463.58026123046875,185.1820831298828,457.58892822265625,SIFT:intensity,14.142135620117188,0.03903169192177616,ROBUST_MODEL_INLIER,FIT,0.01935642207138979,SYNTHETIC_SOURCE,SYNTHETIC_TARGET
926,470.4717102050781,183.52783203125,479.43658447265625,177.5278778076172,470.4717102050781,183.52783203125,479.43658447265625,177.5278778076172,SIFT:intensity,16.309507369995117,0.03903427267680936,ROBUST_MODEL_INLIER,FIT,0.03508235286250288,SYNTHETIC_SOURCE,SYNTHETIC_TARGET
927,170.39431762695312,554.9548950195312,179.37271118164062,548.9638061523438,170.39431762695312,554.9548950195312,179.37271118164062,548.9638061523438,SIFT:intensity,13.928388595581055,0.039045283819644075,ROBUST_MODEL_INLIER,FIT,0.023471177341692306,SYNTHETIC_SOURCE,SYNTHETIC_TARGET
928,134.87173461914062,509.9770202636719,143.87326049804688,503.9699401855469,134.87173461914062,509.9770202636719,143.87326049804688,503.9699401855469,SIFT:intensity,16.309507369995117,0.039062923709208615,ROBUST_MODEL_INLIER,FIT,0.0068972261032022,SYNTHETIC_SOURCE,SYNTHETIC_TARGET
929,475.19476318359375,541.5578002929688,484.17645263671875,535.5917358398438,475.19476318359375,541.5578002929688,484.17645263671875,535.5917358398438,SIFT:intensity,14.764822959899902,0.039068033278269805,ROBUST_MODEL_INLIER,HELD_OUT,0.038859768186991384,SYNTHETIC_SOURCE,SYNTHETIC_TARGET
930,335.39434814453125,64.18399810791016,344.43896484375,58.196044921875,335.39434814453125,64.18399810791016,344.43896484375,58.196044921875,SIFT:intensity,7.141428470611572,0.039107784925867695,ROBUST_MODEL_INLIER,HELD_OUT,0.046354854809356215,SYNTHETIC_SOURCE,SYNTHETIC_TARGET
931,55.586639404296875,84.03655242919922,64.6028060913086,78.01114654541016,55.586639404296875,84.03655242919922,64.6028060913086,78.01114654541016,SIFT:intensity,13.266499519348145,0.0391464805942833,ROBUST_MODEL_INLIER,FIT,0.029831605852437614,SYNTHETIC_SOURCE,SYNTHETIC_TARGET
932,283.3507995605469,573.2279052734375,292.3630065917969,567.224365234375,283.3507995605469,573.2279052734375,292.3630065917969,567.224365234375,SIFT:intensity,14.03566837310791,0.039153876999383816,ROBUST_MODEL_INLIER,FIT,0.0126576692286652,SYNTHETIC_SOURCE,SYNTHETIC_TARGET
933,166.07720947265625,187.49237060546875,175.095703125,181.47866821289062,166.07720947265625,187.49237060546875,175.095703125,181.47866821289062,SIFT:intensity,15.937376976013184,0.03917366870270201,ROBUST_MODEL_INLIER,HELD_OUT,0.022838893029507673,SYNTHETIC_SOURCE,SYNTHETIC_TARGET
934,365.0268859863281,403.8204650878906,374.0159912109375,397.8334045410156,365.0268859863281,403.8204650878906,374.0159912109375,397.8334045410156,SIFT:intensity,17.916473388671875,0.039315665915382186,ROBUST_MODEL_INLIER,FIT,0.017166558260534176,SYNTHETIC_SOURCE,SYNTHETIC_TARGET
935,584.5320434570312,130.33181762695312,593.5227661132812,124.32707977294922,584.5320434570312,130.33181762695312,593.5227661132812,124.32707977294922,SIFT:intensity,17.464248657226562,0.03938166623690598,ROBUST_MODEL_INLIER,FIT,0.010215173986589558,SYNTHETIC_SOURCE,SYNTHETIC_TARGET
936,604.107421875,516.7053833007812,613.09814453125,510.68121337890625,604.107421875,516.7053833007812,613.09814453125,510.68121337890625,SIFT:intensity,14.866068840026855,0.03938394121053643,ROBUST_MODEL_INLIER,FIT,0.025532906186497232,SYNTHETIC_SOURCE,SYNTHETIC_TARGET
937,615.6526489257812,367.2042541503906,624.6631469726562,361.2183532714844,615.6526489257812,367.2042541503906,624.6631469726562,361.2183532714844,SIFT:intensity,8.426149368286133,0.03939819445673174,ROBUST_MODEL_INLIER,FIT,0.017898683250793433,SYNTHETIC_SOURCE,SYNTHETIC_TARGET
938,79.3399658203125,139.90512084960938,88.3575210571289,133.91323852539062,79.3399658203125,139.90512084960938,88.3575210571289,133.91323852539062,SIFT:intensity,15.68438720703125,0.03951040693537386,ROBUST_MODEL_INLIER,FIT,0.019538158539743056,SYNTHETIC_SOURCE,SYNTHETIC_TARGET
939,211.3662567138672,312.3202819824219,220.39779663085938,306.3692626953125,211.3662567138672,312.3202819824219,220.39779663085938,306.3692626953125,SIFT:intensity,14.177447319030762,0.03951557143276362,ROBUST_MODEL_INLIER,FIT,0.058588281049658915,SYNTHETIC_SOURCE,SYNTHETIC_TARGET
940,510.0596618652344,52.325008392333984,519.0064697265625,46.339698791503906,510.0596618652344,52.325008392333984,519.0064697265625,46.339698791503906,SIFT:intensity,12.409673690795898,0.03955115216118001,ROBUST_MODEL_INLIER,FIT,0.05523748637815265,SYNTHETIC_SOURCE,SYNTHETIC_TARGET
941,97.82430267333984,589.845703125,106.825439453125,583.8480834960938,97.82430267333984,589.845703125,106.825439453125,583.8480834960938,SIFT:intensity,15.329710006713867,0.03956834805095984,ROBUST_MODEL_INLIER,HELD_OUT,0.0029885913348676185,SYNTHETIC_SOURCE,SYNTHETIC_TARGET
942,454.7701110839844,311.9001159667969,463.78289794921875,305.87384033203125,454.7701110839844,311.9001159667969,463.78289794921875,305.87384033203125,SIFT:intensity,17.14642906188965,0.03964717470559449,ROBUST_MODEL_INLIER,FIT,0.02891494032201647,SYNTHETIC_SOURCE,SYNTHETIC_TARGET
943,488.1082458496094,377.06182861328125,497.1156311035156,371.04290771484375,488.1082458496094,377.06182861328125,497.1156311035156,371.04290771484375,SIFT:intensity,15.132745742797852,0.03965938777821446,ROBUST_MODEL_INLIER,FIT,0.019989182657153604,SYNTHETIC_SOURCE,SYNTHETIC_TARGET
944,88.56226348876953,522.01953125,97.57939910888672,516.0115356445312,88.56226348876953,522.01953125,97.57939910888672,516.0115356445312,SIFT:intensity,16.5227108001709,0.039691688776612485,ROBUST_MODEL_INLIER,HELD_OUT,0.01879992429599642,SYNTHETIC_SOURCE,SYNTHETIC_TARGET
945,379.07440185546875,71.7786636352539,388.09222412109375,65.77621459960938,379.07440185546875,71.7786636352539,388.09222412109375,65.77621459960938,SIFT:intensity,12.845232963562012,0.039723620374540344,ROBUST_MODEL_INLIER,FIT,0.017989247687952077,SYNTHETIC_SOURCE,SYNTHETIC_TARGET
946,79.3399658203125,139.90512084960938,88.3575210571289,133.91323852539062,79.3399658203125,139.90512084960938,88.3575210571289,133.91323852539062,SIFT:intensity,15.42724895477295,0.03989220251286423,ROBUST_MODEL_INLIER,FIT,0.019538158539743056,SYNTHETIC_SOURCE,SYNTHETIC_TARGET
947,515.4306640625,143.43438720703125,524.4061279296875,137.42967224121094,515.4306640625,143.43438720703125,524.4061279296875,137.42967224121094,SIFT:intensity,18.275667190551758,0.03992690781830108,ROBUST_MODEL_INLIER,FIT,0.024873797873878934,SYNTHETIC_SOURCE,SYNTHETIC_TARGET
948,244.7639923095703,94.93740844726562,253.7518768310547,88.89289093017578,244.7639923095703,94.93740844726562,253.7518768310547,88.89289093017578,SIFT:intensity,13.784049034118652,0.039931293508398046,ROBUST_MODEL_INLIER,FIT,0.04577317961879878,SYNTHETIC_SOURCE,SYNTHETIC_TARGET
949,240.2076416015625,420.2124328613281,249.22335815429688,414.2106018066406,240.2076416015625,420.2124328613281,249.22335815429688,414.2106018066406,SIFT:intensity,18.70828628540039,0.03994234051552937,ROBUST_MODEL_INLIER,FIT,0.015830425688884826,SYNTHETIC_SOURCE,SYNTHETIC_TARGET
950,617.0044555664062,354.2088317871094,625.9915161132812,348.1918029785156,617.0044555664062,354.2088317871094,625.9915161132812,348.1918029785156,SIFT:intensity,8.602325439453125,0.0399844420390064,ROBUST_MODEL_INLIER,FIT,0.021070183373495317,SYNTHETIC_SOURCE,SYNTHETIC_TARGET
951,467.88555908203125,85.1719970703125,476.8843078613281,79.11229705810547,467.88555908203125,85.1719970703125,476.8843078613281,79.11229705810547,SIFT:intensity,15.231546401977539,0.04002968718031758,ROBUST_MODEL_INLIER,FIT,0.05934795205621431,SYNTHETIC_SOURCE,SYNTHETIC_TARGET
952,587.4973754882812,472.7785949707031,596.4921264648438,466.7662353515625,587.4973754882812,472.7785949707031,596.4921264648438,466.7662353515625,SIFT:intensity,13.076696395874023,0.040145065403626855,ROBUST_MODEL_INLIER,HELD_OUT,0.01307521989340747,SYNTHETIC_SOURCE,SYNTHETIC_TARGET
953,164.7550811767578,464.5233154296875,173.76712036132812,458.5097351074219,164.7550811767578,464.5233154296875,173.76712036132812,458.5097351074219,SIFT:intensity,18.0,0.04019148850050963,ROBUST_MODEL_INLIER,FIT,0.017908362027983245,SYNTHETIC_SOURCE,SYNTHETIC_TARGET
954,364.2945861816406,64.42630767822266,373.2898254394531,58.42947006225586,364.2945861816406,64.42630767822266,373.2898254394531,58.42947006225586,SIFT:intensity,15.55634880065918,0.040281959845459646,ROBUST_MODEL_INLIER,HELD_OUT,0.005887990172408501,SYNTHETIC_SOURCE,SYNTHETIC_TARGET
955,227.0829315185547,150.77911376953125,236.2613067626953,144.7631378173828,227.0829315185547,150.77911376953125,236.2613067626953,144.7631378173828,SIFT:intensity,12.884099006652832,0.04030297492389247,ROBUST_MODEL_INLIER,FIT,0.17910271949302384,SYNTHETIC_SOURCE,SYNTHETIC_TARGET
956,90.5630874633789,491.1285400390625,99.55687713623047,485.13055419921875,90.5630874633789,491.1285400390625,99.55687713623047,485.13055419921875,SIFT:intensity,18.11077117919922,0.04030880992395339,ROBUST_MODEL_INLIER,FIT,0.006607478802194288,SYNTHETIC_SOURCE,SYNTHETIC_TARGET
957,387.76031494140625,304.2445373535156,396.7728271484375,298.24420166015625,387.76031494140625,304.2445373535156,396.7728271484375,298.24420166015625,SIFT:intensity,18.193405151367188,0.04032973616479624,ROBUST_MODEL_INLIER,FIT,0.012558015989027225,SYNTHETIC_SOURCE,SYNTHETIC_TARGET
958,328.0466613769531,560.6571044921875,337.06024169921875,554.6666870117188,328.0466613769531,560.6571044921875,337.06024169921875,554.6666870117188,SIFT:intensity,16.093477249145508,0.040391911623119676,ROBUST_MODEL_INLIER,FIT,0.016870383935584647,SYNTHETIC_SOURCE,SYNTHETIC_TARGET
959,47.13650131225586,404.760986328125,56.09926986694336,398.7650146484375,47.13650131225586,404.760986328125,56.09926986694336,398.7650146484375,SIFT:intensity,11.135528564453125,0.04039546458952365,ROBUST_MODEL_INLIER,FIT,0.0374442134334431,SYNTHETIC_SOURCE,SYNTHETIC_TARGET
960,143.5983428955078,447.1250915527344,152.60787963867188,441.1572265625,143.5983428955078,447.1250915527344,152.60787963867188,441.1572265625,SIFT:intensity,15.066518783569336,0.040405737659300764,ROBUST_MODEL_INLIER,FIT,0.033882592124574264,SYNTHETIC_SOURCE,SYNTHETIC_TARGET
961,250.86695861816406,388.1319274902344,259.8415832519531,382.1091613769531,250.86695861816406,388.1319274902344,259.8415832519531,382.1091613769531,SIFT:intensity,13.601470947265625,0.04041189773244619,ROBUST_MODEL_INLIER,HELD_OUT,0.03381462995725873,SYNTHETIC_SOURCE,SYNTHETIC_TARGET
962,319.2615661621094,135.40333557128906,328.2501220703125,129.43051147460938,319.2615661621094,135.40333557128906,328.2501220703125,129.43051147460938,SIFT:intensity,14.560219764709473,0.040421980085254744,ROBUST_MODEL_INLIER,HELD_OUT,0.029805781171361383,SYNTHETIC_SOURCE,SYNTHETIC_TARGET
963,472.2427673339844,271.7944641113281,481.24603271484375,265.7694396972656,472.2427673339844,271.7944641113281,481.24603271484375,265.7694396972656,SIFT:intensity,9.69536018371582,0.04043385367872619,ROBUST_MODEL_INLIER,FIT,0.02488141496681392,SYNTHETIC_SOURCE,SYNTHETIC_TARGET
964,395.13653564453125,431.7458190917969,404.1340026855469,425.7360534667969,395.13653564453125,431.7458190917969,404.1340026855469,425.7360534667969,SIFT:intensity,15.264337539672852,0.04044629463455784,ROBUST_MODEL_INLIER,FIT,0.009724758179341217,SYNTHETIC_SOURCE,SYNTHETIC_TARGET
965,549.3050537109375,140.9434814453125,558.3052368164062,134.9344940185547,549.3050537109375,140.9434814453125,558.3052368164062,134.9344940185547,SIFT:intensity,18.11077117919922,0.04046112436284955,ROBUST_MODEL_INLIER,FIT,0.008626160216551949,SYNTHETIC_SOURCE,SYNTHETIC_TARGET
966,204.63430786132812,346.1419677734375,213.68373107910156,340.15362548828125,204.63430786132812,346.1419677734375,213.68373107910156,340.15362548828125,SIFT:intensity,12.449899673461914,0.040518611017142915,ROBUST_MODEL_INLIER,HELD_OUT,0.05090884312650778,SYNTHETIC_SOURCE,SYNTHETIC_TARGET
967,139.8331298828125,446.9986572265625,148.8433074951172,441.021240234375,139.8331298828125,446.9986572265625,148.8433074951172,441.021240234375,SIFT:intensity,18.681541442871094,0.040556501410766346,ROBUST_MODEL_INLIER,HELD_OUT,0.025121639605876416,SYNTHETIC_SOURCE,SYNTHETIC_TARGET
968,28.357437133789062,435.0657958984375,37.37333679199219,429.06939697265625,28.357437133789062,435.0657958984375,37.37333679199219,429.06939697265625,SIFT:intensity,16.093477249145508,0.04059132926771727,ROBUST_MODEL_INLIER,FIT,0.016431101752264206,SYNTHETIC_SOURCE,SYNTHETIC_TARGET
969,348.4249572753906,21.566650390625,357.43316650390625,15.558817863464355,348.4249572753906,21.566650390625,357.43316650390625,15.558817863464355,SIFT:intensity,16.155494689941406,0.04065694064121572,ROBUST_MODEL_INLIER,FIT,0.011131912186740828,SYNTHETIC_SOURCE,SYNTHETIC_TARGET
970,40.448822021484375,421.25762939453125,49.44607162475586,415.2519226074219,40.448822021484375,421.25762939453125,49.44607162475586,415.2519226074219,SIFT:intensity,16.970561981201172,0.040725257338038424,ROBUST_MODEL_INLIER,FIT,0.005988079948181072,SYNTHETIC_SOURCE,SYNTHETIC_TARGET
971,63.070533752441406,301.8188171386719,72.03670501708984,295.8189697265625,63.070533752441406,301.8188171386719,72.03670501708984,295.8189697265625,SIFT:intensity,14.317821502685547,0.040756464927686406,ROBUST_MODEL_INLIER,FIT,0.03378691306617897,SYNTHETIC_SOURCE,SYNTHETIC_TARGET
972,79.99736785888672,569.6323852539062,89.00204467773438,563.6245727539062,79.99736785888672,569.6323852539062,89.00204467773438,563.6245727539062,SIFT:intensity,15.42724895477295,0.04076578024577684,ROBUST_MODEL_INLIER,HELD_OUT,0.008819213986636043,SYNTHETIC_SOURCE,SYNTHETIC_TARGET
973,147.33856201171875,173.3626251220703,156.3414764404297,167.3985595703125,147.33856201171875,173.3626251220703,156.3414764404297,167.3985595703125,SIFT:intensity,16.552946090698242,0.04078738632372213,ROBUST_MODEL_INLIER,FIT,0.036419255876487276,SYNTHETIC_SOURCE,SYNTHETIC_TARGET
974,524.6968383789062,201.076171875,533.7177734375,195.09173583984375,524.6968383789062,201.076171875,533.7177734375,195.09173583984375,SIFT:intensity,16.61324691772461,0.04082002198081863,ROBUST_MODEL_INLIER,FIT,0.02634207985181896,SYNTHETIC_SOURCE,SYNTHETIC_TARGET
975,482.04736328125,23.98753547668457,491.0460205078125,17.964269638061523,482.04736328125,23.98753547668457,491.0460205078125,17.964269638061523,SIFT:intensity,15.65247631072998,0.04086348686569219,ROBUST_MODEL_INLIER,HELD_OUT,0.02293823245854307,SYNTHETIC_SOURCE,SYNTHETIC_TARGET
976,577.529541015625,124.87702178955078,586.5169067382812,118.86776733398438,577.529541015625,124.87702178955078,586.5169067382812,118.86776733398438,SIFT:intensity,9.539392471313477,0.04088064929736853,ROBUST_MODEL_INLIER,FIT,0.015411202387245996,SYNTHETIC_SOURCE,SYNTHETIC_TARGET
977,379.07440185546875,71.7786636352539,388.09222412109375,65.77621459960938,379.07440185546875,71.7786636352539,388.09222412109375,65.77621459960938,SIFT:intensity,14.352700233459473,0.04089486611738952,ROBUST_MODEL_INLIER,FIT,0.017989247687952077,SYNTHETIC_SOURCE,SYNTHETIC_TARGET
978,421.24090576171875,409.9388732910156,430.2400817871094,403.9505615234375,421.24090576171875,409.9388732910156,430.2400817871094,403.9505615234375,SIFT:intensity,13.22875690460205,0.04091552965460973,ROBUST_MODEL_INLIER,HELD_OUT,0.012077632913546467,SYNTHETIC_SOURCE,SYNTHETIC_TARGET
979,245.14678955078125,81.78146362304688,254.1455078125,75.77926635742188,245.14678955078125,81.78146362304688,254.1455078125,75.77926635742188,SIFT:intensity,18.601076126098633,0.04092489930590432,ROBUST_MODEL_INLIER,FIT,0.002210735551556808,SYNTHETIC_SOURCE,SYNTHETIC_TARGET
980,24.222614288330078,144.50433349609375,33.224082946777344,138.49803161621094,24.222614288330078,144.50433349609375,33.224082946777344,138.49803161621094,SIFT:intensity,13.784049034118652,0.04096159811510293,ROBUST_MODEL_INLIER,HELD_OUT,0.0061276688107019155,SYNTHETIC_SOURCE,SYNTHETIC_TARGET
981,545.3087158203125,527.643310546875,554.3274536132812,521.625732421875,545.3087158203125,527.643310546875,554.3274536132812,521.625732421875,SIFT:intensity,16.124515533447266,0.04105575963370831,ROBUST_MODEL_INLIER,FIT,0.025478189193354105,SYNTHETIC_SOURCE,SYNTHETIC_TARGET
982,412.10662841796875,472.0086364746094,421.1760559082031,465.9864501953125,412.10662841796875,472.0086364746094,421.1760559082031,465.9864501953125,SIFT:intensity,15.524174690246582,0.04106048037734923,ROBUST_MODEL_INLIER,HELD_OUT,0.07281986951438915,SYNTHETIC_SOURCE,SYNTHETIC_TARGET
983,72.56809997558594,550.7723388671875,81.54705047607422,544.8182983398438,72.56809997558594,550.7723388671875,81.54705047607422,544.8182983398438,SIFT:intensity,15.524174690246582,0.04106048037734923,ROBUST_MODEL_INLIER,FIT,0.05086303797002103,SYNTHETIC_SOURCE,SYNTHETIC_TARGET
984,500.7093505859375,23.643674850463867,509.695068359375,17.627403259277344,500.7093505859375,23.643674850463867,509.695068359375,17.627403259277344,SIFT:intensity,17.029386520385742,0.04120476407639517,ROBUST_MODEL_INLIER,FIT,0.02134755988112369,SYNTHETIC_SOURCE,SYNTHETIC_TARGET
985,230.22349548339844,35.33053207397461,239.15370178222656,29.33013916015625,230.22349548339844,35.33053207397461,239.15370178222656,29.33013916015625,SIFT:intensity,9.05538558959961,0.041270133623426686,ROBUST_MODEL_INLIER,FIT,0.06974793067256958,SYNTHETIC_SOURCE,SYNTHETIC_TARGET
986,286.8954772949219,66.49107360839844,295.9281005859375,60.449928283691406,286.8954772949219,66.49107360839844,295.9281005859375,60.449928283691406,SIFT:intensity,16.911535263061523,0.041284626784811505,ROBUST_MODEL_INLIER,FIT,0.05225284343557666,SYNTHETIC_SOURCE,SYNTHETIC_TARGET
987,528.3074951171875,23.071731567382812,537.3290405273438,17.068767547607422,528.3074951171875,23.071731567382812,537.3290405273438,17.068767547607422,SIFT:intensity,11.090536117553711,0.04135985896562194,ROBUST_MODEL_INLIER,HELD_OUT,0.021747134517916173,SYNTHETIC_SOURCE,SYNTHETIC_TARGET
988,368.54937744140625,65.00518035888672,377.531005859375,59.02802276611328,368.54937744140625,65.00518035888672,377.531005859375,59.02802276611328,SIFT:intensity,16.733200073242188,0.041440652634530485,ROBUST_MODEL_INLIER,FIT,0.02957002840898139,SYNTHETIC_SOURCE,SYNTHETIC_TARGET
989,167.66232299804688,144.22227478027344,176.63897705078125,138.2291717529297,167.66232299804688,144.22227478027344,176.63897705078125,138.2291717529297,SIFT:intensity,18.357559204101562,0.041482010018730815,ROBUST_MODEL_INLIER,FIT,0.02440541121563611,SYNTHETIC_SOURCE,SYNTHETIC_TARGET
990,450.3661193847656,593.6954956054688,459.3825988769531,587.6909790039062,450.3661193847656,593.6954956054688,459.3825988769531,587.6909790039062,SIFT:intensity,9.273618698120117,0.041498205949696124,ROBUST_MODEL_INLIER,FIT,0.017038957693074383,SYNTHETIC_SOURCE,SYNTHETIC_TARGET
991,77.71366119384766,86.39248657226562,86.69821166992188,80.37616729736328,77.71366119384766,86.39248657226562,86.69821166992188,80.37616729736328,SIFT:intensity,16.278820037841797,0.04151936294741316,ROBUST_MODEL_INLIER,FIT,0.022177388224557528,SYNTHETIC_SOURCE,SYNTHETIC_TARGET
992,567.4710083007812,369.5052490234375,576.470458984375,363.47760009765625,567.4710083007812,369.5052490234375,576.470458984375,363.47760009765625,SIFT:intensity,16.822603225708008,0.041541599131673566,ROBUST_MODEL_INLIER,HELD_OUT,0.02728926823408806,SYNTHETIC_SOURCE,SYNTHETIC_TARGET
993,210.7364501953125,151.19822692871094,219.755615234375,145.17266845703125,210.7364501953125,151.19822692871094,219.755615234375,145.17266845703125,SIFT:intensity,6.4031243324279785,0.04157434648244711,ROBUST_MODEL_INLIER,FIT,0.0316828271349327,SYNTHETIC_SOURCE,SYNTHETIC_TARGET
994,510.0596618652344,52.325008392333984,519.0064697265625,46.339698791503906,510.0596618652344,52.325008392333984,519.0064697265625,46.339698791503906,SIFT:intensity,9.380831718444824,0.041603924274603604,ROBUST_MODEL_INLIER,HELD_OUT,0.05523748637815265,SYNTHETIC_SOURCE,SYNTHETIC_TARGET
995,358.5816955566406,238.9467010498047,367.6092224121094,232.95166015625,358.5816955566406,238.9467010498047,367.6092224121094,232.95166015625,SIFT:intensity,17.291616439819336,0.04164768909707894,ROBUST_MODEL_INLIER,FIT,0.028081821891610934,SYNTHETIC_SOURCE,SYNTHETIC_TARGET
996,180.32025146484375,276.93304443359375,189.32164001464844,270.92413330078125,180.32025146484375,276.93304443359375,189.32164001464844,270.92413330078125,SIFT:intensity,17.77638816833496,0.041751279191208975,ROBUST_MODEL_INLIER,FIT,0.008666347635842302,SYNTHETIC_SOURCE,SYNTHETIC_TARGET
997,301.49176025390625,45.396060943603516,310.5113220214844,39.40389633178711,301.49176025390625,45.396060943603516,310.5113220214844,39.40389633178711,SIFT:intensity,17.40689468383789,0.0417592461082408,ROBUST_MODEL_INLIER,HELD_OUT,0.021253016838339082,SYNTHETIC_SOURCE,SYNTHETIC_TARGET
998,307.99468994140625,541.3795166015625,316.98291015625,535.3865356445312,307.99468994140625,541.3795166015625,316.98291015625,535.3865356445312,SIFT:intensity,11.48912525177002,0.041774219351358104,ROBUST_MODEL_INLIER,FIT,0.013863649182364417,SYNTHETIC_SOURCE,SYNTHETIC_TARGET
999,198.47418212890625,309.7464599609375,207.463623046875,303.7452392578125,198.47418212890625,309.7464599609375,207.463623046875,303.7452392578125,SIFT:intensity,14.662878036499023,0.04182434548645734,ROBUST_MODEL_INLIER,FIT,0.010548128561574187,SYNTHETIC_SOURCE,SYNTHETIC_TARGET
1000,553.6298828125,370.1416320800781,562.6277465820312,364.17779541015625,553.6298828125,370.1416320800781,562.6277465820312,364.17779541015625,SIFT:intensity,8.366600036621094,0.041861264968488396,ROBUST_MODEL_INLIER,FIT,0.03658740247217231,SYNTHETIC_SOURCE,SYNTHETIC_TARGET
1001,185.9674072265625,216.54397583007812,194.94261169433594,210.57020568847656,185.9674072265625,216.54397583007812,194.94261169433594,210.57020568847656,SIFT:intensity,16.733200073242188,0.04190797745294736,ROBUST_MODEL_INLIER,FIT,0.036329049903701977,SYNTHETIC_SOURCE,SYNTHETIC_TARGET
1002,265.97003173828125,515.0795288085938,274.97802734375,509.06878662109375,265.97003173828125,515.0795288085938,274.97802734375,509.06878662109375,SIFT:intensity,11.180339813232422,0.0419192334981883,ROBUST_MODEL_INLIER,FIT,0.013128758368722262,SYNTHETIC_SOURCE,SYNTHETIC_TARGET
1003,575.2276000976562,332.7370300292969,584.2265014648438,326.73870849609375,575.2276000976562,332.7370300292969,584.2265014648438,326.73870849609375,SIFT:intensity,16.881942749023438,0.04192955024538664,ROBUST_MODEL_INLIER,FIT,0.0022981334911839563,SYNTHETIC_SOURCE,SYNTHETIC_TARGET
1004,79.0854721069336,339.7485656738281,88.10487365722656,333.7167053222656,79.0854721069336,339.7485656738281,88.10487365722656,333.7167053222656,SIFT:intensity,15.524174690246582,0.041939310485978626,ROBUST_MODEL_INLIER,FIT,0.03701620661526791,SYNTHETIC_SOURCE,SYNTHETIC_TARGET
1005,493.102783203125,519.390625,502.1141052246094,513.390380859375,493.102783203125,519.390625,502.1141052246094,513.390380859375,SIFT:intensity,16.155494689941406,0.04200485253124537,ROBUST_MODEL_INLIER,FIT,0.011368432923313325,SYNTHETIC_SOURCE,SYNTHETIC_TARGET
1006,94.22343444824219,266.5264892578125,103.22084045410156,260.5077209472656,94.22343444824219,266.5264892578125,103.22084045410156,260.5077209472656,SIFT:intensity,15.099668502807617,0.04201100345131731,ROBUST_MODEL_INLIER,HELD_OUT,0.01857958250153277,SYNTHETIC_SOURCE,SYNTHETIC_TARGET
1007,409.8082580566406,408.1841735839844,418.77789306640625,402.19232177734375,409.8082580566406,408.1841735839844,418.77789306640625,402.19232177734375,SIFT:intensity,18.0,0.04202511486254827,ROBUST_MODEL_INLIER,FIT,0.03149154384621509,SYNTHETIC_SOURCE,SYNTHETIC_TARGET
1008,130.77867126464844,140.7171630859375,139.77621459960938,134.72816467285156,130.77867126464844,140.7171630859375,139.77621459960938,134.72816467285156,SIFT:intensity,21.817424774169922,0.04210422328849446,ROBUST_MODEL_INLIER,FIT,0.01161877149757075,SYNTHETIC_SOURCE,SYNTHETIC_TARGET
1009,595.4209594726562,430.3078308105469,604.4539184570312,424.32177734375,595.4209594726562,430.3078308105469,604.4539184570312,424.32177734375,SIFT:intensity,18.89444351196289,0.042115544627368454,ROBUST_MODEL_INLIER,FIT,0.03597379992906057,SYNTHETIC_SOURCE,SYNTHETIC_TARGET
1010,431.1703186035156,389.7729797363281,440.1814880371094,383.8023681640625,431.1703186035156,389.7729797363281,440.1814880371094,383.8023681640625,SIFT:intensity,10.049875259399414,0.04212534726637182,ROBUST_MODEL_INLIER,HELD_OUT,0.031796319844613286,SYNTHETIC_SOURCE,SYNTHETIC_TARGET
1011,37.39712905883789,89.27960205078125,46.4246826171875,83.3026351928711,37.39712905883789,89.27960205078125,46.4246826171875,83.3026351928711,SIFT:intensity,16.093477249145508,0.04218027996099602,ROBUST_MODEL_INLIER,FIT,0.03618236782050089,SYNTHETIC_SOURCE,SYNTHETIC_TARGET
1012,279.59356689453125,180.3620147705078,288.5716552734375,174.36465454101562,279.59356689453125,180.3620147705078,288.5716552734375,174.36465454101562,SIFT:intensity,15.066518783569336,0.04221572114621613,ROBUST_MODEL_INLIER,FIT,0.022071239810769194,SYNTHETIC_SOURCE,SYNTHETIC_TARGET
1013,560.676513671875,84.4478988647461,569.6808471679688,78.4620132446289,560.676513671875,84.4478988647461,569.6808471679688,78.4620132446289,SIFT:intensity,17.37814712524414,0.04225434035777723,ROBUST_MODEL_INLIER,FIT,0.015126476865424288,SYNTHETIC_SOURCE,SYNTHETIC_TARGET
1014,34.40420913696289,370.99267578125,43.3952522277832,364.9832763671875,34.40420913696289,370.99267578125,43.3952522277832,364.9832763671875,SIFT:intensity,14.491376876831055,0.04226993540228563,ROBUST_MODEL_INLIER,HELD_OUT,0.012690213129524796,SYNTHETIC_SOURCE,SYNTHETIC_TARGET
1015,497.201416015625,299.4927978515625,506.1770324707031,293.4940490722656,497.201416015625,299.4927978515625,506.1770324707031,293.4940490722656,SIFT:intensity,14.0,0.04239446988152888,ROBUST_MODEL_INLIER,FIT,0.024391328314783363,SYNTHETIC_SOURCE,SYNTHETIC_TARGET
1016,269.0621032714844,431.45257568359375,278.09185791015625,425.3994140625,269.0621032714844,431.45257568359375,278.09185791015625,425.3994140625,SIFT:intensity,22.69361114501953,0.04244340531125709,ROBUST_MODEL_INLIER,FIT,0.06062690386463577,SYNTHETIC_SOURCE,SYNTHETIC_TARGET
1017,40.448822021484375,421.25762939453125,49.44607162475586,415.2519226074219,40.448822021484375,421.25762939453125,49.44607162475586,415.2519226074219,SIFT:intensity,16.733200073242188,0.04245173276305045,ROBUST_MODEL_INLIER,FIT,0.005988079948181072,SYNTHETIC_SOURCE,SYNTHETIC_TARGET
1018,350.1628112792969,450.51812744140625,359.1752624511719,444.46832275390625,350.1628112792969,450.51812744140625,359.1752624511719,444.46832275390625,SIFT:intensity,17.57839584350586,0.04248729439250854,ROBUST_MODEL_INLIER,FIT,0.05099534563710804,SYNTHETIC_SOURCE,SYNTHETIC_TARGET
1019,465.9162292480469,187.33462524414062,474.9194030761719,181.34657287597656,465.9162292480469,187.33462524414062,474.9194030761719,181.34657287597656,SIFT:intensity,16.431676864624023,0.04249800467433452,ROBUST_MODEL_INLIER,FIT,0.012725942283016788,SYNTHETIC_SOURCE,SYNTHETIC_TARGET
1020,335.7459411621094,95.63590240478516,344.7355041503906,89.63724517822266,335.7459411621094,95.63590240478516,344.7355041503906,89.63724517822266,SIFT:intensity,16.462078094482422,0.04252929189352583,ROBUST_MODEL_INLIER,FIT,0.010530521549548857,SYNTHETIC_SOURCE,SYNTHETIC_TARGET
1021,442.518310546875,95.4395523071289,451.5032958984375,89.43251037597656,442.518310546875,95.4395523071289,451.5032958984375,89.43251037597656,SIFT:intensity,17.860570907592773,0.04253107756989351,ROBUST_MODEL_INLIER,FIT,0.016390785244578234,SYNTHETIC_SOURCE,SYNTHETIC_TARGET
1022,470.4717102050781,183.52783203125,479.43658447265625,177.5278778076172,470.4717102050781,183.52783203125,479.43658447265625,177.5278778076172,SIFT:intensity,13.527749061584473,0.042540091388630415,ROBUST_MODEL_INLIER,FIT,0.03508235286250288,SYNTHETIC_SOURCE,SYNTHETIC_TARGET
1023,575.2276000976562,332.7370300292969,584.2265014648438,326.73870849609375,575.2276000976562,332.7370300292969,584.2265014648438,326.73870849609375,SIFT:intensity,16.031219482421875,0.04255322768343395,ROBUST_MODEL_INLIER,FIT,0.0022981334911839563,SYNTHETIC_SOURCE,SYNTHETIC_TARGET
1024,463.902099609375,511.003173828125,472.92144775390625,505.0118408203125,463.902099609375,511.003173828125,472.92144775390625,505.0118408203125,SIFT:intensity,15.165750503540039,0.04260865929650413,ROBUST_MODEL_INLIER,FIT,0.021393654928858665,SYNTHETIC_SOURCE,SYNTHETIC_TARGET
1025,393.5226745605469,428.6424560546875,402.5301208496094,422.6797180175781,393.5226745605469,428.6424560546875,402.5301208496094,422.6797180175781,SIFT:intensity,15.033296585083008,0.04263585654732616,ROBUST_MODEL_INLIER,FIT,0.03836491852706683,SYNTHETIC_SOURCE,SYNTHETIC_TARGET
1026,269.9444580078125,553.1212158203125,278.9298400878906,547.1326904296875,269.9444580078125,553.1212158203125,278.9298400878906,547.1326904296875,SIFT:intensity,17.804492950439453,0.04263855118960083,ROBUST_MODEL_INLIER,FIT,0.018775175843236278,SYNTHETIC_SOURCE,SYNTHETIC_TARGET
1027,460.9682922363281,134.359375,469.9653625488281,128.3592071533203,460.9682922363281,134.359375,469.9653625488281,128.3592071533203,SIFT:intensity,21.470911026000977,0.04268233357541223,ROBUST_MODEL_INLIER,FIT,0.0028905948763402168,SYNTHETIC_SOURCE,SYNTHETIC_TARGET
1028,61.59864044189453,521.0504760742188,70.59280395507812,515.0462646484375,61.59864044189453,521.0504760742188,70.59280395507812,515.0462646484375,SIFT:intensity,15.842979431152344,0.04272331855902517,ROBUST_MODEL_INLIER,FIT,0.006952170644468931,SYNTHETIC_SOURCE,SYNTHETIC_TARGET
1029,192.6875762939453,356.62347412109375,201.68319702148438,350.6199645996094,192.6875762939453,356.62347412109375,201.68319702148438,350.6199645996094,SIFT:intensity,14.628738403320312,0.042735013398974744,ROBUST_MODEL_INLIER,FIT,0.005354585325192708,SYNTHETIC_SOURCE,SYNTHETIC_TARGET
1030,244.73179626464844,269.2474670410156,253.705322265625,263.2437744140625,244.73179626464844,269.2474670410156,253.705322265625,263.2437744140625,SIFT:intensity,17.435596466064453,0.04273764240778558,ROBUST_MODEL_INLIER,HELD_OUT,0.02663697973091901,SYNTHETIC_SOURCE,SYNTHETIC_TARGET
1031,99.11248779296875,561.7023315429688,108.14527893066406,555.70947265625,99.11248779296875,561.7023315429688,108.14527893066406,555.70947265625,SIFT:intensity,19.899747848510742,0.042919895765346244,ROBUST_MODEL_INLIER,FIT,0.033683738028049234,SYNTHETIC_SOURCE,SYNTHETIC_TARGET
1032,585.7506713867188,178.4552459716797,594.7658081054688,172.42823791503906,585.7506713867188,178.4552459716797,594.7658081054688,172.42823791503906,SIFT:intensity,19.0,0.042960044437237575,ROBUST_MODEL_INLIER,FIT,0.030665905084743154,SYNTHETIC_SOURCE,SYNTHETIC_TARGET
1033,202.16986083984375,95.24740600585938,211.1623992919922,89.23981475830078,202.16986083984375,95.24740600585938,211.1623992919922,89.23981475830078,SIFT:intensity,17.916473388671875,0.04306782323681922,ROBUST_MODEL_INLIER,FIT,0.010354824279051602,SYNTHETIC_SOURCE,SYNTHETIC_TARGET
1034,408.5902099609375,467.89495849609375,417.5936279296875,461.89385986328125,408.5902099609375,467.89495849609375,417.5936279296875,461.89385986328125,SIFT:intensity,16.552946090698242,0.043106044639457594,ROBUST_MODEL_INLIER,HELD_OUT,0.0035407301006319895,SYNTHETIC_SOURCE,SYNTHETIC_TARGET
1035,328.0466613769531,560.6571044921875,337.06024169921875,554.6666870117188,328.0466613769531,560.6571044921875,337.06024169921875,554.6666870117188,SIFT:intensity,17.0880069732666,0.04310620127032233,ROBUST_MODEL_INLIER,FIT,0.016870383935584647,SYNTHETIC_SOURCE,SYNTHETIC_TARGET
1036,171.5588836669922,531.1369018554688,180.56222534179688,525.1229248046875,171.5588836669922,531.1369018554688,180.56222534179688,525.1229248046875,SIFT:intensity,19.078784942626953,0.04311647505049434,ROBUST_MODEL_INLIER,FIT,0.014027890488792799,SYNTHETIC_SOURCE,SYNTHETIC_TARGET
1037,421.4427185058594,542.997314453125,430.4792785644531,537.0089111328125,421.4427185058594,542.997314453125,430.4792785644531,537.0089111328125,SIFT:intensity,18.027755737304688,0.043124282580237865,ROBUST_MODEL_INLIER,FIT,0.03851041773500944,SYNTHETIC_SOURCE,SYNTHETIC_TARGET
1038,66.43221282958984,275.5379638671875,75.4571762084961,269.5538024902344,66.43221282958984,275.5379638671875,75.4571762084961,269.5538024902344,SIFT:intensity,18.193405151367188,0.04321559115091668,ROBUST_MODEL_INLIER,FIT,0.029799206013821078,SYNTHETIC_SOURCE,SYNTHETIC_TARGET
1039,540.7537231445312,111.58814239501953,549.7706909179688,105.57235717773438,540.7537231445312,111.58814239501953,549.7706909179688,105.57235717773438,SIFT:intensity,19.157243728637695,0.043224853504176784,ROBUST_MODEL_INLIER,FIT,0.022962261565119792,SYNTHETIC_SOURCE,SYNTHETIC_TARGET
1040,68.6691665649414,606.310302734375,77.6602554321289,600.3190307617188,68.6691665649414,606.310302734375,77.6602554321289,600.3190307617188,SIFT:intensity,18.65475845336914,0.04326375755558005,ROBUST_MODEL_INLIER,FIT,0.012699016760783931,SYNTHETIC_SOURCE,SYNTHETIC_TARGET
1041,574.563720703125,321.2276306152344,583.5808715820312,315.2362365722656,574.563720703125,321.2276306152344,583.5808715820312,315.2362365722656,SIFT:intensity,16.6433162689209,0.04343529921252003,ROBUST_MODEL_INLIER,FIT,0.019395631677939004,SYNTHETIC_SOURCE,SYNTHETIC_TARGET
1042,43.43504333496094,320.71002197265625,52.4095344543457,314.697265625,43.43504333496094,320.71002197265625,52.4095344543457,314.697265625,SIFT:intensity,15.491933822631836,0.04345379727049997,ROBUST_MODEL_INLIER,FIT,0.028318411574713372,SYNTHETIC_SOURCE,SYNTHETIC_TARGET
1043,402.6251525878906,114.80840301513672,411.5858154296875,108.80452728271484,402.6251525878906,114.80840301513672,411.5858154296875,108.80452728271484,SIFT:intensity,11.090536117553711,0.04358590619010591,ROBUST_MODEL_INLIER,HELD_OUT,0.03944797610811888,SYNTHETIC_SOURCE,SYNTHETIC_TARGET
1044,270.1603088378906,387.7370300292969,279.18267822265625,381.73016357421875,270.1603088378906,387.7370300292969,279.18267822265625,381.73016357421875,SIFT:intensity,19.157243728637695,0.043676232882368986,ROBUST_MODEL_INLIER,HELD_OUT,0.023339182132182903,SYNTHETIC_SOURCE,SYNTHETIC_TARGET
1045,601.5299072265625,27.778167724609375,610.5311889648438,21.778522491455078,601.5299072265625,27.778167724609375,610.5311889648438,21.778522491455078,SIFT:intensity,21.702533721923828,0.04377352758562384,ROBUST_MODEL_INLIER,HELD_OUT,0.0015097540964306992,SYNTHETIC_SOURCE,SYNTHETIC_TARGET
1046,93.21056365966797,509.31585693359375,102.2142562866211,503.3204345703125,93.21056365966797,509.31585693359375,102.2142562866211,503.3204345703125,SIFT:intensity,16.881942749023438,0.04383840886120107,ROBUST_MODEL_INLIER,FIT,0.006196646947291332,SYNTHETIC_SOURCE,SYNTHETIC_TARGET
1047,59.3827018737793,239.83033752441406,68.37466430664062,233.81785583496094,59.3827018737793,239.83033752441406,68.37466430664062,233.81785583496094,SIFT:intensity,17.549928665161133,0.043945464587314964,ROBUST_MODEL_INLIER,FIT,0.014515500677499824,SYNTHETIC_SOURCE,SYNTHETIC_TARGET
1048,447.36322021484375,67.22439575195312,456.3700866699219,61.23297119140625,447.36322021484375,67.22439575195312,456.3700866699219,61.23297119140625,SIFT:intensity,19.235383987426758,0.043955713422766184,ROBUST_MODEL_INLIER,FIT,0.011300351729500046,SYNTHETIC_SOURCE,SYNTHETIC_TARGET
1049,515.4306640625,143.43438720703125,524.4061279296875,137.42967224121094,515.4306640625,143.43438720703125,524.4061279296875,137.42967224121094,SIFT:intensity,18.193405151367188,0.04400747363367236,ROBUST_MODEL_INLIER,HELD_OUT,0.024873797873878934,SYNTHETIC_SOURCE,SYNTHETIC_TARGET
1050,467.8511962890625,110.36605072021484,476.864013671875,104.38848876953125,467.8511962890625,110.36605072021484,476.864013671875,104.38848876953125,SIFT:intensity,17.291616439819336,0.04403838827020608,ROBUST_MODEL_INLIER,FIT,0.026180301031474233,SYNTHETIC_SOURCE,SYNTHETIC_TARGET
1051,406.5769958496094,608.1683349609375,415.5775146484375,602.1791381835938,406.5769958496094,608.1683349609375,415.5775146484375,602.1791381835938,SIFT:intensity,19.92485809326172,0.04406946719229818,ROBUST_MODEL_INLIER,HELD_OUT,0.011181788210592406,SYNTHETIC_SOURCE,SYNTHETIC_TARGET
1052,253.1766815185547,138.8054656982422,262.17694091796875,132.77931213378906,253.1766815185547,138.8054656982422,262.17694091796875,132.77931213378906,SIFT:intensity,15.264337539672852,0.04407003923979678,ROBUST_MODEL_INLIER,FIT,0.025791066441351377,SYNTHETIC_SOURCE,SYNTHETIC_TARGET
1053,581.8221435546875,246.06460571289062,590.817138671875,240.04122924804688,581.8221435546875,246.06460571289062,590.817138671875,240.04122924804688,SIFT:intensity,14.071247100830078,0.0441536873468198,ROBUST_MODEL_INLIER,FIT,0.023540439723095014,SYNTHETIC_SOURCE,SYNTHETIC_TARGET
1054,73.65440368652344,259.6938781738281,82.68062591552734,253.72885131835938,73.65440368652344,259.6938781738281,82.68062591552734,253.72885131835938,SIFT:intensity,16.852298736572266,0.04419295551887233,ROBUST_MODEL_INLIER,FIT,0.04403116334844883,SYNTHETIC_SOURCE,SYNTHETIC_TARGET
1055,240.29449462890625,328.6593322753906,249.2961883544922,322.6729736328125,240.29449462890625,328.6593322753906,249.2961883544922,322.6729736328125,SIFT:intensity,19.84943389892578,0.04419560017397578,ROBUST_MODEL_INLIER,HELD_OUT,0.014113270612893015,SYNTHETIC_SOURCE,SYNTHETIC_TARGET
1056,167.66232299804688,144.22227478027344,176.63897705078125,138.2291717529297,167.66232299804688,144.22227478027344,176.63897705078125,138.2291717529297,SIFT:intensity,19.339078903198242,0.044201327324063906,ROBUST_MODEL_INLIER,HELD_OUT,0.02440541121563611,SYNTHETIC_SOURCE,SYNTHETIC_TARGET
1057,270.61669921875,469.95513916015625,279.60986328125,463.9676818847656,270.61669921875,469.95513916015625,279.60986328125,463.9676818847656,SIFT:intensity,17.69180679321289,0.04420700403198902,ROBUST_MODEL_INLIER,HELD_OUT,0.014584158018883932,SYNTHETIC_SOURCE,SYNTHETIC_TARGET
1058,592.259521484375,256.6923828125,601.2599487304688,250.672119140625,592.259521484375,256.6923828125,601.2599487304688,250.672119140625,SIFT:intensity,11.958260536193848,0.044231945193687325,ROBUST_MODEL_INLIER,FIT,0.01990498953618664,SYNTHETIC_SOURCE,SYNTHETIC_TARGET
1059,463.902099609375,511.003173828125,472.92144775390625,505.0118408203125,463.902099609375,511.003173828125,472.92144775390625,505.0118408203125,SIFT:intensity,15.779733657836914,0.04425043852896628,ROBUST_MODEL_INLIER,FIT,0.021393654928858665,SYNTHETIC_SOURCE,SYNTHETIC_TARGET
1060,106.41350555419922,488.8211669921875,115.37316131591797,482.81817626953125,106.41350555419922,488.8211669921875,115.37316131591797,482.81817626953125,SIFT:intensity,15.716233253479004,0.04433868168432559,ROBUST_MODEL_INLIER,HELD_OUT,0.040383958569667956,SYNTHETIC_SOURCE,SYNTHETIC_TARGET
1061,442.0331115722656,203.9656982421875,451.0350341796875,197.9649200439453,442.0331115722656,203.9656982421875,451.0350341796875,197.9649200439453,SIFT:intensity,15.198683738708496,0.04434836633908467,ROBUST_MODEL_INLIER,FIT,0.0020114282301616397,SYNTHETIC_SOURCE,SYNTHETIC_TARGET
1062,553.5613403320312,420.7308044433594,562.55078125,414.7454528808594,553.5613403320312,420.7308044433594,562.55078125,414.7454528808594,SIFT:intensity,19.67231559753418,0.04435519232185088,ROBUST_MODEL_INLIER,HELD_OUT,0.018327901979969495,SYNTHETIC_SOURCE,SYNTHETIC_TARGET
1063,23.94379234313965,612.4930419921875,32.924442291259766,606.5014038085938,23.94379234313965,612.4930419921875,32.924442291259766,606.5014038085938,SIFT:intensity,22.045408248901367,0.04436782565243313,ROBUST_MODEL_INLIER,FIT,0.021184905551812874,SYNTHETIC_SOURCE,SYNTHETIC_TARGET
1064,461.4964294433594,298.79522705078125,470.461181640625,292.78533935546875,461.4964294433594,298.79522705078125,470.461181640625,292.78533935546875,SIFT:intensity,18.466184616088867,0.044368336087504255,ROBUST_MODEL_INLIER,FIT,0.03646748757836111,SYNTHETIC_SOURCE,SYNTHETIC_TARGET
1065,269.2234191894531,383.1926574707031,278.23883056640625,377.18450927734375,269.2234191894531,383.1926574707031,278.23883056640625,377.18450927734375,SIFT:intensity,18.220867156982422,0.04442238165349298,ROBUST_MODEL_INLIER,FIT,0.017306430271060057,SYNTHETIC_SOURCE,SYNTHETIC_TARGET
1066,124.59068298339844,463.5816955566406,133.5679473876953,457.5802001953125,124.59068298339844,463.5816955566406,133.5679473876953,457.5802001953125,SIFT:intensity,21.817424774169922,0.044450717176426874,ROBUST_MODEL_INLIER,FIT,0.022717992717381928,SYNTHETIC_SOURCE,SYNTHETIC_TARGET
1067,397.01275634765625,328.43798828125,405.9864196777344,322.4523620605469,397.01275634765625,328.43798828125,405.9864196777344,322.4523620605469,SIFT:intensity,17.860570907592773,0.044523050525778145,ROBUST_MODEL_INLIER,HELD_OUT,0.03014004265177665,SYNTHETIC_SOURCE,SYNTHETIC_TARGET
1068,328.02490234375,306.55108642578125,337.0199890136719,300.57354736328125,328.02490234375,306.55108642578125,337.0199890136719,300.57354736328125,SIFT:intensity,16.61324691772461,0.04457591527820414,ROBUST_MODEL_INLIER,FIT,0.02333848131078311,SYNTHETIC_SOURCE,SYNTHETIC_TARGET
1069,191.59027099609375,588.4528198242188,200.58900451660156,582.4194946289062,191.59027099609375,588.4528198242188,200.58900451660156,582.4194946289062,SIFT:intensity,16.34013557434082,0.04460640130048584,ROBUST_MODEL_INLIER,HELD_OUT,0.03298348828332793,SYNTHETIC_SOURCE,SYNTHETIC_TARGET
1070,406.3163757324219,233.36781311035156,415.35064697265625,227.3779754638672,406.3163757324219,233.36781311035156,415.35064697265625,227.3779754638672,SIFT:intensity,9.110433578491211,0.044736992258298774,ROBUST_MODEL_INLIER,FIT,0.0358952383781954,SYNTHETIC_SOURCE,SYNTHETIC_TARGET
1071,593.8384399414062,572.69775390625,602.8380737304688,566.7108154296875,593.8384399414062,572.69775390625,602.8380737304688,566.7108154296875,SIFT:intensity,19.36491584777832,0.04474283884923497,ROBUST_MODEL_INLIER,HELD_OUT,0.013429650392165201,SYNTHETIC_SOURCE,SYNTHETIC_TARGET
1072,109.829345703125,406.57110595703125,118.83531188964844,400.5569152832031,109.829345703125,406.57110595703125,118.83531188964844,400.5569152832031,SIFT:intensity,18.330303192138672,0.0447837813334061,ROBUST_MODEL_INLIER,HELD_OUT,0.01507687672534621,SYNTHETIC_SOURCE,SYNTHETIC_TARGET
1073,492.6778564453125,182.99853515625,501.6819152832031,176.96949768066406,492.6778564453125,182.99853515625,501.6819152832031,176.96949768066406,SIFT:intensity,14.525838851928711,0.04485634398264185,ROBUST_MODEL_INLIER,FIT,0.028965473422318075,SYNTHETIC_SOURCE,SYNTHETIC_TARGET
1074,407.63470458984375,123.501708984375,416.63714599609375,117.51892852783203,407.63470458984375,123.501708984375,416.63714599609375,117.51892852783203,SIFT:intensity,20.049938201904297,0.04488680912192445,ROBUST_MODEL_INLIER,FIT,0.017758878182610266,SYNTHETIC_SOURCE,SYNTHETIC_TARGET
1075,358.54852294921875,206.82139587402344,367.5438537597656,200.83387756347656,358.54852294921875,206.82139587402344,367.5438537597656,200.83387756347656,SIFT:intensity,18.65475845336914,0.044980878978318595,ROBUST_MODEL_INLIER,FIT,0.013652673210698695,SYNTHETIC_SOURCE,SYNTHETIC_TARGET
1076,226.10215759277344,40.92542266845703,235.0783233642578,34.955657958984375,226.10215759277344,40.92542266845703,235.0783233642578,34.955657958984375,SIFT:intensity,10.099504470825195,0.04498141363101426,ROBUST_MODEL_INLIER,FIT,0.03875855538710585,SYNTHETIC_SOURCE,SYNTHETIC_TARGET
1077,567.3018188476562,536.9578857421875,576.294677734375,530.9617309570312,567.3018188476562,536.9578857421875,576.294677734375,530.9617309570312,SIFT:intensity,17.804492950439453,0.04501095382612795,ROBUST_MODEL_INLIER,HELD_OUT,0.0082500819001148,SYNTHETIC_SOURCE,SYNTHETIC_TARGET
1078,401.14398193359375,407.4111022949219,410.155029296875,401.4232177734375,401.14398193359375,407.4111022949219,410.155029296875,401.4232177734375,SIFT:intensity,17.34935188293457,0.04508150482785396,ROBUST_MODEL_INLIER,FIT,0.01669738628155136,SYNTHETIC_SOURCE,SYNTHETIC_TARGET
1079,393.5552978515625,331.5396423339844,402.5185852050781,325.5506896972656,393.5552978515625,331.5396423339844,402.5185852050781,325.5506896972656,SIFT:intensity,17.233688354492188,0.04510741250353654,ROBUST_MODEL_INLIER,FIT,0.03840163414420313,SYNTHETIC_SOURCE,SYNTHETIC_TARGET
1080,536.8229370117188,483.17218017578125,545.828125,477.1329650878906,536.8229370117188,483.17218017578125,545.828125,477.1329650878906,SIFT:intensity,17.291616439819336,0.04515721475630192,ROBUST_MODEL_INLIER,FIT,0.0392017312533126,SYNTHETIC_SOURCE,SYNTHETIC_TARGET
1081,499.01336669921875,261.55426025390625,508.0306701660156,255.60850524902344,499.01336669921875,261.55426025390625,508.0306701660156,255.60850524902344,SIFT:intensity,15.099668502807617,0.04518935154999406,ROBUST_MODEL_INLIER,FIT,0.057298968084363223,SYNTHETIC_SOURCE,SYNTHETIC_TARGET
1082,435.38287353515625,377.0785827636719,444.36517333984375,371.0916442871094,435.38287353515625,377.0785827636719,444.36517333984375,371.0916442871094,SIFT:intensity,19.46792221069336,0.045197790899748846,ROBUST_MODEL_INLIER,FIT,0.022179525234741624,SYNTHETIC_SOURCE,SYNTHETIC_TARGET
1083,327.564453125,479.9891662597656,336.5533142089844,473.98651123046875,327.564453125,479.9891662597656,336.5533142089844,473.98651123046875,SIFT:intensity,19.79899024963379,0.0452093007398589,ROBUST_MODEL_INLIER,FIT,0.011327187273505455,SYNTHETIC_SOURCE,SYNTHETIC_TARGET
1084,423.99853515625,313.30279541015625,432.997314453125,307.30316162109375,423.99853515625,313.30279541015625,432.997314453125,307.30316162109375,SIFT:intensity,10.392304420471191,0.04522541537694527,ROBUST_MODEL_INLIER,FIT,0.0013835116043811376,SYNTHETIC_SOURCE,SYNTHETIC_TARGET
1085,409.8082580566406,408.1841735839844,418.77789306640625,402.19232177734375,409.8082580566406,408.1841735839844,418.77789306640625,402.19232177734375,SIFT:intensity,16.67333221435547,0.04523870658865889,ROBUST_MODEL_INLIER,HELD_OUT,0.03149154384621509,SYNTHETIC_SOURCE,SYNTHETIC_TARGET
1086,396.342041015625,280.4740295410156,405.36541748046875,274.47802734375,396.342041015625,280.4740295410156,405.36541748046875,274.47802734375,SIFT:intensity,13.076696395874023,0.045285240497382105,ROBUST_MODEL_INLIER,FIT,0.023824973345601217,SYNTHETIC_SOURCE,SYNTHETIC_TARGET
1087,87.92317199707031,289.4583740234375,96.92498016357422,283.4588928222656,87.92317199707031,289.4583740234375,96.92498016357422,283.4588928222656,SIFT:intensity,17.860570907592773,0.04531651222280613,ROBUST_MODEL_INLIER,FIT,0.0020535272211920593,SYNTHETIC_SOURCE,SYNTHETIC_TARGET
1088,260.3451232910156,455.01727294921875,269.345947265625,449.0184020996094,260.3451232910156,455.01727294921875,269.345947265625,449.0184020996094,SIFT:intensity,16.278820037841797,0.04533892099658792,ROBUST_MODEL_INLIER,HELD_OUT,0.0017282567951819178,SYNTHETIC_SOURCE,SYNTHETIC_TARGET
1089,273.7066345214844,65.85269927978516,282.7081604003906,59.86046600341797,273.7066345214844,65.85269927978516,282.7081604003906,59.86046600341797,SIFT:intensity,16.248077392578125,0.04539224201102014,ROBUST_MODEL_INLIER,FIT,0.008281527877041773,SYNTHETIC_SOURCE,SYNTHETIC_TARGET
1090,489.7860412597656,256.3805847167969,498.7751159667969,250.38595581054688,489.7860412597656,256.3805847167969,498.7751159667969,250.38595581054688,SIFT:intensity,15.099668502807617,0.0454222463426387,ROBUST_MODEL_INLIER,HELD_OUT,0.012298726117706616,SYNTHETIC_SOURCE,SYNTHETIC_TARGET
1091,561.6732177734375,98.37310791015625,570.6905517578125,92.37684631347656,561.6732177734375,98.37310791015625,570.6905517578125,92.37684631347656,SIFT:intensity,18.76166343688965,0.045509876958395305,ROBUST_MODEL_INLIER,FIT,0.0178574434743138,SYNTHETIC_SOURCE,SYNTHETIC_TARGET
1092,395.13653564453125,431.7458190917969,404.1340026855469,425.7360534667969,395.13653564453125,431.7458190917969,404.1340026855469,425.7360534667969,SIFT:intensity,19.493589401245117,0.04555546884483057,ROBUST_MODEL_INLIER,FIT,0.009724758179341217,SYNTHETIC_SOURCE,SYNTHETIC_TARGET
1093,523.8612670898438,382.9959411621094,532.8653564453125,376.9895935058594,523.8612670898438,382.9959411621094,532.8653564453125,376.9895935058594,SIFT:intensity,18.947296142578125,0.045639575955107356,ROBUST_MODEL_INLIER,FIT,0.007273226544530904,SYNTHETIC_SOURCE,SYNTHETIC_TARGET
1094,368.91839599609375,140.9372100830078,377.93487548828125,134.94570922851562,368.91839599609375,140.9372100830078,377.93487548828125,134.94570922851562,SIFT:intensity,16.431676864624023,0.0456511202275836,ROBUST_MODEL_INLIER,FIT,0.018752206022065124,SYNTHETIC_SOURCE,SYNTHETIC_TARGET
1095,75.22421264648438,30.94901466369629,84.24372863769531,24.948955535888672,75.22421264648438,30.94901466369629,84.24372863769531,24.948955535888672,SIFT:intensity,17.435596466064453,0.04568787554797818,ROBUST_MODEL_INLIER,FIT,0.01956414789961587,SYNTHETIC_SOURCE,SYNTHETIC_TARGET
1096,569.6041259765625,319.52972412109375,578.611083984375,313.54022216796875,569.6041259765625,319.52972412109375,578.611083984375,313.54022216796875,SIFT:intensity,16.67333221435547,0.04569511341108601,ROBUST_MODEL_INLIER,FIT,0.012924536759029957,SYNTHETIC_SOURCE,SYNTHETIC_TARGET
1097,435.38287353515625,377.0785827636719,444.36517333984375,371.0916442871094,435.38287353515625,377.0785827636719,444.36517333984375,371.0916442871094,SIFT:intensity,19.67231559753418,0.04569745294836141,ROBUST_MODEL_INLIER,FIT,0.022179525234741624,SYNTHETIC_SOURCE,SYNTHETIC_TARGET
1098,507.1708984375,190.97592163085938,516.2058715820312,184.99172973632812,507.1708984375,190.97592163085938,516.2058715820312,184.99172973632812,SIFT:intensity,15.099668502807617,0.045763926669455,ROBUST_MODEL_INLIER,FIT,0.038572939162292534,SYNTHETIC_SOURCE,SYNTHETIC_TARGET
1099,226.21011352539062,478.59832763671875,235.17616271972656,472.60845947265625,226.21011352539062,478.59832763671875,235.17616271972656,472.60845947265625,SIFT:intensity,17.72004508972168,0.04577035693520691,ROBUST_MODEL_INLIER,HELD_OUT,0.03549253381457739,SYNTHETIC_SOURCE,SYNTHETIC_TARGET
1100,364.8681640625,101.5741195678711,373.8609619140625,95.59313201904297,364.8681640625,101.5741195678711,373.8609619140625,95.59313201904297,SIFT:intensity,17.492855072021484,0.045784185927258046,ROBUST_MODEL_INLIER,HELD_OUT,0.02065604720818322,SYNTHETIC_SOURCE,SYNTHETIC_TARGET
1101,417.2366027832031,611.4924926757812,426.2243347167969,605.5285034179688,417.2366027832031,611.4924926757812,426.2243347167969,605.5285034179688,SIFT:intensity,18.439088821411133,0.04578812332688559,ROBUST_MODEL_INLIER,FIT,0.038373536832454924,SYNTHETIC_SOURCE,SYNTHETIC_TARGET
1102,75.77840423583984,517.5584716796875,84.78071594238281,511.5928649902344,75.77840423583984,517.5584716796875,84.78071594238281,511.5928649902344,SIFT:intensity,13.82027530670166,0.045794649104170304,ROBUST_MODEL_INLIER,FIT,0.03483747215400142,SYNTHETIC_SOURCE,SYNTHETIC_TARGET
1103,439.65838623046875,165.49464416503906,448.6663818359375,159.46090698242188,439.65838623046875,165.49464416503906,448.6663818359375,159.46090698242188,SIFT:intensity,21.118711471557617,0.04580375884893107,ROBUST_MODEL_INLIER,FIT,0.0343280188253014,SYNTHETIC_SOURCE,SYNTHETIC_TARGET
1104,145.27981567382812,295.8986511230469,154.25680541992188,289.9104919433594,145.27981567382812,295.8986511230469,154.25680541992188,289.9104919433594,SIFT:intensity,19.235383987426758,0.04585901529123588,ROBUST_MODEL_INLIER,FIT,0.026006389178235233,SYNTHETIC_SOURCE,SYNTHETIC_TARGET
1105,584.6461181640625,363.1871337890625,593.6400146484375,357.20306396484375,584.6461181640625,363.1871337890625,593.6400146484375,357.20306396484375,SIFT:intensity,16.552946090698242,0.04588156376478792,ROBUST_MODEL_INLIER,FIT,0.017384080730910603,SYNTHETIC_SOURCE,SYNTHETIC_TARGET
1106,406.14739990234375,579.6215209960938,415.1333923339844,573.6023559570312,406.14739990234375,579.6215209960938,415.1333923339844,573.6023559570312,SIFT:intensity,18.220867156982422,0.04589275013666486,ROBUST_MODEL_INLIER,FIT,0.02341792667984564,SYNTHETIC_SOURCE,SYNTHETIC_TARGET
1107,81.45999908447266,573.1930541992188,90.44093322753906,567.1970825195312,81.45999908447266,573.1930541992188,90.44093322753906,567.1970825195312,SIFT:intensity,16.76305389404297,0.04598264068551244,ROBUST_MODEL_INLIER,HELD_OUT,0.019520722565813158,SYNTHETIC_SOURCE,SYNTHETIC_TARGET
1108,556.9303588867188,420.0225524902344,565.9199829101562,414.00689697265625,556.9303588867188,420.0225524902344,565.9199829101562,414.00689697265625,SIFT:intensity,21.047565460205078,0.04606829655546471,ROBUST_MODEL_INLIER,FIT,0.01845357042256344,SYNTHETIC_SOURCE,SYNTHETIC_TARGET
1109,569.733642578125,93.15786743164062,578.7216796875,87.16372680664062,569.733642578125,93.15786743164062,578.7216796875,87.16372680664062,SIFT:intensity,18.89444351196289,0.04610046556670829,ROBUST_MODEL_INLIER,FIT,0.013444396134125245,SYNTHETIC_SOURCE,SYNTHETIC_TARGET
1110,334.15386962890625,585.9447631835938,343.1624450683594,579.9227905273438,334.15386962890625,585.9447631835938,343.1624450683594,579.9227905273438,SIFT:intensity,15.779733657836914,0.04613365650160112,ROBUST_MODEL_INLIER,FIT,0.02326470001844623,SYNTHETIC_SOURCE,SYNTHETIC_TARGET
1111,299.1224670410156,55.089778900146484,308.1158752441406,49.08919906616211,299.1224670410156,55.089778900146484,308.1158752441406,49.08919906616211,SIFT:intensity,19.824228286743164,0.0461606857601459,ROBUST_MODEL_INLIER,FIT,0.006549567759790685,SYNTHETIC_SOURCE,SYNTHETIC_TARGET
1112,463.902099609375,511.003173828125,472.92144775390625,505.0118408203125,463.902099609375,511.003173828125,472.92144775390625,505.0118408203125,SIFT:intensity,16.248077392578125,0.04616881325137908,ROBUST_MODEL_INLIER,FIT,0.021393654928858665,SYNTHETIC_SOURCE,SYNTHETIC_TARGET
1113,566.1753540039062,400.48455810546875,575.1730346679688,394.4149475097656,566.1753540039062,400.48455810546875,575.1730346679688,394.4149475097656,SIFT:intensity,16.703292846679688,0.04620467409379844,ROBUST_MODEL_INLIER,FIT,0.06928360588691154,SYNTHETIC_SOURCE,SYNTHETIC_TARGET
1114,153.94906616210938,418.000244140625,162.9539337158203,411.8909606933594,153.94906616210938,418.000244140625,162.9539337158203,411.8909606933594,SIFT:intensity,14.422204971313477,0.04621884505213261,ROBUST_MODEL_INLIER,FIT,0.10902990723528484,SYNTHETIC_SOURCE,SYNTHETIC_TARGET
1115,180.572265625,350.40673828125,189.5909881591797,344.385009765625,180.572265625,350.40673828125,189.5909881591797,344.385009765625,SIFT:intensity,21.283796310424805,0.046238213664120904,ROBUST_MODEL_INLIER,FIT,0.028437282512729332,SYNTHETIC_SOURCE,SYNTHETIC_TARGET
1116,169.06793212890625,472.0589904785156,177.9929656982422,466.08349609375,169.06793212890625,472.0589904785156,177.9929656982422,466.08349609375,SIFT:intensity,12.688577651977539,0.0463173132772433,ROBUST_MODEL_INLIER,FIT,0.07894059350262392,SYNTHETIC_SOURCE,SYNTHETIC_TARGET
1117,575.5943603515625,62.529151916503906,584.5931396484375,56.52307891845703,575.5943603515625,62.529151916503906,584.5931396484375,56.52307891845703,SIFT:intensity,20.784608840942383,0.04634724715805256,ROBUST_MODEL_INLIER,FIT,0.005828348419673699,SYNTHETIC_SOURCE,SYNTHETIC_TARGET
1118,193.27122497558594,462.8529357910156,202.2699737548828,456.81964111328125,193.27122497558594,462.8529357910156,202.2699737548828,456.81964111328125,SIFT:intensity,19.646883010864258,0.04637634608406767,ROBUST_MODEL_INLIER,HELD_OUT,0.03295242991662638,SYNTHETIC_SOURCE,SYNTHETIC_TARGET
1119,465.445556640625,320.6563720703125,474.4334716796875,314.6470947265625,465.445556640625,320.6563720703125,474.4334716796875,314.6470947265625,SIFT:intensity,14.071247100830078,0.04638522512777936,ROBUST_MODEL_INLIER,FIT,0.014979460939300086,SYNTHETIC_SOURCE,SYNTHETIC_TARGET
1120,27.296432495117188,431.3502502441406,36.30984115600586,425.33807373046875,27.296432495117188,431.3502502441406,36.30984115600586,425.33807373046875,SIFT:intensity,21.0,0.04639085914114537,ROBUST_MODEL_INLIER,FIT,0.01790391546329931,SYNTHETIC_SOURCE,SYNTHETIC_TARGET
1121,63.070533752441406,301.8188171386719,72.03670501708984,295.8189697265625,63.070533752441406,301.8188171386719,72.03670501708984,295.8189697265625,SIFT:intensity,16.248077392578125,0.04642232134363741,ROBUST_MODEL_INLIER,FIT,0.03378691306617897,SYNTHETIC_SOURCE,SYNTHETIC_TARGET
1122,593.0016479492188,320.6900939941406,601.9964599609375,314.6745300292969,593.0016479492188,320.6900939941406,601.9964599609375,314.6745300292969,SIFT:intensity,16.881942749023438,0.046451065149007,ROBUST_MODEL_INLIER,FIT,0.016045935486356414,SYNTHETIC_SOURCE,SYNTHETIC_TARGET
1123,599.5782470703125,568.4825439453125,608.5547485351562,562.4623413085938,599.5782470703125,568.4825439453125,608.5547485351562,562.4623413085938,SIFT:intensity,17.77638816833496,0.04648347054347666,ROBUST_MODEL_INLIER,FIT,0.030717932160061724,SYNTHETIC_SOURCE,SYNTHETIC_TARGET
1124,158.5206298828125,520.1392211914062,167.51235961914062,514.1211547851562,158.5206298828125,520.1392211914062,167.51235961914062,514.1211547851562,SIFT:intensity,9.273618698120117,0.04658110809617436,ROBUST_MODEL_INLIER,FIT,0.019519391129086256,SYNTHETIC_SOURCE,SYNTHETIC_TARGET
1125,67.76061248779297,523.0880126953125,76.75157165527344,517.12158203125,67.76061248779297,523.0880126953125,76.75157165527344,517.12158203125,SIFT:intensity,19.51922035217285,0.04659587056956232,ROBUST_MODEL_INLIER,FIT,0.0351055968000723,SYNTHETIC_SOURCE,SYNTHETIC_TARGET
1126,592.626953125,602.673095703125,601.5910034179688,596.7222290039062,592.626953125,602.673095703125,601.5910034179688,596.7222290039062,SIFT:intensity,18.083141326904297,0.046600770953692444,ROBUST_MODEL_INLIER,FIT,0.06114822217783974,SYNTHETIC_SOURCE,SYNTHETIC_TARGET
1127,94.45382690429688,24.46233558654785,103.4202651977539,18.409286499023438,94.45382690429688,24.46233558654785,103.4202651977539,18.409286499023438,SIFT:intensity,14.866068840026855,0.04660736247048478,ROBUST_MODEL_INLIER,HELD_OUT,0.062442005364042416,SYNTHETIC_SOURCE,SYNTHETIC_TARGET
1128,161.93968200683594,536.3401489257812,170.94534301757812,530.3417358398438,161.93968200683594,536.3401489257812,170.94534301757812,530.3417358398438,SIFT:intensity,17.0,0.046617175974366314,ROBUST_MODEL_INLIER,FIT,0.006031141636103032,SYNTHETIC_SOURCE,SYNTHETIC_TARGET
1129,593.3513793945312,470.89862060546875,602.3501586914062,464.89752197265625,593.3513793945312,470.89862060546875,602.3501586914062,464.89752197265625,SIFT:intensity,16.733200073242188,0.04675574056907575,ROBUST_MODEL_INLIER,FIT,0.0013855296080939456,SYNTHETIC_SOURCE,SYNTHETIC_TARGET
1130,245.14678955078125,81.78146362304688,254.1455078125,75.77926635742188,245.14678955078125,81.78146362304688,254.1455078125,75.77926635742188,SIFT:intensity,21.189620971679688,0.046818204375982934,ROBUST_MODEL_INLIER,HELD_OUT,0.002210735551556808,SYNTHETIC_SOURCE,SYNTHETIC_TARGET
1131,117.98684692382812,123.25506591796875,126.984375,117.27043914794922,117.98684692382812,123.25506591796875,126.984375,117.27043914794922,SIFT:intensity,18.84144401550293,0.04686361065936964,ROBUST_MODEL_INLIER,FIT,0.015923446685569963,SYNTHETIC_SOURCE,SYNTHETIC_TARGET
1132,563.9755249023438,373.92724609375,572.9384155273438,367.96990966796875,563.9755249023438,373.92724609375,572.9384155273438,367.96990966796875,SIFT:intensity,17.83255386352539,0.046882339943646885,ROBUST_MODEL_INLIER,HELD_OUT,0.056790039727415725,SYNTHETIC_SOURCE,SYNTHETIC_TARGET
1133,420.3094787597656,255.0310821533203,429.2976379394531,249.0457000732422,420.3094787597656,255.0310821533203,429.2976379394531,249.0457000732422,SIFT:intensity,10.58300495147705,0.04690051466507043,ROBUST_MODEL_INLIER,FIT,0.01906803825771516,SYNTHETIC_SOURCE,SYNTHETIC_TARGET
1134,476.14447021484375,382.4237976074219,485.0914306640625,376.41937255859375,476.14447021484375,382.4237976074219,485.0914306640625,376.41937255859375,SIFT:intensity,12.083045959472656,0.046926663807953246,ROBUST_MODEL_INLIER,FIT,0.053149127730816995,SYNTHETIC_SOURCE,SYNTHETIC_TARGET
1135,368.8472900390625,495.92987060546875,377.8603820800781,489.9241943359375,368.8472900390625,495.92987060546875,377.8603820800781,489.9241943359375,SIFT:intensity,15.588457107543945,0.0469885799833517,ROBUST_MODEL_INLIER,FIT,0.014171070099225577,SYNTHETIC_SOURCE,SYNTHETIC_TARGET
1136,230.70452880859375,546.1953735351562,239.7006072998047,540.1990356445312,230.70452880859375,546.1953735351562,239.7006072998047,540.1990356445312,SIFT:intensity,24.041629791259766,0.0470227254942678,ROBUST_MODEL_INLIER,HELD_OUT,0.005588676333584796,SYNTHETIC_SOURCE,SYNTHETIC_TARGET
1137,296.59210205078125,471.08441162109375,305.60076904296875,465.06219482421875,296.59210205078125,471.08441162109375,305.60076904296875,465.06219482421875,SIFT:intensity,14.387495040893555,0.04702548960131474,ROBUST_MODEL_INLIER,FIT,0.02352538626054907,SYNTHETIC_SOURCE,SYNTHETIC_TARGET
1138,200.92039489746094,505.711669921875,209.94659423828125,499.6636657714844,200.92039489746094,505.711669921875,209.94659423828125,499.6636657714844,SIFT:intensity,16.155494689941406,0.047073168280964035,ROBUST_MODEL_INLIER,FIT,0.05439081888959351,SYNTHETIC_SOURCE,SYNTHETIC_TARGET
1139,388.1074523925781,85.62046813964844,397.0934753417969,79.60796356201172,388.1074523925781,85.62046813964844,397.0934753417969,79.60796356201172,SIFT:intensity,17.464248657226562,0.04708661938217606,ROBUST_MODEL_INLIER,FIT,0.01847881654102477,SYNTHETIC_SOURCE,SYNTHETIC_TARGET
1140,118.90909576416016,166.01304626464844,127.91958618164062,160.0478515625,118.90909576416016,166.01304626464844,127.91958618164062,160.0478515625,SIFT:intensity,20.784608840942383,0.047152579223069126,ROBUST_MODEL_INLIER,FIT,0.03671392441940882,SYNTHETIC_SOURCE,SYNTHETIC_TARGET
1141,574.7986450195312,465.62799072265625,583.7978515625,459.6469421386719,574.7986450195312,465.62799072265625,583.7978515625,459.6469421386719,SIFT:intensity,16.492422103881836,0.047160875459119886,ROBUST_MODEL_INLIER,FIT,0.019330184950351013,SYNTHETIC_SOURCE,SYNTHETIC_TARGET
1142,464.8658752441406,468.0069274902344,473.8586120605469,462.0102233886719,464.8658752441406,468.0069274902344,473.8586120605469,462.0102233886719,SIFT:intensity,15.65247631072998,0.047172341791116706,ROBUST_MODEL_INLIER,FIT,0.008092468470612601,SYNTHETIC_SOURCE,SYNTHETIC_TARGET
1143,282.24945068359375,269.82147216796875,291.2494201660156,263.8016662597656,282.24945068359375,269.82147216796875,291.2494201660156,263.8016662597656,SIFT:intensity,11.532562255859375,0.0472166439422691,ROBUST_MODEL_INLIER,FIT,0.019441610602205114,SYNTHETIC_SOURCE,SYNTHETIC_TARGET
1144,516.635009765625,22.312026977539062,525.6395874023438,16.32256507873535,516.635009765625,22.312026977539062,525.6395874023438,16.32256507873535,SIFT:intensity,12.806248664855957,0.04723656130546595,ROBUST_MODEL_INLIER,FIT,0.011842228618913587,SYNTHETIC_SOURCE,SYNTHETIC_TARGET
1145,470.877197265625,436.94866943359375,479.8928527832031,430.8817138671875,470.877197265625,436.94866943359375,479.8928527832031,430.8817138671875,SIFT:intensity,18.70828628540039,0.04724013645728139,ROBUST_MODEL_INLIER,FIT,0.06841729982373507,SYNTHETIC_SOURCE,SYNTHETIC_TARGET
1146,581.0261840820312,122.1386947631836,590.0540771484375,116.15361785888672,581.0261840820312,122.1386947631836,590.0540771484375,116.15361785888672,SIFT:intensity,22.38302993774414,0.047272314866239354,ROBUST_MODEL_INLIER,FIT,0.03184781801994705,SYNTHETIC_SOURCE,SYNTHETIC_TARGET
1147,37.39712905883789,89.27960205078125,46.4246826171875,83.3026351928711,37.39712905883789,89.27960205078125,46.4246826171875,83.3026351928711,SIFT:intensity,19.05255889892578,0.047307999112815295,ROBUST_MODEL_INLIER,FIT,0.03618236782050089,SYNTHETIC_SOURCE,SYNTHETIC_TARGET
1148,368.54937744140625,65.00518035888672,377.531005859375,59.02802276611328,368.54937744140625,65.00518035888672,377.531005859375,59.02802276611328,SIFT:intensity,19.339078903198242,0.04736017304431679,ROBUST_MODEL_INLIER,FIT,0.02957002840898139,SYNTHETIC_SOURCE,SYNTHETIC_TARGET
1149,50.80915451049805,209.93040466308594,59.83274459838867,203.8949432373047,50.80915451049805,209.93040466308594,59.83274459838867,203.8949432373047,SIFT:intensity,11.269427299499512,0.047387776534441726,ROBUST_MODEL_INLIER,FIT,0.042313851932916584,SYNTHETIC_SOURCE,SYNTHETIC_TARGET
1150,490.5489501953125,590.6248779296875,499.5591125488281,584.6401977539062,490.5489501953125,590.6248779296875,499.5591125488281,584.6401977539062,SIFT:intensity,21.095022201538086,0.04740370554336169,ROBUST_MODEL_INLIER,FIT,0.018713572101286283,SYNTHETIC_SOURCE,SYNTHETIC_TARGET
1151,365.995849609375,52.600040435791016,375.0326843261719,46.54770278930664,365.995849609375,52.600040435791016,375.0326843261719,46.54770278930664,SIFT:intensity,15.81138801574707,0.0474482806637021,ROBUST_MODEL_INLIER,FIT,0.06372910753932219,SYNTHETIC_SOURCE,SYNTHETIC_TARGET
1152,369.8917541503906,299.43157958984375,378.82403564453125,293.43475341796875,369.8917541503906,299.43157958984375,378.82403564453125,293.43475341796875,SIFT:intensity,18.947296142578125,0.04745432808022244,ROBUST_MODEL_INLIER,FIT,0.06776515839978135,SYNTHETIC_SOURCE,SYNTHETIC_TARGET
1153,234.1505126953125,60.36198806762695,243.14138793945312,54.335906982421875,234.1505126953125,60.36198806762695,243.14138793945312,54.335906982421875,SIFT:intensity,16.309507369995117,0.04745448877534231,ROBUST_MODEL_INLIER,HELD_OUT,0.02727234359778136,SYNTHETIC_SOURCE,SYNTHETIC_TARGET
1154,188.2264862060547,354.9159240722656,197.11045837402344,348.86187744140625,188.2264862060547,354.9159240722656,197.11045837402344,348.86187744140625,SIFT:intensity,20.371549606323242,0.04745455282520734,ROBUST_MODEL_INLIER,HELD_OUT,0.12780308876251623,SYNTHETIC_SOURCE,SYNTHETIC_TARGET
1155,353.6626892089844,554.5145874023438,362.6803894042969,548.532958984375,353.6626892089844,554.5145874023438,362.6803894042969,548.532958984375,SIFT:intensity,11.958260536193848,0.047528317285810064,ROBUST_MODEL_INLIER,HELD_OUT,0.025806063644546504,SYNTHETIC_SOURCE,SYNTHETIC_TARGET
1156,56.94032669067383,248.40284729003906,65.94649505615234,242.3752899169922,56.94032669067383,248.40284729003906,65.94649505615234,242.3752899169922,SIFT:intensity,17.69180679321289,0.047537499040599215,ROBUST_MODEL_INLIER,FIT,0.027894060038412407,SYNTHETIC_SOURCE,SYNTHETIC_TARGET
1157,153.98226928710938,211.18051147460938,162.99217224121094,205.16419982910156,153.98226928710938,211.18051147460938,162.99217224121094,205.16419982910156,SIFT:intensity,17.492855072021484,0.04755337213998268,ROBUST_MODEL_INLIER,FIT,0.018796141950399952,SYNTHETIC_SOURCE,SYNTHETIC_TARGET
1158,486.25299072265625,271.3217468261719,495.2640380859375,265.3275451660156,486.25299072265625,271.3217468261719,495.2640380859375,265.3275451660156,SIFT:intensity,21.424285888671875,0.04758955321212588,ROBUST_MODEL_INLIER,FIT,0.012689992960491184,SYNTHETIC_SOURCE,SYNTHETIC_TARGET
1159,328.3323669433594,323.6399841308594,337.30712890625,317.6376647949219,328.3323669433594,323.6399841308594,337.30712890625,317.6376647949219,SIFT:intensity,18.547237396240234,0.04759881661596557,ROBUST_MODEL_INLIER,FIT,0.025268006505986224,SYNTHETIC_SOURCE,SYNTHETIC_TARGET
1160,203.47508239746094,559.3045654296875,212.4595489501953,553.320068359375,203.47508239746094,559.3045654296875,212.4595489501953,553.320068359375,SIFT:intensity,18.357559204101562,0.047605754028331074,ROBUST_MODEL_INLIER,FIT,0.022172889791476483,SYNTHETIC_SOURCE,SYNTHETIC_TARGET
1161,285.1285400390625,107.37007141113281,294.1317138671875,101.37940216064453,285.1285400390625,107.37007141113281,294.1317138671875,101.37940216064453,SIFT:intensity,19.46792221069336,0.04773514403531141,ROBUST_MODEL_INLIER,FIT,0.010215669714183938,SYNTHETIC_SOURCE,SYNTHETIC_TARGET
1162,166.52066040039062,151.85231018066406,175.51016235351562,145.86248779296875,166.52066040039062,151.85231018066406,175.51016235351562,145.86248779296875,SIFT:intensity,16.155494689941406,0.047746779470724546,ROBUST_MODEL_INLIER,FIT,0.014845266904817437,SYNTHETIC_SOURCE,SYNTHETIC_TARGET
1163,557.9660034179688,450.52545166015625,566.9871215820312,444.53887939453125,557.9660034179688,450.52545166015625,566.9871215820312,444.53887939453125,SIFT:intensity,16.5227108001709,0.04775369738308919,ROBUST_MODEL_INLIER,FIT,0.02526128828282744,SYNTHETIC_SOURCE,SYNTHETIC_TARGET
1164,506.7838134765625,195.36776733398438,515.7864990234375,189.35511779785156,506.7838134765625,195.36776733398438,515.7864990234375,189.35511779785156,SIFT:intensity,19.595918655395508,0.047811849131102584,ROBUST_MODEL_INLIER,FIT,0.01258519230334311,SYNTHETIC_SOURCE,SYNTHETIC_TARGET
1165,470.877197265625,436.94866943359375,479.8928527832031,430.8817138671875,470.877197265625,436.94866943359375,479.8928527832031,430.8817138671875,SIFT:intensity,19.05255889892578,0.047871958660673924,ROBUST_MODEL_INLIER,HELD_OUT,0.06841729982373507,SYNTHETIC_SOURCE,SYNTHETIC_TARGET
1166,350.1628112792969,450.51812744140625,359.1752624511719,444.46832275390625,350.1628112792969,450.51812744140625,359.1752624511719,444.46832275390625,SIFT:intensity,20.19900894165039,0.04791947076687747,ROBUST_MODEL_INLIER,FIT,0.05099534563710804,SYNTHETIC_SOURCE,SYNTHETIC_TARGET
1167,64.48712158203125,314.713134765625,73.47113800048828,308.7228088378906,64.48712158203125,314.713134765625,73.47113800048828,308.7228088378906,SIFT:intensity,17.6068172454834,0.04804709032215458,ROBUST_MODEL_INLIER,FIT,0.01883567422783722,SYNTHETIC_SOURCE,SYNTHETIC_TARGET
1168,73.85916137695312,123.41543579101562,82.8649673461914,117.47171783447266,73.85916137695312,123.41543579101562,82.8649673461914,117.47171783447266,SIFT:intensity,18.601076126098633,0.0481610406756578,ROBUST_MODEL_INLIER,HELD_OUT,0.05694779679913429,SYNTHETIC_SOURCE,SYNTHETIC_TARGET
1169,102.03852844238281,282.4317932128906,111.06611633300781,276.39801025390625,102.03852844238281,282.4317932128906,111.06611633300781,276.39801025390625,SIFT:intensity,19.84943389892578,0.04816759825934183,ROBUST_MODEL_INLIER,FIT,0.04336387989881459,SYNTHETIC_SOURCE,SYNTHETIC_TARGET
1170,612.0943603515625,544.9725952148438,621.0719604492188,538.9806518554688,612.0943603515625,544.9725952148438,621.0719604492188,538.9806518554688,SIFT:intensity,18.384777069091797,0.04817409481310271,ROBUST_MODEL_INLIER,FIT,0.0238876380085828,SYNTHETIC_SOURCE,SYNTHETIC_TARGET
1171,64.48712158203125,314.713134765625,73.47113800048828,308.7228088378906,64.48712158203125,314.713134765625,73.47113800048828,308.7228088378906,SIFT:intensity,19.131126403808594,0.04817502595342577,ROBUST_MODEL_INLIER,FIT,0.01883567422783722,SYNTHETIC_SOURCE,SYNTHETIC_TARGET
1172,346.308349609375,491.0459289550781,355.2901611328125,485.0548400878906,346.308349609375,491.0459289550781,355.2901611328125,485.0548400878906,SIFT:intensity,15.65247631072998,0.04823733465157507,ROBUST_MODEL_INLIER,FIT,0.020376243294896134,SYNTHETIC_SOURCE,SYNTHETIC_TARGET
1173,291.59771728515625,379.9406433105469,300.6058044433594,373.9468994140625,291.59771728515625,379.9406433105469,300.6058044433594,373.9468994140625,SIFT:intensity,18.973665237426758,0.04828889705532272,ROBUST_MODEL_INLIER,FIT,0.01048686869156827,SYNTHETIC_SOURCE,SYNTHETIC_TARGET
1174,202.52908325195312,572.8333129882812,211.52911376953125,566.82373046875,202.52908325195312,572.8333129882812,211.52911376953125,566.82373046875,SIFT:intensity,18.70828628540039,0.04829573520493223,ROBUST_MODEL_INLIER,FIT,0.009218531657834234,SYNTHETIC_SOURCE,SYNTHETIC_TARGET
1175,77.71366119384766,86.39248657226562,86.69821166992188,80.37616729736328,77.71366119384766,86.39248657226562,86.69821166992188,80.37616729736328,SIFT:intensity,18.70828628540039,0.048379632296781404,ROBUST_MODEL_INLIER,HELD_OUT,0.022177388224557528,SYNTHETIC_SOURCE,SYNTHETIC_TARGET
1176,222.46438598632812,266.2679443359375,231.4606170654297,260.25982666015625,222.46438598632812,266.2679443359375,231.4606170654297,260.25982666015625,SIFT:intensity,22.38302993774414,0.04844300967503394,ROBUST_MODEL_INLIER,FIT,0.008600964222352738,SYNTHETIC_SOURCE,SYNTHETIC_TARGET
1177,467.88555908203125,85.1719970703125,476.8843078613281,79.11229705810547,467.88555908203125,85.1719970703125,476.8843078613281,79.11229705810547,SIFT:intensity,21.23676109313965,0.04846858029304606,ROBUST_MODEL_INLIER,FIT,0.05934795205621431,SYNTHETIC_SOURCE,SYNTHETIC_TARGET
1178,581.0308227539062,319.46112060546875,589.993408203125,313.5141296386719,581.0308227539062,319.46112060546875,589.993408203125,313.5141296386719,SIFT:intensity,19.235383987426758,0.04847507487504675,ROBUST_MODEL_INLIER,FIT,0.06515472647107437,SYNTHETIC_SOURCE,SYNTHETIC_TARGET
1179,154.44688415527344,366.66949462890625,163.4351043701172,360.6808776855469,154.44688415527344,366.66949462890625,163.4351043701172,360.6808776855469,SIFT:intensity,20.928449630737305,0.04848772258102605,ROBUST_MODEL_INLIER,FIT,0.016603837948596423,SYNTHETIC_SOURCE,SYNTHETIC_TARGET
1180,385.8818359375,580.6339721679688,394.8561096191406,574.604248046875,385.8818359375,580.6339721679688,394.8561096191406,574.604248046875,SIFT:intensity,20.56696319580078,0.0485136021137168,ROBUST_MODEL_INLIER,HELD_OUT,0.039006270277130176,SYNTHETIC_SOURCE,SYNTHETIC_TARGET
1181,95.2923812866211,161.88796997070312,104.30042266845703,155.90850830078125,95.2923812866211,161.88796997070312,104.30042266845703,155.90850830078125,SIFT:intensity,20.02498435974121,0.04854488150395478,ROBUST_MODEL_INLIER,FIT,0.022412546085147204,SYNTHETIC_SOURCE,SYNTHETIC_TARGET
1182,195.4589385986328,307.16754150390625,204.46905517578125,301.2115478515625,195.4589385986328,307.16754150390625,204.46905517578125,301.2115478515625,SIFT:intensity,13.856406211853027,0.04858638012961598,ROBUST_MODEL_INLIER,HELD_OUT,0.04551953559618502,SYNTHETIC_SOURCE,SYNTHETIC_TARGET
1183,87.80543518066406,601.1490478515625,96.80152130126953,595.144775390625,87.80543518066406,601.1490478515625,96.80152130126953,595.144775390625,SIFT:intensity,23.0,0.04862209735696569,ROBUST_MODEL_INLIER,FIT,0.005498719386531608,SYNTHETIC_SOURCE,SYNTHETIC_TARGET
1184,482.0446472167969,289.6046142578125,491.0406799316406,283.60760498046875,482.0446472167969,289.6046142578125,491.0406799316406,283.60760498046875,SIFT:intensity,19.235383987426758,0.04863673646029876,ROBUST_MODEL_INLIER,HELD_OUT,0.0051608557709085,SYNTHETIC_SOURCE,SYNTHETIC_TARGET
1185,370.8970642089844,450.5397644042969,379.86651611328125,444.5462646484375,370.8970642089844,450.5397644042969,379.86651611328125,444.5462646484375,SIFT:intensity,18.357559204101562,0.048664695076953,ROBUST_MODEL_INLIER,FIT,0.03126521230380474,SYNTHETIC_SOURCE,SYNTHETIC_TARGET
1186,59.3827018737793,239.83033752441406,68.37466430664062,233.81785583496094,59.3827018737793,239.83033752441406,68.37466430664062,233.81785583496094,SIFT:intensity,17.34935188293457,0.04867981448697063,ROBUST_MODEL_INLIER,FIT,0.014515500677499824,SYNTHETIC_SOURCE,SYNTHETIC_TARGET
1187,497.92791748046875,367.6130676269531,506.9171142578125,361.6299743652344,497.92791748046875,367.6130676269531,506.9171142578125,361.6299743652344,SIFT:intensity,20.59126091003418,0.048721871631677696,ROBUST_MODEL_INLIER,HELD_OUT,0.020347273476842186,SYNTHETIC_SOURCE,SYNTHETIC_TARGET
1188,293.5881042480469,584.3743896484375,302.5679626464844,578.3798828125,293.5881042480469,584.3743896484375,302.5679626464844,578.3798828125,SIFT:intensity,20.32240104675293,0.048836126340927453,ROBUST_MODEL_INLIER,FIT,0.02093208345022945,SYNTHETIC_SOURCE,SYNTHETIC_TARGET
1189,142.06948852539062,306.431396484375,151.03665161132812,300.4200439453125,142.06948852539062,306.431396484375,151.03665161132812,300.4200439453125,SIFT:intensity,21.21320343017578,0.048861101371737985,ROBUST_MODEL_INLIER,FIT,0.03458323336787564,SYNTHETIC_SOURCE,SYNTHETIC_TARGET
1190,30.07903480529785,335.4098815917969,39.07236862182617,329.4208068847656,30.07903480529785,335.4098815917969,39.07236862182617,329.4208068847656,SIFT:intensity,19.94993782043457,0.04886770498274955,ROBUST_MODEL_INLIER,FIT,0.013087581161657508,SYNTHETIC_SOURCE,SYNTHETIC_TARGET
1191,250.3577117919922,609.4815063476562,259.3421630859375,603.4729614257812,250.3577117919922,609.4815063476562,259.3421630859375,603.4729614257812,SIFT:intensity,19.824228286743164,0.04887190019815078,ROBUST_MODEL_INLIER,HELD_OUT,0.017528928787549438,SYNTHETIC_SOURCE,SYNTHETIC_TARGET
1192,397.01275634765625,328.43798828125,405.9864196777344,322.4523620605469,397.01275634765625,328.43798828125,405.9864196777344,322.4523620605469,SIFT:intensity,16.18641471862793,0.04895565076517255,ROBUST_MODEL_INLIER,HELD_OUT,0.03014004265177665,SYNTHETIC_SOURCE,SYNTHETIC_TARGET
1193,453.4238586425781,307.12750244140625,462.46453857421875,301.1435241699219,453.4238586425781,307.12750244140625,462.46453857421875,301.1435241699219,SIFT:intensity,21.494184494018555,0.04902826592238971,ROBUST_MODEL_INLIER,FIT,0.04389858016914729,SYNTHETIC_SOURCE,SYNTHETIC_TARGET
1194,475.1645202636719,375.11370849609375,484.10064697265625,369.103515625,475.1645202636719,375.11370849609375,484.10064697265625,369.103515625,SIFT:intensity,12.609519958496094,0.04903941490064975,ROBUST_MODEL_INLIER,FIT,0.06457981391576273,SYNTHETIC_SOURCE,SYNTHETIC_TARGET
1195,240.04501342773438,405.9405822753906,249.05010986328125,399.9449768066406,240.04501342773438,405.9405822753906,249.05010986328125,399.9449768066406,SIFT:intensity,12.12435531616211,0.049082034914028176,ROBUST_MODEL_INLIER,FIT,0.007006343724992545,SYNTHETIC_SOURCE,SYNTHETIC_TARGET
1196,586.2833862304688,287.1118469238281,595.2778930664062,281.10107421875,586.2833862304688,287.1118469238281,595.2778930664062,281.10107421875,SIFT:intensity,17.492855072021484,0.049107601430959595,ROBUST_MODEL_INLIER,FIT,0.011747716980955333,SYNTHETIC_SOURCE,SYNTHETIC_TARGET
1197,333.6304626464844,371.4293518066406,342.6258544921875,365.44805908203125,333.6304626464844,371.4293518066406,342.6258544921875,365.44805908203125,SIFT:intensity,21.354156494140625,0.04910974278151708,ROBUST_MODEL_INLIER,FIT,0.019609702117684192,SYNTHETIC_SOURCE,SYNTHETIC_TARGET
1198,153.71107482910156,398.5472106933594,162.71865844726562,392.527099609375,153.71107482910156,398.5472106933594,162.71865844726562,392.527099609375,SIFT:intensity,19.209373474121094,0.04911919435040822,ROBUST_MODEL_INLIER,FIT,0.021169388203296738,SYNTHETIC_SOURCE,SYNTHETIC_TARGET
1199,306.82855224609375,139.60861206054688,315.84661865234375,133.58921813964844,306.82855224609375,139.60861206054688,315.84661865234375,133.58921813964844,SIFT:intensity,17.233688354492188,0.04919275118105078,ROBUST_MODEL_INLIER,FIT,0.026271229398470243,SYNTHETIC_SOURCE,SYNTHETIC_TARGET
1200,580.43115234375,27.90898323059082,589.43115234375,21.888765335083008,580.43115234375,27.90898323059082,589.43115234375,21.888765335083008,SIFT:intensity,22.427661895751953,0.04926325451762729,ROBUST_MODEL_INLIER,HELD_OUT,0.01985364469209126,SYNTHETIC_SOURCE,SYNTHETIC_TARGET
1201,581.0261840820312,122.1386947631836,590.0540771484375,116.15361785888672,581.0261840820312,122.1386947631836,590.0540771484375,116.15361785888672,SIFT:intensity,23.409399032592773,0.04937999659332509,ROBUST_MODEL_INLIER,HELD_OUT,0.03184781801994705,SYNTHETIC_SOURCE,SYNTHETIC_TARGET
1202,120.98126983642578,333.4753723144531,129.98040771484375,327.4745178222656,120.98126983642578,333.4753723144531,129.98040771484375,327.4745178222656,SIFT:intensity,18.574174880981445,0.0493915400152028,ROBUST_MODEL_INLIER,FIT,0.0009522102562080966,SYNTHETIC_SOURCE,SYNTHETIC_TARGET
1203,46.893463134765625,96.98870849609375,55.89167785644531,91.03034973144531,46.893463134765625,96.98870849609375,55.89167785644531,91.03034973144531,SIFT:intensity,18.601076126098633,0.049416624332188124,ROBUST_MODEL_INLIER,FIT,0.04204154098889431,SYNTHETIC_SOURCE,SYNTHETIC_TARGET
1204,391.6739807128906,378.26806640625,400.6593322753906,372.2767333984375,391.6739807128906,378.26806640625,400.6593322753906,372.2767333984375,SIFT:intensity,19.0,0.04943861516736806,ROBUST_MODEL_INLIER,FIT,0.017169799520087025,SYNTHETIC_SOURCE,SYNTHETIC_TARGET
1205,180.793701171875,282.464599609375,189.7818603515625,276.473388671875,180.793701171875,282.464599609375,189.7818603515625,276.473388671875,SIFT:intensity,19.570384979248047,0.049458816748775086,ROBUST_MODEL_INLIER,HELD_OUT,0.014930076102574857,SYNTHETIC_SOURCE,SYNTHETIC_TARGET
1206,183.94688415527344,353.5549621582031,192.9452667236328,347.57171630859375,183.94688415527344,353.5549621582031,192.9452667236328,347.57171630859375,SIFT:intensity,21.424285888671875,0.04960867409642709,ROBUST_MODEL_INLIER,FIT,0.0171904498762108,SYNTHETIC_SOURCE,SYNTHETIC_TARGET
1207,268.9810791015625,379.8609619140625,278.00830078125,373.8596496582031,268.9810791015625,379.8609619140625,278.00830078125,373.8596496582031,SIFT:intensity,19.493589401245117,0.04969653678825151,ROBUST_MODEL_INLIER,FIT,0.027283928844678416,SYNTHETIC_SOURCE,SYNTHETIC_TARGET
1208,94.578125,122.6961669921875,103.5726318359375,116.69744873046875,94.578125,122.6961669921875,103.5726318359375,116.69744873046875,SIFT:intensity,18.920886993408203,0.049719208594820444,ROBUST_MODEL_INLIER,FIT,0.0056906490439334705,SYNTHETIC_SOURCE,SYNTHETIC_TARGET
1209,558.6302490234375,602.4457397460938,567.6170043945312,596.435302734375,558.6302490234375,602.4457397460938,567.6170043945312,596.435302734375,SIFT:intensity,23.06512451171875,0.04973982606282964,ROBUST_MODEL_INLIER,FIT,0.01660328754848641,SYNTHETIC_SOURCE,SYNTHETIC_TARGET
1210,124.03324890136719,279.09661865234375,133.01853942871094,273.0915832519531,124.03324890136719,279.09661865234375,133.01853942871094,273.0915832519531,SIFT:intensity,18.027755737304688,0.04976455631816071,ROBUST_MODEL_INLIER,HELD_OUT,0.01538970871034463,SYNTHETIC_SOURCE,SYNTHETIC_TARGET
1211,495.18841552734375,540.0426635742188,504.2058410644531,534.0247802734375,495.18841552734375,540.0426635742188,504.2058410644531,534.0247802734375,SIFT:intensity,15.620499610900879,0.04978191585171491,ROBUST_MODEL_INLIER,FIT,0.02474190892439448,SYNTHETIC_SOURCE,SYNTHETIC_TARGET
1212,299.29058837890625,442.5529479980469,308.28924560546875,436.5786437988281,299.29058837890625,442.5529479980469,308.28924560546875,436.5786437988281,SIFT:intensity,14.387495040893555,0.04978550731540004,ROBUST_MODEL_INLIER,HELD_OUT,0.02609235982393697,SYNTHETIC_SOURCE,SYNTHETIC_TARGET
1213,189.2464599609375,500.8689880371094,198.24703979492188,494.86822509765625,189.2464599609375,500.8689880371094,198.24703979492188,494.86822509765625,SIFT:intensity,20.049938201904297,0.04986883550996441,ROBUST_MODEL_INLIER,FIT,0.0007418213155839673,SYNTHETIC_SOURCE,SYNTHETIC_TARGET
1214,455.63140869140625,277.0472717285156,464.6321716308594,271.06976318359375,455.63140869140625,277.0472717285156,464.6321716308594,271.06976318359375,SIFT:intensity,17.14642906188965,0.049901652910545394,ROBUST_MODEL_INLIER,FIT,0.022870061773458596,SYNTHETIC_SOURCE,SYNTHETIC_TARGET
1215,30.07903480529785,335.4098815917969,39.07236862182617,329.4208068847656,30.07903480529785,335.4098815917969,39.07236862182617,329.4208068847656,SIFT:intensity,18.027755737304688,0.04996656819686067,ROBUST_MODEL_INLIER,FIT,0.013087581161657508,SYNTHETIC_SOURCE,SYNTHETIC_TARGET
1216,417.59112548828125,606.3303833007812,426.553955078125,600.333740234375,417.59112548828125,606.3303833007812,426.553955078125,600.333740234375,SIFT:intensity,21.610183715820312,0.05000200891392888,ROBUST_MODEL_INLIER,FIT,0.03731066925346279,SYNTHETIC_SOURCE,SYNTHETIC_TARGET
1217,558.7105712890625,299.9361877441406,567.7302856445312,293.95068359375,558.7105712890625,299.9361877441406,567.7302856445312,293.95068359375,SIFT:intensity,20.56696319580078,0.05007255613506682,ROBUST_MODEL_INLIER,FIT,0.024724218152428163,SYNTHETIC_SOURCE,SYNTHETIC_TARGET
1218,356.30120849609375,575.1813354492188,365.31463623046875,569.1768188476562,356.30120849609375,575.1813354492188,365.31463623046875,569.1768188476562,SIFT:intensity,23.388031005859375,0.050166734995405075,ROBUST_MODEL_INLIER,FIT,0.01409883222758811,SYNTHETIC_SOURCE,SYNTHETIC_TARGET
1219,593.5445556640625,325.2125244140625,602.5338745117188,319.21514892578125,593.5445556640625,325.2125244140625,602.5338745117188,319.21514892578125,SIFT:intensity,17.972200393676758,0.05019991401675987,ROBUST_MODEL_INLIER,FIT,0.011047363445903714,SYNTHETIC_SOURCE,SYNTHETIC_TARGET
1220,141.7233428955078,534.5353393554688,150.6911163330078,528.5740356445312,141.7233428955078,534.5353393554688,150.6911163330078,528.5740356445312,SIFT:intensity,22.759613037109375,0.05020382110379784,ROBUST_MODEL_INLIER,FIT,0.050609612667969095,SYNTHETIC_SOURCE,SYNTHETIC_TARGET
1221,246.39190673828125,222.10816955566406,255.3961181640625,216.0596160888672,246.39190673828125,222.10816955566406,255.3961181640625,216.0596160888672,SIFT:intensity,9.643651008605957,0.050208283847155435,ROBUST_MODEL_INLIER,HELD_OUT,0.0483768459164162,SYNTHETIC_SOURCE,SYNTHETIC_TARGET
1222,313.10687255859375,551.3977661132812,322.1242980957031,545.4163208007812,313.10687255859375,551.3977661132812,322.1242980957031,545.4163208007812,SIFT:intensity,21.470911026000977,0.05030109948225299,ROBUST_MODEL_INLIER,FIT,0.025752184730949538,SYNTHETIC_SOURCE,SYNTHETIC_TARGET
1223,253.6466522216797,616.9163818359375,262.67303466796875,610.9539794921875,253.6466522216797,616.9163818359375,262.67303466796875,610.9539794921875,SIFT:intensity,12.449899673461914,0.05031546115317308,ROBUST_MODEL_INLIER,FIT,0.04625539263238494,SYNTHETIC_SOURCE,SYNTHETIC_TARGET
1224,298.8131408691406,205.4877166748047,307.8035583496094,199.47447204589844,298.8131408691406,205.4877166748047,307.8035583496094,199.47447204589844,SIFT:intensity,18.89444351196289,0.050350108079007465,ROBUST_MODEL_INLIER,FIT,0.016026610697802125,SYNTHETIC_SOURCE,SYNTHETIC_TARGET
1225,177.5973358154297,154.26959228515625,186.6120147705078,148.2655029296875,177.5973358154297,154.26959228515625,186.6120147705078,148.2655029296875,SIFT:intensity,18.16590118408203,0.05037481517563731,ROBUST_MODEL_INLIER,FIT,0.015188605190878892,SYNTHETIC_SOURCE,SYNTHETIC_TARGET
1226,385.89422607421875,68.3590087890625,394.8678283691406,62.38430404663086,385.89422607421875,68.3590087890625,394.8678283691406,62.38430404663086,SIFT:intensity,18.867961883544922,0.0504159466994583,ROBUST_MODEL_INLIER,FIT,0.036780935626595776,SYNTHETIC_SOURCE,SYNTHETIC_TARGET
1227,222.2196044921875,484.1084289550781,231.22015380859375,478.0862121582031,222.2196044921875,484.1084289550781,231.22015380859375,478.0862121582031,SIFT:intensity,19.621416091918945,0.05046701080588404,ROBUST_MODEL_INLIER,HELD_OUT,0.021860594644919365,SYNTHETIC_SOURCE,SYNTHETIC_TARGET
1228,57.67338180541992,197.47789001464844,66.70646667480469,191.43817138671875,57.67338180541992,197.47789001464844,66.70646667480469,191.43817138671875,SIFT:intensity,9.05538558959961,0.050506843976668186,ROBUST_MODEL_INLIER,FIT,0.05144319714271161,SYNTHETIC_SOURCE,SYNTHETIC_TARGET
1229,264.6189270019531,468.2224426269531,273.6182556152344,462.21697998046875,264.6189270019531,468.2224426269531,273.6182556152344,462.21697998046875,SIFT:intensity,21.424285888671875,0.050536567386852936,ROBUST_MODEL_INLIER,HELD_OUT,0.005136583357851514,SYNTHETIC_SOURCE,SYNTHETIC_TARGET
1230,106.14535522460938,405.0044250488281,115.16534423828125,399.0127258300781,106.14535522460938,405.0044250488281,115.16534423828125,399.0127258300781,SIFT:intensity,20.856653213500977,0.05053771826499723,ROBUST_MODEL_INLIER,FIT,0.021828341832903476,SYNTHETIC_SOURCE,SYNTHETIC_TARGET
1231,546.4111328125,82.0215072631836,555.447509765625,76.05154418945312,546.4111328125,82.0215072631836,555.447509765625,76.05154418945312,SIFT:intensity,21.260292053222656,0.05055201368202697,ROBUST_MODEL_INLIER,HELD_OUT,0.04744312384913373,SYNTHETIC_SOURCE,SYNTHETIC_TARGET
1232,87.2541732788086,296.00146484375,96.26349639892578,289.99468994140625,87.2541732788086,296.00146484375,96.26349639892578,289.99468994140625,SIFT:intensity,19.84943389892578,0.050581531937985376,ROBUST_MODEL_INLIER,FIT,0.011352180307370003,SYNTHETIC_SOURCE,SYNTHETIC_TARGET
1233,372.7083740234375,109.49693298339844,381.7060546875,103.5031509399414,372.7083740234375,109.49693298339844,381.7060546875,103.5031509399414,SIFT:intensity,17.8885440826416,0.05058187594953443,ROBUST_MODEL_INLIER,FIT,0.006963851058352441,SYNTHETIC_SOURCE,SYNTHETIC_TARGET
1234,575.7685546875,382.17852783203125,584.7680053710938,376.1805114746094,575.7685546875,382.17852783203125,584.7680053710938,376.1805114746094,SIFT:intensity,19.974985122680664,0.05066172071282727,ROBUST_MODEL_INLIER,FIT,0.002401333748988751,SYNTHETIC_SOURCE,SYNTHETIC_TARGET
1235,356.1625671386719,549.4755859375,365.14996337890625,543.4869995117188,356.1625671386719,549.4755859375,365.14996337890625,543.4869995117188,SIFT:intensity,12.569805145263672,0.05066205241229302,ROBUST_MODEL_INLIER,FIT,0.017216891493141068,SYNTHETIC_SOURCE,SYNTHETIC_TARGET
1236,336.6129150390625,91.6565170288086,345.6270446777344,85.61835479736328,336.6129150390625,91.6565170288086,345.6270446777344,85.61835479736328,SIFT:intensity,19.67231559753418,0.05075564601476146,ROBUST_MODEL_INLIER,FIT,0.04036862323353032,SYNTHETIC_SOURCE,SYNTHETIC_TARGET
1237,299.6189880371094,579.3630981445312,308.62457275390625,573.3681030273438,299.6189880371094,579.3630981445312,308.62457275390625,573.3681030273438,SIFT:intensity,20.049938201904297,0.050927057788111726,ROBUST_MODEL_INLIER,FIT,0.007780142407641449,SYNTHETIC_SOURCE,SYNTHETIC_TARGET
1238,94.578125,122.6961669921875,103.5726318359375,116.69744873046875,94.578125,122.6961669921875,103.5726318359375,116.69744873046875,SIFT:intensity,16.462078094482422,0.05095812639610011,ROBUST_MODEL_INLIER,FIT,0.0056906490439334705,SYNTHETIC_SOURCE,SYNTHETIC_TARGET
1239,80.06429290771484,161.454345703125,89.05651092529297,155.457275390625,80.06429290771484,161.454345703125,89.05651092529297,155.457275390625,SIFT:intensity,22.472204208374023,0.050965505035026754,ROBUST_MODEL_INLIER,FIT,0.00840828528382095,SYNTHETIC_SOURCE,SYNTHETIC_TARGET
1240,217.36529541015625,449.8091735839844,226.3751983642578,443.8078918457031,217.36529541015625,449.8091735839844,226.3751983642578,443.8078918457031,SIFT:intensity,20.19900894165039,0.05103445251478492,ROBUST_MODEL_INLIER,HELD_OUT,0.009990942115467498,SYNTHETIC_SOURCE,SYNTHETIC_TARGET
1241,229.9766387939453,449.0003662109375,238.9975128173828,443.00457763671875,229.9766387939453,449.0003662109375,238.9975128173828,443.00457763671875,SIFT:intensity,19.36491584777832,0.0510604711133363,ROBUST_MODEL_INLIER,FIT,0.021414371882844386,SYNTHETIC_SOURCE,SYNTHETIC_TARGET
1242,240.5529022216797,441.8997802734375,249.55361938476562,435.8987121582031,240.5529022216797,441.8997802734375,249.55361938476562,435.8987121582031,SIFT:intensity,21.748563766479492,0.0511810257736849,ROBUST_MODEL_INLIER,FIT,0.001037992023807066,SYNTHETIC_SOURCE,SYNTHETIC_TARGET
1243,268.9810791015625,379.8609619140625,278.00830078125,373.8596496582031,268.9810791015625,379.8609619140625,278.00830078125,373.8596496582031,SIFT:intensity,19.72308349609375,0.051196850331325185,ROBUST_MODEL_INLIER,FIT,0.027283928844678416,SYNTHETIC_SOURCE,SYNTHETIC_TARGET
1244,480.43133544921875,530.9852294921875,489.4351501464844,524.9828491210938,480.43133544921875,530.9852294921875,489.4351501464844,524.9828491210938,SIFT:intensity,17.20465087890625,0.051306217107271894,ROBUST_MODEL_INLIER,FIT,0.004355202045127751,SYNTHETIC_SOURCE,SYNTHETIC_TARGET
1245,541.7160034179688,302.92816162109375,550.681884765625,296.945068359375,541.7160034179688,302.92816162109375,550.681884765625,296.945068359375,SIFT:intensity,25.806976318359375,0.05133483513681076,ROBUST_MODEL_INLIER,FIT,0.038200127808602304,SYNTHETIC_SOURCE,SYNTHETIC_TARGET
1246,241.2268524169922,226.92774963378906,250.22598266601562,220.94277954101562,241.2268524169922,226.92774963378906,250.22598266601562,220.94277954101562,SIFT:intensity,9.949873924255371,0.051372709942518024,ROBUST_MODEL_INLIER,FIT,0.015416246650426525,SYNTHETIC_SOURCE,SYNTHETIC_TARGET
1247,22.95313835144043,371.6001281738281,32.0,365.6951599121094,22.95313835144043,371.6001281738281,32.0,365.6951599121094,SIFT:intensity,19.46792221069336,0.05144253011254419,ROBUST_MODEL_INLIER,FIT,0.10630480383192742,SYNTHETIC_SOURCE,SYNTHETIC_TARGET
1248,32.6074104309082,544.3103637695312,41.6358757019043,538.281494140625,32.6074104309082,544.3103637695312,41.6358757019043,538.281494140625,SIFT:intensity,22.583179473876953,0.05146676200927772,ROBUST_MODEL_INLIER,FIT,0.04031666396418598,SYNTHETIC_SOURCE,SYNTHETIC_TARGET
1249,186.2267608642578,493.18719482421875,195.2354278564453,487.19769287109375,186.2267608642578,493.18719482421875,195.2354278564453,487.19769287109375,SIFT:intensity,18.920886993408203,0.051581791965848174,ROBUST_MODEL_INLIER,FIT,0.013924905510897624,SYNTHETIC_SOURCE,SYNTHETIC_TARGET
1250,507.8131408691406,549.658447265625,516.817138671875,543.6494140625,507.8131408691406,549.658447265625,516.817138671875,543.6494140625,SIFT:intensity,18.493242263793945,0.051631525281050854,ROBUST_MODEL_INLIER,FIT,0.009565581588076947,SYNTHETIC_SOURCE,SYNTHETIC_TARGET
1251,555.3096923828125,196.22830200195312,564.3248291015625,190.2318878173828,555.3096923828125,196.22830200195312,564.3248291015625,190.2318878173828,SIFT:intensity,24.392621994018555,0.05165946046228934,ROBUST_MODEL_INLIER,FIT,0.015687944360054624,SYNTHETIC_SOURCE,SYNTHETIC_TARGET
1252,555.52587890625,107.51333618164062,564.5059814453125,101.51158142089844,555.52587890625,107.51333618164062,564.5059814453125,101.51158142089844,SIFT:intensity,21.047565460205078,0.051805476914830506,ROBUST_MODEL_INLIER,HELD_OUT,0.019900320383712495,SYNTHETIC_SOURCE,SYNTHETIC_TARGET
1253,507.8131408691406,549.658447265625,516.817138671875,543.6494140625,507.8131408691406,549.658447265625,516.817138671875,543.6494140625,SIFT:intensity,20.074859619140625,0.05182978043454212,ROBUST_MODEL_INLIER,FIT,0.009565581588076947,SYNTHETIC_SOURCE,SYNTHETIC_TARGET
1254,106.14535522460938,405.0044250488281,115.16534423828125,399.0127258300781,106.14535522460938,405.0044250488281,115.16534423828125,399.0127258300781,SIFT:intensity,21.540658950805664,0.05183497453651074,ROBUST_MODEL_INLIER,FIT,0.021828341832903476,SYNTHETIC_SOURCE,SYNTHETIC_TARGET
1255,479.2962951660156,389.8609924316406,488.2840576171875,383.8428955078125,479.2962951660156,389.8609924316406,488.2840576171875,383.8428955078125,SIFT:intensity,24.06241798400879,0.051839521820069935,ROBUST_MODEL_INLIER,FIT,0.021519413009861814,SYNTHETIC_SOURCE,SYNTHETIC_TARGET
1256,563.9041748046875,254.73484802246094,572.8731079101562,248.71737670898438,563.9041748046875,254.73484802246094,572.8731079101562,248.71737670898438,SIFT:intensity,19.36491584777832,0.0518492570569539,ROBUST_MODEL_INLIER,FIT,0.03542540838785678,SYNTHETIC_SOURCE,SYNTHETIC_TARGET
1257,610.18017578125,530.7191772460938,619.18408203125,524.706787109375,610.18017578125,530.7191772460938,619.18408203125,524.706787109375,SIFT:intensity,17.8885440826416,0.05192550506448613,ROBUST_MODEL_INLIER,FIT,0.01265856132720983,SYNTHETIC_SOURCE,SYNTHETIC_TARGET
1258,388.081298828125,41.081817626953125,397.100341796875,35.08696365356445,388.081298828125,41.081817626953125,397.100341796875,35.08696365356445,SIFT:intensity,21.283796310424805,0.052072564639415786,ROBUST_MODEL_INLIER,HELD_OUT,0.019868163706395568,SYNTHETIC_SOURCE,SYNTHETIC_TARGET
1259,385.1592102050781,400.0338439941406,394.184326171875,394.0527648925781,385.1592102050781,400.0338439941406,394.184326171875,394.0527648925781,SIFT:intensity,20.273134231567383,0.05208248072397236,ROBUST_MODEL_INLIER,FIT,0.03170224497180039,SYNTHETIC_SOURCE,SYNTHETIC_TARGET
1260,582.9368896484375,527.619873046875,592.0015869140625,521.5980224609375,582.9368896484375,527.619873046875,592.0015869140625,521.5980224609375,SIFT:intensity,21.51743507385254,0.05208948821660757,ROBUST_MODEL_INLIER,FIT,0.0682152608700379,SYNTHETIC_SOURCE,SYNTHETIC_TARGET
1261,347.1703186035156,428.1802673339844,356.15838623046875,422.1982421875,347.1703186035156,428.1802673339844,356.15838623046875,422.1982421875,SIFT:intensity,6.324555397033691,0.05209145915157063,ROBUST_MODEL_INLIER,FIT,0.021854424355924,SYNTHETIC_SOURCE,SYNTHETIC_TARGET
1262,424.0116271972656,196.44337463378906,433.0060729980469,190.43466186523438,424.0116271972656,196.44337463378906,433.0060729980469,190.43466186523438,SIFT:intensity,17.549928665161133,0.05217142901596108,ROBUST_MODEL_INLIER,FIT,0.010001979283979001,SYNTHETIC_SOURCE,SYNTHETIC_TARGET
1263,101.96873474121094,290.6903076171875,110.94508361816406,284.6856994628906,101.96873474121094,290.6903076171875,110.94508361816406,284.6856994628906,SIFT:intensity,19.748416900634766,0.05221635810346457,ROBUST_MODEL_INLIER,HELD_OUT,0.023983799963727435,SYNTHETIC_SOURCE,SYNTHETIC_TARGET
1264,580.5284423828125,150.71873474121094,589.5409545898438,144.7284393310547,580.5284423828125,150.71873474121094,589.5409545898438,144.7284393310547,SIFT:intensity,13.379088401794434,0.05229918457209375,ROBUST_MODEL_INLIER,FIT,0.01609613500169632,SYNTHETIC_SOURCE,SYNTHETIC_TARGET
1265,88.56226348876953,522.01953125,97.57939910888672,516.0115356445312,88.56226348876953,522.01953125,97.57939910888672,516.0115356445312,SIFT:intensity,16.431676864624023,0.05235115890290635,ROBUST_MODEL_INLIER,FIT,0.01879992429599642,SYNTHETIC_SOURCE,SYNTHETIC_TARGET
1266,608.0741577148438,551.81787109375,617.1026000976562,545.82421875,608.0741577148438,551.81787109375,617.1026000976562,545.82421875,SIFT:intensity,20.19900894165039,0.05236155653457081,ROBUST_MODEL_INLIER,FIT,0.029268167320927,SYNTHETIC_SOURCE,SYNTHETIC_TARGET
1267,150.74227905273438,572.4935913085938,159.70330810546875,566.4994506835938,150.74227905273438,572.4935913085938,159.70330810546875,566.4994506835938,SIFT:intensity,7.681145668029785,0.052460676499786675,ROBUST_MODEL_INLIER,FIT,0.039419577682289916,SYNTHETIC_SOURCE,SYNTHETIC_TARGET
1268,69.0984115600586,261.50030517578125,78.1081771850586,255.53237915039062,69.0984115600586,261.50030517578125,78.1081771850586,255.53237915039062,SIFT:intensity,20.880613327026367,0.052466004860468755,ROBUST_MODEL_INLIER,HELD_OUT,0.03388960739304312,SYNTHETIC_SOURCE,SYNTHETIC_TARGET
1269,585.03955078125,457.9701843261719,594.0396118164062,451.9571228027344,585.03955078125,457.9701843261719,594.0396118164062,451.9571228027344,SIFT:intensity,18.734994888305664,0.05247238805109044,ROBUST_MODEL_INLIER,FIT,0.012697669100510301,SYNTHETIC_SOURCE,SYNTHETIC_TARGET
1270,288.6603698730469,72.66436004638672,297.6644592285156,66.68244171142578,288.6603698730469,72.66436004638672,297.6644592285156,66.68244171142578,SIFT:intensity,19.974985122680664,0.052517947073514336,ROBUST_MODEL_INLIER,HELD_OUT,0.01890378464549229,SYNTHETIC_SOURCE,SYNTHETIC_TARGET
1271,330.8541564941406,237.65988159179688,339.8272399902344,231.67152404785156,330.8541564941406,237.65988159179688,339.8272399902344,231.67152404785156,SIFT:intensity,19.697715759277344,0.05258036154037779,ROBUST_MODEL_INLIER,FIT,0.029431246586181587,SYNTHETIC_SOURCE,SYNTHETIC_TARGET
1272,575.7685546875,382.17852783203125,584.7680053710938,376.1805114746094,575.7685546875,382.17852783203125,584.7680053710938,376.1805114746094,SIFT:intensity,20.71231460571289,0.05260695638451056,ROBUST_MODEL_INLIER,FIT,0.002401333748988751,SYNTHETIC_SOURCE,SYNTHETIC_TARGET
1273,72.79913330078125,69.69371032714844,81.81898498535156,63.71672439575195,72.79913330078125,69.69371032714844,81.81898498535156,63.71672439575195,SIFT:intensity,18.027755737304688,0.05267739267489584,ROBUST_MODEL_INLIER,FIT,0.030699466414335547,SYNTHETIC_SOURCE,SYNTHETIC_TARGET
1274,386.1402893066406,336.1581115722656,395.1568603515625,330.1462707519531,386.1402893066406,336.1581115722656,395.1568603515625,330.1462707519531,SIFT:intensity,21.0,0.0527328667495982,ROBUST_MODEL_INLIER,FIT,0.020194781154062164,SYNTHETIC_SOURCE,SYNTHETIC_TARGET
1275,563.1555786132812,368.80889892578125,572.1254272460938,362.8155212402344,563.1555786132812,368.80889892578125,572.1254272460938,362.8155212402344,SIFT:intensity,17.029386520385742,0.05273772637231571,ROBUST_MODEL_INLIER,FIT,0.030905653694830254,SYNTHETIC_SOURCE,SYNTHETIC_TARGET
1276,480.3545227050781,152.43734741210938,489.3743896484375,146.4922332763672,480.3545227050781,152.43734741210938,489.3743896484375,146.4922332763672,SIFT:intensity,14.387495040893555,0.052743927952234274,ROBUST_MODEL_INLIER,HELD_OUT,0.05872901713799499,SYNTHETIC_SOURCE,SYNTHETIC_TARGET
1277,26.755067825317383,106.5825424194336,35.77067565917969,100.58663177490234,26.755067825317383,106.5825424194336,35.77067565917969,100.58663177490234,SIFT:intensity,22.24859619140625,0.05282139860687059,ROBUST_MODEL_INLIER,HELD_OUT,0.016274845382318017,SYNTHETIC_SOURCE,SYNTHETIC_TARGET
1278,388.081298828125,41.081817626953125,397.100341796875,35.08696365356445,388.081298828125,41.081817626953125,397.100341796875,35.08696365356445,SIFT:intensity,15.329710006713867,0.052830608351802484,ROBUST_MODEL_INLIER,HELD_OUT,0.019868163706395568,SYNTHETIC_SOURCE,SYNTHETIC_TARGET
1279,232.91798400878906,171.91685485839844,241.9341583251953,165.93585205078125,232.91798400878906,171.91685485839844,241.9341583251953,165.93585205078125,SIFT:intensity,22.068077087402344,0.05284028108732814,ROBUST_MODEL_INLIER,HELD_OUT,0.02525784899472416,SYNTHETIC_SOURCE,SYNTHETIC_TARGET
1280,57.15568923950195,175.66082763671875,66.16244506835938,169.65380859375,57.15568923950195,175.66082763671875,66.16244506835938,169.65380859375,SIFT:intensity,8.246211051940918,0.052869020151272726,ROBUST_MODEL_INLIER,FIT,0.009515639224224331,SYNTHETIC_SOURCE,SYNTHETIC_TARGET
1281,69.45706176757812,449.0863342285156,78.42369079589844,443.11279296875,69.45706176757812,449.0863342285156,78.42369079589844,443.11279296875,SIFT:intensity,22.781572341918945,0.05287712141464925,ROBUST_MODEL_INLIER,FIT,0.04277901731643497,SYNTHETIC_SOURCE,SYNTHETIC_TARGET
1282,232.91798400878906,171.91685485839844,241.9341583251953,165.93585205078125,232.91798400878906,171.91685485839844,241.9341583251953,165.93585205078125,SIFT:intensity,23.579652786254883,0.0529811602907313,ROBUST_MODEL_INLIER,HELD_OUT,0.02525784899472416,SYNTHETIC_SOURCE,SYNTHETIC_TARGET
1283,353.26593017578125,48.65105056762695,362.284423828125,42.645530700683594,353.26593017578125,48.65105056762695,362.284423828125,42.645530700683594,SIFT:intensity,14.21267032623291,0.05307189984251215,ROBUST_MODEL_INLIER,FIT,0.01924292728329337,SYNTHETIC_SOURCE,SYNTHETIC_TARGET
1284,417.6120300292969,387.42364501953125,426.6051330566406,381.4022521972656,417.6120300292969,387.42364501953125,426.6051330566406,381.4022521972656,SIFT:intensity,15.42724895477295,0.05309554620646614,ROBUST_MODEL_INLIER,HELD_OUT,0.022116452887613238,SYNTHETIC_SOURCE,SYNTHETIC_TARGET
1285,299.6189880371094,579.3630981445312,308.62457275390625,573.3681030273438,299.6189880371094,579.3630981445312,308.62457275390625,573.3681030273438,SIFT:intensity,20.59126091003418,0.05309583497929628,ROBUST_MODEL_INLIER,FIT,0.007780142407641449,SYNTHETIC_SOURCE,SYNTHETIC_TARGET
1286,251.63067626953125,187.05723571777344,260.6878662109375,181.0348358154297,251.63067626953125,187.05723571777344,260.6878662109375,181.0348358154297,SIFT:intensity,18.11077117919922,0.053151002975344704,ROBUST_MODEL_INLIER,FIT,0.06133102804883334,SYNTHETIC_SOURCE,SYNTHETIC_TARGET
1287,312.5431213378906,230.09461975097656,321.5181884765625,224.11630249023438,312.5431213378906,230.09461975097656,321.5181884765625,224.11630249023438,SIFT:intensity,18.193405151367188,0.05326795718309215,ROBUST_MODEL_INLIER,FIT,0.033248144251014244,SYNTHETIC_SOURCE,SYNTHETIC_TARGET
1288,321.087890625,150.1139678955078,330.04229736328125,144.12852478027344,321.087890625,150.1139678955078,330.04229736328125,144.12852478027344,SIFT:intensity,19.05255889892578,0.05330852404592472,ROBUST_MODEL_INLIER,HELD_OUT,0.04792927376625932,SYNTHETIC_SOURCE,SYNTHETIC_TARGET
1289,436.90673828125,547.3251953125,445.9132080078125,541.304443359375,436.90673828125,547.3251953125,445.9132080078125,541.304443359375,SIFT:intensity,18.81488800048828,0.05334772348175079,ROBUST_MODEL_INLIER,FIT,0.021403458412951465,SYNTHETIC_SOURCE,SYNTHETIC_TARGET
1290,563.1773681640625,224.04119873046875,572.1746826171875,218.0552978515625,563.1773681640625,224.04119873046875,572.1746826171875,218.0552978515625,SIFT:intensity,18.734994888305664,0.05335310582743776,ROBUST_MODEL_INLIER,HELD_OUT,0.014702348175841054,SYNTHETIC_SOURCE,SYNTHETIC_TARGET
1291,80.85848999023438,211.7342987060547,89.85838317871094,205.73886108398438,80.85848999023438,211.7342987060547,89.85838317871094,205.73886108398438,SIFT:intensity,20.4939022064209,0.053368811721261,ROBUST_MODEL_INLIER,FIT,0.00492705957702632,SYNTHETIC_SOURCE,SYNTHETIC_TARGET
1292,213.01895141601562,489.3953552246094,222.01158142089844,483.40472412109375,213.01895141601562,489.3953552246094,222.01158142089844,483.40472412109375,SIFT:intensity,21.840330123901367,0.05337924245391902,ROBUST_MODEL_INLIER,HELD_OUT,0.012181106844766336,SYNTHETIC_SOURCE,SYNTHETIC_TARGET
1293,288.6603698730469,72.66436004638672,297.6644592285156,66.68244171142578,288.6603698730469,72.66436004638672,297.6644592285156,66.68244171142578,SIFT:intensity,20.46949005126953,0.053384583768989496,ROBUST_MODEL_INLIER,FIT,0.01890378464549229,SYNTHETIC_SOURCE,SYNTHETIC_TARGET
1294,549.4693603515625,329.5223083496094,558.452392578125,323.5185241699219,549.4693603515625,329.5223083496094,558.452392578125,323.5185241699219,SIFT:intensity,22.27105712890625,0.05347119322974791,ROBUST_MODEL_INLIER,HELD_OUT,0.017264111253628575,SYNTHETIC_SOURCE,SYNTHETIC_TARGET
1295,483.6285095214844,282.275390625,492.6193542480469,276.2781066894531,483.6285095214844,282.275390625,492.6193542480469,276.2781066894531,SIFT:intensity,23.8117618560791,0.05347866381305958,ROBUST_MODEL_INLIER,FIT,0.009616215687481163,SYNTHETIC_SOURCE,SYNTHETIC_TARGET
1296,537.6978759765625,99.4384536743164,546.7197875976562,93.4881591796875,537.6978759765625,99.4384536743164,546.7197875976562,93.4881591796875,SIFT:intensity,13.304134368896484,0.05350798683183961,ROBUST_MODEL_INLIER,HELD_OUT,0.05467278182555346,SYNTHETIC_SOURCE,SYNTHETIC_TARGET
1297,560.676513671875,84.4478988647461,569.6808471679688,78.4620132446289,560.676513671875,84.4478988647461,569.6808471679688,78.4620132446289,SIFT:intensity,21.908903121948242,0.053523182103385025,ROBUST_MODEL_INLIER,FIT,0.015126476865424288,SYNTHETIC_SOURCE,SYNTHETIC_TARGET
1298,435.3945617675781,603.260498046875,444.42523193359375,597.3098754882812,435.3945617675781,603.260498046875,444.42523193359375,597.3098754882812,SIFT:intensity,22.56102752685547,0.053524100731742935,ROBUST_MODEL_INLIER,HELD_OUT,0.05846118636859436,SYNTHETIC_SOURCE,SYNTHETIC_TARGET
1299,247.1597900390625,572.245361328125,256.1524963378906,566.2384033203125,247.1597900390625,572.245361328125,256.1524963378906,566.2384033203125,SIFT:intensity,23.853721618652344,0.05355008280805563,ROBUST_MODEL_INLIER,HELD_OUT,0.009798436067207742,SYNTHETIC_SOURCE,SYNTHETIC_TARGET
1300,595.7793579101562,361.0410461425781,604.7945556640625,355.0317687988281,595.7793579101562,361.0410461425781,604.7945556640625,355.0317687988281,SIFT:intensity,19.36491584777832,0.053634813442767416,ROBUST_MODEL_INLIER,HELD_OUT,0.01765807181181377,SYNTHETIC_SOURCE,SYNTHETIC_TARGET
1301,283.8721923828125,387.70947265625,292.85601806640625,381.7407531738281,283.8721923828125,387.70947265625,292.85601806640625,381.7407531738281,SIFT:intensity,22.781572341918945,0.05373475681079356,ROBUST_MODEL_INLIER,FIT,0.03551794631566638,SYNTHETIC_SOURCE,SYNTHETIC_TARGET
1302,394.7958679199219,102.4952392578125,403.79132080078125,96.46006774902344,394.7958679199219,102.4952392578125,403.79132080078125,96.46006774902344,SIFT:intensity,13.711309432983398,0.05375991997254643,ROBUST_MODEL_INLIER,HELD_OUT,0.03509705999955668,SYNTHETIC_SOURCE,SYNTHETIC_TARGET
1303,165.4860382080078,330.89251708984375,174.4895477294922,324.8848571777344,165.4860382080078,330.89251708984375,174.4895477294922,324.8848571777344,SIFT:intensity,23.366641998291016,0.053786959131280315,ROBUST_MODEL_INLIER,FIT,0.008115789949094981,SYNTHETIC_SOURCE,SYNTHETIC_TARGET
1304,122.68944549560547,315.2768859863281,131.71017456054688,309.26971435546875,122.68944549560547,315.2768859863281,131.71017456054688,309.26971435546875,SIFT:intensity,18.0,0.05397841225913526,ROBUST_MODEL_INLIER,FIT,0.02186169563334584,SYNTHETIC_SOURCE,SYNTHETIC_TARGET
1305,215.84219360351562,371.3390808105469,224.84365844726562,365.2862243652344,215.84219360351562,371.3390808105469,224.84365844726562,365.2862243652344,SIFT:intensity,28.24889373779297,0.0540085422042278,ROBUST_MODEL_INLIER,HELD_OUT,0.05251387355616042,SYNTHETIC_SOURCE,SYNTHETIC_TARGET
1306,612.1060180664062,140.29348754882812,621.0773315429688,134.2685089111328,612.1060180664062,140.29348754882812,621.0773315429688,134.2685089111328,SIFT:intensity,23.916521072387695,0.05423623854084016,ROBUST_MODEL_INLIER,HELD_OUT,0.0377645049782111,SYNTHETIC_SOURCE,SYNTHETIC_TARGET
1307,405.6514587402344,568.73974609375,414.66485595703125,562.717041015625,405.6514587402344,568.73974609375,414.66485595703125,562.717041015625,SIFT:intensity,18.89444351196289,0.054246469152092705,ROBUST_MODEL_INLIER,FIT,0.02607343997410682,SYNTHETIC_SOURCE,SYNTHETIC_TARGET
1308,562.2387084960938,196.8585662841797,571.2241821289062,190.87985229492188,562.2387084960938,196.8585662841797,571.2241821289062,190.87985229492188,SIFT:intensity,21.931713104248047,0.05434088148479955,ROBUST_MODEL_INLIER,HELD_OUT,0.026046566398256615,SYNTHETIC_SOURCE,SYNTHETIC_TARGET
1309,168.22311401367188,548.4468383789062,177.21009826660156,542.4571533203125,168.22311401367188,548.4468383789062,177.21009826660156,542.4571533203125,SIFT:intensity,19.974985122680664,0.054471852186895604,ROBUST_MODEL_INLIER,HELD_OUT,0.016800786103800508,SYNTHETIC_SOURCE,SYNTHETIC_TARGET
1310,474.3423767089844,548.9896850585938,483.3293151855469,543.05078125,474.3423767089844,548.9896850585938,483.3293151855469,543.05078125,SIFT:intensity,22.315914154052734,0.0545272697540662,ROBUST_MODEL_INLIER,FIT,0.06282357930620615,SYNTHETIC_SOURCE,SYNTHETIC_TARGET
1311,281.8651428222656,554.3587036132812,290.8570861816406,548.3629760742188,281.8651428222656,554.3587036132812,290.8570861816406,548.3629760742188,SIFT:intensity,21.702533721923828,0.054527432224145404,ROBUST_MODEL_INLIER,FIT,0.009255999753137147,SYNTHETIC_SOURCE,SYNTHETIC_TARGET
1312,93.47111511230469,469.2836608886719,102.48340606689453,463.29229736328125,93.47111511230469,469.2836608886719,102.48340606689453,463.29229736328125,SIFT:intensity,24.22808265686035,0.05465376706540884,ROBUST_MODEL_INLIER,FIT,0.015271180009420526,SYNTHETIC_SOURCE,SYNTHETIC_TARGET
1313,320.0130920410156,573.6680297851562,329.02685546875,567.6268310546875,320.0130920410156,573.6680297851562,329.02685546875,567.6268310546875,SIFT:intensity,23.8117618560791,0.05466865652849912,ROBUST_MODEL_INLIER,FIT,0.043106200673767414,SYNTHETIC_SOURCE,SYNTHETIC_TARGET
1314,457.27911376953125,584.707763671875,466.359619140625,578.504150390625,457.27911376953125,584.707763671875,466.359619140625,578.504150390625,SIFT:intensity,12.449899673461914,0.0546911631029655,ROBUST_MODEL_INLIER,FIT,0.21862898773394474,SYNTHETIC_SOURCE,SYNTHETIC_TARGET
1315,556.094970703125,593.5420532226562,565.0800170898438,587.55615234375,556.094970703125,593.5420532226562,565.0800170898438,587.55615234375,SIFT:intensity,25.3968505859375,0.05476092352452033,ROBUST_MODEL_INLIER,FIT,0.02077099552274817,SYNTHETIC_SOURCE,SYNTHETIC_TARGET
1316,546.4111328125,82.0215072631836,555.447509765625,76.05154418945312,546.4111328125,82.0215072631836,555.447509765625,76.05154418945312,SIFT:intensity,19.02629852294922,0.054894007524602884,ROBUST_MODEL_INLIER,FIT,0.04744312384913373,SYNTHETIC_SOURCE,SYNTHETIC_TARGET
1317,581.0308227539062,319.46112060546875,589.993408203125,313.5141296386719,581.0308227539062,319.46112060546875,589.993408203125,313.5141296386719,SIFT:intensity,22.315914154052734,0.054953636656245045,ROBUST_MODEL_INLIER,HELD_OUT,0.06515472647107437,SYNTHETIC_SOURCE,SYNTHETIC_TARGET
1318,97.82430267333984,589.845703125,106.825439453125,583.8480834960938,97.82430267333984,589.845703125,106.825439453125,583.8480834960938,SIFT:intensity,21.283796310424805,0.055059420427267664,ROBUST_MODEL_INLIER,FIT,0.0029885913348676185,SYNTHETIC_SOURCE,SYNTHETIC_TARGET
1319,194.3925323486328,564.5936279296875,203.3833770751953,558.5670166015625,194.3925323486328,564.5936279296875,203.3833770751953,558.5670166015625,SIFT:intensity,21.931713104248047,0.05508342667731353,ROBUST_MODEL_INLIER,FIT,0.027782894627349217,SYNTHETIC_SOURCE,SYNTHETIC_TARGET
1320,80.85848999023438,211.7342987060547,89.85838317871094,205.73886108398438,80.85848999023438,211.7342987060547,89.85838317871094,205.73886108398438,SIFT:intensity,20.880613327026367,0.05513043882710427,ROBUST_MODEL_INLIER,FIT,0.00492705957702632,SYNTHETIC_SOURCE,SYNTHETIC_TARGET
1321,493.1280212402344,37.0057373046875,502.1374206542969,30.977855682373047,493.1280212402344,37.0057373046875,502.1374206542969,30.977855682373047,SIFT:intensity,12.369317054748535,0.05519597029217106,ROBUST_MODEL_INLIER,FIT,0.02909320285046909,SYNTHETIC_SOURCE,SYNTHETIC_TARGET
1322,577.0625610351562,388.4814147949219,586.075927734375,382.4631652832031,577.0625610351562,388.4814147949219,586.075927734375,382.4631652832031,SIFT:intensity,18.11077117919922,0.05524581509427709,ROBUST_MODEL_INLIER,FIT,0.0223556518847605,SYNTHETIC_SOURCE,SYNTHETIC_TARGET
1323,388.081298828125,41.081817626953125,397.100341796875,35.08696365356445,388.081298828125,41.081817626953125,397.100341796875,35.08696365356445,SIFT:intensity,16.0623779296875,0.05525560330505632,ROBUST_MODEL_INLIER,FIT,0.019868163706395568,SYNTHETIC_SOURCE,SYNTHETIC_TARGET
1324,596.9266967773438,586.9937744140625,605.8994140625,580.9635620117188,596.9266967773438,586.9937744140625,605.8994140625,580.9635620117188,SIFT:intensity,23.0,0.05526946194731748,ROBUST_MODEL_INLIER,FIT,0.04040742279405218,SYNTHETIC_SOURCE,SYNTHETIC_TARGET
1325,448.26422119140625,392.7203674316406,457.2808532714844,386.700927734375,448.26422119140625,392.7203674316406,457.2808532714844,386.700927734375,SIFT:intensity,22.912878036499023,0.055282416761883106,ROBUST_MODEL_INLIER,HELD_OUT,0.025338143963868853,SYNTHETIC_SOURCE,SYNTHETIC_TARGET
1326,157.2014617919922,453.5225524902344,166.1973419189453,447.5229797363281,157.2014617919922,453.5225524902344,166.1973419189453,447.5229797363281,SIFT:intensity,20.736440658569336,0.055311732229983056,ROBUST_MODEL_INLIER,FIT,0.004150278864786327,SYNTHETIC_SOURCE,SYNTHETIC_TARGET
1327,161.93968200683594,536.3401489257812,170.94534301757812,530.3417358398438,161.93968200683594,536.3401489257812,170.94534301757812,530.3417358398438,SIFT:intensity,22.934690475463867,0.055348093250796725,ROBUST_MODEL_INLIER,FIT,0.006031141636103032,SYNTHETIC_SOURCE,SYNTHETIC_TARGET
1328,352.07806396484375,336.9278259277344,361.07611083984375,330.9043273925781,352.07806396484375,336.9278259277344,361.07611083984375,330.9043273925781,SIFT:intensity,20.44504737854004,0.05538955025749639,ROBUST_MODEL_INLIER,FIT,0.023212726014416814,SYNTHETIC_SOURCE,SYNTHETIC_TARGET
1329,107.36327362060547,328.6712646484375,116.36235809326172,322.6586608886719,107.36327362060547,328.6712646484375,116.36235809326172,322.6586608886719,SIFT:intensity,21.21320343017578,0.055397150615795525,ROBUST_MODEL_INLIER,FIT,0.012270320055483735,SYNTHETIC_SOURCE,SYNTHETIC_TARGET
1330,187.97450256347656,116.93121337890625,197.20761108398438,110.535400390625,187.97450256347656,116.93121337890625,197.20761108398438,110.535400390625,SIFT:intensity,28.407745361328125,0.05543051280719865,ROBUST_MODEL_INLIER,FIT,0.4590649064960327,SYNTHETIC_SOURCE,SYNTHETIC_TARGET
1331,599.3701171875,409.94873046875,608.3629150390625,403.9465637207031,599.3701171875,409.94873046875,608.3629150390625,403.9465637207031,SIFT:intensity,23.64318084716797,0.055504249614886036,ROBUST_MODEL_INLIER,FIT,0.007379869052561291,SYNTHETIC_SOURCE,SYNTHETIC_TARGET
1332,310.6037292480469,488.42901611328125,319.57012939453125,482.3974609375,310.6037292480469,488.42901611328125,319.57012939453125,482.3974609375,SIFT:intensity,24.020824432373047,0.05558916767635449,ROBUST_MODEL_INLIER,FIT,0.045812079208488836,SYNTHETIC_SOURCE,SYNTHETIC_TARGET
1333,472.4956970214844,186.68255615234375,481.5244140625,180.69583129882812,472.4956970214844,186.68255615234375,481.5244140625,180.69583129882812,SIFT:intensity,20.856653213500977,0.055602126429174226,ROBUST_MODEL_INLIER,HELD_OUT,0.0318329116182841,SYNTHETIC_SOURCE,SYNTHETIC_TARGET
1334,546.2960205078125,399.02392578125,555.298583984375,392.9712219238281,546.2960205078125,399.02392578125,555.298583984375,392.9712219238281,SIFT:intensity,20.248456954956055,0.05578616343872733,ROBUST_MODEL_INLIER,FIT,0.05240455224777143,SYNTHETIC_SOURCE,SYNTHETIC_TARGET
1335,510.345947265625,566.0455322265625,519.3525390625,560.0751342773438,510.345947265625,566.0455322265625,519.3525390625,560.0751342773438,SIFT:intensity,22.181072235107422,0.05579283418061885,ROBUST_MODEL_INLIER,FIT,0.030692666433218944,SYNTHETIC_SOURCE,SYNTHETIC_TARGET
1336,209.03407287597656,466.39471435546875,218.0557098388672,460.4053039550781,209.03407287597656,466.39471435546875,218.0557098388672,460.4053039550781,SIFT:intensity,22.338308334350586,0.05581385943888588,ROBUST_MODEL_INLIER,HELD_OUT,0.024292574523889884,SYNTHETIC_SOURCE,SYNTHETIC_TARGET
1337,375.9263000488281,70.50724792480469,384.8946228027344,64.48660278320312,375.9263000488281,70.50724792480469,384.8946228027344,64.48660278320312,SIFT:intensity,18.493242263793945,0.05583541515288831,ROBUST_MODEL_INLIER,FIT,0.03757475572188896,SYNTHETIC_SOURCE,SYNTHETIC_TARGET
1338,149.5532684326172,343.15972900390625,158.5153350830078,337.1150817871094,149.5532684326172,343.15972900390625,158.5153350830078,337.1150817871094,SIFT:intensity,20.124610900878906,0.05587131377513737,ROBUST_MODEL_INLIER,FIT,0.05827902374242447,SYNTHETIC_SOURCE,SYNTHETIC_TARGET
1339,417.7124938964844,538.8516235351562,426.70233154296875,532.8368530273438,417.7124938964844,538.8516235351562,426.70233154296875,532.8368530273438,SIFT:intensity,19.899747848510742,0.05587260603329093,ROBUST_MODEL_INLIER,FIT,0.017603518208963335,SYNTHETIC_SOURCE,SYNTHETIC_TARGET
1340,315.0675964355469,558.8804931640625,324.0545654296875,552.8627319335938,315.0675964355469,558.8804931640625,324.0545654296875,552.8627319335938,SIFT:intensity,17.69180679321289,0.05591063452878405,ROBUST_MODEL_INLIER,FIT,0.021708736716556428,SYNTHETIC_SOURCE,SYNTHETIC_TARGET
1341,380.0606689453125,192.8824920654297,389.0544128417969,186.86106872558594,380.0606689453125,192.8824920654297,389.0544128417969,186.86106872558594,SIFT:intensity,11.090536117553711,0.055956456042390926,ROBUST_MODEL_INLIER,FIT,0.02195566376302681,SYNTHETIC_SOURCE,SYNTHETIC_TARGET
1342,56.64855194091797,436.352783203125,65.63782501220703,430.384765625,56.64855194091797,436.352783203125,65.63782501220703,430.384765625,SIFT:intensity,20.074859619140625,0.05600341224141608,ROBUST_MODEL_INLIER,FIT,0.03406461013464252,SYNTHETIC_SOURCE,SYNTHETIC_TARGET
1343,391.05072021484375,169.03562927246094,400.02008056640625,163.07899475097656,391.05072021484375,169.03562927246094,400.02008056640625,163.07899475097656,SIFT:intensity,23.237899780273438,0.05608194866523755,ROBUST_MODEL_INLIER,FIT,0.05336926878982897,SYNTHETIC_SOURCE,SYNTHETIC_TARGET
1344,586.3241577148438,222.50714111328125,595.3395385742188,216.4955291748047,586.3241577148438,222.50714111328125,595.3395385742188,216.4955291748047,SIFT:intensity,11.916375160217285,0.05619431533701303,ROBUST_MODEL_INLIER,FIT,0.01909163117413066,SYNTHETIC_SOURCE,SYNTHETIC_TARGET
1345,485.43890380859375,147.1362762451172,494.4612731933594,141.13650512695312,485.43890380859375,147.1362762451172,494.4612731933594,141.13650512695312,SIFT:intensity,15.165750503540039,0.05620183712061881,ROBUST_MODEL_INLIER,HELD_OUT,0.022423008664274935,SYNTHETIC_SOURCE,SYNTHETIC_TARGET
1346,311.1082763671875,335.0286865234375,320.2014465332031,328.9396057128906,311.1082763671875,335.0286865234375,320.2014465332031,328.9396057128906,SIFT:intensity,16.881942749023438,0.05627720711436474,ROBUST_MODEL_INLIER,FIT,0.12868500503611938,SYNTHETIC_SOURCE,SYNTHETIC_TARGET
1347,288.6603698730469,72.66436004638672,297.6644592285156,66.68244171142578,288.6603698730469,72.66436004638672,297.6644592285156,66.68244171142578,SIFT:intensity,21.51743507385254,0.05628614510609882,ROBUST_MODEL_INLIER,HELD_OUT,0.01890378464549229,SYNTHETIC_SOURCE,SYNTHETIC_TARGET
1348,255.6360321044922,389.7851257324219,264.6400146484375,383.7624816894531,255.6360321044922,389.7851257324219,264.6400146484375,383.7624816894531,SIFT:intensity,8.83176040649414,0.05630352340693767,ROBUST_MODEL_INLIER,FIT,0.022640983887092916,SYNTHETIC_SOURCE,SYNTHETIC_TARGET
1349,384.5705261230469,587.8719482421875,393.5521545410156,581.8617553710938,384.5705261230469,587.8719482421875,393.5521545410156,581.8617553710938,SIFT:intensity,23.895606994628906,0.05631466384008994,ROBUST_MODEL_INLIER,FIT,0.02079509298933341,SYNTHETIC_SOURCE,SYNTHETIC_TARGET
1350,603.9542846679688,250.21847534179688,612.9634399414062,244.1898956298828,603.9542846679688,250.21847534179688,612.9634399414062,244.1898956298828,SIFT:intensity,16.822603225708008,0.0565128148072512,ROBUST_MODEL_INLIER,FIT,0.029677745609561396,SYNTHETIC_SOURCE,SYNTHETIC_TARGET
1351,615.438720703125,56.59554672241211,624.4633178710938,50.576698303222656,615.438720703125,56.59554672241211,624.4633178710938,50.576698303222656,SIFT:intensity,28.319604873657227,0.05656989919089612,ROBUST_MODEL_INLIER,FIT,0.030804824866892826,SYNTHETIC_SOURCE,SYNTHETIC_TARGET
1352,539.98486328125,76.34793090820312,548.9541015625,70.33973693847656,539.98486328125,76.34793090820312,548.9541015625,70.33973693847656,SIFT:intensity,22.181072235107422,0.05663691283948533,ROBUST_MODEL_INLIER,FIT,0.03169815118097631,SYNTHETIC_SOURCE,SYNTHETIC_TARGET
1353,373.83514404296875,355.1422424316406,382.85369873046875,349.1123352050781,373.83514404296875,355.1422424316406,382.85369873046875,349.1123352050781,SIFT:intensity,26.832815170288086,0.05664247521039669,ROBUST_MODEL_INLIER,HELD_OUT,0.03491076558743089,SYNTHETIC_SOURCE,SYNTHETIC_TARGET
1354,611.8755493164062,102.3756332397461,620.8616943359375,96.32449340820312,611.8755493164062,102.3756332397461,620.8616943359375,96.32449340820312,SIFT:intensity,28.142494201660156,0.05667179136604611,ROBUST_MODEL_INLIER,FIT,0.05261984755713722,SYNTHETIC_SOURCE,SYNTHETIC_TARGET
1355,201.6869354248047,418.6741638183594,210.64581298828125,412.6371765136719,201.6869354248047,418.6741638183594,210.64581298828125,412.6371765136719,SIFT:intensity,19.39072036743164,0.05667814674061583,ROBUST_MODEL_INLIER,FIT,0.055032138056434955,SYNTHETIC_SOURCE,SYNTHETIC_TARGET
1356,567.3261108398438,520.1209716796875,576.297607421875,514.1089477539062,567.3261108398438,520.1209716796875,576.297607421875,514.1089477539062,SIFT:intensity,22.671567916870117,0.05669043763240166,ROBUST_MODEL_INLIER,HELD_OUT,0.030753603938271794,SYNTHETIC_SOURCE,SYNTHETIC_TARGET
1357,94.85882568359375,522.6304321289062,103.8592300415039,516.6544189453125,94.85882568359375,522.6304321289062,103.8592300415039,516.6544189453125,SIFT:intensity,17.916473388671875,0.05681902975414555,ROBUST_MODEL_INLIER,FIT,0.024355280041178665,SYNTHETIC_SOURCE,SYNTHETIC_TARGET
1358,450.81085205078125,86.7098617553711,459.815673828125,80.69527435302734,450.81085205078125,86.7098617553711,459.815673828125,80.69527435302734,SIFT:intensity,23.0,0.05682009402866698,ROBUST_MODEL_INLIER,FIT,0.015032951051606947,SYNTHETIC_SOURCE,SYNTHETIC_TARGET
1359,61.333038330078125,245.65077209472656,70.3199462890625,239.6446533203125,61.333038330078125,245.65077209472656,70.3199462890625,239.6446533203125,SIFT:intensity,21.21320343017578,0.057015675667428996,ROBUST_MODEL_INLIER,FIT,0.01425899560821498,SYNTHETIC_SOURCE,SYNTHETIC_TARGET
1360,194.41531372070312,220.91815185546875,203.43875122070312,214.92942810058594,194.41531372070312,220.91815185546875,203.43875122070312,214.92942810058594,SIFT:intensity,22.781572341918945,0.05701954126139101,ROBUST_MODEL_INLIER,FIT,0.02621004851418132,SYNTHETIC_SOURCE,SYNTHETIC_TARGET
1361,370.9848937988281,106.55703735351562,379.92852783203125,100.57691192626953,370.9848937988281,106.55703735351562,379.92852783203125,100.57691192626953,SIFT:intensity,21.189620971679688,0.05705170499877161,ROBUST_MODEL_INLIER,FIT,0.059846269438072225,SYNTHETIC_SOURCE,SYNTHETIC_TARGET
1362,495.18841552734375,540.0426635742188,504.2058410644531,534.0247802734375,495.18841552734375,540.0426635742188,504.2058410644531,534.0247802734375,SIFT:intensity,21.424285888671875,0.05710991057243243,ROBUST_MODEL_INLIER,FIT,0.02474190892439448,SYNTHETIC_SOURCE,SYNTHETIC_TARGET
1363,396.466796875,587.9010620117188,405.4771728515625,581.9188232421875,396.466796875,587.9010620117188,405.4771728515625,581.9188232421875,SIFT:intensity,20.248456954956055,0.05728068150827348,ROBUST_MODEL_INLIER,FIT,0.020908082623743635,SYNTHETIC_SOURCE,SYNTHETIC_TARGET
1364,31.989017486572266,167.46070861816406,40.99919509887695,161.46897888183594,31.989017486572266,167.46070861816406,40.99919509887695,161.46897888183594,SIFT:intensity,18.601076126098633,0.05729568228498376,ROBUST_MODEL_INLIER,FIT,0.013381832001504985,SYNTHETIC_SOURCE,SYNTHETIC_TARGET
1365,608.0741577148438,551.81787109375,617.1026000976562,545.82421875,608.0741577148438,551.81787109375,617.1026000976562,545.82421875,SIFT:intensity,22.135944366455078,0.057296461280074595,ROBUST_MODEL_INLIER,FIT,0.029268167320927,SYNTHETIC_SOURCE,SYNTHETIC_TARGET
1366,205.66180419921875,457.5938720703125,214.692626953125,451.6084899902344,205.66180419921875,457.5938720703125,214.692626953125,451.6084899902344,SIFT:intensity,22.956480026245117,0.05740250346080264,ROBUST_MODEL_INLIER,FIT,0.03431228908959534,SYNTHETIC_SOURCE,SYNTHETIC_TARGET
1367,58.96146774291992,78.44727325439453,67.99268341064453,72.4302978515625,58.96146774291992,78.44727325439453,67.99268341064453,72.4302978515625,SIFT:intensity,19.87460708618164,0.057472276568913225,ROBUST_MODEL_INLIER,FIT,0.035400656840951235,SYNTHETIC_SOURCE,SYNTHETIC_TARGET
1368,255.8897705078125,375.9897766113281,264.9135437011719,370.0082092285156,255.8897705078125,375.9897766113281,264.9135437011719,370.0082092285156,SIFT:intensity,11.224971771240234,0.05754580182409396,ROBUST_MODEL_INLIER,HELD_OUT,0.030342504008534388,SYNTHETIC_SOURCE,SYNTHETIC_TARGET
1369,157.15931701660156,566.112548828125,166.17189025878906,560.1033325195312,157.15931701660156,566.112548828125,166.17189025878906,560.1033325195312,SIFT:intensity,22.135944366455078,0.05771971589526477,ROBUST_MODEL_INLIER,FIT,0.015414201954367206,SYNTHETIC_SOURCE,SYNTHETIC_TARGET
1370,355.88275146484375,92.22891998291016,364.8652038574219,86.2345962524414,355.88275146484375,92.22891998291016,364.8652038574219,86.2345962524414,SIFT:intensity,19.313207626342773,0.05775825582175356,ROBUST_MODEL_INLIER,FIT,0.01851492948639843,SYNTHETIC_SOURCE,SYNTHETIC_TARGET
1371,83.62693786621094,394.02935791015625,92.61764526367188,388.0793762207031,83.62693786621094,394.02935791015625,92.61764526367188,388.0793762207031,SIFT:intensity,16.18641471862793,0.0578303882959405,ROBUST_MODEL_INLIER,HELD_OUT,0.0512241310458651,SYNTHETIC_SOURCE,SYNTHETIC_TARGET
1372,168.91087341308594,78.43203735351562,177.92355346679688,72.44175720214844,168.91087341308594,78.43203735351562,177.92355346679688,72.44175720214844,SIFT:intensity,21.610183715820312,0.05785324940943521,ROBUST_MODEL_INLIER,FIT,0.016236898632661298,SYNTHETIC_SOURCE,SYNTHETIC_TARGET
1373,44.29768753051758,521.6182250976562,53.3194465637207,515.5958251953125,44.29768753051758,521.6182250976562,53.3194465637207,515.5958251953125,SIFT:intensity,23.64318084716797,0.057877395117451394,ROBUST_MODEL_INLIER,HELD_OUT,0.031000279561381128,SYNTHETIC_SOURCE,SYNTHETIC_TARGET
1374,550.2074584960938,460.0374450683594,559.2032470703125,454.0562438964844,550.2074584960938,460.0374450683594,559.2032470703125,454.0562438964844,SIFT:intensity,22.56102752685547,0.058045277813109974,ROBUST_MODEL_INLIER,HELD_OUT,0.01961066679447442,SYNTHETIC_SOURCE,SYNTHETIC_TARGET
1375,492.8983459472656,308.0078125,502.1075439453125,301.8566589355469,492.8983459472656,308.0078125,502.1075439453125,301.8566589355469,SIFT:intensity,24.494897842407227,0.05817822288732428,ROBUST_MODEL_INLIER,FIT,0.257915409239216,SYNTHETIC_SOURCE,SYNTHETIC_TARGET
1376,598.9041137695312,454.2672424316406,607.8992309570312,448.256591796875,598.9041137695312,454.2672424316406,607.8992309570312,448.256591796875,SIFT:intensity,24.67792510986328,0.05827059718253348,ROBUST_MODEL_INLIER,FIT,0.01136686093994615,SYNTHETIC_SOURCE,SYNTHETIC_TARGET
1377,542.4451904296875,475.97332763671875,551.4630737304688,469.98736572265625,542.4451904296875,475.97332763671875,551.4630737304688,469.98736572265625,SIFT:intensity,22.135944366455078,0.058274078497490125,ROBUST_MODEL_INLIER,FIT,0.022997404885417724,SYNTHETIC_SOURCE,SYNTHETIC_TARGET
1378,496.41357421875,394.6305847167969,505.4336853027344,388.647216796875,496.41357421875,394.6305847167969,505.4336853027344,388.647216796875,SIFT:intensity,21.97726058959961,0.0582904024076663,ROBUST_MODEL_INLIER,FIT,0.02636619193186591,SYNTHETIC_SOURCE,SYNTHETIC_TARGET
1379,179.4314422607422,600.9570922851562,188.44210815429688,594.9324340820312,179.4314422607422,600.9570922851562,188.44210815429688,594.9324340820312,SIFT:intensity,23.216373443603516,0.05834677877675137,ROBUST_MODEL_INLIER,FIT,0.026550582426510264,SYNTHETIC_SOURCE,SYNTHETIC_TARGET
1380,240.29449462890625,328.6593322753906,249.2961883544922,322.6729736328125,240.29449462890625,328.6593322753906,249.2961883544922,322.6729736328125,SIFT:intensity,25.179357528686523,0.05836221845516574,ROBUST_MODEL_INLIER,FIT,0.014113270612893015,SYNTHETIC_SOURCE,SYNTHETIC_TARGET
1381,171.4449462890625,138.11483764648438,180.42440795898438,132.08660888671875,171.4449462890625,138.11483764648438,180.42440795898438,132.08660888671875,SIFT:intensity,21.307275772094727,0.05836339601115881,ROBUST_MODEL_INLIER,HELD_OUT,0.034588620608837745,SYNTHETIC_SOURCE,SYNTHETIC_TARGET
1382,464.7359619140625,86.27466583251953,473.7220458984375,80.28524780273438,464.7359619140625,86.27466583251953,473.7220458984375,80.28524780273438,SIFT:intensity,23.76972770690918,0.05856851789968991,ROBUST_MODEL_INLIER,FIT,0.01766930805817736,SYNTHETIC_SOURCE,SYNTHETIC_TARGET
1383,519.8107299804688,546.120849609375,528.8248901367188,540.1075439453125,519.8107299804688,546.120849609375,528.8248901367188,540.1075439453125,SIFT:intensity,24.63736915588379,0.05861672097412759,ROBUST_MODEL_INLIER,FIT,0.019216850221422277,SYNTHETIC_SOURCE,SYNTHETIC_TARGET
1384,147.6466522216797,428.7920837402344,156.61764526367188,422.8395690917969,147.6466522216797,428.7920837402344,156.61764526367188,422.8395690917969,SIFT:intensity,14.071247100830078,0.05868983520737454,ROBUST_MODEL_INLIER,FIT,0.05593156121659787,SYNTHETIC_SOURCE,SYNTHETIC_TARGET
1385,159.61306762695312,229.3768310546875,168.63194274902344,223.40267944335938,159.61306762695312,229.3768310546875,168.63194274902344,223.40267944335938,SIFT:intensity,27.312999725341797,0.05872717732536833,ROBUST_MODEL_INLIER,HELD_OUT,0.03232809356022349,SYNTHETIC_SOURCE,SYNTHETIC_TARGET
1386,337.8179626464844,596.685302734375,346.8302001953125,590.6613159179688,337.8179626464844,596.685302734375,346.8302001953125,590.6613159179688,SIFT:intensity,20.248456954956055,0.058812858377614255,ROBUST_MODEL_INLIER,FIT,0.0266252359550336,SYNTHETIC_SOURCE,SYNTHETIC_TARGET
1387,114.80069732666016,314.3301086425781,123.7977066040039,308.3384094238281,114.80069732666016,314.3301086425781,123.7977066040039,308.3384094238281,SIFT:intensity,19.773719787597656,0.058971405370928716,ROBUST_MODEL_INLIER,FIT,0.009151852485165448,SYNTHETIC_SOURCE,SYNTHETIC_TARGET
1388,50.18107986450195,402.88153076171875,59.18570327758789,396.892333984375,50.18107986450195,402.88153076171875,59.18570327758789,396.892333984375,SIFT:intensity,16.462078094482422,0.05904028048406891,ROBUST_MODEL_INLIER,FIT,0.012104336932874717,SYNTHETIC_SOURCE,SYNTHETIC_TARGET
1389,238.20762634277344,510.34051513671875,247.1881866455078,504.3797302246094,238.20762634277344,510.34051513671875,247.1881866455078,504.3797302246094,SIFT:intensity,24.26932144165039,0.059075679483083336,ROBUST_MODEL_INLIER,HELD_OUT,0.04407553060034274,SYNTHETIC_SOURCE,SYNTHETIC_TARGET
1390,495.37225341796875,169.54336547851562,504.37689208984375,163.52671813964844,495.37225341796875,169.54336547851562,504.37689208984375,163.52671813964844,SIFT:intensity,25.41653060913086,0.05911668578429354,ROBUST_MODEL_INLIER,FIT,0.01694347346941463,SYNTHETIC_SOURCE,SYNTHETIC_TARGET
1391,148.50631713867188,536.9942626953125,157.52072143554688,530.9959716796875,148.50631713867188,536.9942626953125,157.52072143554688,530.9959716796875,SIFT:intensity,19.72308349609375,0.05919192796214712,ROBUST_MODEL_INLIER,FIT,0.014598052599086623,SYNTHETIC_SOURCE,SYNTHETIC_TARGET
1392,441.2335510253906,480.5216369628906,450.244140625,474.530517578125,441.2335510253906,480.5216369628906,450.244140625,474.530517578125,SIFT:intensity,27.892650604248047,0.05925038555461846,ROBUST_MODEL_INLIER,FIT,0.014091832606555488,SYNTHETIC_SOURCE,SYNTHETIC_TARGET
1393,364.49542236328125,304.9941101074219,373.47607421875,299.01806640625,364.49542236328125,304.9941101074219,373.47607421875,299.01806640625,SIFT:intensity,26.96293830871582,0.05929071662910002,ROBUST_MODEL_INLIER,FIT,0.031049526867030032,SYNTHETIC_SOURCE,SYNTHETIC_TARGET
1394,73.94342041015625,338.04168701171875,82.95243072509766,332.0556640625,73.94342041015625,338.04168701171875,82.95243072509766,332.0556640625,SIFT:intensity,23.409399032592773,0.05936750702875095,ROBUST_MODEL_INLIER,FIT,0.016961345316892366,SYNTHETIC_SOURCE,SYNTHETIC_TARGET
1395,291.59771728515625,379.9406433105469,300.6058044433594,373.9468994140625,291.59771728515625,379.9406433105469,300.6058044433594,373.9468994140625,SIFT:intensity,23.043437957763672,0.05944659927645721,ROBUST_MODEL_INLIER,FIT,0.01048686869156827,SYNTHETIC_SOURCE,SYNTHETIC_TARGET
1396,185.8138885498047,513.4016723632812,194.8075408935547,507.3706970214844,185.8138885498047,513.4016723632812,194.8075408935547,507.3706970214844,SIFT:intensity,22.090721130371094,0.05947139486446978,ROBUST_MODEL_INLIER,HELD_OUT,0.031252989460682175,SYNTHETIC_SOURCE,SYNTHETIC_TARGET
1397,24.203533172607422,392.61492919921875,33.19013214111328,386.6185607910156,24.203533172607422,392.61492919921875,33.19013214111328,386.6185607910156,SIFT:intensity,24.103940963745117,0.059492874906684354,ROBUST_MODEL_INLIER,HELD_OUT,0.013940230250602155,SYNTHETIC_SOURCE,SYNTHETIC_TARGET
1398,482.04736328125,23.98753547668457,491.0460205078125,17.964269638061523,482.04736328125,23.98753547668457,491.0460205078125,17.964269638061523,SIFT:intensity,22.671567916870117,0.0596403427371996,ROBUST_MODEL_INLIER,HELD_OUT,0.02293823245854307,SYNTHETIC_SOURCE,SYNTHETIC_TARGET
1399,468.7395324707031,263.39404296875,477.7230224609375,257.32171630859375,468.7395324707031,263.39404296875,477.7230224609375,257.32171630859375,SIFT:intensity,24.1867733001709,0.059837279552837706,ROBUST_MODEL_INLIER,FIT,0.07382175657710516,SYNTHETIC_SOURCE,SYNTHETIC_TARGET
1400,391.1178283691406,345.6785583496094,400.10595703125,339.67730712890625,391.1178283691406,345.6785583496094,400.10595703125,339.67730712890625,SIFT:intensity,20.049938201904297,0.05991305491695567,ROBUST_MODEL_INLIER,FIT,0.01185877427528532,SYNTHETIC_SOURCE,SYNTHETIC_TARGET
1401,515.9229125976562,570.5703735351562,524.9285278320312,564.546142578125,515.9229125976562,570.5703735351562,524.9285278320312,564.546142578125,SIFT:intensity,22.538854598999023,0.0599596709932755,ROBUST_MODEL_INLIER,FIT,0.02452884402416807,SYNTHETIC_SOURCE,SYNTHETIC_TARGET
1402,434.875,156.5681610107422,443.9081115722656,150.57101440429688,434.875,156.5681610107422,443.9081115722656,150.57101440429688,SIFT:intensity,24.67792510986328,0.06001022994937344,ROBUST_MODEL_INLIER,HELD_OUT,0.03331311068131454,SYNTHETIC_SOURCE,SYNTHETIC_TARGET
1403,444.4020080566406,28.56249237060547,453.3742370605469,22.550607681274414,444.4020080566406,28.56249237060547,453.3742370605469,22.550607681274414,SIFT:intensity,25.980762481689453,0.0600755017525775,ROBUST_MODEL_INLIER,FIT,0.030023442449775267,SYNTHETIC_SOURCE,SYNTHETIC_TARGET
1404,185.8138885498047,513.4016723632812,194.8075408935547,507.3706970214844,185.8138885498047,513.4016723632812,194.8075408935547,507.3706970214844,SIFT:intensity,25.63201141357422,0.06012830109418063,ROBUST_MODEL_INLIER,FIT,0.031252989460682175,SYNTHETIC_SOURCE,SYNTHETIC_TARGET
1405,177.5973358154297,154.26959228515625,186.6120147705078,148.2655029296875,177.5973358154297,154.26959228515625,186.6120147705078,148.2655029296875,SIFT:intensity,17.233688354492188,0.06014891479977292,ROBUST_MODEL_INLIER,FIT,0.015188605190878892,SYNTHETIC_SOURCE,SYNTHETIC_TARGET
1406,66.40169525146484,51.834712982177734,75.40274047851562,45.84701156616211,66.40169525146484,51.834712982177734,75.40274047851562,45.84701156616211,SIFT:intensity,25.592967987060547,0.06018859858515266,ROBUST_MODEL_INLIER,HELD_OUT,0.012709799768312281,SYNTHETIC_SOURCE,SYNTHETIC_TARGET
1407,95.2923812866211,161.88796997070312,104.30042266845703,155.90850830078125,95.2923812866211,161.88796997070312,104.30042266845703,155.90850830078125,SIFT:intensity,24.63736915588379,0.0602155744806602,ROBUST_MODEL_INLIER,FIT,0.022412546085147204,SYNTHETIC_SOURCE,SYNTHETIC_TARGET
1408,471.1503601074219,84.65110778808594,480.15301513671875,78.67304229736328,471.1503601074219,84.65110778808594,480.15301513671875,78.67304229736328,SIFT:intensity,28.460498809814453,0.06029645063157182,ROBUST_MODEL_INLIER,FIT,0.022461776565475104,SYNTHETIC_SOURCE,SYNTHETIC_TARGET
1409,200.92039489746094,505.711669921875,209.94659423828125,499.6636657714844,200.92039489746094,505.711669921875,209.94659423828125,499.6636657714844,SIFT:intensity,22.090721130371094,0.060401819192085995,ROBUST_MODEL_INLIER,FIT,0.05439081888959351,SYNTHETIC_SOURCE,SYNTHETIC_TARGET
1410,391.68951416015625,317.5443115234375,400.7055358886719,311.52789306640625,391.68951416015625,317.5443115234375,400.7055358886719,311.52789306640625,SIFT:intensity,21.189620971679688,0.060451782811807166,ROBUST_MODEL_INLIER,FIT,0.0227134443867674,SYNTHETIC_SOURCE,SYNTHETIC_TARGET
1411,114.38215637207031,92.41161346435547,123.40470886230469,86.38213348388672,114.38215637207031,92.41161346435547,123.40470886230469,86.38213348388672,SIFT:intensity,26.81417465209961,0.0605851342244927,ROBUST_MODEL_INLIER,FIT,0.03685653664642186,SYNTHETIC_SOURCE,SYNTHETIC_TARGET
1412,364.0166015625,217.40139770507812,373.009521484375,211.40512084960938,364.0166015625,217.40139770507812,373.009521484375,211.40512084960938,SIFT:intensity,21.3775577545166,0.06062122820977806,ROBUST_MODEL_INLIER,FIT,0.008135639701622335,SYNTHETIC_SOURCE,SYNTHETIC_TARGET
1413,531.0814208984375,608.4476928710938,540.077392578125,602.3826904296875,531.0814208984375,608.4476928710938,540.077392578125,602.3826904296875,SIFT:intensity,23.237899780273438,0.06065745181976856,ROBUST_MODEL_INLIER,FIT,0.06476070966855844,SYNTHETIC_SOURCE,SYNTHETIC_TARGET
1414,251.0314483642578,530.053955078125,260.0283203125,524.0509033203125,251.0314483642578,530.053955078125,260.0283203125,524.0509033203125,SIFT:intensity,24.166091918945312,0.06077601785071919,ROBUST_MODEL_INLIER,FIT,0.004089355913560758,SYNTHETIC_SOURCE,SYNTHETIC_TARGET
1415,540.7537231445312,111.58814239501953,549.7706909179688,105.57235717773438,540.7537231445312,111.58814239501953,549.7706909179688,105.57235717773438,SIFT:intensity,19.02629852294922,0.06082011596773788,ROBUST_MODEL_INLIER,FIT,0.022962261565119792,SYNTHETIC_SOURCE,SYNTHETIC_TARGET
1416,189.2464599609375,500.8689880371094,198.24703979492188,494.86822509765625,189.2464599609375,500.8689880371094,198.24703979492188,494.86822509765625,SIFT:intensity,25.05992889404297,0.06084066288724658,ROBUST_MODEL_INLIER,FIT,0.0007418213155839673,SYNTHETIC_SOURCE,SYNTHETIC_TARGET
1417,61.333038330078125,245.65077209472656,70.3199462890625,239.6446533203125,61.333038330078125,245.65077209472656,70.3199462890625,239.6446533203125,SIFT:intensity,23.151674270629883,0.06095100039994787,ROBUST_MODEL_INLIER,FIT,0.01425899560821498,SYNTHETIC_SOURCE,SYNTHETIC_TARGET
1418,492.9975891113281,215.99118041992188,501.9918518066406,209.9765167236328,492.9975891113281,215.99118041992188,501.9918518066406,209.9765167236328,SIFT:intensity,27.147743225097656,0.0610490318752586,ROBUST_MODEL_INLIER,FIT,0.015390455685759218,SYNTHETIC_SOURCE,SYNTHETIC_TARGET
1419,585.1732177734375,407.94036865234375,594.2275390625,401.9600830078125,585.1732177734375,407.94036865234375,594.2275390625,401.9600830078125,SIFT:intensity,23.473388671875,0.06105041419855338,ROBUST_MODEL_INLIER,FIT,0.05795627966828059,SYNTHETIC_SOURCE,SYNTHETIC_TARGET
1420,172.61415100097656,291.0783996582031,181.60630798339844,285.0823669433594,172.61415100097656,291.0783996582031,181.60630798339844,285.0823669433594,SIFT:intensity,24.63736915588379,0.06113453606939791,ROBUST_MODEL_INLIER,FIT,0.00891962059497869,SYNTHETIC_SOURCE,SYNTHETIC_TARGET
1421,309.6529541015625,228.64642333984375,318.65234375,222.61727905273438,309.6529541015625,228.64642333984375,318.65234375,222.61727905273438,SIFT:intensity,23.388031005859375,0.06128487942085482,ROBUST_MODEL_INLIER,FIT,0.028785520606580375,SYNTHETIC_SOURCE,SYNTHETIC_TARGET
1422,604.5012817382812,261.5325927734375,613.4779663085938,255.5230712890625,604.5012817382812,261.5325927734375,613.4779663085938,255.5230712890625,SIFT:intensity,17.972200393676758,0.06142126024368962,ROBUST_MODEL_INLIER,HELD_OUT,0.025006613637145084,SYNTHETIC_SOURCE,SYNTHETIC_TARGET
1423,421.3797912597656,383.8889465332031,430.3989562988281,377.89776611328125,421.3797912597656,383.8889465332031,430.3989562988281,377.89776611328125,SIFT:intensity,20.542638778686523,0.06147763496282479,ROBUST_MODEL_INLIER,FIT,0.02129317140968825,SYNTHETIC_SOURCE,SYNTHETIC_TARGET
1424,96.53276824951172,181.11805725097656,105.51563262939453,175.11715698242188,96.53276824951172,181.11805725097656,105.51563262939453,175.11715698242188,SIFT:intensity,31.85906410217285,0.061512580803339635,ROBUST_MODEL_INLIER,FIT,0.01709824604583759,SYNTHETIC_SOURCE,SYNTHETIC_TARGET
1425,386.1402893066406,336.1581115722656,395.1568603515625,330.1462707519531,386.1402893066406,336.1581115722656,395.1568603515625,330.1462707519531,SIFT:intensity,22.113344192504883,0.06155719030413808,ROBUST_MODEL_INLIER,FIT,0.020194781154062164,SYNTHETIC_SOURCE,SYNTHETIC_TARGET
1426,429.2716979980469,242.34043884277344,438.2934265136719,236.34469604492188,429.2716979980469,242.34043884277344,438.2934265136719,236.34469604492188,SIFT:intensity,16.61324691772461,0.06158082579272536,ROBUST_MODEL_INLIER,FIT,0.022259337524755334,SYNTHETIC_SOURCE,SYNTHETIC_TARGET
1427,505.9349060058594,233.7366943359375,514.9591674804688,227.735595703125,505.9349060058594,233.7366943359375,514.9591674804688,227.735595703125,SIFT:intensity,27.386127471923828,0.06160551083176457,ROBUST_MODEL_INLIER,FIT,0.02431834059812223,SYNTHETIC_SOURCE,SYNTHETIC_TARGET
1428,577.4119262695312,87.4120864868164,586.409912109375,81.39007568359375,577.4119262695312,87.4120864868164,586.409912109375,81.39007568359375,SIFT:intensity,22.803508758544922,0.06208835765667949,ROBUST_MODEL_INLIER,HELD_OUT,0.02173581103011052,SYNTHETIC_SOURCE,SYNTHETIC_TARGET
1429,194.57411193847656,333.2569580078125,203.5533905029297,327.2607116699219,194.57411193847656,333.2569580078125,203.5533905029297,327.2607116699219,SIFT:intensity,29.46183967590332,0.062181662189857545,ROBUST_MODEL_INLIER,FIT,0.02108175808623406,SYNTHETIC_SOURCE,SYNTHETIC_TARGET
1430,359.9947814941406,253.76217651367188,368.9969787597656,247.81277465820312,359.9947814941406,253.76217651367188,368.9969787597656,247.81277465820312,SIFT:intensity,15.842979431152344,0.06223181895064767,ROBUST_MODEL_INLIER,FIT,0.051011786439746964,SYNTHETIC_SOURCE,SYNTHETIC_TARGET
1431,472.4956970214844,186.68255615234375,481.5244140625,180.69583129882812,472.4956970214844,186.68255615234375,481.5244140625,180.69583129882812,SIFT:intensity,23.151674270629883,0.062326501482837485,ROBUST_MODEL_INLIER,HELD_OUT,0.0318329116182841,SYNTHETIC_SOURCE,SYNTHETIC_TARGET
1432,124.59068298339844,463.5816955566406,133.5679473876953,457.5802001953125,124.59068298339844,463.5816955566406,133.5679473876953,457.5802001953125,SIFT:intensity,31.208972930908203,0.062361719828777425,ROBUST_MODEL_INLIER,FIT,0.022717992717381928,SYNTHETIC_SOURCE,SYNTHETIC_TARGET
1433,586.2833862304688,287.1118469238281,595.2778930664062,281.10107421875,586.2833862304688,287.1118469238281,595.2778930664062,281.10107421875,SIFT:intensity,28.089143753051758,0.06254475915826994,ROBUST_MODEL_INLIER,FIT,0.011747716980955333,SYNTHETIC_SOURCE,SYNTHETIC_TARGET
1434,451.0037841796875,526.2612915039062,459.98883056640625,520.2637939453125,451.0037841796875,526.2612915039062,459.98883056640625,520.2637939453125,SIFT:intensity,23.452077865600586,0.06257559571294645,ROBUST_MODEL_INLIER,FIT,0.015180969281416585,SYNTHETIC_SOURCE,SYNTHETIC_TARGET
1435,157.1433563232422,194.93016052246094,166.1552276611328,188.92886352539062,157.1433563232422,194.93016052246094,166.1552276611328,188.92886352539062,SIFT:intensity,16.34013557434082,0.06261231856984373,ROBUST_MODEL_INLIER,FIT,0.011953557184540865,SYNTHETIC_SOURCE,SYNTHETIC_TARGET
1436,193.33091735839844,554.2344360351562,202.34912109375,548.2403564453125,193.33091735839844,554.2344360351562,202.34912109375,548.2403564453125,SIFT:intensity,24.0,0.0627449378448278,ROBUST_MODEL_INLIER,FIT,0.019301354999866162,SYNTHETIC_SOURCE,SYNTHETIC_TARGET
1437,328.3892517089844,132.40553283691406,337.3453063964844,126.42530822753906,328.3892517089844,132.40553283691406,337.3453063964844,126.42530822753906,SIFT:intensity,21.97726058959961,0.06275606408108336,ROBUST_MODEL_INLIER,HELD_OUT,0.04829882561413047,SYNTHETIC_SOURCE,SYNTHETIC_TARGET
1438,247.1597900390625,572.245361328125,256.1524963378906,566.2384033203125,247.1597900390625,572.245361328125,256.1524963378906,566.2384033203125,SIFT:intensity,27.910572052001953,0.06282071531957474,ROBUST_MODEL_INLIER,FIT,0.009798436067207742,SYNTHETIC_SOURCE,SYNTHETIC_TARGET
1439,563.1788330078125,569.1153564453125,572.223876953125,563.0650634765625,563.1788330078125,569.1153564453125,572.223876953125,563.0650634765625,SIFT:intensity,21.14237403869629,0.06290283900830829,ROBUST_MODEL_INLIER,FIT,0.06727521539113938,SYNTHETIC_SOURCE,SYNTHETIC_TARGET
1440,560.8698120117188,331.1727294921875,569.8637084960938,325.1998291015625,560.8698120117188,331.1727294921875,569.8637084960938,325.1998291015625,SIFT:intensity,24.020824432373047,0.06292681787108177,ROBUST_MODEL_INLIER,FIT,0.028124059454540253,SYNTHETIC_SOURCE,SYNTHETIC_TARGET
1441,599.3701171875,409.94873046875,608.3629150390625,403.9465637207031,599.3701171875,409.94873046875,608.3629150390625,403.9465637207031,SIFT:intensity,26.68332862854004,0.06304294059253028,ROBUST_MODEL_INLIER,HELD_OUT,0.007379869052561291,SYNTHETIC_SOURCE,SYNTHETIC_TARGET
1442,379.3035888671875,597.8331298828125,388.3023376464844,591.8253784179688,379.3035888671875,597.8331298828125,388.3023376464844,591.8253784179688,SIFT:intensity,22.671567916870117,0.063352877035192,ROBUST_MODEL_INLIER,FIT,0.007484867898145271,SYNTHETIC_SOURCE,SYNTHETIC_TARGET
1443,45.050323486328125,374.2751159667969,54.044002532958984,368.2506103515625,45.050323486328125,374.2751159667969,54.044002532958984,368.2506103515625,SIFT:intensity,21.118711471557617,0.06337898860563244,ROBUST_MODEL_INLIER,FIT,0.02494355175935,SYNTHETIC_SOURCE,SYNTHETIC_TARGET
1444,166.9155731201172,378.6073913574219,175.9216766357422,372.607421875,166.9155731201172,378.6073913574219,175.9216766357422,372.607421875,SIFT:intensity,25.337718963623047,0.06341488633664334,ROBUST_MODEL_INLIER,FIT,0.006161953891346996,SYNTHETIC_SOURCE,SYNTHETIC_TARGET
1445,488.1082458496094,377.06182861328125,497.1156311035156,371.04290771484375,488.1082458496094,377.06182861328125,497.1156311035156,371.04290771484375,SIFT:intensity,27.53179931640625,0.06352439782537715,ROBUST_MODEL_INLIER,FIT,0.019989182657153604,SYNTHETIC_SOURCE,SYNTHETIC_TARGET
1446,585.1732177734375,407.94036865234375,594.2275390625,401.9600830078125,585.1732177734375,407.94036865234375,594.2275390625,401.9600830078125,SIFT:intensity,21.047565460205078,0.06367067644920298,ROBUST_MODEL_INLIER,FIT,0.05795627966828059,SYNTHETIC_SOURCE,SYNTHETIC_TARGET
1447,206.32052612304688,518.5763549804688,215.30819702148438,512.5668334960938,206.32052612304688,518.5763549804688,215.30819702148438,512.5668334960938,SIFT:intensity,26.07680892944336,0.06370133564197919,ROBUST_MODEL_INLIER,FIT,0.015321032530600501,SYNTHETIC_SOURCE,SYNTHETIC_TARGET
1448,492.4633483886719,301.03802490234375,501.46002197265625,295.0622253417969,492.4633483886719,301.03802490234375,501.46002197265625,295.0622253417969,SIFT:intensity,28.47806167602539,0.06382360826656608,ROBUST_MODEL_INLIER,FIT,0.024782840781920133,SYNTHETIC_SOURCE,SYNTHETIC_TARGET
1449,172.67019653320312,356.72021484375,181.6761932373047,350.7293701171875,172.67019653320312,356.72021484375,181.6761932373047,350.7293701171875,SIFT:intensity,25.806976318359375,0.06382588495606947,ROBUST_MODEL_INLIER,FIT,0.011275367709133177,SYNTHETIC_SOURCE,SYNTHETIC_TARGET
1450,470.9335021972656,377.0666198730469,479.8914489746094,370.96221923828125,470.9335021972656,377.0666198730469,479.8914489746094,370.96221923828125,SIFT:intensity,18.81488800048828,0.0638640982203548,ROBUST_MODEL_INLIER,FIT,0.11219707548973146,SYNTHETIC_SOURCE,SYNTHETIC_TARGET
1451,141.0450439453125,387.02392578125,150.0243682861328,381.0662841796875,141.0450439453125,387.02392578125,150.0243682861328,381.0662841796875,SIFT:intensity,13.304134368896484,0.06391271495412086,ROBUST_MODEL_INLIER,HELD_OUT,0.04744282172564404,SYNTHETIC_SOURCE,SYNTHETIC_TARGET
1452,126.3568344116211,188.08795166015625,135.33367919921875,182.06857299804688,126.3568344116211,188.08795166015625,135.33367919921875,182.06857299804688,SIFT:intensity,16.370704650878906,0.06396954300616704,ROBUST_MODEL_INLIER,FIT,0.029926440881090192,SYNTHETIC_SOURCE,SYNTHETIC_TARGET
1453,479.0353088378906,524.058837890625,488.0064697265625,518.0615844726562,479.0353088378906,524.058837890625,488.0064697265625,518.0615844726562,SIFT:intensity,27.495454788208008,0.06401636075550259,ROBUST_MODEL_INLIER,FIT,0.028960900322921552,SYNTHETIC_SOURCE,SYNTHETIC_TARGET
1454,461.15679931640625,407.5905456542969,470.1589050292969,401.55029296875,461.15679931640625,407.5905456542969,470.1589050292969,401.55029296875,SIFT:intensity,22.472204208374023,0.06421547473694666,ROBUST_MODEL_INLIER,FIT,0.039946363054155574,SYNTHETIC_SOURCE,SYNTHETIC_TARGET
1455,43.802669525146484,95.86561584472656,52.798988342285156,89.85395050048828,43.802669525146484,95.86561584472656,52.798988342285156,89.85395050048828,SIFT:intensity,25.84569549560547,0.06422901752277373,ROBUST_MODEL_INLIER,HELD_OUT,0.011871381559757433,SYNTHETIC_SOURCE,SYNTHETIC_TARGET
1456,109.829345703125,406.57110595703125,118.83531188964844,400.5569152832031,109.829345703125,406.57110595703125,118.83531188964844,400.5569152832031,SIFT:intensity,27.386127471923828,0.06432799298132127,ROBUST_MODEL_INLIER,FIT,0.01507687672534621,SYNTHETIC_SOURCE,SYNTHETIC_TARGET
1457,130.26197814941406,152.9108123779297,139.2808837890625,146.88221740722656,130.26197814941406,152.9108123779297,139.2808837890625,146.88221740722656,SIFT:intensity,33.03028869628906,0.064328742727228,ROBUST_MODEL_INLIER,FIT,0.034001863694705405,SYNTHETIC_SOURCE,SYNTHETIC_TARGET
1458,182.74623107910156,26.28990364074707,191.80628967285156,20.378833770751953,182.74623107910156,26.28990364074707,191.80628967285156,20.378833770751953,SIFT:intensity,32.171417236328125,0.06469077243393867,ROBUST_MODEL_INLIER,FIT,0.10763842798003179,SYNTHETIC_SOURCE,SYNTHETIC_TARGET
1459,42.205501556396484,331.91448974609375,51.17591094970703,325.9190979003906,42.205501556396484,331.91448974609375,51.17591094970703,325.9190979003906,SIFT:intensity,22.649503707885742,0.06469438813864203,ROBUST_MODEL_INLIER,HELD_OUT,0.02996034606270338,SYNTHETIC_SOURCE,SYNTHETIC_TARGET
1460,382.34271240234375,567.0283203125,391.323486328125,561.032470703125,382.34271240234375,567.0283203125,391.323486328125,561.032470703125,SIFT:intensity,20.880613327026367,0.0648488132337024,ROBUST_MODEL_INLIER,FIT,0.019704473845281404,SYNTHETIC_SOURCE,SYNTHETIC_TARGET
1461,250.169921875,239.54815673828125,259.1803894042969,233.52581787109375,250.169921875,239.54815673828125,259.1803894042969,233.52581787109375,SIFT:intensity,27.964262008666992,0.06493946081703846,ROBUST_MODEL_INLIER,FIT,0.024360029584061815,SYNTHETIC_SOURCE,SYNTHETIC_TARGET
1462,535.7862548828125,68.21244812011719,544.757080078125,62.24565505981445,535.7862548828125,68.21244812011719,544.757080078125,62.24565505981445,SIFT:intensity,22.627416610717773,0.06496233293091927,ROBUST_MODEL_INLIER,FIT,0.04444691965324802,SYNTHETIC_SOURCE,SYNTHETIC_TARGET
1463,66.51522827148438,307.5052795410156,75.52363586425781,301.5232238769531,66.51522827148438,307.5052795410156,75.52363586425781,301.5232238769531,SIFT:intensity,24.819347381591797,0.06503074182012589,ROBUST_MODEL_INLIER,FIT,0.020165954753845056,SYNTHETIC_SOURCE,SYNTHETIC_TARGET
1464,312.67718505859375,127.7238998413086,321.6969299316406,121.70704650878906,312.67718505859375,127.7238998413086,321.6969299316406,121.70704650878906,SIFT:intensity,23.55843734741211,0.06508973371706644,ROBUST_MODEL_INLIER,HELD_OUT,0.025759617219722208,SYNTHETIC_SOURCE,SYNTHETIC_TARGET
1465,312.67718505859375,127.7238998413086,321.6969299316406,121.70704650878906,312.67718505859375,127.7238998413086,321.6969299316406,121.70704650878906,SIFT:intensity,22.113344192504883,0.06521918530793991,ROBUST_MODEL_INLIER,FIT,0.025759617219722208,SYNTHETIC_SOURCE,SYNTHETIC_TARGET
1466,188.341552734375,433.6229553222656,197.4169464111328,427.516845703125,188.341552734375,433.6229553222656,197.4169464111328,427.516845703125,SIFT:intensity,16.462078094482422,0.06524920567288812,ROBUST_MODEL_INLIER,FIT,0.12989681616167467,SYNTHETIC_SOURCE,SYNTHETIC_TARGET
1467,582.3785400390625,547.7469482421875,591.3809204101562,541.7415161132812,582.3785400390625,547.7469482421875,591.3809204101562,541.7415161132812,SIFT:intensity,25.51470184326172,0.06530328020074337,ROBUST_MODEL_INLIER,FIT,0.005618633726246949,SYNTHETIC_SOURCE,SYNTHETIC_TARGET
1468,169.41055297851562,485.2447204589844,178.38247680664062,479.21240234375,169.41055297851562,485.2447204589844,178.38247680664062,479.21240234375,SIFT:intensity,26.70206069946289,0.06570646608281988,ROBUST_MODEL_INLIER,FIT,0.04250587195907156,SYNTHETIC_SOURCE,SYNTHETIC_TARGET
1469,345.02032470703125,556.9174194335938,354.0318908691406,550.902587890625,345.02032470703125,556.9174194335938,354.0318908691406,550.902587890625,SIFT:intensity,16.217275619506836,0.06574973315076106,ROBUST_MODEL_INLIER,FIT,0.01855096036485186,SYNTHETIC_SOURCE,SYNTHETIC_TARGET
1470,289.4321594238281,565.9973754882812,298.4269104003906,560.0174560546875,289.4321594238281,565.9973754882812,298.4269104003906,560.0174560546875,SIFT:intensity,26.191600799560547,0.06581094882574215,ROBUST_MODEL_INLIER,HELD_OUT,0.02109659899585615,SYNTHETIC_SOURCE,SYNTHETIC_TARGET
1471,378.23968505859375,67.66691589355469,387.24163818359375,61.66320037841797,378.23968505859375,67.66691589355469,387.24163818359375,61.66320037841797,SIFT:intensity,23.83275032043457,0.06583557203617016,ROBUST_MODEL_INLIER,FIT,0.0039020796396534146,SYNTHETIC_SOURCE,SYNTHETIC_TARGET
1472,402.6578063964844,601.9149169921875,411.6252136230469,595.930908203125,402.6578063964844,601.9149169921875,411.6252136230469,595.930908203125,SIFT:intensity,21.587032318115234,0.06587446343887661,ROBUST_MODEL_INLIER,FIT,0.03642540149012964,SYNTHETIC_SOURCE,SYNTHETIC_TARGET
1473,384.2298583984375,122.38665771484375,393.2442932128906,116.3923568725586,384.2298583984375,122.38665771484375,393.2442932128906,116.3923568725586,SIFT:intensity,21.51743507385254,0.06609370778821841,ROBUST_MODEL_INLIER,HELD_OUT,0.01569882395235129,SYNTHETIC_SOURCE,SYNTHETIC_TARGET
1474,475.4164123535156,300.9826965332031,484.39300537109375,295.0137939453125,475.4164123535156,300.9826965332031,484.39300537109375,295.0137939453125,SIFT:intensity,27.36786460876465,0.06611231782237442,ROBUST_MODEL_INLIER,FIT,0.039186547474950977,SYNTHETIC_SOURCE,SYNTHETIC_TARGET
1475,405.6514587402344,568.73974609375,414.66485595703125,562.717041015625,405.6514587402344,568.73974609375,414.66485595703125,562.717041015625,SIFT:intensity,23.108440399169922,0.06637425164134884,ROBUST_MODEL_INLIER,HELD_OUT,0.02607343997410682,SYNTHETIC_SOURCE,SYNTHETIC_TARGET
1476,579.9901733398438,551.2177124023438,589.0438232421875,545.2491455078125,579.9901733398438,551.2177124023438,589.0438232421875,545.2491455078125,SIFT:intensity,26.153392791748047,0.06643397117599444,ROBUST_MODEL_INLIER,HELD_OUT,0.06240433586703461,SYNTHETIC_SOURCE,SYNTHETIC_TARGET
1477,390.3771667480469,219.97512817382812,399.400634765625,213.94407653808594,390.3771667480469,219.97512817382812,399.400634765625,213.94407653808594,SIFT:intensity,23.108440399169922,0.06646918681398166,ROBUST_MODEL_INLIER,FIT,0.038660197366164877,SYNTHETIC_SOURCE,SYNTHETIC_TARGET
1478,234.91329956054688,45.71829605102539,243.84646606445312,39.69507598876953,234.91329956054688,45.71829605102539,243.84646606445312,39.69507598876953,SIFT:intensity,30.70830535888672,0.0664977991122963,ROBUST_MODEL_INLIER,FIT,0.07059026285910582,SYNTHETIC_SOURCE,SYNTHETIC_TARGET
1479,526.1115112304688,520.10791015625,535.104736328125,514.1033325195312,526.1115112304688,520.10791015625,535.104736328125,514.1033325195312,SIFT:intensity,26.057628631591797,0.06659891583062778,ROBUST_MODEL_INLIER,FIT,0.007939352144338751,SYNTHETIC_SOURCE,SYNTHETIC_TARGET
1480,159.85726928710938,604.5165405273438,168.84991455078125,598.5435180664062,159.85726928710938,604.5165405273438,168.84991455078125,598.5435180664062,SIFT:intensity,32.48076248168945,0.06662485697149971,ROBUST_MODEL_INLIER,FIT,0.028301894906219784,SYNTHETIC_SOURCE,SYNTHETIC_TARGET
1481,76.21387481689453,77.39529418945312,85.19448852539062,71.39707946777344,76.21387481689453,77.39529418945312,85.19448852539062,71.39707946777344,SIFT:intensity,23.790754318237305,0.06664285914567421,ROBUST_MODEL_INLIER,HELD_OUT,0.01945960503550675,SYNTHETIC_SOURCE,SYNTHETIC_TARGET
1482,469.8443603515625,257.0249328613281,478.8511657714844,251.02330017089844,469.8443603515625,257.0249328613281,478.8511657714844,251.02330017089844,SIFT:intensity,17.34935188293457,0.06668341219169233,ROBUST_MODEL_INLIER,HELD_OUT,0.006967617653777358,SYNTHETIC_SOURCE,SYNTHETIC_TARGET
1483,595.9613647460938,76.56151580810547,604.9886474609375,70.56388854980469,595.9613647460938,76.56151580810547,604.9886474609375,70.56388854980469,SIFT:intensity,29.59729766845703,0.06672729390580143,ROBUST_MODEL_INLIER,HELD_OUT,0.027465211609876986,SYNTHETIC_SOURCE,SYNTHETIC_TARGET
1484,332.9329528808594,335.81805419921875,341.948974609375,329.8464660644531,332.9329528808594,335.81805419921875,341.948974609375,329.8464660644531,SIFT:intensity,24.166091918945312,0.06700741217739639,ROBUST_MODEL_INLIER,HELD_OUT,0.032958043104877134,SYNTHETIC_SOURCE,SYNTHETIC_TARGET
1485,510.345947265625,566.0455322265625,519.3525390625,560.0751342773438,510.345947265625,566.0455322265625,519.3525390625,560.0751342773438,SIFT:intensity,24.819347381591797,0.06708936613249054,ROBUST_MODEL_INLIER,FIT,0.030692666433218944,SYNTHETIC_SOURCE,SYNTHETIC_TARGET
1486,419.3024597167969,608.9494018554688,428.3125915527344,602.9556274414062,419.3024597167969,608.9494018554688,428.3125915527344,602.9556274414062,SIFT:intensity,26.229753494262695,0.06723898359753391,ROBUST_MODEL_INLIER,FIT,0.012124786026740858,SYNTHETIC_SOURCE,SYNTHETIC_TARGET
1487,345.3822021484375,248.58969116210938,354.3592529296875,242.6177978515625,345.3822021484375,248.58969116210938,354.3592529296875,242.6177978515625,SIFT:intensity,29.563491821289062,0.06738600094839076,ROBUST_MODEL_INLIER,HELD_OUT,0.03653991129956365,SYNTHETIC_SOURCE,SYNTHETIC_TARGET
1488,531.0814208984375,608.4476928710938,540.077392578125,602.3826904296875,531.0814208984375,608.4476928710938,540.077392578125,602.3826904296875,SIFT:intensity,25.806976318359375,0.06772854759686808,ROBUST_MODEL_INLIER,HELD_OUT,0.06476070966855844,SYNTHETIC_SOURCE,SYNTHETIC_TARGET
1489,62.60103988647461,161.98634338378906,71.58866882324219,155.98423767089844,62.60103988647461,161.98634338378906,71.58866882324219,155.98423767089844,SIFT:intensity,26.115129470825195,0.06775657677567935,ROBUST_MODEL_INLIER,FIT,0.01244769868957984,SYNTHETIC_SOURCE,SYNTHETIC_TARGET
1490,334.271240234375,37.38063049316406,343.29107666015625,31.388227462768555,334.271240234375,37.38063049316406,343.29107666015625,31.388227462768555,SIFT:intensity,12.884099006652832,0.06777538485705058,ROBUST_MODEL_INLIER,FIT,0.021416905311707275,SYNTHETIC_SOURCE,SYNTHETIC_TARGET
1491,287.5099182128906,305.91656494140625,296.4346008300781,299.9070129394531,287.5099182128906,305.91656494140625,296.4346008300781,299.9070129394531,SIFT:intensity,32.69556427001953,0.0678756447632933,ROBUST_MODEL_INLIER,FIT,0.0758302613610859,SYNTHETIC_SOURCE,SYNTHETIC_TARGET
1492,616.739501953125,161.09039306640625,625.7344360351562,155.05233764648438,616.739501953125,161.09039306640625,625.7344360351562,155.05233764648438,SIFT:intensity,29.051677703857422,0.06801620209148855,ROBUST_MODEL_INLIER,FIT,0.03802396707509708,SYNTHETIC_SOURCE,SYNTHETIC_TARGET
1493,420.34295654296875,436.7678527832031,429.3482971191406,430.7819519042969,420.34295654296875,436.7678527832031,429.3482971191406,430.7819519042969,SIFT:intensity,30.805843353271484,0.0681190196543525,ROBUST_MODEL_INLIER,FIT,0.015433840974456266,SYNTHETIC_SOURCE,SYNTHETIC_TARGET
1494,389.7943115234375,449.2250671386719,398.7770690917969,443.2240905761719,389.7943115234375,449.2250671386719,398.7770690917969,443.2240905761719,SIFT:intensity,29.325756072998047,0.06817326218892085,ROBUST_MODEL_INLIER,FIT,0.01720755106247566,SYNTHETIC_SOURCE,SYNTHETIC_TARGET
1495,512.0640869140625,394.9727478027344,521.1358642578125,388.9856262207031,512.0640869140625,394.9727478027344,521.1358642578125,388.9856262207031,SIFT:intensity,22.97825050354004,0.06820273559567891,ROBUST_MODEL_INLIER,FIT,0.07303376108089,SYNTHETIC_SOURCE,SYNTHETIC_TARGET
1496,288.13531494140625,184.566650390625,297.1103515625,178.57489013671875,288.13531494140625,184.566650390625,297.1103515625,178.57489013671875,SIFT:intensity,18.89444351196289,0.06834294123406552,ROBUST_MODEL_INLIER,FIT,0.026361270592208542,SYNTHETIC_SOURCE,SYNTHETIC_TARGET
1497,187.97450256347656,116.93121337890625,197.20761108398438,110.535400390625,187.97450256347656,116.93121337890625,197.20761108398438,110.535400390625,SIFT:intensity,31.320919036865234,0.06851968902144905,ROBUST_MODEL_INLIER,HELD_OUT,0.4590649064960327,SYNTHETIC_SOURCE,SYNTHETIC_TARGET
1498,317.1097412109375,371.6321716308594,326.1055908203125,365.6315612792969,317.1097412109375,371.6321716308594,326.1055908203125,365.6315612792969,SIFT:intensity,30.099834442138672,0.06864901609895868,ROBUST_MODEL_INLIER,FIT,0.004111982224033376,SYNTHETIC_SOURCE,SYNTHETIC_TARGET
1499,559.8349609375,287.2519836425781,568.7998657226562,281.3259582519531,559.8349609375,287.2519836425781,568.7998657226562,281.3259582519531,SIFT:intensity,38.01315689086914,0.0686541775747181,ROBUST_MODEL_INLIER,FIT,0.08218720775261659,SYNTHETIC_SOURCE,SYNTHETIC_TARGET
1500,141.7233428955078,534.5353393554688,150.6911163330078,528.5740356445312,141.7233428955078,534.5353393554688,150.6911163330078,528.5740356445312,SIFT:intensity,27.82085609436035,0.06868216889129573,ROBUST_MODEL_INLIER,FIT,0.050609612667969095,SYNTHETIC_SOURCE,SYNTHETIC_TARGET
1501,202.52908325195312,572.8333129882812,211.52911376953125,566.82373046875,202.52908325195312,572.8333129882812,211.52911376953125,566.82373046875,SIFT:intensity,23.06512451171875,0.06881219619740139,ROBUST_MODEL_INLIER,FIT,0.009218531657834234,SYNTHETIC_SOURCE,SYNTHETIC_TARGET
1502,168.22158813476562,525.7360229492188,177.2295379638672,519.7438354492188,168.22158813476562,525.7360229492188,177.2295379638672,519.7438354492188,SIFT:intensity,23.388031005859375,0.0688610374221114,ROBUST_MODEL_INLIER,HELD_OUT,0.01143633786414236,SYNTHETIC_SOURCE,SYNTHETIC_TARGET
1503,356.0639343261719,53.544158935546875,365.072998046875,47.539852142333984,356.0639343261719,53.544158935546875,365.072998046875,47.539852142333984,SIFT:intensity,22.912878036499023,0.06888700563649924,ROBUST_MODEL_INLIER,HELD_OUT,0.0099260345208731,SYNTHETIC_SOURCE,SYNTHETIC_TARGET
1504,376.8809814453125,254.47743225097656,385.8740234375,248.45352172851562,376.8809814453125,254.47743225097656,385.8740234375,248.45352172851562,SIFT:intensity,25.573423385620117,0.06894433661135504,ROBUST_MODEL_INLIER,FIT,0.02453983224728741,SYNTHETIC_SOURCE,SYNTHETIC_TARGET
1505,555.1448974609375,585.1654663085938,564.0811157226562,579.1519775390625,555.1448974609375,585.1654663085938,564.0811157226562,579.1519775390625,SIFT:intensity,29.291637420654297,0.06903548986741018,ROBUST_MODEL_INLIER,HELD_OUT,0.0650732237359084,SYNTHETIC_SOURCE,SYNTHETIC_TARGET
1506,264.0478210449219,564.0069580078125,273.0595397949219,558.0333862304688,264.0478210449219,564.0069580078125,273.0595397949219,558.0333862304688,SIFT:intensity,27.018512725830078,0.06904169354481497,ROBUST_MODEL_INLIER,FIT,0.02926163944893627,SYNTHETIC_SOURCE,SYNTHETIC_TARGET
1507,494.40277099609375,29.706811904907227,503.49407958984375,23.718828201293945,494.40277099609375,29.706811904907227,503.49407958984375,23.718828201293945,SIFT:intensity,29.20616340637207,0.06910016647100883,ROBUST_MODEL_INLIER,HELD_OUT,0.09218947985135592,SYNTHETIC_SOURCE,SYNTHETIC_TARGET
1508,56.19595718383789,369.69744873046875,65.19474029541016,363.7242736816406,56.19595718383789,369.69744873046875,65.19474029541016,363.7242736816406,SIFT:intensity,30.265491485595703,0.06915230519624957,ROBUST_MODEL_INLIER,FIT,0.02721446449781623,SYNTHETIC_SOURCE,SYNTHETIC_TARGET
1509,245.8299560546875,480.97662353515625,254.8094024658203,475.0032653808594,245.8299560546875,480.97662353515625,254.8094024658203,475.0032653808594,SIFT:intensity,28.98275375366211,0.06917243396855412,ROBUST_MODEL_INLIER,FIT,0.033910211929690535,SYNTHETIC_SOURCE,SYNTHETIC_TARGET
1510,58.99583435058594,197.9960479736328,68.08494567871094,192.01025390625,58.99583435058594,197.9960479736328,68.08494567871094,192.01025390625,SIFT:intensity,21.908903121948242,0.06925641292168569,ROBUST_MODEL_INLIER,FIT,0.09033980885817208,SYNTHETIC_SOURCE,SYNTHETIC_TARGET
1511,267.83013916015625,550.1736450195312,276.80889892578125,544.1945190429688,267.83013916015625,550.1736450195312,276.80889892578125,544.1945190429688,SIFT:intensity,21.725561141967773,0.06933717189171879,ROBUST_MODEL_INLIER,FIT,0.03000452607730784,SYNTHETIC_SOURCE,SYNTHETIC_TARGET
1512,435.3945617675781,603.260498046875,444.42523193359375,597.3098754882812,435.3945617675781,603.260498046875,444.42523193359375,597.3098754882812,SIFT:intensity,28.17800521850586,0.06958847256049125,ROBUST_MODEL_INLIER,FIT,0.05846118636859436,SYNTHETIC_SOURCE,SYNTHETIC_TARGET
1513,328.3892517089844,132.40553283691406,337.3453063964844,126.42530822753906,328.3892517089844,132.40553283691406,337.3453063964844,126.42530822753906,SIFT:intensity,28.0,0.06993643015831709,ROBUST_MODEL_INLIER,HELD_OUT,0.04829882561413047,SYNTHETIC_SOURCE,SYNTHETIC_TARGET
1514,370.9848937988281,106.55703735351562,379.92852783203125,100.57691192626953,370.9848937988281,106.55703735351562,379.92852783203125,100.57691192626953,SIFT:intensity,25.922962188720703,0.07003674101662499,ROBUST_MODEL_INLIER,FIT,0.059846269438072225,SYNTHETIC_SOURCE,SYNTHETIC_TARGET
1515,558.8488159179688,522.1287841796875,567.8557739257812,516.1621704101562,558.8488159179688,522.1287841796875,567.8557739257812,516.1621704101562,SIFT:intensity,27.34958839416504,0.07006498801722293,ROBUST_MODEL_INLIER,FIT,0.03446957414895082,SYNTHETIC_SOURCE,SYNTHETIC_TARGET
1516,192.98451232910156,580.4786987304688,201.99371337890625,574.496826171875,192.98451232910156,580.4786987304688,201.99371337890625,574.496826171875,SIFT:intensity,23.68543815612793,0.07020658934264784,ROBUST_MODEL_INLIER,FIT,0.020674825929552925,SYNTHETIC_SOURCE,SYNTHETIC_TARGET
1517,349.5276184082031,338.5399475097656,358.52923583984375,332.52911376953125,349.5276184082031,338.5399475097656,358.52923583984375,332.52911376953125,SIFT:intensity,26.795522689819336,0.07023444372301973,ROBUST_MODEL_INLIER,HELD_OUT,0.010600724718223443,SYNTHETIC_SOURCE,SYNTHETIC_TARGET
1518,518.9173583984375,97.15702056884766,527.793212890625,91.21600341796875,518.9173583984375,97.15702056884766,527.793212890625,91.21600341796875,SIFT:intensity,29.983327865600586,0.07027428084987436,ROBUST_MODEL_INLIER,FIT,0.1375602699894781,SYNTHETIC_SOURCE,SYNTHETIC_TARGET
1519,477.9326171875,266.36663818359375,486.9425354003906,260.3802490234375,477.9326171875,266.36663818359375,486.9425354003906,260.3802490234375,SIFT:intensity,31.685958862304688,0.07042732680845527,ROBUST_MODEL_INLIER,FIT,0.01716349952346625,SYNTHETIC_SOURCE,SYNTHETIC_TARGET
1520,502.53802490234375,547.8587036132812,511.5359802246094,541.8672485351562,502.53802490234375,547.8587036132812,511.5359802246094,541.8672485351562,SIFT:intensity,27.74887466430664,0.07107832791183076,ROBUST_MODEL_INLIER,FIT,0.009130712186996345,SYNTHETIC_SOURCE,SYNTHETIC_TARGET
1521,254.59092712402344,96.87203979492188,263.5730895996094,90.80001831054688,254.59092712402344,96.87203979492188,263.5730895996094,90.80001831054688,SIFT:intensity,28.705400466918945,0.07113037075312388,ROBUST_MODEL_INLIER,FIT,0.0738329049731893,SYNTHETIC_SOURCE,SYNTHETIC_TARGET
1522,382.34271240234375,567.0283203125,391.323486328125,561.032470703125,382.34271240234375,567.0283203125,391.323486328125,561.032470703125,SIFT:intensity,23.452077865600586,0.07116007885154577,ROBUST_MODEL_INLIER,FIT,0.019704473845281404,SYNTHETIC_SOURCE,SYNTHETIC_TARGET
1523,509.8016052246094,490.3812561035156,518.7778930664062,484.3878173828125,509.8016052246094,490.3812561035156,518.7778930664062,484.3878173828125,SIFT:intensity,29.20616340637207,0.07128566303366062,ROBUST_MODEL_INLIER,FIT,0.024658899560030603,SYNTHETIC_SOURCE,SYNTHETIC_TARGET
1524,594.0194091796875,237.3494415283203,603.054443359375,231.33349609375,594.0194091796875,237.3494415283203,603.054443359375,231.33349609375,SIFT:intensity,15.033296585083008,0.07155954801703444,ROBUST_MODEL_INLIER,FIT,0.03838456668323561,SYNTHETIC_SOURCE,SYNTHETIC_TARGET
1525,515.9229125976562,570.5703735351562,524.9285278320312,564.546142578125,515.9229125976562,570.5703735351562,524.9285278320312,564.546142578125,SIFT:intensity,25.670995712280273,0.07173860172922342,ROBUST_MODEL_INLIER,FIT,0.02452884402416807,SYNTHETIC_SOURCE,SYNTHETIC_TARGET
1526,57.02500534057617,191.44651794433594,66.0296859741211,185.45843505859375,57.02500534057617,191.44651794433594,66.0296859741211,185.45843505859375,SIFT:intensity,21.494184494018555,0.07179701213029818,ROBUST_MODEL_INLIER,FIT,0.013159489921042839,SYNTHETIC_SOURCE,SYNTHETIC_TARGET
1527,241.5410614013672,253.3543701171875,250.5440673828125,247.3365478515625,241.5410614013672,253.3543701171875,250.5440673828125,247.3365478515625,SIFT:intensity,29.51270866394043,0.07198435946162413,ROBUST_MODEL_INLIER,HELD_OUT,0.01772268783794403,SYNTHETIC_SOURCE,SYNTHETIC_TARGET
1528,127.39525604248047,401.68072509765625,136.4093475341797,395.69342041015625,127.39525604248047,401.68072509765625,136.4093475341797,395.69342041015625,SIFT:intensity,33.43650817871094,0.07205574831773628,ROBUST_MODEL_INLIER,FIT,0.01924619237070098,SYNTHETIC_SOURCE,SYNTHETIC_TARGET
1529,339.0422058105469,97.79647827148438,348.0572509765625,91.80060577392578,339.0422058105469,97.79647827148438,348.0572509765625,91.80060577392578,SIFT:intensity,24.0,0.07209483348412067,ROBUST_MODEL_INLIER,HELD_OUT,0.015745248915624274,SYNTHETIC_SOURCE,SYNTHETIC_TARGET
1530,107.36327362060547,328.6712646484375,116.36235809326172,322.6586608886719,107.36327362060547,328.6712646484375,116.36235809326172,322.6586608886719,SIFT:intensity,27.513633728027344,0.07239176486004974,ROBUST_MODEL_INLIER,FIT,0.012270320055483735,SYNTHETIC_SOURCE,SYNTHETIC_TARGET
1531,552.6773071289062,322.93414306640625,561.634765625,316.9454650878906,552.6773071289062,322.93414306640625,561.634765625,316.9454650878906,SIFT:intensity,28.600698471069336,0.07244259011634176,ROBUST_MODEL_INLIER,FIT,0.04407331452014613,SYNTHETIC_SOURCE,SYNTHETIC_TARGET
1532,505.9349060058594,233.7366943359375,514.9591674804688,227.735595703125,505.9349060058594,233.7366943359375,514.9591674804688,227.735595703125,SIFT:intensity,33.30165100097656,0.07246787924558074,ROBUST_MODEL_INLIER,HELD_OUT,0.02431834059812223,SYNTHETIC_SOURCE,SYNTHETIC_TARGET
1533,344.34783935546875,382.1086730957031,353.3571472167969,376.11328125,344.34783935546875,382.1086730957031,353.3571472167969,376.11328125,SIFT:intensity,26.229753494262695,0.07267170079093675,ROBUST_MODEL_INLIER,FIT,0.01059319949593373,SYNTHETIC_SOURCE,SYNTHETIC_TARGET
1534,490.5785827636719,379.8780822753906,499.5704650878906,373.8958435058594,490.5785827636719,379.8780822753906,499.5704650878906,373.8958435058594,SIFT:intensity,28.284271240234375,0.07275613965469803,ROBUST_MODEL_INLIER,FIT,0.019841636651863753,SYNTHETIC_SOURCE,SYNTHETIC_TARGET
1535,337.62554931640625,386.17333984375,346.6307373046875,380.1662902832031,337.62554931640625,386.17333984375,346.6307373046875,380.1662902832031,SIFT:intensity,32.24903106689453,0.07282177703711191,ROBUST_MODEL_INLIER,FIT,0.00849028580142188,SYNTHETIC_SOURCE,SYNTHETIC_TARGET
1536,598.9041137695312,454.2672424316406,607.8992309570312,448.256591796875,598.9041137695312,454.2672424316406,607.8992309570312,448.256591796875,SIFT:intensity,30.512292861938477,0.07303668139365563,ROBUST_MODEL_INLIER,FIT,0.01136686093994615,SYNTHETIC_SOURCE,SYNTHETIC_TARGET
1537,139.39505004882812,335.37774658203125,148.37997436523438,329.3750305175781,139.39505004882812,335.37774658203125,148.37997436523438,329.3750305175781,SIFT:intensity,33.88214874267578,0.07304036254589732,ROBUST_MODEL_INLIER,FIT,0.015212787068835555,SYNTHETIC_SOURCE,SYNTHETIC_TARGET
1538,161.86341857910156,325.0097961425781,170.85289001464844,318.9792175292969,161.86341857910156,325.0097961425781,170.85289001464844,318.9792175292969,SIFT:intensity,29.10326385498047,0.07320145534653712,ROBUST_MODEL_INLIER,FIT,0.03198114063384687,SYNTHETIC_SOURCE,SYNTHETIC_TARGET
1539,494.9366455078125,543.732177734375,503.9619140625,537.744140625,494.9366455078125,543.732177734375,503.9619140625,537.744140625,SIFT:intensity,31.95309066772461,0.07333398481657659,ROBUST_MODEL_INLIER,HELD_OUT,0.028156261718003627,SYNTHETIC_SOURCE,SYNTHETIC_TARGET
1540,176.81573486328125,568.7491455078125,185.84312438964844,562.712890625,176.81573486328125,568.7491455078125,185.84312438964844,562.712890625,SIFT:intensity,31.543621063232422,0.07377721575998918,ROBUST_MODEL_INLIER,FIT,0.04517554109398877,SYNTHETIC_SOURCE,SYNTHETIC_TARGET
1541,66.43221282958984,275.5379638671875,75.4571762084961,269.5538024902344,66.43221282958984,275.5379638671875,75.4571762084961,269.5538024902344,SIFT:intensity,31.432466506958008,0.0738614854219563,ROBUST_MODEL_INLIER,FIT,0.029799206013821078,SYNTHETIC_SOURCE,SYNTHETIC_TARGET
1542,468.7395324707031,263.39404296875,477.7230224609375,257.32171630859375,468.7395324707031,263.39404296875,477.7230224609375,257.32171630859375,SIFT:intensity,17.464248657226562,0.07390888314082128,ROBUST_MODEL_INLIER,FIT,0.07382175657710516,SYNTHETIC_SOURCE,SYNTHETIC_TARGET
1543,475.2118225097656,189.0987091064453,484.20489501953125,183.11643981933594,475.2118225097656,189.0987091064453,484.20489501953125,183.11643981933594,SIFT:intensity,31.17691421508789,0.07417358150089953,ROBUST_MODEL_INLIER,FIT,0.019359431994326038,SYNTHETIC_SOURCE,SYNTHETIC_TARGET
1544,605.9013671875,275.03900146484375,614.9049072265625,269.0611877441406,605.9013671875,275.03900146484375,614.9049072265625,269.0611877441406,SIFT:intensity,32.24903106689453,0.07421457762524448,ROBUST_MODEL_INLIER,FIT,0.02283389718778889,SYNTHETIC_SOURCE,SYNTHETIC_TARGET
1545,309.6529541015625,228.64642333984375,318.65234375,222.61727905273438,309.6529541015625,228.64642333984375,318.65234375,222.61727905273438,SIFT:intensity,29.30870246887207,0.07434926231168197,ROBUST_MODEL_INLIER,FIT,0.028785520606580375,SYNTHETIC_SOURCE,SYNTHETIC_TARGET
1546,149.73980712890625,580.6607055664062,158.74656677246094,574.6959838867188,149.73980712890625,580.6607055664062,158.74656677246094,574.6959838867188,SIFT:intensity,15.588457107543945,0.07436492591788103,ROBUST_MODEL_INLIER,FIT,0.036286504087434,SYNTHETIC_SOURCE,SYNTHETIC_TARGET
1547,335.7459411621094,95.63590240478516,344.7355041503906,89.63724517822266,335.7459411621094,95.63590240478516,344.7355041503906,89.63724517822266,SIFT:intensity,27.92848014831543,0.07483817650437616,ROBUST_MODEL_INLIER,FIT,0.010530521549548857,SYNTHETIC_SOURCE,SYNTHETIC_TARGET
1548,164.29638671875,169.92477416992188,173.31814575195312,163.9446258544922,164.29638671875,169.92477416992188,173.31814575195312,163.9446258544922,SIFT:intensity,25.70992088317871,0.07533575862623698,ROBUST_MODEL_INLIER,FIT,0.029734422773103987,SYNTHETIC_SOURCE,SYNTHETIC_TARGET
1549,508.9208984375,511.41265869140625,517.9221801757812,505.3556213378906,508.9208984375,511.41265869140625,517.9221801757812,505.3556213378906,SIFT:intensity,32.893768310546875,0.07537961572629834,ROBUST_MODEL_INLIER,FIT,0.05668859570621414,SYNTHETIC_SOURCE,SYNTHETIC_TARGET
1550,347.2027587890625,113.31241607666016,356.211669921875,107.28669738769531,347.2027587890625,113.31241607666016,356.211669921875,107.28669738769531,SIFT:intensity,29.44486427307129,0.07542257995827112,ROBUST_MODEL_INLIER,FIT,0.026889981030984465,SYNTHETIC_SOURCE,SYNTHETIC_TARGET
1551,453.9969177246094,239.90390014648438,463.00006103515625,233.91073608398438,453.9969177246094,239.90390014648438,463.00006103515625,233.91073608398438,SIFT:intensity,25.2586612701416,0.0754379885622933,ROBUST_MODEL_INLIER,FIT,0.007874880766288212,SYNTHETIC_SOURCE,SYNTHETIC_TARGET
1552,107.46656036376953,325.22662353515625,116.4619140625,319.2139587402344,107.46656036376953,325.22662353515625,116.4619140625,319.2139587402344,SIFT:intensity,30.951574325561523,0.07582800005173722,ROBUST_MODEL_INLIER,FIT,0.013132666005441747,SYNTHETIC_SOURCE,SYNTHETIC_TARGET
1553,518.9173583984375,97.15702056884766,527.793212890625,91.21600341796875,518.9173583984375,97.15702056884766,527.793212890625,91.21600341796875,SIFT:intensity,32.295509338378906,0.07594005176436279,ROBUST_MODEL_INLIER,FIT,0.1375602699894781,SYNTHETIC_SOURCE,SYNTHETIC_TARGET
1554,405.919921875,605.0689697265625,414.76483154296875,599.0572509765625,405.919921875,605.0689697265625,414.76483154296875,599.0572509765625,SIFT:intensity,31.128765106201172,0.07595183524493512,ROBUST_MODEL_INLIER,FIT,0.1554597622999915,SYNTHETIC_SOURCE,SYNTHETIC_TARGET
1555,39.880218505859375,270.8818054199219,48.87218475341797,264.89544677734375,39.880218505859375,270.8818054199219,48.87218475341797,264.89544677734375,SIFT:intensity,23.30236053466797,0.07615394297238959,ROBUST_MODEL_INLIER,HELD_OUT,0.01612347053553034,SYNTHETIC_SOURCE,SYNTHETIC_TARGET
1556,171.5588836669922,531.1369018554688,180.56222534179688,525.1229248046875,171.5588836669922,531.1369018554688,180.56222534179688,525.1229248046875,SIFT:intensity,30.08321762084961,0.07615394328526852,ROBUST_MODEL_INLIER,FIT,0.014027890488792799,SYNTHETIC_SOURCE,SYNTHETIC_TARGET
1557,396.0926208496094,113.37879943847656,405.0982360839844,107.35507202148438,396.0926208496094,113.37879943847656,405.0982360839844,107.35507202148438,SIFT:intensity,14.422204971313477,0.07623543444763418,ROBUST_MODEL_INLIER,HELD_OUT,0.024039178657341176,SYNTHETIC_SOURCE,SYNTHETIC_TARGET
1558,180.793701171875,282.464599609375,189.7818603515625,276.473388671875,180.793701171875,282.464599609375,189.7818603515625,276.473388671875,SIFT:intensity,36.82390594482422,0.07638844794194243,ROBUST_MODEL_INLIER,HELD_OUT,0.014930076102574857,SYNTHETIC_SOURCE,SYNTHETIC_TARGET
1559,216.95620727539062,48.20676040649414,225.93441772460938,42.23710250854492,216.95620727539062,48.20676040649414,225.93441772460938,42.23710250854492,SIFT:intensity,35.028560638427734,0.07648685850933186,ROBUST_MODEL_INLIER,FIT,0.03762545777895961,SYNTHETIC_SOURCE,SYNTHETIC_TARGET
1560,257.6319580078125,230.71018981933594,266.61334228515625,224.70916748046875,257.6319580078125,230.71018981933594,266.61334228515625,224.70916748046875,SIFT:intensity,30.199337005615234,0.07679637300661146,ROBUST_MODEL_INLIER,HELD_OUT,0.01858160153501792,SYNTHETIC_SOURCE,SYNTHETIC_TARGET
1561,101.96873474121094,290.6903076171875,110.94508361816406,284.6856994628906,101.96873474121094,290.6903076171875,110.94508361816406,284.6856994628906,SIFT:intensity,33.941123962402344,0.07692247972263766,ROBUST_MODEL_INLIER,FIT,0.023983799963727435,SYNTHETIC_SOURCE,SYNTHETIC_TARGET
1562,166.15037536621094,336.26947021484375,175.16049194335938,330.2832336425781,166.15037536621094,336.26947021484375,175.16049194335938,330.2832336425781,SIFT:intensity,31.3687744140625,0.07693140762070687,ROBUST_MODEL_INLIER,HELD_OUT,0.017403052069055423,SYNTHETIC_SOURCE,SYNTHETIC_TARGET
1563,245.9691162109375,416.8326110839844,254.9694061279297,410.8603515625,245.9691162109375,416.8326110839844,254.9694061279297,410.8603515625,SIFT:intensity,32.202484130859375,0.0769492058132798,ROBUST_MODEL_INLIER,FIT,0.02810678685251149,SYNTHETIC_SOURCE,SYNTHETIC_TARGET
1564,490.5785827636719,379.8780822753906,499.5704650878906,373.8958435058594,490.5785827636719,379.8780822753906,499.5704650878906,373.8958435058594,SIFT:intensity,29.78254508972168,0.0770042801484577,ROBUST_MODEL_INLIER,FIT,0.019841636651863753,SYNTHETIC_SOURCE,SYNTHETIC_TARGET
1565,584.6461181640625,363.1871337890625,593.6400146484375,357.20306396484375,584.6461181640625,363.1871337890625,593.6400146484375,357.20306396484375,SIFT:intensity,27.64055061340332,0.07707155441287931,ROBUST_MODEL_INLIER,FIT,0.017384080730910603,SYNTHETIC_SOURCE,SYNTHETIC_TARGET
1566,129.04212951660156,202.03536987304688,138.00765991210938,196.08932495117188,129.04212951660156,202.03536987304688,138.00765991210938,196.08932495117188,SIFT:intensity,33.88214874267578,0.07710032094976185,ROBUST_MODEL_INLIER,FIT,0.06430859330257777,SYNTHETIC_SOURCE,SYNTHETIC_TARGET
1567,375.9263000488281,70.50724792480469,384.8946228027344,64.48660278320312,375.9263000488281,70.50724792480469,384.8946228027344,64.48660278320312,SIFT:intensity,28.05352020263672,0.0771726877226068,ROBUST_MODEL_INLIER,FIT,0.03757475572188896,SYNTHETIC_SOURCE,SYNTHETIC_TARGET
1568,396.466796875,587.9010620117188,405.4771728515625,581.9188232421875,396.466796875,587.9010620117188,405.4771728515625,581.9188232421875,SIFT:intensity,25.2586612701416,0.07735582931573466,ROBUST_MODEL_INLIER,FIT,0.020908082623743635,SYNTHETIC_SOURCE,SYNTHETIC_TARGET
1569,79.65889739990234,582.59716796875,88.65227508544922,576.6159057617188,79.65889739990234,582.59716796875,88.65227508544922,576.6159057617188,SIFT:intensity,30.282007217407227,0.07736514712643697,ROBUST_MODEL_INLIER,HELD_OUT,0.02020249851113265,SYNTHETIC_SOURCE,SYNTHETIC_TARGET
1570,298.0706787109375,235.28797912597656,307.0984802246094,229.2920379638672,298.0706787109375,235.28797912597656,307.0984802246094,229.2920379638672,SIFT:intensity,30.315011978149414,0.07782628383571999,ROBUST_MODEL_INLIER,FIT,0.028196378190598767,SYNTHETIC_SOURCE,SYNTHETIC_TARGET
1571,304.9477233886719,416.5866394042969,313.9263000488281,410.62713623046875,304.9477233886719,416.5866394042969,313.9263000488281,410.62713623046875,SIFT:intensity,26.944387435913086,0.07804396236021649,ROBUST_MODEL_INLIER,FIT,0.046115421992199854,SYNTHETIC_SOURCE,SYNTHETIC_TARGET
1572,442.4152526855469,488.59332275390625,451.3270263671875,482.5820007324219,442.4152526855469,488.59332275390625,451.3270263671875,482.5820007324219,SIFT:intensity,37.5099983215332,0.07843453177021693,ROBUST_MODEL_INLIER,FIT,0.08885876190626041,SYNTHETIC_SOURCE,SYNTHETIC_TARGET
1573,332.9329528808594,335.81805419921875,341.948974609375,329.8464660644531,332.9329528808594,335.81805419921875,341.948974609375,329.8464660644531,SIFT:intensity,28.26658821105957,0.07844449421003238,ROBUST_MODEL_INLIER,FIT,0.032958043104877134,SYNTHETIC_SOURCE,SYNTHETIC_TARGET
1574,130.8878173828125,291.3103942871094,139.89779663085938,285.25140380859375,130.8878173828125,291.3103942871094,139.89779663085938,285.25140380859375,SIFT:intensity,31.400636672973633,0.07848859129091701,ROBUST_MODEL_INLIER,FIT,0.059477134270619965,SYNTHETIC_SOURCE,SYNTHETIC_TARGET
1575,272.432861328125,376.8896484375,281.4093322753906,370.8953857421875,272.432861328125,376.8896484375,281.4093322753906,370.8953857421875,SIFT:intensity,28.896366119384766,0.07856916418191331,ROBUST_MODEL_INLIER,FIT,0.024263014909444776,SYNTHETIC_SOURCE,SYNTHETIC_TARGET
1576,600.3599243164062,89.80682373046875,609.3399047851562,83.79142761230469,600.3599243164062,89.80682373046875,609.3399047851562,83.79142761230469,SIFT:intensity,24.7991943359375,0.0789991637532837,ROBUST_MODEL_INLIER,HELD_OUT,0.024998126600642104,SYNTHETIC_SOURCE,SYNTHETIC_TARGET
1577,50.483524322509766,341.9779052734375,59.5153923034668,335.989501953125,50.483524322509766,341.9779052734375,59.5153923034668,335.989501953125,SIFT:intensity,27.221315383911133,0.07903827758933571,ROBUST_MODEL_INLIER,FIT,0.034081564334499985,SYNTHETIC_SOURCE,SYNTHETIC_TARGET
1578,615.3432006835938,138.1960906982422,624.3427124023438,132.16651916503906,615.3432006835938,138.1960906982422,624.3427124023438,132.16651916503906,SIFT:intensity,25.337718963623047,0.07932380998240245,ROBUST_MODEL_INLIER,FIT,0.02921058151272055,SYNTHETIC_SOURCE,SYNTHETIC_TARGET
1579,176.95301818847656,366.05548095703125,185.9813690185547,360.0531921386719,176.95301818847656,366.05548095703125,185.9813690185547,360.0531921386719,SIFT:intensity,31.14482307434082,0.07935250837958942,ROBUST_MODEL_INLIER,FIT,0.028461746515487524,SYNTHETIC_SOURCE,SYNTHETIC_TARGET
1580,584.1957397460938,568.626953125,593.1873168945312,562.6170654296875,584.1957397460938,568.626953125,593.1873168945312,562.6170654296875,SIFT:intensity,30.282007217407227,0.07946227054755632,ROBUST_MODEL_INLIER,FIT,0.012683468719150843,SYNTHETIC_SOURCE,SYNTHETIC_TARGET
1581,59.13865661621094,348.38836669921875,68.1402359008789,342.37677001953125,59.13865661621094,348.38836669921875,68.1402359008789,342.37677001953125,SIFT:intensity,30.82206916809082,0.0794982809098741,ROBUST_MODEL_INLIER,FIT,0.011349321397736553,SYNTHETIC_SOURCE,SYNTHETIC_TARGET
1582,148.30442810058594,560.4599609375,157.30711364746094,554.4577026367188,148.30442810058594,560.4599609375,157.30711364746094,554.4577026367188,SIFT:intensity,32.93933868408203,0.07969158755266473,ROBUST_MODEL_INLIER,HELD_OUT,0.0033237557097457707,SYNTHETIC_SOURCE,SYNTHETIC_TARGET
1583,585.1732177734375,407.94036865234375,594.2275390625,401.9600830078125,585.1732177734375,407.94036865234375,594.2275390625,401.9600830078125,SIFT:intensity,30.479501724243164,0.07974856702437326,ROBUST_MODEL_INLIER,FIT,0.05795627966828059,SYNTHETIC_SOURCE,SYNTHETIC_TARGET
1584,165.59451293945312,472.50213623046875,174.59597778320312,466.5179443359375,165.59451293945312,472.50213623046875,174.59597778320312,466.5179443359375,SIFT:intensity,21.817424774169922,0.07985625640114279,ROBUST_MODEL_INLIER,FIT,0.01624280726553603,SYNTHETIC_SOURCE,SYNTHETIC_TARGET
1585,100.178466796875,322.8416748046875,109.19183349609375,316.8677062988281,100.178466796875,322.8416748046875,109.19183349609375,316.8677062988281,SIFT:intensity,19.595918655395508,0.08027676377353848,ROBUST_MODEL_INLIER,FIT,0.029607982692504305,SYNTHETIC_SOURCE,SYNTHETIC_TARGET
1586,612.9515380859375,268.9373474121094,621.978759765625,262.9303894042969,612.9515380859375,268.9373474121094,621.978759765625,262.9303894042969,SIFT:intensity,34.27827453613281,0.0802939470716273,ROBUST_MODEL_INLIER,HELD_OUT,0.028053361564758458,SYNTHETIC_SOURCE,SYNTHETIC_TARGET
1587,356.63482666015625,509.5087585449219,365.6318054199219,503.51861572265625,356.63482666015625,509.5087585449219,365.6318054199219,503.51861572265625,SIFT:intensity,19.287302017211914,0.08032820256892619,ROBUST_MODEL_INLIER,HELD_OUT,0.010645753409990636,SYNTHETIC_SOURCE,SYNTHETIC_TARGET
1588,366.3243408203125,520.8246459960938,375.33056640625,514.8153686523438,366.3243408203125,520.8246459960938,375.33056640625,514.8153686523438,SIFT:intensity,23.34523582458496,0.08036571058322596,ROBUST_MODEL_INLIER,FIT,0.010898269131867764,SYNTHETIC_SOURCE,SYNTHETIC_TARGET
1589,284.9478759765625,26.68773078918457,293.8316955566406,20.6724910736084,284.9478759765625,26.68773078918457,293.8316955566406,20.6724910736084,SIFT:intensity,38.444766998291016,0.08057805031607052,ROBUST_MODEL_INLIER,HELD_OUT,0.11708344594931586,SYNTHETIC_SOURCE,SYNTHETIC_TARGET
1590,295.7461242675781,279.181884765625,304.7195129394531,273.1770324707031,295.7461242675781,279.181884765625,304.7195129394531,273.1770324707031,SIFT:intensity,31.4483699798584,0.08088824837216844,ROBUST_MODEL_INLIER,FIT,0.026941985940204336,SYNTHETIC_SOURCE,SYNTHETIC_TARGET
1591,555.225341796875,325.7176818847656,564.2232055664062,319.7113342285156,555.225341796875,325.7176818847656,564.2232055664062,319.7113342285156,SIFT:intensity,29.24038314819336,0.08091854415532054,ROBUST_MODEL_INLIER,HELD_OUT,0.006338020780829343,SYNTHETIC_SOURCE,SYNTHETIC_TARGET
1592,386.0986328125,177.84352111816406,395.1171569824219,171.84783935546875,386.0986328125,177.84352111816406,395.1171569824219,171.84783935546875,SIFT:intensity,19.313207626342773,0.08095806531958122,ROBUST_MODEL_INLIER,FIT,0.019151216525288364,SYNTHETIC_SOURCE,SYNTHETIC_TARGET
1593,214.88560485839844,155.70755004882812,223.9171142578125,149.6969757080078,214.88560485839844,155.70755004882812,223.9171142578125,149.6969757080078,SIFT:intensity,12.961481094360352,0.08115203072192746,ROBUST_MODEL_INLIER,HELD_OUT,0.03316585561768437,SYNTHETIC_SOURCE,SYNTHETIC_TARGET
1594,106.14535522460938,405.0044250488281,115.16534423828125,399.0127258300781,106.14535522460938,405.0044250488281,115.16534423828125,399.0127258300781,SIFT:intensity,24.14539337158203,0.0813054571716953,ROBUST_MODEL_INLIER,HELD_OUT,0.021828341832903476,SYNTHETIC_SOURCE,SYNTHETIC_TARGET
1595,566.343017578125,545.0764770507812,575.5623779296875,539.1870727539062,566.343017578125,545.0764770507812,575.5623779296875,539.1870727539062,SIFT:intensity,24.535688400268555,0.08135557823006721,ROBUST_MODEL_INLIER,FIT,0.24586820059340705,SYNTHETIC_SOURCE,SYNTHETIC_TARGET
1596,396.466796875,587.9010620117188,405.4771728515625,581.9188232421875,396.466796875,587.9010620117188,405.4771728515625,581.9188232421875,SIFT:intensity,28.930952072143555,0.08151666238163864,ROBUST_MODEL_INLIER,FIT,0.020908082623743635,SYNTHETIC_SOURCE,SYNTHETIC_TARGET
1597,176.85704040527344,362.06146240234375,185.87493896484375,356.0314636230469,176.85704040527344,362.06146240234375,185.87493896484375,356.0314636230469,SIFT:intensity,30.315011978149414,0.08155888912315859,ROBUST_MODEL_INLIER,FIT,0.03464392216141757,SYNTHETIC_SOURCE,SYNTHETIC_TARGET
1598,467.1889953613281,581.773681640625,476.1883850097656,575.7657470703125,467.1889953613281,581.773681640625,476.1883850097656,575.7657470703125,SIFT:intensity,33.241539001464844,0.08189583519885923,ROBUST_MODEL_INLIER,HELD_OUT,0.00759128997062452,SYNTHETIC_SOURCE,SYNTHETIC_TARGET
1599,543.5239868164062,35.752437591552734,552.3837280273438,29.751001358032227,543.5239868164062,35.752437591552734,552.3837280273438,29.751001358032227,SIFT:intensity,35.66510772705078,0.08233430832866478,ROBUST_MODEL_INLIER,HELD_OUT,0.1402171100931488,SYNTHETIC_SOURCE,SYNTHETIC_TARGET
1600,584.7662963867188,81.6334457397461,593.7698364257812,75.62718200683594,584.7662963867188,81.6334457397461,593.7698364257812,75.62718200683594,SIFT:intensity,25.884357452392578,0.08244387464093923,ROBUST_MODEL_INLIER,FIT,0.006903719186979586,SYNTHETIC_SOURCE,SYNTHETIC_TARGET
1601,68.55554962158203,157.83253479003906,77.5334701538086,151.8002166748047,68.55554962158203,157.83253479003906,77.5334701538086,151.8002166748047,SIFT:intensity,32.41912841796875,0.08288979038826123,ROBUST_MODEL_INLIER,HELD_OUT,0.03881403915675932,SYNTHETIC_SOURCE,SYNTHETIC_TARGET
1602,383.41180419921875,269.7591552734375,392.4051818847656,263.76416015625,383.41180419921875,269.7591552734375,392.4051818847656,263.76416015625,SIFT:intensity,26.28687858581543,0.08290369897443578,ROBUST_MODEL_INLIER,HELD_OUT,0.008489936148665242,SYNTHETIC_SOURCE,SYNTHETIC_TARGET
1603,443.8736572265625,477.4632873535156,452.87359619140625,471.4798278808594,443.8736572265625,477.4632873535156,452.87359619140625,471.4798278808594,SIFT:intensity,33.57081985473633,0.08295238193268395,ROBUST_MODEL_INLIER,HELD_OUT,0.01690483781912783,SYNTHETIC_SOURCE,SYNTHETIC_TARGET
1604,507.8131408691406,549.658447265625,516.817138671875,543.6494140625,507.8131408691406,549.658447265625,516.817138671875,543.6494140625,SIFT:intensity,31.559467315673828,0.08309439911433737,ROBUST_MODEL_INLIER,HELD_OUT,0.009565581588076947,SYNTHETIC_SOURCE,SYNTHETIC_TARGET
1605,213.01895141601562,489.3953552246094,222.01158142089844,483.40472412109375,213.01895141601562,489.3953552246094,222.01158142089844,483.40472412109375,SIFT:intensity,30.4138126373291,0.08331144345504307,ROBUST_MODEL_INLIER,HELD_OUT,0.012181106844766336,SYNTHETIC_SOURCE,SYNTHETIC_TARGET
1606,93.1607666015625,538.67333984375,102.14708709716797,532.674072265625,93.1607666015625,538.67333984375,102.14708709716797,532.674072265625,SIFT:intensity,32.69556427001953,0.08352944831662981,ROBUST_MODEL_INLIER,FIT,0.013677768336489444,SYNTHETIC_SOURCE,SYNTHETIC_TARGET
1607,492.1513671875,442.20233154296875,501.3041687011719,436.17938232421875,492.1513671875,442.20233154296875,501.3041687011719,436.17938232421875,SIFT:intensity,14.662878036499023,0.08421240965830902,ROBUST_MODEL_INLIER,FIT,0.1545068686664799,SYNTHETIC_SOURCE,SYNTHETIC_TARGET
1608,277.7529296875,221.4440460205078,286.6783447265625,215.59996032714844,277.7529296875,221.4440460205078,286.6783447265625,215.59996032714844,SIFT:intensity,38.11823654174805,0.08441692326792713,ROBUST_MODEL_INLIER,HELD_OUT,0.1731447199647412,SYNTHETIC_SOURCE,SYNTHETIC_TARGET
1609,587.4973754882812,472.7785949707031,596.4921264648438,466.7662353515625,587.4973754882812,472.7785949707031,596.4921264648438,466.7662353515625,SIFT:intensity,30.4138126373291,0.08463019227259792,ROBUST_MODEL_INLIER,FIT,0.01307521989340747,SYNTHETIC_SOURCE,SYNTHETIC_TARGET
1610,56.19595718383789,369.69744873046875,65.19474029541016,363.7242736816406,56.19595718383789,369.69744873046875,65.19474029541016,363.7242736816406,SIFT:intensity,35.39773941040039,0.0848939902044027,ROBUST_MODEL_INLIER,HELD_OUT,0.02721446449781623,SYNTHETIC_SOURCE,SYNTHETIC_TARGET
1611,153.48992919921875,329.0385437011719,162.48426818847656,323.0560607910156,153.48992919921875,329.0385437011719,162.48426818847656,323.0560607910156,SIFT:intensity,34.1760139465332,0.08506682261395147,ROBUST_MODEL_INLIER,FIT,0.018742334117665994,SYNTHETIC_SOURCE,SYNTHETIC_TARGET
1612,367.8465270996094,84.52693176269531,376.8735046386719,78.5199203491211,367.8465270996094,84.52693176269531,376.8735046386719,78.5199203491211,SIFT:intensity,32.51153564453125,0.08508774115719674,ROBUST_MODEL_INLIER,FIT,0.02782882764274749,SYNTHETIC_SOURCE,SYNTHETIC_TARGET
1613,490.5489501953125,590.6248779296875,499.5591125488281,584.6401977539062,490.5489501953125,590.6248779296875,499.5591125488281,584.6401977539062,SIFT:intensity,37.82855987548828,0.08547741220639095,ROBUST_MODEL_INLIER,FIT,0.018713572101286283,SYNTHETIC_SOURCE,SYNTHETIC_TARGET
1614,447.95782470703125,88.21891784667969,456.95074462890625,82.22836303710938,447.95782470703125,88.21891784667969,456.95074462890625,82.22836303710938,SIFT:intensity,39.051246643066406,0.08581924866130339,ROBUST_MODEL_INLIER,HELD_OUT,0.012070939239347708,SYNTHETIC_SOURCE,SYNTHETIC_TARGET
1615,49.512733459472656,247.71861267089844,58.52091979980469,241.7006378173828,49.512733459472656,247.71861267089844,58.52091979980469,241.7006378173828,SIFT:intensity,34.45286560058594,0.08610149323486987,ROBUST_MODEL_INLIER,FIT,0.01943962998805239,SYNTHETIC_SOURCE,SYNTHETIC_TARGET
1616,553.98291015625,548.1370239257812,563.0090942382812,542.1098022460938,553.98291015625,548.1370239257812,563.0090942382812,542.1098022460938,SIFT:intensity,35.80502700805664,0.08612852448835319,ROBUST_MODEL_INLIER,FIT,0.0375409659239809,SYNTHETIC_SOURCE,SYNTHETIC_TARGET
1617,517.5767211914062,207.86923217773438,526.5272216796875,201.86656188964844,517.5767211914062,207.86923217773438,526.5272216796875,201.86656188964844,SIFT:intensity,38.19685745239258,0.08625612695481086,ROBUST_MODEL_INLIER,FIT,0.049507469181156,SYNTHETIC_SOURCE,SYNTHETIC_TARGET
1618,368.96185302734375,506.482177734375,377.94903564453125,500.4819030761719,368.96185302734375,506.482177734375,377.94903564453125,500.4819030761719,SIFT:intensity,24.617067337036133,0.0863400714951549,ROBUST_MODEL_INLIER,FIT,0.012771921057113243,SYNTHETIC_SOURCE,SYNTHETIC_TARGET
1619,327.6354675292969,575.1974487304688,336.6535949707031,569.2235107421875,327.6354675292969,575.1974487304688,336.6535949707031,569.2235107421875,SIFT:intensity,27.073972702026367,0.08634553257510902,ROBUST_MODEL_INLIER,FIT,0.03207204366700674,SYNTHETIC_SOURCE,SYNTHETIC_TARGET
1620,384.5705261230469,587.8719482421875,393.5521545410156,581.8617553710938,384.5705261230469,587.8719482421875,393.5521545410156,581.8617553710938,SIFT:intensity,35.46829605102539,0.0863645576345748,ROBUST_MODEL_INLIER,FIT,0.02079509298933341,SYNTHETIC_SOURCE,SYNTHETIC_TARGET
1621,570.85302734375,371.6311950683594,579.8709106445312,365.653564453125,570.85302734375,371.6311950683594,579.8709106445312,365.653564453125,SIFT:intensity,35.63705825805664,0.0865502453932347,ROBUST_MODEL_INLIER,FIT,0.028952934110272787,SYNTHETIC_SOURCE,SYNTHETIC_TARGET
1622,127.30763244628906,569.4288330078125,136.23513793945312,563.4896240234375,127.30763244628906,569.4288330078125,136.23513793945312,563.4896240234375,SIFT:intensity,41.31585693359375,0.08675266118718114,ROBUST_MODEL_INLIER,FIT,0.09480923802395828,SYNTHETIC_SOURCE,SYNTHETIC_TARGET
1623,545.3087158203125,527.643310546875,554.3274536132812,521.625732421875,545.3087158203125,527.643310546875,554.3274536132812,521.625732421875,SIFT:intensity,34.044090270996094,0.08710946608010477,ROBUST_MODEL_INLIER,FIT,0.025478189193354105,SYNTHETIC_SOURCE,SYNTHETIC_TARGET
1624,118.28340148925781,439.562744140625,127.30943298339844,433.55096435546875,118.28340148925781,439.562744140625,127.30943298339844,433.55096435546875,SIFT:intensity,32.98484420776367,0.08712471031578099,ROBUST_MODEL_INLIER,FIT,0.02846642331858508,SYNTHETIC_SOURCE,SYNTHETIC_TARGET
1625,44.29768753051758,521.6182250976562,53.3194465637207,515.5958251953125,44.29768753051758,521.6182250976562,53.3194465637207,515.5958251953125,SIFT:intensity,38.457767486572266,0.0875406778909836,ROBUST_MODEL_INLIER,HELD_OUT,0.031000279561381128,SYNTHETIC_SOURCE,SYNTHETIC_TARGET
1626,548.91748046875,451.65057373046875,557.9346313476562,445.593017578125,548.91748046875,451.65057373046875,557.9346313476562,445.593017578125,SIFT:intensity,34.69870376586914,0.08780740604878802,ROBUST_MODEL_INLIER,FIT,0.059721290312541274,SYNTHETIC_SOURCE,SYNTHETIC_TARGET
1627,400.6176452636719,370.94342041015625,409.57427978515625,364.92169189453125,400.6176452636719,370.94342041015625,409.57427978515625,364.92169189453125,SIFT:intensity,34.89985656738281,0.08790812067319445,ROBUST_MODEL_INLIER,FIT,0.04830140940132268,SYNTHETIC_SOURCE,SYNTHETIC_TARGET
1628,66.95429992675781,600.176025390625,75.90408325195312,594.179443359375,66.95429992675781,600.176025390625,75.90408325195312,594.179443359375,SIFT:intensity,27.147743225097656,0.08810024531237466,ROBUST_MODEL_INLIER,FIT,0.0503132649911661,SYNTHETIC_SOURCE,SYNTHETIC_TARGET
1629,571.91552734375,264.6633605957031,580.92041015625,258.7649841308594,571.91552734375,264.6633605957031,580.92041015625,258.7649841308594,SIFT:intensity,35.29872512817383,0.08815072750519816,ROBUST_MODEL_INLIER,FIT,0.10210685696916633,SYNTHETIC_SOURCE,SYNTHETIC_TARGET
1630,161.81695556640625,468.45037841796875,170.8280029296875,462.44720458984375,161.81695556640625,468.45037841796875,170.8280029296875,462.44720458984375,SIFT:intensity,25.119712829589844,0.0883522561081966,ROBUST_MODEL_INLIER,HELD_OUT,0.011443390030007208,SYNTHETIC_SOURCE,SYNTHETIC_TARGET
1631,66.88483428955078,526.4996948242188,75.83910369873047,520.499267578125,66.88483428955078,526.4996948242188,75.83910369873047,520.499267578125,SIFT:intensity,33.83784866333008,0.08859836580239472,ROBUST_MODEL_INLIER,FIT,0.045684857812795916,SYNTHETIC_SOURCE,SYNTHETIC_TARGET
1632,405.984375,219.87074279785156,415.01214599609375,213.8784942626953,405.984375,219.87074279785156,415.01214599609375,213.8784942626953,SIFT:intensity,43.023250579833984,0.08868172427985636,ROBUST_MODEL_INLIER,FIT,0.028976516826482727,SYNTHETIC_SOURCE,SYNTHETIC_TARGET
1633,320.0130920410156,573.6680297851562,329.02685546875,567.6268310546875,320.0130920410156,573.6680297851562,329.02685546875,567.6268310546875,SIFT:intensity,38.20994567871094,0.08871244525720699,ROBUST_MODEL_INLIER,FIT,0.043106200673767414,SYNTHETIC_SOURCE,SYNTHETIC_TARGET
1634,79.0854721069336,339.7485656738281,88.10487365722656,333.7167053222656,79.0854721069336,339.7485656738281,88.10487365722656,333.7167053222656,SIFT:intensity,33.60059356689453,0.08872574822524207,ROBUST_MODEL_INLIER,FIT,0.03701620661526791,SYNTHETIC_SOURCE,SYNTHETIC_TARGET
1635,273.9550476074219,599.091796875,282.9699401855469,593.0957641601562,273.9550476074219,599.091796875,282.9699401855469,593.0957641601562,SIFT:intensity,43.45112228393555,0.08924553915334331,ROBUST_MODEL_INLIER,FIT,0.015553684322085374,SYNTHETIC_SOURCE,SYNTHETIC_TARGET
1636,88.08917236328125,345.3113708496094,97.07875061035156,339.3033752441406,88.08917236328125,345.3113708496094,97.07875061035156,339.3033752441406,SIFT:intensity,32.93933868408203,0.08925502933693742,ROBUST_MODEL_INLIER,HELD_OUT,0.012880126474823617,SYNTHETIC_SOURCE,SYNTHETIC_TARGET
1637,102.51116180419922,500.855712890625,111.511474609375,494.81201171875,102.51116180419922,500.855712890625,111.511474609375,494.81201171875,SIFT:intensity,32.124755859375,0.0895114380771738,ROBUST_MODEL_INLIER,FIT,0.0433383517634506,SYNTHETIC_SOURCE,SYNTHETIC_TARGET
1638,555.2625122070312,30.43885040283203,564.28662109375,24.428607940673828,555.2625122070312,30.43885040283203,564.28662109375,24.428607940673828,SIFT:intensity,26.191600799560547,0.08954354197666652,ROBUST_MODEL_INLIER,FIT,0.026096470365091457,SYNTHETIC_SOURCE,SYNTHETIC_TARGET
1639,612.0943603515625,544.9725952148438,621.0719604492188,538.9806518554688,612.0943603515625,544.9725952148438,621.0719604492188,538.9806518554688,SIFT:intensity,31.128765106201172,0.08956295373503932,ROBUST_MODEL_INLIER,FIT,0.0238876380085828,SYNTHETIC_SOURCE,SYNTHETIC_TARGET
1640,193.27122497558594,462.8529357910156,202.2699737548828,456.81964111328125,193.27122497558594,462.8529357910156,202.2699737548828,456.81964111328125,SIFT:intensity,37.616485595703125,0.08980214076724911,ROBUST_MODEL_INLIER,FIT,0.03295242991662638,SYNTHETIC_SOURCE,SYNTHETIC_TARGET
1641,150.00238037109375,200.11013793945312,159.0032958984375,194.09898376464844,150.00238037109375,200.11013793945312,159.0032958984375,194.09898376464844,SIFT:intensity,38.236106872558594,0.0898457774618117,ROBUST_MODEL_INLIER,FIT,0.010832609366106114,SYNTHETIC_SOURCE,SYNTHETIC_TARGET
1642,435.4278869628906,321.26910400390625,444.43096923828125,315.29229736328125,435.4278869628906,321.26910400390625,444.43096923828125,315.29229736328125,SIFT:intensity,30.0,0.09003205303743697,ROBUST_MODEL_INLIER,FIT,0.023764431239116868,SYNTHETIC_SOURCE,SYNTHETIC_TARGET
1643,605.43505859375,267.85711669921875,614.4380493164062,261.8722839355469,605.43505859375,267.85711669921875,614.4380493164062,261.8722839355469,SIFT:intensity,39.71146011352539,0.09005468236689952,ROBUST_MODEL_INLIER,FIT,0.015825582406738103,SYNTHETIC_SOURCE,SYNTHETIC_TARGET
1644,373.83514404296875,355.1422424316406,382.85369873046875,349.1123352050781,373.83514404296875,355.1422424316406,382.85369873046875,349.1123352050781,SIFT:intensity,34.62657928466797,0.09063400458967727,ROBUST_MODEL_INLIER,HELD_OUT,0.03491076558743089,SYNTHETIC_SOURCE,SYNTHETIC_TARGET
1645,463.9170837402344,109.06903076171875,472.93402099609375,103.05622100830078,463.9170837402344,109.06903076171875,472.93402099609375,103.05622100830078,SIFT:intensity,36.78314971923828,0.09080349523811174,ROBUST_MODEL_INLIER,FIT,0.02105499002747673,SYNTHETIC_SOURCE,SYNTHETIC_TARGET
1646,128.0372314453125,420.99462890625,137.07479858398438,414.9884338378906,128.0372314453125,420.99462890625,137.07479858398438,414.9884338378906,SIFT:intensity,38.65229797363281,0.09124587917629633,ROBUST_MODEL_INLIER,HELD_OUT,0.03806217539165003,SYNTHETIC_SOURCE,SYNTHETIC_TARGET
1647,107.46656036376953,325.22662353515625,116.4619140625,319.2139587402344,107.46656036376953,325.22662353515625,116.4619140625,319.2139587402344,SIFT:intensity,34.13209533691406,0.09126000088612994,ROBUST_MODEL_INLIER,FIT,0.013132666005441747,SYNTHETIC_SOURCE,SYNTHETIC_TARGET
1648,334.15386962890625,585.9447631835938,343.1624450683594,579.9227905273438,334.15386962890625,585.9447631835938,343.1624450683594,579.9227905273438,SIFT:intensity,35.0,0.0914777159062095,ROBUST_MODEL_INLIER,FIT,0.02326470001844623,SYNTHETIC_SOURCE,SYNTHETIC_TARGET
1649,89.82325744628906,125.47818756103516,98.83580017089844,119.46693420410156,89.82325744628906,125.47818756103516,98.83580017089844,119.46693420410156,SIFT:intensity,30.610456466674805,0.09174475952480651,ROBUST_MODEL_INLIER,FIT,0.016644573878030516,SYNTHETIC_SOURCE,SYNTHETIC_TARGET
1650,352.23724365234375,199.21751403808594,361.1457214355469,193.37454223632812,352.23724365234375,199.21751403808594,361.1457214355469,193.37454223632812,SIFT:intensity,44.317039489746094,0.09176236114850692,ROBUST_MODEL_INLIER,FIT,0.1820448812417551,SYNTHETIC_SOURCE,SYNTHETIC_TARGET
1651,252.9496307373047,342.3162536621094,261.9085998535156,336.3742370605469,252.9496307373047,342.3162536621094,261.9085998535156,336.3742370605469,SIFT:intensity,36.055511474609375,0.09200739101258538,ROBUST_MODEL_INLIER,HELD_OUT,0.07130381029187968,SYNTHETIC_SOURCE,SYNTHETIC_TARGET
1652,553.98291015625,548.1370239257812,563.0090942382812,542.1098022460938,553.98291015625,548.1370239257812,563.0090942382812,542.1098022460938,SIFT:intensity,25.63201141357422,0.09203075406597758,ROBUST_MODEL_INLIER,HELD_OUT,0.0375409659239809,SYNTHETIC_SOURCE,SYNTHETIC_TARGET
1653,126.3568344116211,188.08795166015625,135.33367919921875,182.06857299804688,126.3568344116211,188.08795166015625,135.33367919921875,182.06857299804688,SIFT:intensity,20.32240104675293,0.09257944871441073,ROBUST_MODEL_INLIER,FIT,0.029926440881090192,SYNTHETIC_SOURCE,SYNTHETIC_TARGET
1654,179.4314422607422,600.9570922851562,188.44210815429688,594.9324340820312,179.4314422607422,600.9570922851562,188.44210815429688,594.9324340820312,SIFT:intensity,42.61455154418945,0.09260095035110139,ROBUST_MODEL_INLIER,FIT,0.026550582426510264,SYNTHETIC_SOURCE,SYNTHETIC_TARGET
1655,490.3957824707031,124.33161163330078,499.3623962402344,118.3111343383789,490.3957824707031,124.33161163330078,499.3623962402344,118.3111343383789,SIFT:intensity,45.37620544433594,0.09288403834133413,ROBUST_MODEL_INLIER,FIT,0.03893736380470618,SYNTHETIC_SOURCE,SYNTHETIC_TARGET
1656,219.87875366210938,50.39509582519531,228.8790740966797,44.40542984008789,219.87875366210938,50.39509582519531,228.8790740966797,44.40542984008789,SIFT:intensity,31.464265823364258,0.09291930285630445,ROBUST_MODEL_INLIER,FIT,0.010704584474942451,SYNTHETIC_SOURCE,SYNTHETIC_TARGET
1657,90.97522735595703,593.7371826171875,100.02501678466797,587.7465209960938,90.97522735595703,593.7371826171875,100.02501678466797,587.7465209960938,SIFT:intensity,36.441734313964844,0.09296632925070925,ROBUST_MODEL_INLIER,HELD_OUT,0.05077095343579663,SYNTHETIC_SOURCE,SYNTHETIC_TARGET
1658,586.3935546875,280.93011474609375,595.38037109375,274.953369140625,586.3935546875,280.93011474609375,595.38037109375,274.953369140625,SIFT:intensity,36.29049301147461,0.09347571155572615,ROBUST_MODEL_INLIER,HELD_OUT,0.02702674872183773,SYNTHETIC_SOURCE,SYNTHETIC_TARGET
1659,524.7713012695312,235.6826629638672,533.7781982421875,229.66604614257812,524.7713012695312,235.6826629638672,533.7781982421875,229.66604614257812,SIFT:intensity,31.496030807495117,0.09376767975716355,ROBUST_MODEL_INLIER,FIT,0.017673315919702344,SYNTHETIC_SOURCE,SYNTHETIC_TARGET
1660,356.30120849609375,575.1813354492188,365.31463623046875,569.1768188476562,356.30120849609375,575.1813354492188,365.31463623046875,569.1768188476562,SIFT:intensity,44.384681701660156,0.09422777040956051,ROBUST_MODEL_INLIER,FIT,0.01409883222758811,SYNTHETIC_SOURCE,SYNTHETIC_TARGET
1661,564.09033203125,181.4438018798828,573.1167602539062,175.36990356445312,564.09033203125,181.4438018798828,573.1167602539062,175.36990356445312,SIFT:intensity,35.7770881652832,0.09450529171246116,ROBUST_MODEL_INLIER,FIT,0.07815448497494479,SYNTHETIC_SOURCE,SYNTHETIC_TARGET
1662,27.60364532470703,553.5503540039062,36.560089111328125,547.4388427734375,27.60364532470703,553.5503540039062,36.560089111328125,547.4388427734375,SIFT:intensity,44.04542922973633,0.0947801105408482,ROBUST_MODEL_INLIER,FIT,0.11935994924509964,SYNTHETIC_SOURCE,SYNTHETIC_TARGET
1663,285.6288757324219,412.64471435546875,294.66314697265625,406.6553955078125,285.6288757324219,412.64471435546875,294.66314697265625,406.6553955078125,SIFT:intensity,35.11410140991211,0.09506142870208248,ROBUST_MODEL_INLIER,HELD_OUT,0.03605079368323677,SYNTHETIC_SOURCE,SYNTHETIC_TARGET
1664,495.4990234375,577.4739990234375,504.4991455078125,571.4619140625,495.4990234375,577.4739990234375,504.4991455078125,571.4619140625,SIFT:intensity,35.65108871459961,0.09515316964676973,ROBUST_MODEL_INLIER,HELD_OUT,0.011721859118413874,SYNTHETIC_SOURCE,SYNTHETIC_TARGET
1665,211.56077575683594,56.647422790527344,220.51641845703125,50.6463508605957,211.56077575683594,56.647422790527344,220.51641845703125,50.6463508605957,SIFT:intensity,36.2629280090332,0.09553633358067037,ROBUST_MODEL_INLIER,FIT,0.044317173244613636,SYNTHETIC_SOURCE,SYNTHETIC_TARGET
1666,47.21725845336914,268.6095886230469,56.196754455566406,262.6077575683594,47.21725845336914,268.6095886230469,56.196754455566406,262.6077575683594,SIFT:intensity,23.853721618652344,0.09642531596661649,ROBUST_MODEL_INLIER,FIT,0.020510733363076274,SYNTHETIC_SOURCE,SYNTHETIC_TARGET
1667,111.84663391113281,427.5828552246094,120.83598327636719,421.6073913574219,111.84663391113281,427.5828552246094,120.83598327636719,421.6073913574219,SIFT:intensity,37.456642150878906,0.09743701159110407,ROBUST_MODEL_INLIER,HELD_OUT,0.02706464030112801,SYNTHETIC_SOURCE,SYNTHETIC_TARGET
1668,103.20588684082031,228.5613555908203,112.2432632446289,222.5365447998047,103.20588684082031,228.5613555908203,112.2432632446289,222.5365447998047,SIFT:intensity,32.526912689208984,0.09814463241408078,ROBUST_MODEL_INLIER,FIT,0.0446995561120607,SYNTHETIC_SOURCE,SYNTHETIC_TARGET
1669,417.2366027832031,611.4924926757812,426.2243347167969,605.5285034179688,417.2366027832031,611.4924926757812,426.2243347167969,605.5285034179688,SIFT:intensity,42.03569793701172,0.09833214340861782,ROBUST_MODEL_INLIER,FIT,0.038373536832454924,SYNTHETIC_SOURCE,SYNTHETIC_TARGET
1670,79.65889739990234,582.59716796875,88.65227508544922,576.6159057617188,79.65889739990234,582.59716796875,88.65227508544922,576.6159057617188,SIFT:intensity,32.69556427001953,0.09863644469617298,ROBUST_MODEL_INLIER,HELD_OUT,0.02020249851113265,SYNTHETIC_SOURCE,SYNTHETIC_TARGET
1671,253.53817749023438,381.33587646484375,262.5247497558594,375.3294372558594,253.53817749023438,381.33587646484375,262.5247497558594,375.3294372558594,SIFT:intensity,15.779733657836914,0.09869661122497429,ROBUST_MODEL_INLIER,FIT,0.01469630142883668,SYNTHETIC_SOURCE,SYNTHETIC_TARGET
1672,219.88442993164062,239.54310607910156,228.88815307617188,233.53622436523438,219.88442993164062,239.54310607910156,228.88815307617188,233.53622436523438,SIFT:intensity,37.46998977661133,0.09869857783689859,ROBUST_MODEL_INLIER,FIT,0.007528705165872428,SYNTHETIC_SOURCE,SYNTHETIC_TARGET
1673,405.919921875,605.0689697265625,414.76483154296875,599.0572509765625,405.919921875,605.0689697265625,414.76483154296875,599.0572509765625,SIFT:intensity,41.1096076965332,0.09875869961762042,ROBUST_MODEL_INLIER,FIT,0.1554597622999915,SYNTHETIC_SOURCE,SYNTHETIC_TARGET
1674,80.06429290771484,161.454345703125,89.05651092529297,155.457275390625,80.06429290771484,161.454345703125,89.05651092529297,155.457275390625,SIFT:intensity,41.231056213378906,0.09939032850189518,ROBUST_MODEL_INLIER,HELD_OUT,0.00840828528382095,SYNTHETIC_SOURCE,SYNTHETIC_TARGET
1675,395.67120361328125,572.46142578125,404.67041015625,566.4603881835938,395.67120361328125,572.46142578125,404.67041015625,566.4603881835938,SIFT:intensity,27.23967742919922,0.09951168367095525,ROBUST_MODEL_INLIER,FIT,0.0010061566859022664,SYNTHETIC_SOURCE,SYNTHETIC_TARGET
1676,295.8232116699219,303.0241394042969,304.8433532714844,297.052490234375,295.8232116699219,303.0241394042969,304.8433532714844,297.052490234375,SIFT:intensity,20.19900894165039,0.09988011102264818,ROBUST_MODEL_INLIER,FIT,0.03510112717832951,SYNTHETIC_SOURCE,SYNTHETIC_TARGET
1677,368.54937744140625,65.00518035888672,377.531005859375,59.02802276611328,368.54937744140625,65.00518035888672,377.531005859375,59.02802276611328,SIFT:intensity,38.62641525268555,0.09989960988405285,ROBUST_MODEL_INLIER,FIT,0.02957002840898139,SYNTHETIC_SOURCE,SYNTHETIC_TARGET
1678,90.74151611328125,211.55502319335938,99.72814178466797,205.5499267578125,90.74151611328125,211.55502319335938,99.72814178466797,205.5499267578125,SIFT:intensity,33.406585693359375,0.1000475256067055,ROBUST_MODEL_INLIER,FIT,0.014143669178994876,SYNTHETIC_SOURCE,SYNTHETIC_TARGET
1679,176.16500854492188,463.58026123046875,185.1820831298828,457.58892822265625,176.16500854492188,463.58026123046875,185.1820831298828,457.58892822265625,SIFT:intensity,37.36308288574219,0.10075084597930545,ROBUST_MODEL_INLIER,HELD_OUT,0.01935642207138979,SYNTHETIC_SOURCE,SYNTHETIC_TARGET
1680,456.79718017578125,71.64071655273438,465.8499450683594,65.6558837890625,456.79718017578125,71.64071655273438,465.8499450683594,65.6558837890625,SIFT:intensity,36.13862228393555,0.1008554192343119,ROBUST_MODEL_INLIER,FIT,0.055047211433863895,SYNTHETIC_SOURCE,SYNTHETIC_TARGET
1681,393.5226745605469,428.6424560546875,402.5301208496094,422.6797180175781,393.5226745605469,428.6424560546875,402.5301208496094,422.6797180175781,SIFT:intensity,36.055511474609375,0.10090442440040472,ROBUST_MODEL_INLIER,HELD_OUT,0.03836491852706683,SYNTHETIC_SOURCE,SYNTHETIC_TARGET
1682,507.9595642089844,315.3998718261719,516.8662109375,309.22900390625,507.9595642089844,315.3998718261719,516.8662109375,309.22900390625,SIFT:intensity,41.6533317565918,0.10166912218100027,ROBUST_MODEL_INLIER,HELD_OUT,0.19436504785500272,SYNTHETIC_SOURCE,SYNTHETIC_TARGET
1683,68.55554962158203,157.83253479003906,77.5334701538086,151.8002166748047,68.55554962158203,157.83253479003906,77.5334701538086,151.8002166748047,SIFT:intensity,39.1790771484375,0.10169182202323176,ROBUST_MODEL_INLIER,FIT,0.03881403915675932,SYNTHETIC_SOURCE,SYNTHETIC_TARGET
1684,284.9478759765625,26.68773078918457,293.8316955566406,20.6724910736084,284.9478759765625,26.68773078918457,293.8316955566406,20.6724910736084,SIFT:intensity,46.14108657836914,0.1019145746934291,ROBUST_MODEL_INLIER,FIT,0.11708344594931586,SYNTHETIC_SOURCE,SYNTHETIC_TARGET
1685,238.20762634277344,510.34051513671875,247.1881866455078,504.3797302246094,238.20762634277344,510.34051513671875,247.1881866455078,504.3797302246094,SIFT:intensity,44.4971923828125,0.10199127542185442,ROBUST_MODEL_INLIER,HELD_OUT,0.04407553060034274,SYNTHETIC_SOURCE,SYNTHETIC_TARGET
1686,45.8399658203125,203.40328979492188,54.7056770324707,197.57708740234375,45.8399658203125,203.40328979492188,54.7056770324707,197.57708740234375,SIFT:intensity,45.0111083984375,0.10247411665712625,ROBUST_MODEL_INLIER,FIT,0.21989442325053582,SYNTHETIC_SOURCE,SYNTHETIC_TARGET
1687,585.03955078125,457.9701843261719,594.0396118164062,451.9571228027344,585.03955078125,457.9701843261719,594.0396118164062,451.9571228027344,SIFT:intensity,36.04164123535156,0.10258951970110543,ROBUST_MODEL_INLIER,FIT,0.012697669100510301,SYNTHETIC_SOURCE,SYNTHETIC_TARGET
1688,93.1607666015625,538.67333984375,102.14708709716797,532.674072265625,93.1607666015625,538.67333984375,102.14708709716797,532.674072265625,SIFT:intensity,40.70626449584961,0.10272876694245835,ROBUST_MODEL_INLIER,FIT,0.013677768336489444,SYNTHETIC_SOURCE,SYNTHETIC_TARGET
1689,226.2286376953125,97.99227905273438,234.8499298095703,92.10526275634766,226.2286376953125,97.99227905273438,234.8499298095703,92.10526275634766,SIFT:intensity,49.39635467529297,0.10311964331971121,ROBUST_MODEL_INLIER,FIT,0.39526290467614433,SYNTHETIC_SOURCE,SYNTHETIC_TARGET
1690,322.9021911621094,576.1602172851562,331.90606689453125,570.1395874023438,322.9021911621094,576.1602172851562,331.90606689453125,570.1395874023438,SIFT:intensity,38.92300033569336,0.10360549142162866,ROBUST_MODEL_INLIER,HELD_OUT,0.020641509936340226,SYNTHETIC_SOURCE,SYNTHETIC_TARGET
1691,557.9660034179688,450.52545166015625,566.9871215820312,444.53887939453125,557.9660034179688,450.52545166015625,566.9871215820312,444.53887939453125,SIFT:intensity,13.379088401794434,0.10398290584860305,ROBUST_MODEL_INLIER,HELD_OUT,0.02526128828282744,SYNTHETIC_SOURCE,SYNTHETIC_TARGET
1692,594.5689697265625,251.6839141845703,603.5791015625,245.6625518798828,594.5689697265625,251.6839141845703,603.5791015625,245.6625518798828,SIFT:intensity,27.018512725830078,0.10400123214323263,ROBUST_MODEL_INLIER,HELD_OUT,0.02333452040138625,SYNTHETIC_SOURCE,SYNTHETIC_TARGET
1693,181.6972198486328,530.5360107421875,190.6874237060547,524.524658203125,181.6972198486328,530.5360107421875,190.6874237060547,524.524658203125,SIFT:intensity,35.93048858642578,0.10438119995134547,ROBUST_MODEL_INLIER,FIT,0.014690505779972118,SYNTHETIC_SOURCE,SYNTHETIC_TARGET
1694,157.15931701660156,566.112548828125,166.17189025878906,560.1033325195312,157.15931701660156,566.112548828125,166.17189025878906,560.1033325195312,SIFT:intensity,40.62019348144531,0.10445212372794756,ROBUST_MODEL_INLIER,FIT,0.015414201954367206,SYNTHETIC_SOURCE,SYNTHETIC_TARGET
1695,43.82163619995117,363.7163391113281,52.698970794677734,357.79681396484375,43.82163619995117,363.7163391113281,52.698970794677734,357.79681396484375,SIFT:intensity,35.83294677734375,0.10473440872674052,ROBUST_MODEL_INLIER,FIT,0.14686913465555393,SYNTHETIC_SOURCE,SYNTHETIC_TARGET
1696,456.661865234375,415.904052734375,465.5608825683594,409.8907775878906,456.661865234375,415.904052734375,465.5608825683594,409.8907775878906,SIFT:intensity,44.12482452392578,0.10616902942590185,ROBUST_MODEL_INLIER,FIT,0.10175925292656847,SYNTHETIC_SOURCE,SYNTHETIC_TARGET
1697,587.0824584960938,446.3216247558594,596.0785522460938,440.331787109375,587.0824584960938,446.3216247558594,596.0785522460938,440.331787109375,SIFT:intensity,30.870698928833008,0.10690353471283279,ROBUST_MODEL_INLIER,HELD_OUT,0.011212215056142848,SYNTHETIC_SOURCE,SYNTHETIC_TARGET
1698,191.32261657714844,532.9218139648438,200.3171844482422,526.9404907226562,191.32261657714844,532.9218139648438,200.3171844482422,526.9404907226562,SIFT:intensity,42.96510314941406,0.10703279602059644,ROBUST_MODEL_INLIER,HELD_OUT,0.01978824936586611,SYNTHETIC_SOURCE,SYNTHETIC_TARGET
1699,288.6596984863281,271.6098327636719,297.6389465332031,265.6094055175781,288.6596984863281,271.6098327636719,297.6389465332031,265.6094055175781,SIFT:intensity,43.61192321777344,0.10704512196656593,ROBUST_MODEL_INLIER,FIT,0.020706272423705225,SYNTHETIC_SOURCE,SYNTHETIC_TARGET
1700,573.421142578125,378.7759094238281,582.42724609375,372.81787109375,573.421142578125,378.7759094238281,582.42724609375,372.81787109375,SIFT:intensity,40.914546966552734,0.10707972763629207,ROBUST_MODEL_INLIER,HELD_OUT,0.042770338152009396,SYNTHETIC_SOURCE,SYNTHETIC_TARGET
1701,570.33544921875,128.678466796875,579.45654296875,122.79936218261719,570.33544921875,128.678466796875,579.45654296875,122.79936218261719,SIFT:intensity,45.530208587646484,0.107261815552833,ROBUST_MODEL_INLIER,FIT,0.17140215023485095,SYNTHETIC_SOURCE,SYNTHETIC_TARGET
1702,186.5051727294922,72.41664123535156,195.55502319335938,66.53270721435547,186.5051727294922,72.41664123535156,195.55502319335938,66.53270721435547,SIFT:intensity,41.964271545410156,0.1074147726385057,ROBUST_MODEL_INLIER,FIT,0.1266714075636627,SYNTHETIC_SOURCE,SYNTHETIC_TARGET
1703,27.033832550048828,252.19187927246094,36.34184646606445,246.3465576171875,27.033832550048828,252.19187927246094,36.34184646606445,246.3465576171875,SIFT:intensity,46.032596588134766,0.10829700688388491,ROBUST_MODEL_INLIER,FIT,0.3448753352555892,SYNTHETIC_SOURCE,SYNTHETIC_TARGET
1704,564.09033203125,181.4438018798828,573.1167602539062,175.36990356445312,564.09033203125,181.4438018798828,573.1167602539062,175.36990356445312,SIFT:intensity,37.90778350830078,0.10842263575913733,ROBUST_MODEL_INLIER,FIT,0.07815448497494479,SYNTHETIC_SOURCE,SYNTHETIC_TARGET
1705,584.7662963867188,81.6334457397461,593.7698364257812,75.62718200683594,584.7662963867188,81.6334457397461,593.7698364257812,75.62718200683594,SIFT:intensity,34.08811950683594,0.10900791239702554,ROBUST_MODEL_INLIER,FIT,0.006903719186979586,SYNTHETIC_SOURCE,SYNTHETIC_TARGET
1706,388.0173034667969,186.96607971191406,396.98809814453125,180.9156951904297,388.0173034667969,186.96607971191406,396.98809814453125,180.9156951904297,SIFT:intensity,48.041648864746094,0.1094712112731453,ROBUST_MODEL_INLIER,FIT,0.05789906143727343,SYNTHETIC_SOURCE,SYNTHETIC_TARGET
1707,145.8600616455078,409.8291931152344,154.81735229492188,403.810546875,145.8600616455078,409.8291931152344,154.81735229492188,403.810546875,SIFT:intensity,32.264530181884766,0.10971981570081904,ROBUST_MODEL_INLIER,FIT,0.04641561992076752,SYNTHETIC_SOURCE,SYNTHETIC_TARGET
1708,176.29173278808594,565.0540771484375,185.2823486328125,559.0687866210938,176.29173278808594,565.0540771484375,185.2823486328125,559.0687866210938,SIFT:intensity,41.62931823730469,0.1102822416672043,ROBUST_MODEL_INLIER,FIT,0.017732006397600756,SYNTHETIC_SOURCE,SYNTHETIC_TARGET
1709,534.8236694335938,190.81991577148438,543.970703125,184.7964630126953,534.8236694335938,190.81991577148438,543.970703125,184.7964630126953,SIFT:intensity,38.53569793701172,0.11035769085860646,ROBUST_MODEL_INLIER,FIT,0.14888064549849678,SYNTHETIC_SOURCE,SYNTHETIC_TARGET
1710,388.1074523925781,85.62046813964844,397.0934753417969,79.60796356201172,388.1074523925781,85.62046813964844,397.0934753417969,79.60796356201172,SIFT:intensity,40.37325668334961,0.11044184849620702,ROBUST_MODEL_INLIER,FIT,0.01847881654102477,SYNTHETIC_SOURCE,SYNTHETIC_TARGET
1711,81.17520904541016,471.54278564453125,89.95134735107422,465.46527099609375,81.17520904541016,471.54278564453125,89.95134735107422,465.46527099609375,SIFT:intensity,47.25463104248047,0.11054871779201811,ROBUST_MODEL_INLIER,FIT,0.23673981677457046,SYNTHETIC_SOURCE,SYNTHETIC_TARGET
1712,21.68105697631836,55.9970588684082,30.67098045349121,50.016483306884766,21.68105697631836,55.9970588684082,30.67098045349121,50.016483306884766,SIFT:intensity,10.72380542755127,0.11092074976803236,ROBUST_MODEL_INLIER,FIT,0.022185810489502637,SYNTHETIC_SOURCE,SYNTHETIC_TARGET
1713,313.9333801269531,336.4496154785156,322.9082336425781,330.45782470703125,313.9333801269531,336.4496154785156,322.9082336425781,330.45782470703125,SIFT:intensity,56.347137451171875,0.11124810387236621,ROBUST_MODEL_INLIER,FIT,0.02652453572148287,SYNTHETIC_SOURCE,SYNTHETIC_TARGET
1714,382.34271240234375,567.0283203125,391.323486328125,561.032470703125,382.34271240234375,567.0283203125,391.323486328125,561.032470703125,SIFT:intensity,30.70830535888672,0.11225742628380693,ROBUST_MODEL_INLIER,HELD_OUT,0.019704473845281404,SYNTHETIC_SOURCE,SYNTHETIC_TARGET
1715,211.74264526367188,323.5549011230469,220.6549072265625,317.5699462890625,211.74264526367188,323.5549011230469,220.6549072265625,317.5699462890625,SIFT:intensity,47.97916030883789,0.11230149140913992,ROBUST_MODEL_INLIER,FIT,0.0890358598968279,SYNTHETIC_SOURCE,SYNTHETIC_TARGET
1716,148.30442810058594,560.4599609375,157.30711364746094,554.4577026367188,148.30442810058594,560.4599609375,157.30711364746094,554.4577026367188,SIFT:intensity,41.03656768798828,0.1127931723490083,ROBUST_MODEL_INLIER,FIT,0.0033237557097457707,SYNTHETIC_SOURCE,SYNTHETIC_TARGET
1717,116.245849609375,241.6504669189453,125.24772644042969,235.64651489257812,116.245849609375,241.6504669189453,125.24772644042969,235.64651489257812,SIFT:intensity,49.62862014770508,0.11304074610492225,ROBUST_MODEL_INLIER,HELD_OUT,0.004070402195450378,SYNTHETIC_SOURCE,SYNTHETIC_TARGET
1718,116.52725219726562,575.0719604492188,125.381103515625,569.11474609375,116.52725219726562,575.0719604492188,125.381103515625,569.11474609375,SIFT:intensity,42.01190185546875,0.1131796161163835,ROBUST_MODEL_INLIER,HELD_OUT,0.1523416454949462,SYNTHETIC_SOURCE,SYNTHETIC_TARGET
1719,328.5091857910156,476.6396179199219,336.781494140625,470.7096862792969,328.5091857910156,476.6396179199219,336.781494140625,470.7096862792969,SIFT:intensity,50.28916549682617,0.11411040095250613,ROBUST_MODEL_INLIER,FIT,0.7310467002835824,SYNTHETIC_SOURCE,SYNTHETIC_TARGET
1720,154.43319702148438,586.5036010742188,163.4559326171875,580.5237426757812,154.43319702148438,586.5036010742188,163.4559326171875,580.5237426757812,SIFT:intensity,16.822603225708008,0.11425193163327083,ROBUST_MODEL_INLIER,FIT,0.030650987903865053,SYNTHETIC_SOURCE,SYNTHETIC_TARGET
1721,404.94342041015625,473.6917419433594,414.2281799316406,467.59173583984375,404.94342041015625,473.6917419433594,414.2281799316406,467.59173583984375,SIFT:intensity,43.127716064453125,0.11428902079469505,ROBUST_MODEL_INLIER,HELD_OUT,0.30173257360941536,SYNTHETIC_SOURCE,SYNTHETIC_TARGET
1722,30.0244083404541,376.24127197265625,38.722328186035156,370.169189453125,30.0244083404541,376.24127197265625,38.722328186035156,370.169189453125,SIFT:intensity,33.71942901611328,0.11479889589577609,ROBUST_MODEL_INLIER,FIT,0.3104323888112682,SYNTHETIC_SOURCE,SYNTHETIC_TARGET
1723,128.04710388183594,548.59814453125,137.0841522216797,542.5870361328125,128.04710388183594,548.59814453125,137.0841522216797,542.5870361328125,SIFT:intensity,32.878562927246094,0.11504373064833652,ROBUST_MODEL_INLIER,FIT,0.03861876527786659,SYNTHETIC_SOURCE,SYNTHETIC_TARGET
1724,93.47111511230469,469.2836608886719,102.48340606689453,463.29229736328125,93.47111511230469,469.2836608886719,102.48340606689453,463.29229736328125,SIFT:intensity,42.50882339477539,0.11582699945825463,ROBUST_MODEL_INLIER,FIT,0.015271180009420526,SYNTHETIC_SOURCE,SYNTHETIC_TARGET
1725,184.8578643798828,335.5606384277344,194.03904724121094,329.56793212890625,184.8578643798828,335.5606384277344,194.03904724121094,329.56793212890625,SIFT:intensity,50.73460388183594,0.11606892762341219,ROBUST_MODEL_INLIER,FIT,0.1813903640158826,SYNTHETIC_SOURCE,SYNTHETIC_TARGET
1726,348.6005554199219,481.81439208984375,357.580078125,475.7682800292969,348.6005554199219,481.81439208984375,357.580078125,475.7682800292969,SIFT:intensity,40.914546966552734,0.11611181642198119,ROBUST_MODEL_INLIER,FIT,0.05010293621275595,SYNTHETIC_SOURCE,SYNTHETIC_TARGET
1727,533.5122680664062,464.04766845703125,542.385009765625,458.0078430175781,533.5122680664062,464.04766845703125,542.385009765625,458.0078430175781,SIFT:intensity,36.94590759277344,0.11712934287439747,ROBUST_MODEL_INLIER,FIT,0.13319237069553144,SYNTHETIC_SOURCE,SYNTHETIC_TARGET
1728,202.16986083984375,95.24740600585938,211.1623992919922,89.23981475830078,202.16986083984375,95.24740600585938,211.1623992919922,89.23981475830078,SIFT:intensity,48.764739990234375,0.11752757434197936,ROBUST_MODEL_INLIER,FIT,0.010354824279051602,SYNTHETIC_SOURCE,SYNTHETIC_TARGET
1729,75.22421264648438,30.94901466369629,84.24372863769531,24.948955535888672,75.22421264648438,30.94901466369629,84.24372863769531,24.948955535888672,SIFT:intensity,44.96665573120117,0.11806501892808051,ROBUST_MODEL_INLIER,HELD_OUT,0.01956414789961587,SYNTHETIC_SOURCE,SYNTHETIC_TARGET
1730,221.7933807373047,142.5676727294922,230.66680908203125,136.77064514160156,221.7933807373047,142.5676727294922,230.66680908203125,136.77064514160156,SIFT:intensity,55.90169906616211,0.11976702048470096,ROBUST_MODEL_INLIER,FIT,0.2394882418490453,SYNTHETIC_SOURCE,SYNTHETIC_TARGET
1731,203.5005340576172,106.45612335205078,212.40518188476562,100.33995056152344,203.5005340576172,106.45612335205078,212.40518188476562,100.33995056152344,SIFT:intensity,42.7551155090332,0.11982664774300333,ROBUST_MODEL_INLIER,HELD_OUT,0.14998304856821715,SYNTHETIC_SOURCE,SYNTHETIC_TARGET
1732,584.1957397460938,568.626953125,593.1873168945312,562.6170654296875,584.1957397460938,568.626953125,593.1873168945312,562.6170654296875,SIFT:intensity,46.303348541259766,0.12007094764897998,ROBUST_MODEL_INLIER,FIT,0.012683468719150843,SYNTHETIC_SOURCE,SYNTHETIC_TARGET
1733,21.8929386138916,55.824947357177734,30.870912551879883,49.85641860961914,21.8929386138916,55.824947357177734,30.870912551879883,49.85641860961914,SIFT:intensity,10.72380542755127,0.12012876366371243,ROBUST_MODEL_INLIER,FIT,0.0386863746656606,SYNTHETIC_SOURCE,SYNTHETIC_TARGET
1734,179.1061553955078,531.76611328125,188.1240234375,525.8682861328125,179.1061553955078,531.76611328125,188.1240234375,525.8682861328125,SIFT:intensity,48.12483596801758,0.12090637345196861,ROBUST_MODEL_INLIER,FIT,0.10409021603757111,SYNTHETIC_SOURCE,SYNTHETIC_TARGET
1735,92.23859405517578,329.0475769042969,101.26419067382812,323.06207275390625,92.23859405517578,329.0475769042969,101.26419067382812,323.06207275390625,SIFT:intensity,52.933921813964844,0.12116674225011219,ROBUST_MODEL_INLIER,HELD_OUT,0.02963708108793625,SYNTHETIC_SOURCE,SYNTHETIC_TARGET
1736,243.36663818359375,489.03662109375,252.36663818359375,483.0201110839844,243.36663818359375,489.03662109375,252.36663818359375,483.0201110839844,SIFT:intensity,45.89117431640625,0.12133136418370281,ROBUST_MODEL_INLIER,FIT,0.016145771069292054,SYNTHETIC_SOURCE,SYNTHETIC_TARGET
1737,431.0510559082031,200.10232543945312,440.06201171875,194.12583923339844,431.0510559082031,200.10232543945312,440.06201171875,194.12583923339844,SIFT:intensity,49.36598205566406,0.12381412609301089,ROBUST_MODEL_INLIER,FIT,0.026290653405335315,SYNTHETIC_SOURCE,SYNTHETIC_TARGET
1738,100.55658721923828,33.57352066040039,109.68126678466797,27.628616333007812,100.55658721923828,33.57352066040039,109.68126678466797,27.628616333007812,SIFT:intensity,57.87054443359375,0.12637116871782747,ROBUST_MODEL_INLIER,FIT,0.13649988954589026,SYNTHETIC_SOURCE,SYNTHETIC_TARGET
1739,596.62451171875,423.7973327636719,605.6238403320312,417.8202819824219,596.62451171875,423.7973327636719,605.6238403320312,417.8202819824219,SIFT:intensity,47.83304214477539,0.1274913342684691,ROBUST_MODEL_INLIER,FIT,0.023321914847560042,SYNTHETIC_SOURCE,SYNTHETIC_TARGET
1740,219.88442993164062,239.54310607910156,228.88815307617188,233.53622436523438,219.88442993164062,239.54310607910156,228.88815307617188,233.53622436523438,SIFT:intensity,48.89785385131836,0.12770677067471622,ROBUST_MODEL_INLIER,FIT,0.007528705165872428,SYNTHETIC_SOURCE,SYNTHETIC_TARGET
1741,197.5525665283203,285.1916198730469,206.6563262939453,279.1975402832031,197.5525665283203,285.1916198730469,206.6563262939453,279.1975402832031,SIFT:intensity,61.57109832763672,0.12820858781244207,ROBUST_MODEL_INLIER,HELD_OUT,0.10399561613428648,SYNTHETIC_SOURCE,SYNTHETIC_TARGET
1742,600.3599243164062,89.80682373046875,609.3399047851562,83.79142761230469,600.3599243164062,89.80682373046875,609.3399047851562,83.79142761230469,SIFT:intensity,40.4474983215332,0.12834914895735122,ROBUST_MODEL_INLIER,FIT,0.024998126600642104,SYNTHETIC_SOURCE,SYNTHETIC_TARGET
1743,543.203369140625,68.11909484863281,552.2255249023438,62.12910079956055,543.203369140625,68.11909484863281,552.2255249023438,62.12910079956055,SIFT:intensity,49.658836364746094,0.12856400686677266,ROBUST_MODEL_INLIER,FIT,0.02450409092621941,SYNTHETIC_SOURCE,SYNTHETIC_TARGET
1744,127.30763244628906,569.4288330078125,136.23513793945312,563.4896240234375,127.30763244628906,569.4288330078125,136.23513793945312,563.4896240234375,SIFT:intensity,48.39421463012695,0.1287216725634344,ROBUST_MODEL_INLIER,FIT,0.09480923802395828,SYNTHETIC_SOURCE,SYNTHETIC_TARGET
1745,319.2615661621094,135.40333557128906,328.2501220703125,129.43051147460938,319.2615661621094,135.40333557128906,328.2501220703125,129.43051147460938,SIFT:intensity,45.80392837524414,0.12976033293065553,ROBUST_MODEL_INLIER,HELD_OUT,0.029805781171361383,SYNTHETIC_SOURCE,SYNTHETIC_TARGET
1746,575.5943603515625,62.529151916503906,584.5931396484375,56.52307891845703,575.5943603515625,62.529151916503906,584.5931396484375,56.52307891845703,SIFT:intensity,57.85326385498047,0.12979481891749314,ROBUST_MODEL_INLIER,FIT,0.005828348419673699,SYNTHETIC_SOURCE,SYNTHETIC_TARGET
1747,206.32052612304688,518.5763549804688,215.30819702148438,512.5668334960938,206.32052612304688,518.5763549804688,215.30819702148438,512.5668334960938,SIFT:intensity,51.99038314819336,0.12984941927853053,ROBUST_MODEL_INLIER,FIT,0.015321032530600501,SYNTHETIC_SOURCE,SYNTHETIC_TARGET
1748,595.7793579101562,361.0410461425781,604.7945556640625,355.0317687988281,595.7793579101562,361.0410461425781,604.7945556640625,355.0317687988281,SIFT:intensity,47.9478874206543,0.13023404192886678,ROBUST_MODEL_INLIER,HELD_OUT,0.01765807181181377,SYNTHETIC_SOURCE,SYNTHETIC_TARGET
1749,79.41661834716797,506.6365661621094,88.36990356445312,500.6739501953125,79.41661834716797,506.6365661621094,88.36990356445312,500.6739501953125,SIFT:intensity,49.62862014770508,0.1329499172818884,ROBUST_MODEL_INLIER,FIT,0.06002443739044332,SYNTHETIC_SOURCE,SYNTHETIC_TARGET
1750,615.3432006835938,138.1960906982422,624.3427124023438,132.16651916503906,615.3432006835938,138.1960906982422,624.3427124023438,132.16651916503906,SIFT:intensity,44.283180236816406,0.1332326700214677,ROBUST_MODEL_INLIER,FIT,0.02921058151272055,SYNTHETIC_SOURCE,SYNTHETIC_TARGET
1751,401.14398193359375,407.4111022949219,410.155029296875,401.4232177734375,401.14398193359375,407.4111022949219,410.155029296875,401.4232177734375,SIFT:intensity,47.25463104248047,0.13376119143573714,ROBUST_MODEL_INLIER,FIT,0.01669738628155136,SYNTHETIC_SOURCE,SYNTHETIC_TARGET
1752,517.132568359375,391.4471740722656,525.5550537109375,384.96759033203125,517.132568359375,391.4471740722656,525.5550537109375,384.96759033203125,SIFT:intensity,62.85697937011719,0.13447289297525994,ROBUST_MODEL_INLIER,HELD_OUT,0.7504142633699048,SYNTHETIC_SOURCE,SYNTHETIC_TARGET
1753,178.59124755859375,228.3937225341797,187.5913848876953,222.442138671875,178.59124755859375,228.3937225341797,187.5913848876953,222.442138671875,SIFT:intensity,36.728736877441406,0.13453749771956558,ROBUST_MODEL_INLIER,FIT,0.04878078494132693,SYNTHETIC_SOURCE,SYNTHETIC_TARGET
1754,348.6005554199219,481.81439208984375,357.580078125,475.7682800292969,348.6005554199219,481.81439208984375,357.580078125,475.7682800292969,SIFT:intensity,47.095645904541016,0.1355518707672708,ROBUST_MODEL_INLIER,FIT,0.05010293621275595,SYNTHETIC_SOURCE,SYNTHETIC_TARGET
1755,557.6102294921875,223.17176818847656,566.6548461914062,217.17349243164062,557.6102294921875,223.17176818847656,566.6548461914062,217.17349243164062,SIFT:intensity,48.948951721191406,0.13600919136835252,ROBUST_MODEL_INLIER,FIT,0.044711282166849525,SYNTHETIC_SOURCE,SYNTHETIC_TARGET
1756,544.1852416992188,374.2069396972656,553.3477783203125,367.9822692871094,544.1852416992188,374.2069396972656,553.3477783203125,367.9822692871094,SIFT:intensity,62.9761848449707,0.13654900231926445,ROBUST_MODEL_INLIER,HELD_OUT,0.27703116324262933,SYNTHETIC_SOURCE,SYNTHETIC_TARGET
1757,284.8366394042969,39.077301025390625,293.8326721191406,33.3173828125,284.8366394042969,39.077301025390625,293.8326721191406,33.3173828125,SIFT:intensity,46.63689422607422,0.13724275029057031,ROBUST_MODEL_INLIER,HELD_OUT,0.2404780671147579,SYNTHETIC_SOURCE,SYNTHETIC_TARGET
1758,171.88381958007812,221.37110900878906,180.84097290039062,215.4027099609375,171.88381958007812,221.37110900878906,180.84097290039062,215.4027099609375,SIFT:intensity,55.6417121887207,0.13747372039838454,ROBUST_MODEL_INLIER,FIT,0.05341998595456599,SYNTHETIC_SOURCE,SYNTHETIC_TARGET
1759,479.2962951660156,389.8609924316406,488.2840576171875,383.8428955078125,479.2962951660156,389.8609924316406,488.2840576171875,383.8428955078125,SIFT:intensity,54.37830352783203,0.13830451814969644,ROBUST_MODEL_INLIER,FIT,0.021519413009861814,SYNTHETIC_SOURCE,SYNTHETIC_TARGET
1760,592.4927368164062,160.81158447265625,601.361572265625,154.86883544921875,592.4927368164062,160.81158447265625,601.361572265625,154.86883544921875,SIFT:intensity,54.83612060546875,0.1395827316289388,ROBUST_MODEL_INLIER,HELD_OUT,0.143218900675736,SYNTHETIC_SOURCE,SYNTHETIC_TARGET
1761,466.69378662109375,107.95064544677734,475.7060241699219,101.94171905517578,466.69378662109375,107.95064544677734,475.7060241699219,101.94171905517578,SIFT:intensity,54.954524993896484,0.13960489621519723,ROBUST_MODEL_INLIER,FIT,0.014972956588160525,SYNTHETIC_SOURCE,SYNTHETIC_TARGET
1762,143.70616149902344,525.8217163085938,152.6596221923828,519.900146484375,143.70616149902344,525.8217163085938,152.6596221923828,519.900146484375,SIFT:intensity,62.593929290771484,0.1406303383591058,ROBUST_MODEL_INLIER,FIT,0.09148889734003177,SYNTHETIC_SOURCE,SYNTHETIC_TARGET
1763,27.033832550048828,252.19187927246094,36.34184646606445,246.3465576171875,27.033832550048828,252.19187927246094,36.34184646606445,246.3465576171875,SIFT:intensity,54.7813835144043,0.14134036737483446,ROBUST_MODEL_INLIER,FIT,0.3448753352555892,SYNTHETIC_SOURCE,SYNTHETIC_TARGET
1764,320.9895935058594,153.62075805664062,330.0115966796875,147.6082000732422,320.9895935058594,153.62075805664062,330.0115966796875,147.6082000732422,SIFT:intensity,47.82258987426758,0.14198745250211048,ROBUST_MODEL_INLIER,FIT,0.025196071757591375,SYNTHETIC_SOURCE,SYNTHETIC_TARGET
1765,454.5030517578125,498.0942077636719,463.4055480957031,492.06842041015625,454.5030517578125,498.0942077636719,463.4055480957031,492.06842041015625,SIFT:intensity,60.14149856567383,0.14665082210684263,ROBUST_MODEL_INLIER,FIT,0.10071926807178304,SYNTHETIC_SOURCE,SYNTHETIC_TARGET
1766,435.4278869628906,321.26910400390625,444.43096923828125,315.29229736328125,435.4278869628906,321.26910400390625,444.43096923828125,315.29229736328125,SIFT:intensity,33.60059356689453,0.14692934769010066,ROBUST_MODEL_INLIER,FIT,0.023764431239116868,SYNTHETIC_SOURCE,SYNTHETIC_TARGET
1767,155.69615173339844,516.4815673828125,164.6327667236328,510.5315246582031,155.69615173339844,516.4815673828125,164.6327667236328,510.5315246582031,SIFT:intensity,55.45268249511719,0.1490109012195274,ROBUST_MODEL_INLIER,HELD_OUT,0.08089573411800532,SYNTHETIC_SOURCE,SYNTHETIC_TARGET
1768,427.3215026855469,73.22120666503906,436.3663024902344,67.17623138427734,427.3215026855469,73.22120666503906,436.3663024902344,67.17623138427734,SIFT:intensity,34.36568069458008,0.14959426629181793,ROBUST_MODEL_INLIER,FIT,0.06325555647094751,SYNTHETIC_SOURCE,SYNTHETIC_TARGET
1769,483.0664978027344,413.22113037109375,492.0735168457031,407.25860595703125,483.0664978027344,413.22113037109375,492.0735168457031,407.25860595703125,SIFT:intensity,43.646305084228516,0.14993330745339986,ROBUST_MODEL_INLIER,HELD_OUT,0.03849375159187669,SYNTHETIC_SOURCE,SYNTHETIC_TARGET
1770,301.0839538574219,347.3172912597656,309.92718505859375,341.60394287109375,301.0839538574219,347.3172912597656,309.92718505859375,341.60394287109375,SIFT:intensity,57.54998016357422,0.15053787539220082,ROBUST_MODEL_INLIER,FIT,0.32701718790444273,SYNTHETIC_SOURCE,SYNTHETIC_TARGET
1771,503.0508117675781,58.34312057495117,512.1113891601562,52.47806930541992,503.0508117675781,58.34312057495117,512.1113891601562,52.47806930541992,SIFT:intensity,63.694583892822266,0.15053951562513185,ROBUST_MODEL_INLIER,FIT,0.14827267381028025,SYNTHETIC_SOURCE,SYNTHETIC_TARGET
1772,274.52252197265625,55.86567687988281,283.87945556640625,49.5999755859375,274.52252197265625,55.86567687988281,283.87945556640625,49.5999755859375,SIFT:intensity,50.33885192871094,0.15177596828859732,ROBUST_MODEL_INLIER,FIT,0.4447898258061669,SYNTHETIC_SOURCE,SYNTHETIC_TARGET
1773,589.10595703125,245.77847290039062,598.1800537109375,239.7968292236328,589.10595703125,245.77847290039062,598.1800537109375,239.7968292236328,SIFT:intensity,77.1297607421875,0.15285781790648872,ROBUST_MODEL_INLIER,FIT,0.07646937726154746,SYNTHETIC_SOURCE,SYNTHETIC_TARGET
1774,71.34709930419922,414.2555236816406,80.37765502929688,408.224853515625,71.34709930419922,414.2555236816406,80.37765502929688,408.224853515625,SIFT:intensity,74.10128021240234,0.1529259891092973,ROBUST_MODEL_INLIER,FIT,0.043068517380244295,SYNTHETIC_SOURCE,SYNTHETIC_TARGET
1775,91.66895294189453,379.5661926269531,100.26873779296875,372.86810302734375,91.66895294189453,379.5661926269531,100.26873779296875,372.86810302734375,SIFT:intensity,57.48912811279297,0.15327491654230768,ROBUST_MODEL_INLIER,FIT,0.8043358225522744,SYNTHETIC_SOURCE,SYNTHETIC_TARGET
1776,586.9769287109375,216.6004638671875,595.9437255859375,210.57196044921875,586.9769287109375,216.6004638671875,595.9437255859375,210.57196044921875,SIFT:intensity,54.06477737426758,0.1532983186023955,ROBUST_MODEL_INLIER,FIT,0.04348815386334537,SYNTHETIC_SOURCE,SYNTHETIC_TARGET
1777,494.9366455078125,543.732177734375,503.9619140625,537.744140625,494.9366455078125,543.732177734375,503.9619140625,537.744140625,SIFT:intensity,50.16971206665039,0.1534500307654052,ROBUST_MODEL_INLIER,FIT,0.028156261718003627,SYNTHETIC_SOURCE,SYNTHETIC_TARGET
1778,508.763671875,437.6151428222656,517.7379760742188,431.6317443847656,508.763671875,437.6151428222656,517.7379760742188,431.6317443847656,SIFT:intensity,54.230987548828125,0.1537207965338966,ROBUST_MODEL_INLIER,FIT,0.03075328217584874,SYNTHETIC_SOURCE,SYNTHETIC_TARGET
1779,112.57466888427734,185.7386474609375,121.58560943603516,179.75526428222656,112.57466888427734,185.7386474609375,121.58560943603516,179.75526428222656,SIFT:intensity,64.5445556640625,0.15506113159209006,ROBUST_MODEL_INLIER,FIT,0.020225182515616728,SYNTHETIC_SOURCE,SYNTHETIC_TARGET
1780,76.21387481689453,77.39529418945312,85.19448852539062,71.39707946777344,76.21387481689453,77.39529418945312,85.19448852539062,71.39707946777344,SIFT:intensity,52.36410903930664,0.1552580804471055,ROBUST_MODEL_INLIER,FIT,0.01945960503550675,SYNTHETIC_SOURCE,SYNTHETIC_TARGET
1781,520.2373046875,423.2984313964844,528.9373168945312,417.52362060546875,520.2373046875,423.2984313964844,528.9373168945312,417.52362060546875,SIFT:intensity,68.54196166992188,0.15535048122354578,ROBUST_MODEL_INLIER,FIT,0.37528602472932526,SYNTHETIC_SOURCE,SYNTHETIC_TARGET
1782,405.6514587402344,568.73974609375,414.66485595703125,562.717041015625,405.6514587402344,568.73974609375,414.66485595703125,562.717041015625,SIFT:intensity,56.38262176513672,0.15562726680558076,ROBUST_MODEL_INLIER,FIT,0.02607343997410682,SYNTHETIC_SOURCE,SYNTHETIC_TARGET
1783,50.75966262817383,222.11233520507812,59.722320556640625,216.016845703125,50.75966262817383,222.11233520507812,59.722320556640625,216.016845703125,SIFT:intensity,61.57921600341797,0.1556445720184096,ROBUST_MODEL_INLIER,FIT,0.1021754226658738,SYNTHETIC_SOURCE,SYNTHETIC_TARGET
1784,335.2466125488281,367.44293212890625,344.2539367675781,361.4368896484375,335.2466125488281,367.44293212890625,344.2539367675781,361.4368896484375,SIFT:intensity,68.6148681640625,0.15603478500326315,ROBUST_MODEL_INLIER,FIT,0.009303683179612433,SYNTHETIC_SOURCE,SYNTHETIC_TARGET
1785,129.1878662109375,538.6741333007812,138.21043395996094,532.5565795898438,129.1878662109375,538.6741333007812,138.21043395996094,532.5565795898438,SIFT:intensity,65.59725952148438,0.15652951458461392,ROBUST_MODEL_INLIER,FIT,0.11935128288089841,SYNTHETIC_SOURCE,SYNTHETIC_TARGET
1786,378.2085876464844,203.0055694580078,387.20587158203125,196.99917602539062,378.2085876464844,203.0055694580078,387.20587158203125,196.99917602539062,SIFT:intensity,62.82515335083008,0.15826231155245782,ROBUST_MODEL_INLIER,FIT,0.006593999947075704,SYNTHETIC_SOURCE,SYNTHETIC_TARGET
1787,25.26140785217285,518.4107055664062,34.219791412353516,512.463623046875,25.26140785217285,518.4107055664062,34.219791412353516,512.463623046875,SIFT:intensity,77.50483703613281,0.15950503091680465,ROBUST_MODEL_INLIER,FIT,0.06758009005775546,SYNTHETIC_SOURCE,SYNTHETIC_TARGET
1788,87.51856994628906,447.7211608886719,96.48876190185547,441.7233581542969,87.51856994628906,447.7211608886719,96.48876190185547,441.7233581542969,SIFT:intensity,64.07807922363281,0.1619766170715882,ROBUST_MODEL_INLIER,FIT,0.02987229882841388,SYNTHETIC_SOURCE,SYNTHETIC_TARGET
1789,534.4912719726562,143.51661682128906,543.6358642578125,137.40187072753906,534.4912719726562,143.51661682128906,543.6358642578125,137.40187072753906,SIFT:intensity,57.76677322387695,0.1625524888053652,ROBUST_MODEL_INLIER,FIT,0.18440000748840307,SYNTHETIC_SOURCE,SYNTHETIC_TARGET
1790,211.86514282226562,495.05535888671875,220.8716583251953,489.0404357910156,211.86514282226562,495.05535888671875,220.8716583251953,489.0404357910156,SIFT:intensity,57.44562530517578,0.16261872474657266,ROBUST_MODEL_INLIER,FIT,0.015968995392252324,SYNTHETIC_SOURCE,SYNTHETIC_TARGET
1791,41.2577018737793,406.8953552246094,50.24315643310547,400.9114685058594,41.2577018737793,406.8953552246094,50.24315643310547,400.9114685058594,SIFT:intensity,65.11528015136719,0.16347933811668855,ROBUST_MODEL_INLIER,FIT,0.021948828377098717,SYNTHETIC_SOURCE,SYNTHETIC_TARGET
1792,503.4674987792969,573.2196655273438,512.4713134765625,567.2777099609375,503.4674987792969,573.2196655273438,512.4713134765625,567.2777099609375,SIFT:intensity,64.59101867675781,0.16596042296053556,ROBUST_MODEL_INLIER,FIT,0.058536175446792627,SYNTHETIC_SOURCE,SYNTHETIC_TARGET
1793,570.33544921875,128.678466796875,579.45654296875,122.79936218261719,570.33544921875,128.678466796875,579.45654296875,122.79936218261719,SIFT:intensity,56.30275344848633,0.16753580932688408,ROBUST_MODEL_INLIER,FIT,0.17140215023485095,SYNTHETIC_SOURCE,SYNTHETIC_TARGET
1794,513.840576171875,283.7628173828125,522.7859497070312,277.6897277832031,513.840576171875,283.7628173828125,522.7859497070312,277.6897277832031,SIFT:intensity,78.69561767578125,0.16783531650392522,ROBUST_MODEL_INLIER,FIT,0.09092865464662969,SYNTHETIC_SOURCE,SYNTHETIC_TARGET
1795,468.77960205078125,347.0474853515625,477.7314147949219,341.0843811035156,468.77960205078125,347.0474853515625,477.7314147949219,341.0843811035156,SIFT:intensity,59.65735626220703,0.1687621444547388,ROBUST_MODEL_INLIER,FIT,0.06087621692162755,SYNTHETIC_SOURCE,SYNTHETIC_TARGET
1796,129.1878662109375,538.6741333007812,138.21043395996094,532.5565795898438,129.1878662109375,538.6741333007812,138.21043395996094,532.5565795898438,SIFT:intensity,71.21095275878906,0.16876908329037152,ROBUST_MODEL_INLIER,FIT,0.11935128288089841,SYNTHETIC_SOURCE,SYNTHETIC_TARGET
1797,543.2962036132812,52.364044189453125,552.4745483398438,46.30265808105469,543.2962036132812,52.364044189453125,552.4745483398438,46.30265808105469,SIFT:intensity,57.33236312866211,0.17117723256195158,ROBUST_MODEL_INLIER,FIT,0.188538675601915,SYNTHETIC_SOURCE,SYNTHETIC_TARGET
1798,399.63153076171875,175.4239044189453,408.6226501464844,169.3818359375,399.63153076171875,175.4239044189453,408.6226501464844,169.3818359375,SIFT:intensity,91.19210815429688,0.1726826032700661,ROBUST_MODEL_INLIER,FIT,0.04262971766844334,SYNTHETIC_SOURCE,SYNTHETIC_TARGET
1799,241.5410614013672,253.3543701171875,250.5440673828125,247.3365478515625,241.5410614013672,253.3543701171875,250.5440673828125,247.3365478515625,SIFT:intensity,71.42828369140625,0.17319828787982275,ROBUST_MODEL_INLIER,HELD_OUT,0.01772268783794403,SYNTHETIC_SOURCE,SYNTHETIC_TARGET
1800,338.7638854980469,255.8128204345703,347.737060546875,249.79470825195312,338.7638854980469,255.8128204345703,347.737060546875,249.79470825195312,SIFT:intensity,73.9256362915039,0.17343929566209743,ROBUST_MODEL_INLIER,FIT,0.032126490832705364,SYNTHETIC_SOURCE,SYNTHETIC_TARGET
1801,43.43504333496094,320.71002197265625,52.4095344543457,314.697265625,43.43504333496094,320.71002197265625,52.4095344543457,314.697265625,SIFT:intensity,71.26710510253906,0.17540762727975298,ROBUST_MODEL_INLIER,FIT,0.028318411574713372,SYNTHETIC_SOURCE,SYNTHETIC_TARGET
1802,238.6145782470703,601.437744140625,247.63458251953125,595.4728393554688,238.6145782470703,601.437744140625,247.63458251953125,595.4728393554688,SIFT:intensity,73.47789001464844,0.17760565541283674,ROBUST_MODEL_INLIER,HELD_OUT,0.04073551160208148,SYNTHETIC_SOURCE,SYNTHETIC_TARGET
1803,308.4966735839844,288.756103515625,317.3880310058594,282.74359130859375,308.4966735839844,288.756103515625,317.3880310058594,282.74359130859375,SIFT:intensity,72.89032745361328,0.1779650683413747,ROBUST_MODEL_INLIER,FIT,0.10927413651029727,SYNTHETIC_SOURCE,SYNTHETIC_TARGET
1804,93.63074493408203,565.3065795898438,102.6104736328125,559.2303466796875,93.63074493408203,565.3065795898438,102.6104736328125,559.2303466796875,SIFT:intensity,62.928531646728516,0.17800086538420037,ROBUST_MODEL_INLIER,HELD_OUT,0.07851826106105286,SYNTHETIC_SOURCE,SYNTHETIC_TARGET
1805,584.63134765625,145.78659057617188,593.647216796875,140.0151824951172,584.63134765625,145.78659057617188,593.647216796875,140.0151824951172,SIFT:intensity,59.16925048828125,0.18095671420511578,ROBUST_MODEL_INLIER,HELD_OUT,0.22950868484654133,SYNTHETIC_SOURCE,SYNTHETIC_TARGET
1806,30.224729537963867,517.25634765625,39.23262405395508,511.2623291015625,30.224729537963867,517.25634765625,39.23262405395508,511.2623291015625,SIFT:intensity,66.14378356933594,0.1810358890326756,ROBUST_MODEL_INLIER,HELD_OUT,0.010164485813657446,SYNTHETIC_SOURCE,SYNTHETIC_TARGET
1807,400.6176452636719,370.94342041015625,409.57427978515625,364.92169189453125,400.6176452636719,370.94342041015625,409.57427978515625,364.92169189453125,SIFT:intensity,69.51258850097656,0.1812640770235362,ROBUST_MODEL_INLIER,FIT,0.04830140940132268,SYNTHETIC_SOURCE,SYNTHETIC_TARGET
1808,197.39340209960938,329.3041687011719,206.35757446289062,323.3921203613281,197.39340209960938,329.3041687011719,206.35757446289062,323.3921203613281,SIFT:intensity,71.61703491210938,0.18132057642516572,ROBUST_MODEL_INLIER,FIT,0.09528930151096487,SYNTHETIC_SOURCE,SYNTHETIC_TARGET
1809,401.0214538574219,411.569091796875,410.1014709472656,405.5688171386719,401.0214538574219,411.569091796875,410.1014709472656,405.5688171386719,SIFT:intensity,78.24960327148438,0.1824932439116915,ROBUST_MODEL_INLIER,HELD_OUT,0.08006291639832802,SYNTHETIC_SOURCE,SYNTHETIC_TARGET
1810,503.3810729980469,515.7445068359375,512.377197265625,509.7437438964844,503.3810729980469,515.7445068359375,512.377197265625,509.7437438964844,SIFT:intensity,65.87867736816406,0.1841854259635529,ROBUST_MODEL_INLIER,FIT,0.003850645911156986,SYNTHETIC_SOURCE,SYNTHETIC_TARGET
1811,190.5761260986328,271.4901123046875,199.5904998779297,265.51153564453125,190.5761260986328,271.4901123046875,199.5904998779297,265.51153564453125,SIFT:intensity,73.74957275390625,0.18496212702779943,ROBUST_MODEL_INLIER,FIT,0.026127093062487144,SYNTHETIC_SOURCE,SYNTHETIC_TARGET
1812,220.43153381347656,330.7821044921875,229.58120727539062,324.7417907714844,220.43153381347656,330.7821044921875,229.58120727539062,324.7417907714844,SIFT:intensity,58.0,0.18855233552947157,ROBUST_MODEL_INLIER,FIT,0.1549574336367464,SYNTHETIC_SOURCE,SYNTHETIC_TARGET
1813,107.80923461914062,113.81295013427734,116.82381439208984,107.82459259033203,107.80923461914062,113.81295013427734,116.82381439208984,107.82459259033203,SIFT:intensity,63.34035110473633,0.1892249549168446,ROBUST_MODEL_INLIER,FIT,0.018922710428073586,SYNTHETIC_SOURCE,SYNTHETIC_TARGET
1814,68.75692749023438,551.228515625,77.73678588867188,545.2448120117188,68.75692749023438,551.228515625,77.73678588867188,545.2448120117188,SIFT:intensity,74.67261505126953,0.18960013746146487,ROBUST_MODEL_INLIER,FIT,0.02610403784487921,SYNTHETIC_SOURCE,SYNTHETIC_TARGET
1815,377.3828125,182.32460021972656,386.2258605957031,176.49021911621094,377.3828125,182.32460021972656,386.2258605957031,176.49021911621094,SIFT:intensity,52.82991409301758,0.1946860482940165,ROBUST_MODEL_INLIER,HELD_OUT,0.22840743352273238,SYNTHETIC_SOURCE,SYNTHETIC_TARGET
1816,524.7713012695312,235.6826629638672,533.7781982421875,229.66604614257812,524.7713012695312,235.6826629638672,533.7781982421875,229.66604614257812,SIFT:intensity,40.24922180175781,0.19572385958223829,ROBUST_MODEL_INLIER,HELD_OUT,0.017673315919702344,SYNTHETIC_SOURCE,SYNTHETIC_TARGET
1817,419.61627197265625,272.3328857421875,428.6290283203125,266.4916076660156,419.61627197265625,272.3328857421875,428.6290283203125,266.4916076660156,SIFT:intensity,43.03487014770508,0.19748870613616637,ROBUST_MODEL_INLIER,FIT,0.1596005079355402,SYNTHETIC_SOURCE,SYNTHETIC_TARGET
1818,198.3482666015625,342.1255798339844,207.33782958984375,336.2215576171875,198.3482666015625,342.1255798339844,207.33782958984375,336.2215576171875,SIFT:intensity,54.50688171386719,0.1975418662364152,ROBUST_MODEL_INLIER,FIT,0.0969008537607761,SYNTHETIC_SOURCE,SYNTHETIC_TARGET
1819,62.53126525878906,558.5438842773438,71.49500274658203,552.7140502929688,62.53126525878906,558.5438842773438,71.49500274658203,552.7140502929688,SIFT:intensity,63.39558410644531,0.1978688497888719,ROBUST_MODEL_INLIER,FIT,0.17433370794564218,SYNTHETIC_SOURCE,SYNTHETIC_TARGET
1820,376.2001647949219,161.60340881347656,385.2558288574219,155.83001708984375,376.2001647949219,161.60340881347656,385.2558288574219,155.83001708984375,SIFT:intensity,50.11985778808594,0.19956670338229093,ROBUST_MODEL_INLIER,HELD_OUT,0.23370951670506623,SYNTHETIC_SOURCE,SYNTHETIC_TARGET
1821,393.5226745605469,428.6424560546875,402.5301208496094,422.6797180175781,393.5226745605469,428.6424560546875,402.5301208496094,422.6797180175781,SIFT:intensity,79.2022705078125,0.2009051997312594,ROBUST_MODEL_INLIER,FIT,0.03836491852706683,SYNTHETIC_SOURCE,SYNTHETIC_TARGET
1822,178.59124755859375,228.3937225341797,187.5913848876953,222.442138671875,178.59124755859375,228.3937225341797,187.5913848876953,222.442138671875,SIFT:intensity,62.064483642578125,0.20104130337992102,ROBUST_MODEL_INLIER,HELD_OUT,0.04878078494132693,SYNTHETIC_SOURCE,SYNTHETIC_TARGET
1823,308.4966735839844,288.756103515625,317.3880310058594,282.74359130859375,308.4966735839844,288.756103515625,317.3880310058594,282.74359130859375,SIFT:intensity,77.9037857055664,0.203809546050436,ROBUST_MODEL_INLIER,FIT,0.10927413651029727,SYNTHETIC_SOURCE,SYNTHETIC_TARGET
1824,310.5572814941406,351.9195861816406,319.7027587890625,345.8976745605469,310.5572814941406,351.9195861816406,319.7027587890625,345.8976745605469,SIFT:intensity,47.64451599121094,0.20478489077132647,ROBUST_MODEL_INLIER,FIT,0.14710965695377648,SYNTHETIC_SOURCE,SYNTHETIC_TARGET
1825,537.6280517578125,51.338966369628906,546.5222778320312,45.397911071777344,537.6280517578125,51.338966369628906,546.5222778320312,45.397911071777344,SIFT:intensity,90.38252258300781,0.20519448567981408,ROBUST_MODEL_INLIER,FIT,0.12122705861345463,SYNTHETIC_SOURCE,SYNTHETIC_TARGET
1826,278.9184265136719,228.2821807861328,288.0058898925781,222.1917724609375,278.9184265136719,228.2821807861328,288.0058898925781,222.1917724609375,SIFT:intensity,66.8804931640625,0.20600371185311409,ROBUST_MODEL_INLIER,FIT,0.12556184963488148,SYNTHETIC_SOURCE,SYNTHETIC_TARGET
1827,211.86514282226562,495.05535888671875,220.8716583251953,489.0404357910156,211.86514282226562,495.05535888671875,220.8716583251953,489.0404357910156,SIFT:intensity,69.82119750976562,0.20688147583767566,ROBUST_MODEL_INLIER,FIT,0.015968995392252324,SYNTHETIC_SOURCE,SYNTHETIC_TARGET
1828,305.4207763671875,329.9841613769531,314.4443359375,323.9985656738281,305.4207763671875,329.9841613769531,314.4443359375,323.9985656738281,SIFT:intensity,54.230987548828125,0.20788382077669545,ROBUST_MODEL_INLIER,FIT,0.0278446395474887,SYNTHETIC_SOURCE,SYNTHETIC_TARGET
1829,466.53851318359375,505.9927978515625,475.5248718261719,499.9549255371094,466.53851318359375,505.9927978515625,475.5248718261719,499.9549255371094,SIFT:intensity,93.40770721435547,0.20819563460247775,ROBUST_MODEL_INLIER,FIT,0.03989599858642292,SYNTHETIC_SOURCE,SYNTHETIC_TARGET
1830,249.9501495361328,196.1950225830078,258.931640625,190.1512451171875,249.9501495361328,196.1950225830078,258.931640625,190.1512451171875,SIFT:intensity,75.46522521972656,0.21039082063195064,ROBUST_MODEL_INLIER,FIT,0.04717615923649805,SYNTHETIC_SOURCE,SYNTHETIC_TARGET
1831,530.7411499023438,411.18304443359375,539.718017578125,405.25457763671875,530.7411499023438,411.18304443359375,539.718017578125,405.25457763671875,SIFT:intensity,54.89990997314453,0.21068187130859403,ROBUST_MODEL_INLIER,HELD_OUT,0.07551317873969458,SYNTHETIC_SOURCE,SYNTHETIC_TARGET
1832,514.3595581054688,482.4787902832031,523.2810668945312,476.4776306152344,514.3595581054688,482.4787902832031,523.2810668945312,476.4776306152344,SIFT:intensity,83.34266662597656,0.2130585451145675,ROBUST_MODEL_INLIER,FIT,0.07844946659743433,SYNTHETIC_SOURCE,SYNTHETIC_TARGET
1833,116.245849609375,241.6504669189453,125.24772644042969,235.64651489257812,116.245849609375,241.6504669189453,125.24772644042969,235.64651489257812,SIFT:intensity,88.69611358642578,0.21640279307879,ROBUST_MODEL_INLIER,FIT,0.004070402195450378,SYNTHETIC_SOURCE,SYNTHETIC_TARGET
1834,584.1957397460938,568.626953125,593.1873168945312,562.6170654296875,584.1957397460938,568.626953125,593.1873168945312,562.6170654296875,SIFT:intensity,85.94184112548828,0.2173869639097973,ROBUST_MODEL_INLIER,HELD_OUT,0.012683468719150843,SYNTHETIC_SOURCE,SYNTHETIC_TARGET
1835,381.1462097167969,582.7318115234375,390.12542724609375,576.755126953125,381.1462097167969,582.7318115234375,390.12542724609375,576.755126953125,SIFT:intensity,76.5636978149414,0.21876591637095624,ROBUST_MODEL_INLIER,FIT,0.0314760267508781,SYNTHETIC_SOURCE,SYNTHETIC_TARGET
1836,430.83758544921875,353.2644958496094,439.8198547363281,347.2424011230469,430.83758544921875,353.2644958496094,439.8198547363281,347.2424011230469,SIFT:intensity,79.64923095703125,0.2213614861211534,ROBUST_MODEL_INLIER,FIT,0.02801728506566977,SYNTHETIC_SOURCE,SYNTHETIC_TARGET
1837,180.7940673828125,196.77865600585938,189.8367156982422,190.74853515625,180.7940673828125,196.77865600585938,189.8367156982422,190.74853515625,SIFT:intensity,91.89124298095703,0.22148963657393173,ROBUST_MODEL_INLIER,FIT,0.052040729293800145,SYNTHETIC_SOURCE,SYNTHETIC_TARGET
1838,180.7940673828125,196.77865600585938,189.8367156982422,190.74853515625,180.7940673828125,196.77865600585938,189.8367156982422,190.74853515625,SIFT:intensity,81.02468872070312,0.2215303048596262,ROBUST_MODEL_INLIER,FIT,0.052040729293800145,SYNTHETIC_SOURCE,SYNTHETIC_TARGET
1839,379.7345275878906,289.5988464355469,388.8943176269531,283.3284912109375,379.7345275878906,289.5988464355469,388.8943176269531,283.3284912109375,SIFT:intensity,69.55573272705078,0.22282177316175397,ROBUST_MODEL_INLIER,FIT,0.31375561401762236,SYNTHETIC_SOURCE,SYNTHETIC_TARGET
1840,145.25149536132812,322.0447998046875,154.2371368408203,316.07476806640625,145.25149536132812,322.0447998046875,154.2371368408203,316.07476806640625,SIFT:intensity,90.45440673828125,0.22716198234794874,ROBUST_MODEL_INLIER,FIT,0.033539814593641644,SYNTHETIC_SOURCE,SYNTHETIC_TARGET
1841,70.55796813964844,151.98040771484375,79.53643035888672,145.98733520507812,70.55796813964844,151.98040771484375,79.53643035888672,145.98733520507812,SIFT:intensity,95.43060302734375,0.2295364773523696,ROBUST_MODEL_INLIER,FIT,0.022695297091142548,SYNTHETIC_SOURCE,SYNTHETIC_TARGET
1842,56.75794219970703,75.52261352539062,65.71566009521484,69.5523452758789,56.75794219970703,75.52261352539062,65.71566009521484,69.5523452758789,SIFT:intensity,81.46778869628906,0.23263316312725457,ROBUST_MODEL_INLIER,HELD_OUT,0.05186212379470503,SYNTHETIC_SOURCE,SYNTHETIC_TARGET
1843,230.76791381835938,483.4085693359375,239.74237060546875,477.4250793457031,230.76791381835938,483.4085693359375,239.74237060546875,477.4250793457031,SIFT:intensity,90.65869903564453,0.23552162848460637,ROBUST_MODEL_INLIER,FIT,0.03057550850684773,SYNTHETIC_SOURCE,SYNTHETIC_TARGET
1844,300.52362060546875,541.880615234375,309.5279235839844,535.913818359375,300.52362060546875,541.880615234375,309.5279235839844,535.913818359375,SIFT:intensity,65.95452880859375,0.23576097619883182,ROBUST_MODEL_INLIER,FIT,0.033847953130130094,SYNTHETIC_SOURCE,SYNTHETIC_TARGET
1845,287.9082946777344,358.0901184082031,296.99810791015625,352.1479797363281,287.9082946777344,358.0901184082031,296.99810791015625,352.1479797363281,SIFT:intensity,41.15822982788086,0.23821547550351344,ROBUST_MODEL_INLIER,FIT,0.10707411287996603,SYNTHETIC_SOURCE,SYNTHETIC_TARGET
1846,358.2347106933594,398.3855285644531,367.23443603515625,392.4851989746094,358.2347106933594,398.3855285644531,367.23443603515625,392.4851989746094,SIFT:intensity,52.62128829956055,0.24067913178240904,ROBUST_MODEL_INLIER,FIT,0.10003497558835289,SYNTHETIC_SOURCE,SYNTHETIC_TARGET
1847,502.25921630859375,213.50216674804688,511.2103271484375,207.47584533691406,502.25921630859375,213.50216674804688,511.2103271484375,207.47584533691406,SIFT:intensity,96.5038833618164,0.24113916825634646,ROBUST_MODEL_INLIER,FIT,0.05531227324937564,SYNTHETIC_SOURCE,SYNTHETIC_TARGET
1848,154.26327514648438,488.52520751953125,163.3683319091797,482.4574279785156,154.26327514648438,488.52520751953125,163.3683319091797,482.4574279785156,SIFT:intensity,69.99285888671875,0.2427091002234888,ROBUST_MODEL_INLIER,FIT,0.12486535930629626,SYNTHETIC_SOURCE,SYNTHETIC_TARGET
1849,236.58447265625,179.97120666503906,245.6110382080078,173.98040771484375,236.58447265625,179.97120666503906,245.6110382080078,173.98040771484375,SIFT:intensity,108.8393325805664,0.24562503422031234,ROBUST_MODEL_INLIER,HELD_OUT,0.02827823845503825,SYNTHETIC_SOURCE,SYNTHETIC_TARGET
1850,404.59112548828125,150.5428466796875,413.5782470703125,144.5114288330078,404.59112548828125,150.5428466796875,413.5782470703125,144.5114288330078,SIFT:intensity,106.6255111694336,0.2472911537777443,ROBUST_MODEL_INLIER,FIT,0.033600583759327556,SYNTHETIC_SOURCE,SYNTHETIC_TARGET
1851,429.5260314941406,165.56393432617188,438.4757385253906,159.58193969726562,429.5260314941406,165.56393432617188,438.4757385253906,159.58193969726562,SIFT:intensity,100.229736328125,0.25094948610158346,ROBUST_MODEL_INLIER,FIT,0.0534997690677311,SYNTHETIC_SOURCE,SYNTHETIC_TARGET
1852,49.76026153564453,362.9908447265625,58.74922180175781,356.90509033203125,49.76026153564453,362.9908447265625,58.74922180175781,356.90509033203125,SIFT:intensity,63.348243713378906,0.2545625736607336,ROBUST_MODEL_INLIER,HELD_OUT,0.086094916999145,SYNTHETIC_SOURCE,SYNTHETIC_TARGET
1853,63.51732635498047,221.5283203125,72.48719787597656,215.5410919189453,63.51732635498047,221.5283203125,72.48719787597656,215.5410919189453,SIFT:intensity,96.62297821044922,0.2553591155453105,ROBUST_MODEL_INLIER,FIT,0.032825616983619785,SYNTHETIC_SOURCE,SYNTHETIC_TARGET
1854,601.9664306640625,294.1129455566406,610.8965454101562,288.0807189941406,601.9664306640625,294.1129455566406,610.8965454101562,288.0807189941406,SIFT:intensity,113.22102355957031,0.2589209674865284,ROBUST_MODEL_INLIER,FIT,0.07676428965247628,SYNTHETIC_SOURCE,SYNTHETIC_TARGET
1855,277.7529296875,221.4440460205078,286.6783447265625,215.59996032714844,277.7529296875,221.4440460205078,286.6783447265625,215.59996032714844,SIFT:intensity,51.17616653442383,0.26157655682558045,ROBUST_MODEL_INLIER,FIT,0.1731447199647412,SYNTHETIC_SOURCE,SYNTHETIC_TARGET
1856,213.01895141601562,489.3953552246094,222.01158142089844,483.40472412109375,213.01895141601562,489.3953552246094,222.01158142089844,483.40472412109375,SIFT:intensity,97.23682403564453,0.2646304097346924,ROBUST_MODEL_INLIER,HELD_OUT,0.012181106844766336,SYNTHETIC_SOURCE,SYNTHETIC_TARGET
1857,373.9216613769531,199.78280639648438,383.17681884765625,193.8380584716797,373.9216613769531,199.78280639648438,383.17681884765625,193.8380584716797,SIFT:intensity,57.541290283203125,0.26687290730727803,ROBUST_MODEL_INLIER,FIT,0.26119318311222506,SYNTHETIC_SOURCE,SYNTHETIC_TARGET
1858,328.3323669433594,323.6399841308594,337.30712890625,317.6376647949219,328.3323669433594,323.6399841308594,337.30712890625,317.6376647949219,SIFT:intensity,72.0,0.27030257258185736,ROBUST_MODEL_INLIER,HELD_OUT,0.025268006505986224,SYNTHETIC_SOURCE,SYNTHETIC_TARGET
1859,532.1312866210938,398.4753723144531,540.7567749023438,393.0690002441406,532.1312866210938,398.4753723144531,540.7567749023438,393.0690002441406,SIFT:intensity,113.69696807861328,0.27268597077997264,ROBUST_MODEL_INLIER,FIT,0.7021762707449563,SYNTHETIC_SOURCE,SYNTHETIC_TARGET
1860,595.5526733398438,111.50910186767578,604.7276611328125,105.40518188476562,595.5526733398438,111.50910186767578,604.7276611328125,105.40518188476562,SIFT:intensity,103.21337127685547,0.273868032707436,ROBUST_MODEL_INLIER,FIT,0.20337288195374548,SYNTHETIC_SOURCE,SYNTHETIC_TARGET
1861,294.61614990234375,220.7560272216797,303.6212463378906,214.7498321533203,294.61614990234375,220.7560272216797,303.6212463378906,214.7498321533203,SIFT:intensity,92.94622039794922,0.2790008014606389,ROBUST_MODEL_INLIER,HELD_OUT,0.007774327056287338,SYNTHETIC_SOURCE,SYNTHETIC_TARGET
1862,323.4747619628906,142.62620544433594,332.5072937011719,136.66424560546875,323.4747619628906,142.62620544433594,332.5072937011719,136.66424560546875,SIFT:intensity,94.0265884399414,0.28109623731078626,ROBUST_MODEL_INLIER,FIT,0.05036067286313696,SYNTHETIC_SOURCE,SYNTHETIC_TARGET
1863,100.35354614257812,391.2021484375,109.35645294189453,385.25006103515625,100.35354614257812,391.2021484375,109.35645294189453,385.25006103515625,SIFT:intensity,60.04165267944336,0.28783798502790897,ROBUST_MODEL_INLIER,FIT,0.04836710552636106,SYNTHETIC_SOURCE,SYNTHETIC_TARGET
1864,91.66895294189453,379.5661926269531,100.26873779296875,372.86810302734375,91.66895294189453,379.5661926269531,100.26873779296875,372.86810302734375,SIFT:intensity,60.55575942993164,0.2898333906999479,ROBUST_MODEL_INLIER,FIT,0.8043358225522744,SYNTHETIC_SOURCE,SYNTHETIC_TARGET
1865,174.16395568847656,87.15788269042969,183.18006896972656,81.11781311035156,174.16395568847656,87.15788269042969,183.18006896972656,81.11781311035156,SIFT:intensity,91.2249984741211,0.29047392288662943,ROBUST_MODEL_INLIER,FIT,0.042867518287906456,SYNTHETIC_SOURCE,SYNTHETIC_TARGET
1866,316.7185363769531,574.165283203125,325.7200927734375,568.150390625,316.7185363769531,574.165283203125,325.7200927734375,568.150390625,SIFT:intensity,123.71337890625,0.2929623178786841,ROBUST_MODEL_INLIER,HELD_OUT,0.01461635107827973,SYNTHETIC_SOURCE,SYNTHETIC_TARGET
1867,589.10595703125,245.77847290039062,598.1800537109375,239.7968292236328,589.10595703125,245.77847290039062,598.1800537109375,239.7968292236328,SIFT:intensity,67.88961791992188,0.30080908952801344,ROBUST_MODEL_INLIER,FIT,0.07646937726154746,SYNTHETIC_SOURCE,SYNTHETIC_TARGET
1868,71.74746704101562,402.272216796875,80.7735595703125,396.2104797363281,71.74746704101562,402.272216796875,80.7735595703125,396.2104797363281,SIFT:intensity,86.06974029541016,0.3014762198109112,ROBUST_MODEL_INLIER,FIT,0.06670701851840373,SYNTHETIC_SOURCE,SYNTHETIC_TARGET
1869,393.5552978515625,331.5396423339844,402.5185852050781,325.5506896972656,393.5552978515625,331.5396423339844,402.5185852050781,325.5506896972656,SIFT:intensity,106.90182495117188,0.3043721930720672,ROBUST_MODEL_INLIER,FIT,0.03840163414420313,SYNTHETIC_SOURCE,SYNTHETIC_TARGET
1870,315.6010437011719,117.2166519165039,324.5630798339844,111.25284576416016,315.6010437011719,117.2166519165039,324.5630798339844,111.25284576416016,SIFT:intensity,110.24971771240234,0.30585418325330543,ROBUST_MODEL_INLIER,FIT,0.05267143470533464,SYNTHETIC_SOURCE,SYNTHETIC_TARGET
1871,89.58840942382812,566.0576782226562,98.53228759765625,560.2117309570312,89.58840942382812,566.0576782226562,98.53228759765625,560.2117309570312,SIFT:intensity,103.84122467041016,0.30902114780139095,ROBUST_MODEL_INLIER,HELD_OUT,0.16428373314248795,SYNTHETIC_SOURCE,SYNTHETIC_TARGET
1872,548.8408813476562,56.190731048583984,557.8596801757812,50.211788177490234,548.8408813476562,56.190731048583984,557.8596801757812,50.211788177490234,SIFT:intensity,123.3936767578125,0.31139671766731175,ROBUST_MODEL_INLIER,FIT,0.028530630708237695,SYNTHETIC_SOURCE,SYNTHETIC_TARGET
1873,611.7440795898438,352.6366271972656,620.7574462890625,346.6265563964844,611.7440795898438,352.6366271972656,620.7574462890625,346.6265563964844,SIFT:intensity,115.52488708496094,0.3135133539188512,ROBUST_MODEL_INLIER,HELD_OUT,0.016556285485854152,SYNTHETIC_SOURCE,SYNTHETIC_TARGET
1874,63.51732635498047,221.5283203125,72.48719787597656,215.5410919189453,63.51732635498047,221.5283203125,72.48719787597656,215.5410919189453,SIFT:intensity,116.76043701171875,0.321000668093129,ROBUST_MODEL_INLIER,FIT,0.032825616983619785,SYNTHETIC_SOURCE,SYNTHETIC_TARGET
1875,84.48062133789062,411.5778503417969,93.4264907836914,405.5368957519531,84.48062133789062,411.5778503417969,93.4264907836914,405.5368957519531,SIFT:intensity,68.84765625,0.32240869017182266,ROBUST_MODEL_INLIER,FIT,0.06762199739281226,SYNTHETIC_SOURCE,SYNTHETIC_TARGET
1876,456.68951416015625,267.06939697265625,465.62408447265625,261.16143798828125,456.68951416015625,267.06939697265625,465.62408447265625,261.16143798828125,SIFT:intensity,155.79794311523438,0.32893002049471454,ROBUST_MODEL_INLIER,FIT,0.11319805145867227,SYNTHETIC_SOURCE,SYNTHETIC_TARGET
1877,434.8284912109375,228.64959716796875,443.809326171875,222.6708221435547,434.8284912109375,228.64959716796875,443.809326171875,222.6708221435547,SIFT:intensity,115.63736724853516,0.33154337461899513,ROBUST_MODEL_INLIER,FIT,0.02883822430906632,SYNTHETIC_SOURCE,SYNTHETIC_TARGET
1878,217.36529541015625,449.8091735839844,226.3751983642578,443.8078918457031,217.36529541015625,449.8091735839844,226.3751983642578,443.8078918457031,SIFT:intensity,118.72657775878906,0.34717006202587886,ROBUST_MODEL_INLIER,FIT,0.009990942115467498,SYNTHETIC_SOURCE,SYNTHETIC_TARGET
1879,67.40940856933594,252.89581298828125,76.4090347290039,246.9162139892578,67.40940856933594,252.89581298828125,76.4090347290039,246.9162139892578,SIFT:intensity,129.8922576904297,0.35836199557754855,ROBUST_MODEL_INLIER,HELD_OUT,0.020767895889090063,SYNTHETIC_SOURCE,SYNTHETIC_TARGET
1880,495.37225341796875,169.54336547851562,504.37689208984375,163.52671813964844,495.37225341796875,169.54336547851562,504.37689208984375,163.52671813964844,SIFT:intensity,152.6204376220703,0.3606083680074471,ROBUST_MODEL_INLIER,FIT,0.01694347346941463,SYNTHETIC_SOURCE,SYNTHETIC_TARGET
1881,339.2232666015625,39.680328369140625,348.25677490234375,33.672237396240234,339.2232666015625,39.680328369140625,348.25677490234375,33.672237396240234,SIFT:intensity,61.35144805908203,0.36661882945046137,ROBUST_MODEL_INLIER,FIT,0.034432216192585303,SYNTHETIC_SOURCE,SYNTHETIC_TARGET
1882,569.546142578125,564.806640625,578.5405883789062,558.6803588867188,569.546142578125,564.806640625,578.5405883789062,558.6803588867188,SIFT:intensity,90.47099304199219,0.3755955955575489,ROBUST_MODEL_INLIER,HELD_OUT,0.1260378636831889,SYNTHETIC_SOURCE,SYNTHETIC_TARGET
1883,355.45867919921875,420.4468078613281,364.42333984375,414.64105224609375,355.45867919921875,420.4468078613281,364.42333984375,414.64105224609375,SIFT:intensity,50.70502853393555,0.38838751621687956,ROBUST_MODEL_INLIER,HELD_OUT,0.1977831598211893,SYNTHETIC_SOURCE,SYNTHETIC_TARGET
1884,291.26068115234375,282.39215087890625,300.2911071777344,276.42822265625,291.26068115234375,282.39215087890625,300.2911071777344,276.42822265625,SIFT:intensity,98.55962371826172,0.3982930421957804,ROBUST_MODEL_INLIER,FIT,0.04749861783352916,SYNTHETIC_SOURCE,SYNTHETIC_TARGET
1885,29.196399688720703,27.525135040283203,38.204132080078125,21.464452743530273,29.196399688720703,27.525135040283203,38.204132080078125,21.464452743530273,SIFT:intensity,41.90465545654297,0.3998907177029313,ROBUST_MODEL_INLIER,HELD_OUT,0.060817433294180094,SYNTHETIC_SOURCE,SYNTHETIC_TARGET
1886,338.7160339355469,189.9856719970703,347.6519470214844,183.8717041015625,338.7160339355469,189.9856719970703,347.6519470214844,183.8717041015625,SIFT:intensity,221.84002685546875,0.4010498543438267,ROBUST_MODEL_INLIER,FIT,0.13041105556737217,SYNTHETIC_SOURCE,SYNTHETIC_TARGET
1887,65.63226318359375,416.7847900390625,74.58949279785156,410.78106689453125,65.63226318359375,416.7847900390625,74.58949279785156,410.78106689453125,SIFT:intensity,79.0316390991211,0.4047214187659328,ROBUST_MODEL_INLIER,HELD_OUT,0.04285643544116292,SYNTHETIC_SOURCE,SYNTHETIC_TARGET
1888,99.70598602294922,255.70297241210938,108.76801300048828,249.6871795654297,99.70598602294922,255.70297241210938,108.76801300048828,249.6871795654297,SIFT:intensity,160.9813690185547,0.4267571428525199,ROBUST_MODEL_INLIER,HELD_OUT,0.06396144713349733,SYNTHETIC_SOURCE,SYNTHETIC_TARGET
1889,29.196399688720703,27.525135040283203,38.204132080078125,21.464452743530273,29.196399688720703,27.525135040283203,38.204132080078125,21.464452743530273,SIFT:intensity,37.616485595703125,0.43511260139455793,ROBUST_MODEL_INLIER,FIT,0.060817433294180094,SYNTHETIC_SOURCE,SYNTHETIC_TARGET
1890,161.04078674316406,261.7044372558594,170.0520782470703,255.7612762451172,161.04078674316406,261.7044372558594,170.0520782470703,255.7612762451172,SIFT:intensity,162.9018096923828,0.4396477541172554,ROBUST_MODEL_INLIER,FIT,0.058315955248126314,SYNTHETIC_SOURCE,SYNTHETIC_TARGET
1891,573.14013671875,171.291748046875,582.1561279296875,165.2252197265625,573.14013671875,171.291748046875,582.1561279296875,165.2252197265625,SIFT:intensity,206.7921600341797,0.44604063689045126,ROBUST_MODEL_INLIER,FIT,0.0680798213189185,SYNTHETIC_SOURCE,SYNTHETIC_TARGET
1892,328.3323669433594,323.6399841308594,337.30712890625,317.6376647949219,328.3323669433594,323.6399841308594,337.30712890625,317.6376647949219,SIFT:intensity,108.91281127929688,0.4480756915840898,ROBUST_MODEL_INLIER,FIT,0.025268006505986224,SYNTHETIC_SOURCE,SYNTHETIC_TARGET
1893,298.59136962890625,298.9178466796875,307.7325134277344,293.0408935546875,298.59136962890625,298.9178466796875,307.7325134277344,293.0408935546875,SIFT:intensity,167.1765594482422,0.482780262703445,ROBUST_MODEL_INLIER,FIT,0.18752283899441707,SYNTHETIC_SOURCE,SYNTHETIC_TARGET
1894,138.9769287109375,542.6944580078125,148.1477813720703,536.94921875,138.9769287109375,542.6944580078125,148.1477813720703,536.94921875,SIFT:intensity,224.1160430908203,0.4963776927271729,ROBUST_MODEL_INLIER,HELD_OUT,0.30707501513854046,SYNTHETIC_SOURCE,SYNTHETIC_TARGET
1896,565.0588989257812,166.50027465820312,574.084716796875,160.50567626953125,565.0588989257812,166.50027465820312,574.084716796875,160.50567626953125,SIFT:intensity,180.57408142089844,0.5150165579385103,ROBUST_MODEL_INLIER,FIT,0.026498566655833514,SYNTHETIC_SOURCE,SYNTHETIC_TARGET
1897,493.18609619140625,441.9260559082031,502.6933288574219,435.85321044921875,493.18609619140625,441.9260559082031,502.6933288574219,435.85321044921875,SIFT:intensity,65.33758544921875,0.5275855188262565,ROBUST_MODEL_INLIER,FIT,0.5124304206365974,SYNTHETIC_SOURCE,SYNTHETIC_TARGET
1900,391.6739807128906,378.26806640625,400.6593322753906,372.2767333984375,391.6739807128906,378.26806640625,400.6593322753906,372.2767333984375,SIFT:intensity,229.7302703857422,0.5439982468457134,ROBUST_MODEL_INLIER,FIT,0.017169799520087025,SYNTHETIC_SOURCE,SYNTHETIC_TARGET
1901,524.7713012695312,235.6826629638672,533.7781982421875,229.66604614257812,524.7713012695312,235.6826629638672,533.7781982421875,229.66604614257812,SIFT:intensity,187.29922485351562,0.5698015143407077,ROBUST_MODEL_INLIER,FIT,0.017673315919702344,SYNTHETIC_SOURCE,SYNTHETIC_TARGET
1902,586.3935546875,280.93011474609375,595.38037109375,274.953369140625,586.3935546875,280.93011474609375,595.38037109375,274.953369140625,SIFT:intensity,115.3212890625,0.5722735704908795,ROBUST_MODEL_INLIER,FIT,0.02702674872183773,SYNTHETIC_SOURCE,SYNTHETIC_TARGET
1903,583.1090698242188,595.9944458007812,592.0984497070312,589.9811401367188,583.1090698242188,595.9944458007812,592.0984497070312,589.9811401367188,SIFT:intensity,228.3352813720703,0.5730486939978432,ROBUST_MODEL_INLIER,HELD_OUT,0.016712136149895168,SYNTHETIC_SOURCE,SYNTHETIC_TARGET
