match_id,ohrc_projected_x_5m,ohrc_projected_y_5m,tmc_ortho_x_5m,tmc_ortho_y_5m,descriptor_distance,split,forward_residual_tmc_5m_px,inlier
0,27.26808738708496,338.10858154296875,18.982465744018555,327.32513427734375,149.97000122070312,training,4.098995685577393,0
1,28.719608306884766,350.14947509765625,21.920761108398438,339.1744689941406,211.6388397216797,training,4.050684928894043,0
2,30.98767852783203,310.3417053222656,23.230329513549805,299.01507568359375,195.4661102294922,training,3.790963888168335,1
3,35.46096420288086,314.08074951171875,27.546154022216797,303.5467224121094,116.51180267333984,training,3.3556904792785645,1
4,37.16888427734375,299.6366882324219,28.70879554748535,288.5316162109375,218.01376342773438,training,3.838036298751831,1
5,37.927825927734375,351.10723876953125,30.168315887451172,340.7970275878906,161.7745361328125,training,4.0220417976379395,0
6,40.59073257446289,299.435302734375,32.49844741821289,288.59588623046875,130.71725463867188,training,3.5060980319976807,1
7,41.09899139404297,337.0262756347656,33.51885223388672,326.8397521972656,186.74581909179688,training,3.5823662281036377,1
8,43.02912139892578,320.0519104003906,35.55342483520508,310.3489685058594,173.156005859375,training,2.765183210372925,1
9,44.10409927368164,323.9600830078125,36.898929595947266,313.2745056152344,193.92266845703125,training,3.6566696166992188,1
10,44.65339660644531,264.99468994140625,37.083648681640625,255.02430725097656,152.4926300048828,training,1.8001526594161987,1
11,45.46628189086914,235.14132690429688,37.56822967529297,224.89736938476562,156.77691650390625,training,1.5593312978744507,1
12,46.91011047363281,274.2496032714844,40.056034088134766,264.0911865234375,101.95587158203125,training,1.9597970247268677,1
13,48.06227111816406,335.5799865722656,40.80971908569336,325.88897705078125,141.15948486328125,training,3.145906925201416,1
14,48.06227111816406,335.5799865722656,40.80971908569336,325.88897705078125,141.2550811767578,training,3.145906925201416,1
15,49.48566436767578,290.87823486328125,42.59773254394531,280.39251708984375,188.07977294921875,training,2.733701705932617,1
16,49.63661575317383,316.4209899902344,42.463504791259766,307.1666259765625,106.63957977294922,training,2.321641206741333,1
17,50.44393539428711,354.7995300292969,43.523170471191406,345.3643493652344,135.04074096679688,training,3.285609722137451,1
18,50.74842071533203,319.8524475097656,44.42411422729492,310.3057556152344,167.5619354248047,training,2.390538215637207,1
19,50.74842071533203,319.8524475097656,44.42411422729492,310.3057556152344,185.9381561279297,training,2.390538215637207,1
20,51.27626037597656,362.9431457519531,43.64480972290039,353.6417236328125,148.9228057861328,training,3.7477643489837646,1
21,52.08705139160156,227.82456970214844,44.02546310424805,217.71339416503906,175.46510314941406,training,1.6196666955947876,1
22,52.39468002319336,289.9768981933594,44.68949890136719,280.3063049316406,162.5238494873047,training,2.4370508193969727,1
23,52.39468002319336,289.9768981933594,44.68949890136719,280.3063049316406,154.09413146972656,training,2.4370508193969727,1
24,52.710819244384766,266.8094482421875,45.84492874145508,257.0421447753906,120.26637268066406,training,1.5588053464889526,1
25,53.100440979003906,230.5850372314453,45.601139068603516,220.3245849609375,152.45327758789062,training,1.433852195739746,1
26,53.105594635009766,273.9355773925781,45.53031539916992,264.30499267578125,127.22421264648438,training,1.9773623943328857,1
27,54.093528747558594,383.5567321777344,48.037776947021484,374.18487548828125,225.42404174804688,training,3.7081985473632812,1
28,54.5247917175293,317.3687438964844,47.563629150390625,308.14324951171875,101.42485046386719,training,2.3449108600616455,1
29,55.98906326293945,212.8042449951172,48.57769012451172,202.27235412597656,145.82180786132812,training,1.2875045537948608,1
30,56.06029510498047,326.8529968261719,48.992523193359375,317.7676086425781,74.18220520019531,training,2.543856620788574,1
31,56.561607360839844,233.06829833984375,49.16619873046875,223.04176330566406,156.4736328125,training,1.3355622291564941,1
32,56.60087966918945,281.0909118652344,48.89672088623047,271.51947021484375,195.74728393554688,training,2.279045581817627,1
33,56.91987609863281,227.21957397460938,49.29115295410156,217.10891723632812,174.5880889892578,training,1.4221093654632568,1
34,57.23850631713867,275.3746337890625,50.0656852722168,265.78857421875,71.04224395751953,training,1.851367712020874,1
35,57.248008728027344,347.4589538574219,51.20003890991211,338.302734375,137.05108642578125,training,2.741095781326294,1
36,57.84809494018555,331.9873046875,51.26594543457031,322.98944091796875,116.54183959960938,training,2.4067273139953613,1
37,59.3382682800293,322.48577880859375,53.18145751953125,313.2535095214844,182.17298889160156,training,2.3151867389678955,1
38,60.46361541748047,306.5318298339844,53.65217208862305,298.04071044921875,177.34429931640625,training,1.5626564025878906,1
39,60.46361541748047,306.5318298339844,53.65217208862305,298.04071044921875,143.9201202392578,training,1.5626564025878906,1
40,60.82565689086914,189.0255889892578,53.25516128540039,178.82481384277344,219.14378356933594,heldout,0.7139606475830078,1
41,61.131832122802734,327.8232421875,54.5888671875,318.4966735839844,182.2964630126953,training,2.6844820976257324,1
42,63.08116912841797,245.73486328125,54.7465705871582,237.0626220703125,187.2431640625,training,1.9607501029968262,1
43,63.08193588256836,181.96449279785156,55.38081359863281,171.3197021484375,162.5330810546875,heldout,1.0190932750701904,1
44,65.02417755126953,300.4552917480469,58.4432487487793,292.0421447753906,175.48504638671875,training,1.3477084636688232,1
45,65.58955383300781,274.91455078125,58.5839958190918,266.4593811035156,206.2110595703125,training,1.1391335725784302,1
46,66.09732818603516,369.2879638671875,60.018028259277344,361.0732421875,188.72201538085938,training,2.585820436477661,1
47,67.1090087890625,386.28472900390625,61.15966033935547,377.7898254394531,146.6287841796875,training,3.2274653911590576,1
48,68.08954620361328,216.3576202392578,59.630523681640625,206.85397338867188,208.2954559326172,training,1.9344521760940552,1
49,68.40679931640625,199.3231658935547,60.474891662597656,189.46536254882812,133.43162536621094,heldout,1.2711124420166016,1
50,68.56425476074219,166.39508056640625,60.53246307373047,155.94760131835938,135.6871337890625,heldout,1.0198304653167725,1
51,69.72136688232422,249.92982482910156,62.289859771728516,240.79840087890625,156.39053344726562,training,1.4767576456069946,1
52,70.40770721435547,285.72296142578125,63.7388916015625,278.3070068359375,167.08680725097656,training,0.8374872803688049,1
53,70.51329040527344,190.41920471191406,62.4509162902832,180.5204315185547,106.14141845703125,heldout,1.3159949779510498,1
54,70.72615814208984,373.588623046875,65.28614807128906,364.86932373046875,165.2573699951172,training,3.1160757541656494,1
55,71.83972930908203,194.43580627441406,65.01667022705078,184.53402709960938,195.21270751953125,heldout,0.4703364968299866,1
56,71.92535400390625,153.92950439453125,63.51688766479492,143.35101318359375,197.81304931640625,heldout,1.3063263893127441,1
57,72.10270690917969,313.2972412109375,66.05233764648438,305.0111999511719,136.75160217285156,training,1.4808284044265747,1
58,72.31124114990234,300.3077087402344,66.46534729003906,292.2900390625,148.66741943359375,training,0.8660191297531128,1
59,72.64398956298828,292.0106201171875,66.92290496826172,284.1155700683594,186.4269256591797,training,0.5521799921989441,1
60,72.90967559814453,164.18515014648438,65.24689483642578,153.6778106689453,149.91331481933594,heldout,0.7889076471328735,1
61,72.99213409423828,157.4126739501953,64.42337036132812,147.1172637939453,204.61671447753906,heldout,1.495336890220642,1
62,73.341064453125,384.3053283691406,67.89994049072266,375.85552978515625,141.46023559570312,training,3.1575608253479004,1
63,74.38387298583984,393.6753234863281,69.1152572631836,386.0544128417969,112.82730102539062,training,2.551832914352417,1
64,74.63958740234375,333.767578125,68.35982513427734,326.06463623046875,109.73149108886719,training,1.6363571882247925,1
65,74.64241027832031,212.76536560058594,67.54387664794922,203.26226806640625,195.803466796875,training,0.7948370575904846,1
66,74.87042999267578,378.2070617675781,69.01387786865234,370.4715881347656,182.915283203125,training,2.500016212463379,1
67,75.26189422607422,337.9796447753906,69.14456939697266,330.2100830078125,190.8009490966797,training,1.7140589952468872,1
68,75.7041244506836,360.59246826171875,69.69528198242188,352.5732421875,203.16249084472656,training,2.4283745288848877,1
69,76.5872802734375,296.8320617675781,70.55245208740234,289.1607666015625,150.15658569335938,training,0.6663123965263367,1
70,76.86212158203125,222.48150634765625,70.11943054199219,213.33328247070312,198.02272033691406,training,0.567079484462738,1
71,77.85909271240234,188.1640625,70.12387084960938,178.19468688964844,212.9060821533203,heldout,1.1803332567214966,1
72,79.52589416503906,339.4274597167969,72.91692352294922,332.8883972167969,154.84185791015625,training,1.5241395235061646,1
73,79.57881164550781,321.144775390625,73.73552703857422,313.0130615234375,165.04241943359375,training,1.6427595615386963,1
74,81.73074340820312,367.4814758300781,76.55229187011719,359.95855712890625,158.64425659179688,training,2.0127384662628174,1
75,81.85614776611328,188.7396697998047,75.53620147705078,178.56942749023438,161.12107849121094,heldout,0.8578611016273499,1
76,82.08102416992188,137.02456665039062,74.60743713378906,126.46977996826172,170.6839141845703,heldout,0.37974774837493896,1
77,83.24591064453125,332.41864013671875,77.48603820800781,325.1526184082031,189.67868041992188,training,1.1874701976776123,1
78,83.3327407836914,264.66717529296875,78.1552505493164,256.6729736328125,150.5821990966797,training,0.6882392168045044,1
79,85.26678466796875,368.3775329589844,79.9159164428711,361.40093994140625,194.4453582763672,training,1.6461808681488037,1
80,85.42973327636719,352.3830261230469,79.98731994628906,345.3194885253906,197.23590087890625,training,1.3894575834274292,1
81,87.06040954589844,194.85946655273438,79.35636901855469,185.6083984375,134.9925994873047,heldout,1.2790645360946655,1
82,88.48880767822266,295.2183837890625,82.86481475830078,287.82794189453125,164.67544555664062,training,0.4964533746242523,1
83,88.92195892333984,293.5823669433594,83.03968048095703,286.49285888671875,162.9907989501953,training,0.4900313913822174,1
84,88.9829330444336,332.26593017578125,83.61811828613281,325.0443115234375,128.52236938476562,training,1.1287760734558105,1
85,89.40249633789062,160.7768096923828,82.76112365722656,150.11111450195312,141.0531768798828,heldout,0.8719044923782349,1
86,89.65062713623047,373.07958984375,84.8233413696289,366.5084228515625,200.36715698242188,training,1.328377604484558,1
87,90.5954818725586,202.26763916015625,84.3458251953125,192.7556915283203,114.73011779785156,training,0.6248689293861389,1
88,90.5954818725586,202.26763916015625,84.3458251953125,192.7556915283203,154.1979217529297,training,0.6248689293861389,1
89,91.07765197753906,182.69049072265625,83.8723373413086,172.92416381835938,198.2447967529297,heldout,0.8667382001876831,1
90,91.07765197753906,182.69049072265625,83.8723373413086,172.92416381835938,194.39393615722656,heldout,0.8667382001876831,1
91,92.91553497314453,148.4373779296875,85.8271713256836,138.0950164794922,177.4006805419922,heldout,0.46513140201568604,1
92,92.9660415649414,368.9219665527344,87.4898681640625,362.520263671875,197.84085083007812,training,1.4371700286865234,1
93,93.20970153808594,174.1874237060547,85.87318420410156,164.44683837890625,181.77734375,heldout,0.8706194162368774,1
94,93.823486328125,400.7032470703125,17.35477638244629,540.1102294921875,168.81942749023438,training,161.09588623046875,0
95,94.18421936035156,411.974853515625,89.25746154785156,406.4953918457031,126.81088256835938,training,1.3972787857055664,1
96,94.2488021850586,239.58302307128906,89.0572509765625,231.67333984375,212.92251586914062,training,0.6631118655204773,1
97,94.36438751220703,189.89215087890625,87.42517852783203,180.32244873046875,166.7333221435547,heldout,0.775425374507904,1
98,94.41348266601562,336.3585205078125,89.5132827758789,329.4629821777344,172.8293914794922,training,0.947136640548706,1
99,95.02679443359375,373.8936767578125,90.10787200927734,367.6916198730469,145.40975952148438,training,1.1520882844924927,1
100,95.81025695800781,371.0147399902344,90.90989685058594,364.34088134765625,196.71044921875,training,1.54656982421875,1
101,95.91134643554688,343.588134765625,90.8249740600586,336.98052978515625,166.4752197265625,training,0.9008927941322327,1
102,96.2587661743164,382.943115234375,91.36199951171875,376.9263916015625,99.90995788574219,training,1.2197248935699463,1
103,96.53474426269531,320.7874755859375,90.48092651367188,313.62713623046875,168.7601776123047,training,1.4101221561431885,1
104,96.71492767333984,354.53662109375,91.88156127929688,347.96990966796875,167.9642791748047,training,1.069690227508545,1
105,97.29939270019531,375.8679504394531,92.46622467041016,369.7868347167969,174.64535522460938,training,1.113903522491455,1
106,97.44730377197266,324.6072692871094,91.90515899658203,317.7084655761719,134.0596923828125,training,0.9759622812271118,1
107,97.88006591796875,294.91033935546875,92.1817398071289,287.9671325683594,152.1249542236328,training,0.5100641846656799,1
108,98.21949768066406,287.818603515625,92.54779052734375,280.8095397949219,179.192626953125,training,0.39895230531692505,1
109,98.45953369140625,273.3652648925781,92.84822082519531,265.9991149902344,166.9910125732422,training,0.24206849932670593,1
110,98.98402404785156,182.381103515625,91.71141815185547,173.52227783203125,210.6228790283203,heldout,0.9843090772628784,1
111,99.27171325683594,349.46734619140625,94.07483673095703,343.33233642578125,184.20640563964844,training,0.7885057926177979,1
112,99.67952728271484,243.5131378173828,93.72856903076172,235.765380859375,205.4847869873047,training,0.258843332529068,1
113,99.76641845703125,341.381103515625,94.90777587890625,334.98211669921875,109.91360473632812,training,0.6818450689315796,1
114,99.85931396484375,85.39141845703125,92.71686553955078,75.68722534179688,164.30763244628906,heldout,1.494166612625122,1
115,100.65624237060547,412.01300048828125,95.80874633789062,407.2017517089844,187.41131591796875,training,1.0463179349899292,1
116,101.26431274414062,352.5135498046875,96.35383605957031,346.28387451171875,178.1796875,training,0.8350829482078552,1
117,102.44541931152344,184.16726684570312,95.18414306640625,174.9517822265625,178.65328979492188,heldout,1.0325976610183716,1
118,102.59272766113281,318.0057373046875,96.98564147949219,311.3351745605469,156.39373779296875,training,0.8651533126831055,1
119,103.47233581542969,347.5631408691406,98.73469543457031,341.4588317871094,159.27334594726562,training,0.6002623438835144,1
120,103.49925994873047,89.47064208984375,96.15953063964844,79.71796417236328,181.51309204101562,heldout,1.287441372871399,1
121,103.68610382080078,204.685302734375,96.01929473876953,196.4722442626953,177.11013793945312,training,1.688584566116333,1
122,103.75732421875,295.09942626953125,98.25365447998047,288.0439147949219,225.34640502929688,training,0.5763779282569885,1
123,105.13971710205078,410.3782043457031,101.22674560546875,405.32861328125,147.09181213378906,training,0.900894284248352,1
124,105.18621063232422,326.1153564453125,100.55934143066406,318.9019470214844,164.0701141357422,training,1.2756519317626953,1
125,105.76892852783203,189.5133819580078,98.9351806640625,180.56109619140625,150.0599822998047,heldout,0.7131128907203674,1
126,105.96623992919922,51.08388900756836,97.82665252685547,41.630558013916016,155.65667724609375,heldout,2.4267525672912598,1
127,105.99517059326172,69.25971221923828,98.26663208007812,59.733890533447266,180.6709747314453,heldout,1.9252554178237915,1
128,106.26951599121094,82.54109191894531,98.17887115478516,73.13360595703125,170.39659118652344,heldout,1.934432864189148,1
129,106.37309265136719,45.975555419921875,98.89603424072266,36.513545989990234,191.7211456298828,heldout,2.437737464904785,1
130,106.37509155273438,139.98001098632812,99.11386108398438,130.22186279296875,204.9951171875,heldout,0.6614852547645569,1
131,106.53526306152344,248.54229736328125,100.70068359375,240.99122619628906,219.82493591308594,training,0.3138575255870819,1
132,107.86463165283203,358.0224304199219,102.84904479980469,352.1148986816406,174.5164794921875,training,0.9318685531616211,1
133,108.40921783447266,214.37347412109375,103.04157257080078,205.21432495117188,173.46469116210938,training,1.007205605506897,1
134,108.72300720214844,35.059696197509766,101.5370101928711,25.310138702392578,186.879638671875,heldout,2.3736846446990967,1
135,109.3246078491211,264.81427001953125,104.3531723022461,256.9642028808594,190.64889526367188,training,0.7588322162628174,1
136,110.12440490722656,295.0616149902344,105.03106689453125,288.2398681640625,191.92706298828125,training,0.3327716588973999,1
137,110.17842102050781,363.44049072265625,105.45172119140625,358.15850830078125,168.62680053710938,training,0.4878818690776825,1
138,110.85604858398438,376.6556396484375,106.3329086303711,371.457275390625,214.9302215576172,training,0.5803405046463013,1
139,110.93311309814453,55.75590133666992,103.76832580566406,46.52888488769531,211.7923583984375,heldout,2.377920150756836,1
140,111.20132446289062,195.71310424804688,103.69013214111328,187.1958770751953,185.20799255371094,heldout,1.5512691736221313,1
141,111.50190734863281,273.870849609375,105.79700469970703,266.2237548828125,213.45726013183594,training,0.8927067518234253,1
142,111.52069091796875,310.072265625,106.34037780761719,303.62713623046875,141.9683074951172,training,0.46952003240585327,1
143,111.52069091796875,310.072265625,106.34037780761719,303.62713623046875,147.50254821777344,training,0.46952003240585327,1
144,112.32972717285156,140.579833984375,105.22806549072266,130.8745574951172,190.83763122558594,heldout,0.6100088357925415,1
145,112.52613067626953,411.22906494140625,109.1659164428711,406.7203674316406,142.639404296875,training,0.673155665397644,1
146,112.59244537353516,71.40009307861328,106.31298065185547,61.68866729736328,168.5348663330078,heldout,1.765245795249939,1
147,114.74409484863281,282.87542724609375,109.03633880615234,276.3224182128906,107.75898742675781,training,0.6975405216217041,1
148,115.59162902832031,141.72010803222656,108.62356567382812,132.04037475585938,183.9075927734375,heldout,0.5480717420578003,1
149,116.05587768554688,265.1589660644531,110.14390563964844,257.7030944824219,124.34226989746094,training,0.8565737009048462,1
150,117.53112030029297,62.60342025756836,110.22310638427734,53.150726318359375,174.18380737304688,heldout,1.8659976720809937,1
151,117.67273712158203,428.3131408691406,112.251953125,425.5928649902344,252.241943359375,training,2.071009397506714,1
152,118.89812469482422,307.53668212890625,113.8786849975586,301.46893310546875,136.31214904785156,training,0.325853556394577,1
153,119.44471740722656,65.80187225341797,112.14266967773438,56.4647331237793,195.59396362304688,heldout,1.8793349266052246,1
154,119.611083984375,377.98480224609375,115.63367462158203,373.2834167480469,170.6604766845703,training,0.15926115214824677,1
155,120.31519317626953,338.0926208496094,116.24667358398438,332.63470458984375,173.52520751953125,training,0.3021186590194702,1
156,120.72373962402344,84.31082916259766,113.64554595947266,75.03485107421875,187.81906127929688,training,1.51994788646698,1
157,121.01121520996094,371.61724853515625,117.2018051147461,366.1170959472656,190.2288055419922,training,0.8743662238121033,1
158,121.9533920288086,343.4825134277344,118.36764526367188,338.1904602050781,181.7910919189453,training,0.6918053030967712,1
159,122.20195007324219,62.53820037841797,115.09680938720703,53.11723709106445,168.93490600585938,training,1.7984647750854492,1
160,122.74164581298828,289.1023864746094,116.99737548828125,282.7444763183594,140.79061889648438,training,0.9391819834709167,1
161,122.78402709960938,380.2486267089844,118.99340057373047,375.8270263671875,159.35494995117188,training,0.09971509873867035,1
162,123.03752136230469,205.05686950683594,117.79094696044922,196.83053588867188,194.0566864013672,training,0.4013884961605072,1
163,123.59779357910156,76.35369873046875,116.61549377441406,67.44837951660156,192.81857299804688,training,1.991413950920105,1
164,123.60063934326172,64.96863555908203,116.46871948242188,55.867149353027344,112.92475128173828,training,2.039421319961548,1
165,125.21446228027344,126.0277099609375,118.44934844970703,116.45352172851562,156.13455200195312,training,0.43593448400497437,1
166,125.5955810546875,160.4333953857422,116.92642211914062,151.9254913330078,173.53097534179688,training,2.6852259635925293,1
167,125.6132583618164,349.36163330078125,121.47401428222656,344.4349365234375,138.1882781982422,training,0.1029094010591507,1
168,126.57734680175781,296.1597900390625,122.51374816894531,289.4342041015625,160.29660034179688,training,0.8334124684333801,1
169,126.99345397949219,309.1866455078125,122.1811294555664,303.45166015625,133.29666137695312,training,0.31484147906303406,1
170,126.99345397949219,309.1866455078125,122.1811294555664,303.45166015625,124.91197204589844,training,0.31484147906303406,1
171,127.32552337646484,285.4935302734375,121.97574615478516,278.8560791015625,100.04998779296875,training,0.6586109399795532,1
172,127.32552337646484,285.4935302734375,121.97574615478516,278.8560791015625,168.8520050048828,training,0.6586109399795532,1
173,127.94550323486328,391.8499755859375,124.66093444824219,388.0689392089844,152.53196716308594,training,0.4887699782848358,1
174,128.28695678710938,328.01239013671875,123.3479232788086,322.68707275390625,181.30636596679688,training,0.6386065483093262,1
175,128.5093231201172,415.74505615234375,124.80787658691406,412.4633483886719,244.9897918701172,training,0.38781043887138367,1
176,128.64303588867188,66.09444427490234,121.7177963256836,57.08871078491211,161.21104431152344,training,2.0052082538604736,1
177,128.75399780273438,257.0516662597656,123.42700958251953,249.6458282470703,207.67523193359375,training,0.5670749545097351,1
178,129.33531188964844,436.5536804199219,126.81214141845703,433.11578369140625,194.1468505859375,training,0.7600894570350647,1
179,129.65809631347656,311.9314880371094,125.12871551513672,306.4957580566406,102.33279418945312,training,0.320548415184021,1
180,130.15127563476562,288.35430908203125,125.17755889892578,281.7963562011719,123.90319061279297,training,0.4405147135257721,1
181,130.48480224609375,48.27919006347656,123.8682632446289,38.99991226196289,195.55050659179688,training,2.123551845550537,1
182,131.4368133544922,385.84332275390625,127.77729034423828,382.3476257324219,227.10130310058594,training,0.6355350613594055,1
183,131.647216796875,151.9834442138672,125.85371398925781,142.64419555664062,219.2874755859375,training,0.3110828995704651,1
184,132.12217712402344,263.5054931640625,126.69024658203125,256.0007019042969,214.1658172607422,training,0.951765775680542,1
185,132.4528350830078,60.95474624633789,126.06898498535156,51.6465950012207,138.59654235839844,training,1.8116647005081177,1
186,133.26327514648438,446.8809509277344,130.63426208496094,443.8966064453125,206.6688232421875,training,0.43754658102989197,1
187,133.32717895507812,451.57952880859375,130.80799865722656,448.5912780761719,152.88885498046875,training,0.5434709191322327,1
188,133.57716369628906,298.1600036621094,129.1590576171875,291.85552978515625,143.16773986816406,training,0.35784417390823364,1
189,133.83155822753906,361.6678771972656,130.0028839111328,357.683349609375,93.49331665039062,training,0.6142691373825073,1
190,134.04559326171875,398.6059875488281,130.68740844726562,395.2626037597656,222.17335510253906,training,0.48050275444984436,1
191,134.0946807861328,338.0689697265625,131.020263671875,333.13043212890625,169.57594299316406,training,1.0349059104919434,1
192,135.6452178955078,133.91151428222656,129.11181640625,124.65321350097656,164.1889190673828,training,0.44788438081741333,1
193,136.3456573486328,248.12196350097656,131.43405151367188,240.58534240722656,205.83731079101562,training,0.5697727799415588,1
194,136.7007293701172,187.6688690185547,132.61659240722656,178.49551391601562,162.43460083007812,training,1.7371206283569336,1
195,136.91160583496094,422.1839904785156,134.6438751220703,419.1197814941406,154.3146209716797,training,0.9490054845809937,1
196,137.20889282226562,290.1529541015625,132.23489379882812,283.9849853515625,256.060546875,training,0.4695279002189636,1
197,138.1766357421875,315.6570739746094,134.3101348876953,309.9097900390625,129.93460083007812,training,0.45700979232788086,1
198,139.2542266845703,427.3056335449219,136.4645538330078,424.841064453125,120.3494873046875,training,0.6959050893783569,1
199,140.49603271484375,227.0643310546875,134.54104614257812,219.38876342773438,166.14752197265625,training,0.9318144917488098,1
200,141.13800048828125,273.13397216796875,136.3095245361328,266.3247985839844,178.97764587402344,training,0.5190864205360413,1
201,141.56190490722656,126.80829620361328,134.81723022460938,117.57450866699219,191.56982421875,training,0.7046065330505371,1
202,143.567138671875,451.13299560546875,140.819091796875,449.12054443359375,198.7410430908203,training,0.4772724509239197,1
203,143.86761474609375,391.1720886230469,140.8575897216797,388.17401123046875,177.4006805419922,training,0.847636342048645,1
204,144.5419921875,306.6820068359375,140.19744873046875,301.0084228515625,127.37739562988281,training,0.18035730719566345,1
205,144.97035217285156,111.35675048828125,138.61607360839844,102.63471221923828,166.96107482910156,training,1.005378007888794,1
206,145.24569702148438,154.52859497070312,138.65611267089844,145.9603271484375,192.64474487304688,training,0.8901588916778564,1
207,145.29220581054688,323.9942321777344,141.8191375732422,318.9302978515625,147.95945739746094,training,0.5609609484672546,1
208,145.9288330078125,373.06195068359375,142.65016174316406,369.9771423339844,134.11935424804688,training,1.049062728881836,1
209,146.24273681640625,52.289031982421875,139.87155151367188,43.32441329956055,188.24452209472656,training,2.0113730430603027,1
210,146.29469299316406,412.0670166015625,143.7073974609375,409.5072021484375,155.29971313476562,training,0.8857520222663879,1
211,146.62086486816406,286.2578430175781,141.987060546875,280.25701904296875,93.10209655761719,training,0.2622443735599518,1
212,146.6227569580078,310.1009216308594,142.83738708496094,304.4805603027344,140.3638153076172,training,0.39910390973091125,1
213,146.95509338378906,268.64276123046875,141.87960815429688,261.9941101074219,209.60438537597656,training,0.6253231763839722,1
214,147.2356719970703,103.01058959960938,140.95089721679688,94.50447082519531,180.1249542236328,training,1.336991310119629,1
215,147.28671264648438,375.5223388671875,144.47283935546875,372.4598388671875,121.53600311279297,training,1.1649154424667358,1
216,148.4454803466797,113.91468811035156,141.2841796875,105.76110076904297,156.13134765625,training,1.7973337173461914,1
217,148.53579711914062,345.9904479980469,145.00291442871094,342.0730285644531,97.46281433105469,training,0.7423244714736938,1
218,149.2732391357422,277.8598327636719,145.07630920410156,271.37188720703125,118.26242065429688,training,0.4714842438697815,1
219,149.32408142089844,348.5453186035156,146.2956085205078,344.66485595703125,93.00537872314453,training,0.9556096792221069,1
220,149.610595703125,74.04914093017578,143.06021118164062,65.88377380371094,165.8402862548828,training,2.2466447353363037,1
221,149.72169494628906,176.4091033935547,145.07040405273438,168.04522705078125,153.32318115234375,training,0.7820412516593933,1
222,150.54225158691406,393.2973937988281,148.3558349609375,390.6003723144531,184.05433654785156,training,1.365812063217163,1
223,151.39242553710938,261.8692626953125,146.3130340576172,255.1813201904297,171.45553588867188,training,0.6357015371322632,1
224,152.24032592773438,419.33428955078125,149.5574493408203,417.2764892578125,169.95294189453125,training,0.9644190073013306,1
225,152.4510498046875,397.9442138671875,150.00563049316406,395.4991455078125,190.428466796875,training,1.2174217700958252,1
226,152.46646118164062,267.4267272949219,148.0444793701172,260.6557312011719,193.13467407226562,training,0.5469995737075806,1
227,152.49256896972656,344.77935791015625,149.19677734375,340.9147644042969,100.99009704589844,training,0.8062342405319214,1
228,152.8242645263672,272.5478820800781,148.98036193847656,265.81231689453125,115.75836944580078,training,0.8362166881561279,1
229,153.8036651611328,117.1953125,147.5304718017578,108.65962982177734,172.34268188476562,training,0.930194079875946,1
230,154.4315948486328,455.8815002441406,152.71836853027344,454.0936279296875,172.91326904296875,training,0.8965423107147217,1
231,155.16717529296875,375.75115966796875,151.86639404296875,373.1036071777344,138.14846801757812,training,1.2107410430908203,1
232,155.22410583496094,434.82183837890625,153.69479370117188,432.6791687011719,185.9031982421875,training,1.2774361371994019,1
233,156.3970947265625,299.9509582519531,152.44473266601562,294.497314453125,162.84962463378906,training,0.10159052908420563,1
234,156.9443817138672,207.73377990722656,151.7216796875,199.59027099609375,207.14004516601562,training,0.7796144485473633,1
235,157.53697204589844,307.6684265136719,153.41136169433594,302.4059753417969,147.97634887695312,training,0.170898899435997,1
236,157.5880584716797,378.43212890625,154.76988220214844,376.0930480957031,125.83322143554688,training,1.4748530387878418,1
237,158.2959442138672,81.47706604003906,152.6817626953125,72.57276153564453,175.2369842529297,training,1.3110584020614624,1
238,158.61390686035156,326.90252685546875,155.20822143554688,322.4475402832031,133.244140625,training,0.5028385519981384,1
239,159.16983032226562,290.4229736328125,155.18685913085938,284.55084228515625,106.79887390136719,training,0.2982002794742584,1
240,159.2998809814453,279.00909423828125,154.5124053955078,273.27386474609375,199.19085693359375,training,0.5878292918205261,1
241,159.6146240234375,148.08197021484375,152.69375610351562,139.85279846191406,210.0333251953125,training,1.4594433307647705,1
242,159.73287963867188,304.9312744140625,155.1422882080078,300.0638427734375,142.75152587890625,training,0.7676486372947693,1
243,159.77320861816406,145.07525634765625,154.4703826904297,136.9896240234375,164.0640106201172,training,0.6458960771560669,1
244,161.4759063720703,357.03045654296875,158.1578369140625,354.4196472167969,162.01234436035156,training,1.5184152126312256,1
245,161.51272583007812,320.1749572753906,158.25576782226562,315.2550354003906,145.35130310058594,training,0.49644148349761963,1
246,161.62669372558594,419.9462890625,159.67442321777344,418.0828857421875,165.1665802001953,training,1.217101812362671,1
247,161.955078125,260.61627197265625,157.33432006835938,253.6845245361328,175.23983764648438,training,0.8062666058540344,1
248,162.42001342773438,198.73562622070312,157.5621337890625,190.9458770751953,164.77560424804688,training,0.31884872913360596,1
249,162.98121643066406,169.56088256835938,157.8592071533203,161.5618133544922,162.7574920654297,training,0.1502569168806076,1
250,163.5629119873047,359.58428955078125,160.6636505126953,356.8050231933594,169.1242218017578,training,1.3195979595184326,1
251,163.95590209960938,202.57850646972656,158.59036254882812,194.89218139648438,147.64146423339844,training,0.5729531645774841,1
252,164.00515747070312,253.8513946533203,159.41159057617188,246.50942993164062,142.6218719482422,training,1.0877339839935303,1
253,164.32791137695312,377.7142028808594,162.0374755859375,375.3429260253906,151.39683532714844,training,1.506981372833252,1
254,164.5838623046875,332.64581298828125,160.93760681152344,329.01470947265625,186.8983612060547,training,0.9561079740524292,1
255,164.59458923339844,422.4456481933594,161.28762817382812,421.4629211425781,155.57635498046875,training,1.8020340204238892,1
256,164.69422912597656,279.9725036621094,160.30844116210938,274.09173583984375,172.2382049560547,training,0.33862578868865967,1
257,164.94577026367188,266.09130859375,160.3423614501953,259.5054931640625,137.77880859375,training,0.6972662210464478,1
258,164.9744415283203,342.55389404296875,161.90765380859375,339.17254638671875,135.60604858398438,training,1.0600780248641968,1
259,165.03326416015625,272.4696960449219,160.59425354003906,266.3525085449219,203.2117156982422,training,0.3768226206302643,1
260,165.22755432128906,66.38478088378906,159.21656799316406,58.01185989379883,152.0592041015625,training,1.891538143157959,1
261,165.884521484375,381.0079040527344,163.06991577148438,379.25384521484375,135.4769287109375,training,1.7882933616638184,1
262,165.9510040283203,293.57470703125,162.3948211669922,288.0227355957031,127.07084655761719,training,0.41256263852119446,1
263,166.0901641845703,71.55437469482422,160.47315979003906,62.53137969970703,203.7891082763672,training,1.2275047302246094,1
264,166.4720001220703,425.8725280761719,165.1377410888672,424.9917297363281,160.42755126953125,training,2.0987699031829834,1
265,166.8695526123047,441.6282043457031,164.73876953125,440.4378662109375,160.72335815429688,training,1.0651841163635254,1
266,166.8695526123047,441.6282043457031,164.73876953125,440.4378662109375,154.96450805664062,training,1.0651841163635254,1
267,167.0698699951172,40.99433517456055,159.67234802246094,31.471433639526367,143.50958251953125,training,1.5562371015548706,1
268,167.72650146484375,191.2445526123047,162.8092498779297,183.39463806152344,202.93348693847656,training,0.3136484622955322,1
269,168.05853271484375,76.71611022949219,162.39918518066406,68.0340347290039,156.75457763671875,training,1.355086088180542,1
270,168.07064819335938,366.756591796875,166.1752166748047,363.9716796875,193.132080078125,training,1.6126718521118164,1
271,168.1651611328125,314.4981384277344,164.4573211669922,309.68878173828125,131.1106414794922,training,0.09162930399179459,1
272,168.32257080078125,163.16677856445312,163.6490020751953,155.48426818847656,163.2176513671875,training,0.6853255033493042,1
273,168.64532470703125,411.4625549316406,167.22845458984375,409.4931640625,174.7598419189453,training,1.5400663614273071,1
274,168.649658203125,102.98464965820312,163.66452026367188,94.35874938964844,156.61737060546875,training,1.1213221549987793,1
275,168.7424774169922,385.4465026855469,165.70285034179688,383.88946533203125,146.34547424316406,training,1.8166617155075073,1
276,168.81796264648438,240.73794555664062,164.53079223632812,233.30526733398438,161.42491149902344,training,0.9825040102005005,1
277,169.96002197265625,105.9605941772461,164.68106079101562,97.54833984375,141.0283660888672,training,1.009771466255188,1
278,170.58828735351562,464.650146484375,169.0458526611328,463.54229736328125,191.9739532470703,training,0.7960692644119263,1
279,171.13624572753906,318.38360595703125,167.85171508789062,313.8736267089844,162.9018096923828,training,0.3888602554798126,1
280,171.28732299804688,363.77777099609375,168.5189666748047,361.4866638183594,199.03265380859375,training,1.5339311361312866,1
281,172.34791564941406,271.3494567871094,168.15252685546875,264.9678955078125,123.4139404296875,training,0.6685569286346436,1
282,173.1343231201172,77.96088409423828,167.11227416992188,69.57324981689453,201.02984619140625,training,1.455876111984253,1
283,173.16249084472656,214.26304626464844,168.9164276123047,206.6796417236328,181.63699340820312,training,0.7369360327720642,1
284,173.4866485595703,173.79751586914062,168.7301025390625,166.09861755371094,141.81326293945312,training,0.25358498096466064,1
285,174.00697326660156,80.58785247802734,168.5513916015625,72.159423828125,169.66436767578125,training,1.4174224138259888,1
286,174.6625518798828,336.0929260253906,171.0288543701172,332.6849365234375,156.1665802001953,training,0.9413265585899353,1
287,174.94309997558594,241.4542694091797,170.08102416992188,234.02407836914062,156.4129180908203,training,1.253429651260376,1
288,175.70266723632812,439.33172607421875,173.86587524414062,438.75543212890625,212.47824096679688,training,1.568785548210144,1
289,176.01437377929688,331.9728088378906,172.9796600341797,328.18438720703125,129.69964599609375,training,0.6596114635467529,1
290,176.58982849121094,119.8792724609375,170.88682556152344,112.27535247802734,171.7323455810547,training,1.2931263446807861,1
291,176.7414093017578,128.2375946044922,170.56768798828125,120.6144790649414,139.19410705566406,training,1.3292415142059326,1
292,176.7414093017578,128.2375946044922,170.56768798828125,120.6144790649414,130.9389190673828,training,1.3292415142059326,1
293,177.4745330810547,154.0703125,173.38589477539062,146.82276916503906,191.27728271484375,training,1.352858543395996,1
294,177.9913330078125,411.8128356933594,176.52813720703125,410.88055419921875,126.36455535888672,training,1.9902771711349487,1
295,178.6725311279297,344.2026062011719,175.74908447265625,341.0509338378906,175.9346466064453,training,0.93328857421875,1
296,178.8675079345703,300.55364990234375,175.2786865234375,295.6943054199219,155.1676483154297,training,0.11944491416215897,1
297,178.90689086914062,277.3851623535156,174.49795532226562,272.1987609863281,149.18780517578125,training,0.6255966424942017,1
298,180.50247192382812,223.11831665039062,176.0125732421875,215.67730712890625,144.6305694580078,training,0.8567543029785156,1
299,180.78402709960938,417.8096923828125,179.54452514648438,417.1114807128906,120.066650390625,training,2.091101884841919,1
300,180.81622314453125,263.5382385253906,176.65110778808594,257.1679992675781,117.09397888183594,training,0.6795562505722046,1
301,181.5174560546875,389.99652099609375,179.48587036132812,388.66094970703125,146.7037811279297,training,1.7942767143249512,1
302,181.66787719726562,353.9516296386719,179.26324462890625,351.56097412109375,204.1739501953125,training,1.5216912031173706,1
303,182.25942993164062,239.21083068847656,177.61630249023438,231.92662048339844,173.54537963867188,training,1.1703824996948242,1
304,184.54249572753906,330.0359802246094,181.886474609375,326.500244140625,157.3308563232422,training,0.8905172944068909,1
305,185.383544921875,321.8333740234375,182.40200805664062,317.59869384765625,135.21095275878906,training,0.33590832352638245,1
306,185.96653747558594,197.3427276611328,180.9204559326172,190.0919189453125,190.23931884765625,training,0.5713606476783752,1
307,186.26583862304688,298.8276062011719,182.84152221679688,293.880126953125,196.26002502441406,training,0.11281250417232513,1
308,186.26583862304688,298.8276062011719,182.84152221679688,293.880126953125,240.81735229492188,training,0.11281250417232513,1
309,186.87559509277344,325.72186279296875,183.93861389160156,321.9908752441406,127.22814178466797,training,0.6086329817771912,1
310,187.18690490722656,267.0892028808594,183.1806640625,260.8153381347656,187.57931518554688,training,0.7848570942878723,1
311,187.68406677246094,346.1832580566406,184.99542236328125,343.0718078613281,169.93821716308594,training,0.7710347175598145,1
312,188.50743103027344,447.1485595703125,187.15870666503906,446.5184020996094,181.79383850097656,training,1.1901699304580688,1
313,189.31857299804688,443.397216796875,189.1555633544922,443.033935546875,210.35922241210938,training,2.2680976390838623,1
314,189.68930053710938,151.13754272460938,184.7772979736328,144.239990234375,180.3108367919922,training,1.0427098274230957,1
315,189.8545379638672,393.8559265136719,188.3499755859375,392.9377136230469,145.7978057861328,training,2.079327344894409,1
316,189.95941162109375,105.7978286743164,184.7979278564453,98.25209045410156,182.43080139160156,training,1.3709118366241455,1
317,190.18084716796875,373.32415771484375,187.6735076904297,371.91033935546875,137.10215759277344,training,1.7833681106567383,1
318,191.38998413085938,83.17061614990234,186.3291473388672,75.12932586669922,191.75765991210938,training,1.4059102535247803,1
319,192.4624481201172,193.9486541748047,188.07484436035156,187.356201171875,154.49595642089844,training,0.3795384168624878,1
320,192.6533660888672,277.1018981933594,188.9829559326172,271.6045227050781,128.6468048095703,training,0.31588441133499146,1
321,192.8960723876953,87.25706481933594,188.19065856933594,79.5321273803711,104.85227966308594,training,1.7040477991104126,1
322,193.4372100830078,245.73638916015625,189.20787048339844,239.25242614746094,202.3660125732422,training,0.7234235405921936,1
323,193.631103515625,260.92828369140625,189.91275024414062,254.38417053222656,144.6098175048828,training,1.0276541709899902,1
324,194.25698852539062,271.1933898925781,191.037353515625,265.1092224121094,177.60911560058594,training,0.8939154148101807,1
325,194.6912078857422,79.65885925292969,189.5970458984375,71.51013946533203,187.55532836914062,training,1.2904881238937378,1
326,195.13833618164062,359.3154602050781,193.18002319335938,357.1721496582031,153.50244140625,training,1.457245111465454,1
327,195.16171264648438,282.43634033203125,191.85462951660156,277.2220458984375,177.1044921875,training,0.2620445489883423,1
328,195.30686950683594,346.73541259765625,192.95201110839844,344.1797180175781,170.6311798095703,training,1.198934555053711,1
329,195.50225830078125,187.4219512939453,190.1125030517578,181.13856506347656,150.2897186279297,training,1.2213133573532104,1
330,196.14129638671875,286.716064453125,192.7855682373047,281.6959228515625,180.10275268554688,training,0.12773273885250092,1
331,196.5532684326172,215.8187255859375,192.09043884277344,208.79994201660156,131.55227661132812,training,0.6853675246238708,1
332,197.29173278808594,375.3612060546875,195.1464385986328,374.23974609375,175.86073303222656,training,1.9146085977554321,1
333,198.0207977294922,290.6405334472656,195.0247344970703,285.58709716796875,211.2273712158203,training,0.44198477268218994,1
334,198.8253936767578,308.0657653808594,195.2281951904297,303.9974365234375,141.77093505859375,training,0.5492057800292969,1
335,198.86846923828125,412.2049865722656,196.7615509033203,412.2388000488281,211.09002685546875,training,2.214988946914673,1
336,199.10614013671875,379.9273376464844,197.89157104492188,378.8335266113281,141.3966064453125,training,2.1516122817993164,1
337,199.41685485839844,327.16748046875,196.64537048339844,323.9629821777344,154.99354553222656,training,0.8021275401115417,1
338,199.51390075683594,255.15054321289062,195.25775146484375,249.0751953125,104.67091369628906,training,0.8009215593338013,1
339,200.09756469726562,312.5334777832031,197.3726043701172,308.58416748046875,116.00431060791016,training,0.49673226475715637,1
340,200.55101013183594,257.9333801269531,196.905517578125,251.94761657714844,188.16748046875,training,0.5478234887123108,1
341,200.8939666748047,158.7114715576172,195.79759216308594,152.15576171875,169.2512969970703,training,1.1002620458602905,1
342,201.88282775878906,297.1331787109375,199.08013916015625,293.0514831542969,204.9512176513672,training,0.6416517496109009,1
343,201.973388671875,247.5355224609375,197.90211486816406,241.4055633544922,154.48300170898438,training,0.6164972186088562,1
344,202.53477478027344,294.42236328125,199.703369140625,289.92755126953125,150.1798858642578,training,0.4160521328449249,1
345,202.7992706298828,182.6772003173828,198.94677734375,176.2313995361328,113.39311981201172,training,0.7392293214797974,1
346,203.04896545410156,161.26446533203125,198.8961639404297,154.4903106689453,126.3526840209961,training,0.785586953163147,1
347,203.3546905517578,174.37884521484375,199.3370819091797,167.67855834960938,162.0894775390625,training,0.6114295721054077,1
348,203.5246124267578,349.51202392578125,201.64813232421875,346.9909973144531,172.31947326660156,training,1.192806601524353,1
349,203.75909423828125,288.16156005859375,200.76368713378906,283.622314453125,91.2249984741211,training,0.3310689926147461,1
350,203.84877014160156,250.34634399414062,200.2376708984375,244.52813720703125,137.95651245117188,training,0.2881312966346741,1
351,204.4884490966797,270.0482482910156,201.07553100585938,264.5763244628906,165.96385192871094,training,0.37401971220970154,1
352,204.50656127929688,236.17572021484375,200.65631103515625,229.98997497558594,142.9160614013672,training,0.3724454939365387,1
353,204.59860229492188,291.26123046875,201.8026885986328,287.06842041015625,198.7510986328125,training,0.6196164488792419,1
354,204.98683166503906,164.7174835205078,201.16200256347656,157.75033569335938,163.0,training,0.7542139291763306,1
355,205.43687438964844,305.5341491699219,202.63368225097656,302.2001647949219,196.51463317871094,training,1.0212337970733643,1
356,206.33389282226562,415.7037048339844,205.97596740722656,415.8674011230469,231.047607421875,training,2.6421642303466797,1
357,206.71368408203125,84.14601135253906,201.43521118164062,76.62460327148438,189.171875,training,1.4980324506759644,1
358,207.1449432373047,286.5256652832031,204.50315856933594,282.2720947265625,135.8271026611328,training,0.7256778478622437,1
359,207.76573181152344,175.97984313964844,203.63429260253906,169.5993194580078,185.04054260253906,training,0.6833551526069641,1
360,207.89205932617188,87.46015167236328,203.23240661621094,79.91630554199219,202.51913452148438,training,1.4833446741104126,1
361,208.08253479003906,337.9796447753906,205.9119873046875,335.0447998046875,192.9585418701172,training,0.8218931555747986,1
362,208.22340393066406,355.1095886230469,206.42198181152344,352.90216064453125,200.43951416015625,training,1.2258073091506958,1
363,208.81094360351562,407.1532287597656,208.00428771972656,406.97918701171875,141.47792053222656,training,2.2407822608947754,1
364,210.01165771484375,433.4949951171875,210.0499725341797,433.81732177734375,149.58274841308594,training,2.510319948196411,1
365,210.01165771484375,433.4949951171875,210.0499725341797,433.81732177734375,137.9420166015625,training,2.510319948196411,1
366,210.5321502685547,240.87742614746094,206.8484649658203,234.87771606445312,116.91877746582031,training,0.4092259407043457,1
367,210.66697692871094,350.5248718261719,209.24952697753906,347.8708190917969,132.5254669189453,training,1.2470890283584595,1
368,211.13450622558594,213.88345336914062,206.38516235351562,207.83920288085938,189.45712280273438,training,0.8846762776374817,1
369,211.18304443359375,277.99139404296875,207.5789031982422,273.27752685546875,154.95159912109375,training,0.3837644159793854,1
370,211.74191284179688,404.5316162109375,211.0479278564453,404.52801513671875,180.00555419921875,training,2.4257805347442627,1
371,211.74191284179688,404.5316162109375,211.0479278564453,404.52801513671875,127.3342056274414,training,2.4257805347442627,1
372,211.7532196044922,343.17327880859375,209.03170776367188,340.6780090332031,183.55380249023438,training,0.907501757144928,1
373,212.40469360351562,353.88763427734375,210.46746826171875,351.6767578125,125.75373077392578,training,1.064234972000122,1
374,213.37100219726562,260.9977722167969,209.5680389404297,255.9298553466797,176.87283325195312,training,0.44786593317985535,1
375,213.37100219726562,260.9977722167969,209.5680389404297,255.9298553466797,159.7560577392578,training,0.44786593317985535,1
376,213.79391479492188,438.9239196777344,212.79989624023438,440.30810546875,191.0811309814453,training,2.7478866577148438,1
377,213.86395263671875,266.19171142578125,211.06253051757812,261.0268859863281,108.8760757446289,training,0.5247477293014526,1
378,214.70883178710938,389.3934631347656,213.80618286132812,388.8968200683594,115.26057434082031,training,2.1694438457489014,1
379,214.93528747558594,232.38722229003906,211.06927490234375,226.37217712402344,119.07980346679688,training,0.41345271468162537,1
380,215.0362548828125,225.77835083007812,212.8533172607422,219.2765655517578,189.4439239501953,training,1.6410938501358032,1
381,216.36790466308594,235.33546447753906,212.8560791015625,229.65626525878906,176.79083251953125,training,0.09581582248210907,1
382,217.44989013671875,207.50706481933594,213.60989379882812,201.63450622558594,152.17095947265625,training,0.29473572969436646,1
383,218.85223388671875,147.3190155029297,214.05377197265625,141.1676025390625,168.0684356689453,training,1.333457350730896,1
384,218.92620849609375,261.52239990234375,215.96826171875,256.693603515625,135.71661376953125,training,0.3266402781009674,1
385,219.1619873046875,364.30914306640625,217.19696044921875,362.5355529785156,183.8423309326172,training,1.041118860244751,1
386,219.35968017578125,242.0168914794922,216.3546905517578,236.27716064453125,149.32179260253906,training,0.552337110042572,1
387,220.93150329589844,369.1693115234375,220.0952911376953,367.4007263183594,170.34671020507812,training,1.5608444213867188,1
388,221.03802490234375,252.33013916015625,217.64988708496094,247.149658203125,167.63650512695312,training,0.10086783766746521,1
389,221.52732849121094,284.42431640625,219.19427490234375,280.330810546875,99.89494323730469,training,0.7224143147468567,1
390,221.65274047851562,245.11074829101562,218.51553344726562,239.74057006835938,131.0801239013672,training,0.23968921601772308,1
391,221.8811492919922,401.9924011230469,221.0684356689453,402.1393127441406,136.86123657226562,training,2.2871057987213135,1
392,222.00108337402344,264.1767883300781,219.1589813232422,259.5926818847656,137.0875701904297,training,0.42348578572273254,1
393,222.38523864746094,152.00721740722656,218.38116455078125,145.59837341308594,121.71277618408203,training,0.8836709856987,1
394,222.405029296875,420.4489440917969,221.56350708007812,420.9598083496094,173.90802001953125,training,2.1635568141937256,1
395,223.10552978515625,162.61366271972656,219.07057189941406,156.42532348632812,96.09370422363281,training,0.8286514282226562,1
396,223.98455810546875,165.58900451660156,220.01036071777344,159.7938232421875,121.09087371826172,training,1.1393228769302368,1
397,224.3635711669922,275.6967468261719,221.74185180664062,271.8321228027344,131.42678833007812,training,0.7994749546051025,1
398,224.83314514160156,87.85221862792969,220.4941864013672,80.57515716552734,217.57757568359375,training,1.3972538709640503,1
399,226.48545837402344,348.89080810546875,224.39010620117188,346.66387939453125,182.2909698486328,training,0.7481235265731812,1
400,226.5189971923828,382.91448974609375,225.0803985595703,382.1690673828125,167.22140502929688,training,1.556488037109375,1
401,226.71792602539062,430.3990783691406,226.76058959960938,431.4624938964844,183.49114990234375,training,2.7024028301239014,1
402,227.61737060546875,352.2171936035156,226.09080505371094,349.9384460449219,105.8583984375,training,0.8734549283981323,1
403,227.94483947753906,248.2241668701172,224.9144744873047,243.13043212890625,121.47427368164062,training,0.17694734036922455,1
404,228.5618133544922,434.9578857421875,229.00030517578125,435.26495361328125,203.1551055908203,training,2.244098663330078,1
405,229.35948181152344,263.8190612792969,226.70175170898438,259.4613342285156,113.6133804321289,training,0.5145840048789978,1
406,229.54232788085938,373.8028564453125,228.37168884277344,372.6633605957031,163.10426330566406,training,1.4384162425994873,1
407,229.75628662109375,194.03883361816406,227.71975708007812,187.8076934814453,153.1306610107422,training,1.6796019077301025,1
408,230.91444396972656,252.66287231445312,228.5181884765625,247.49119567871094,163.11346435546875,training,0.7508241534233093,1
409,231.82862854003906,197.10443115234375,229.03431701660156,191.501708984375,182.8906707763672,training,0.9820258021354675,1
410,233.47720336914062,158.69845581054688,229.9228057861328,152.69825744628906,108.24047088623047,training,0.9840337038040161,1
411,233.47720336914062,158.69845581054688,229.9228057861328,152.69825744628906,141.90489196777344,training,0.9840337038040161,1
412,233.57937622070312,396.78790283203125,232.8353271484375,396.89959716796875,114.98260498046875,training,2.094482898712158,1
413,234.04888916015625,237.95167541503906,231.8105010986328,232.4867706298828,205.70852661132812,training,0.998004138469696,1
414,235.3293914794922,372.32257080078125,234.07391357421875,371.0677795410156,180.947509765625,training,1.1724650859832764,1
415,235.43519592285156,345.938720703125,234.0620880126953,343.43731689453125,103.93748474121094,training,0.7882384061813354,1
416,235.4578857421875,238.4655303955078,226.84854125976562,236.82485961914062,231.96766662597656,training,6.472439765930176,0
417,235.81655883789062,421.6408996582031,235.30784606933594,423.2845764160156,185.310546875,training,2.975123643875122,1
418,237.36715698242188,162.97500610351562,233.42572021484375,157.3363037109375,148.54629516601562,training,1.0695449113845825,1
419,237.45809936523438,359.05999755859375,236.3650665283203,357.21636962890625,152.11508178710938,training,1.0639033317565918,1
420,237.85574340820312,301.12066650390625,232.5112762451172,302.30413818359375,173.71240234375,training,5.700401782989502,0
421,238.1558837890625,275.4552917480469,235.69619750976562,271.94464111328125,99.46858978271484,training,0.8282563090324402,1
422,240.54489135742188,392.7087707519531,240.098876953125,392.4946594238281,153.3525390625,heldout,1.863826870918274,1
423,241.2801971435547,190.81982421875,239.2421875,185.14501953125,126.88577270507812,training,1.5323368310928345,1
424,242.6011199951172,364.0628967285156,241.16477966308594,362.7057800292969,125.5189208984375,heldout,1.0065213441848755,1
425,242.82919311523438,410.79443359375,241.9329071044922,411.3039245605469,143.91664123535156,training,1.8587278127670288,1
426,242.832763671875,273.8595275878906,240.8047637939453,270.1952819824219,56.73623275756836,heldout,0.8512032628059387,1
427,243.48968505859375,264.49700927734375,241.52207946777344,260.4317932128906,62.793312072753906,heldout,0.8539866805076599,1
428,243.57138061523438,230.89266967773438,240.7974090576172,225.85084533691406,180.4438934326172,heldout,0.32076719403266907,1
429,244.00128173828125,104.18595886230469,240.2819061279297,97.69712829589844,166.84722900390625,training,1.4750001430511475,1
430,244.83273315429688,384.96240234375,243.78358459472656,384.54730224609375,138.2859344482422,heldout,1.4761980772018433,1
431,244.99685668945312,179.48052978515625,241.5876007080078,174.5098876953125,204.02206420898438,training,1.2374149560928345,1
432,245.17967224121094,340.0717468261719,243.76576232910156,337.9322204589844,159.51174926757812,heldout,0.8297258615493774,1
433,245.41314697265625,110.59403228759766,241.16720581054688,105.23560333251953,139.51344299316406,training,2.3002614974975586,1
434,245.49281311035156,264.11749267578125,244.6469268798828,260.0562744140625,195.54794311523438,heldout,1.8938255310058594,1
435,245.77415466308594,319.3634033203125,247.04132080078125,319.6041259765625,137.55726623535156,heldout,4.849107265472412,0
436,246.13926696777344,205.3485107421875,242.88143920898438,201.2238311767578,158.10122680664062,heldout,1.497667670249939,1
437,248.64459228515625,356.8939514160156,248.117919921875,354.7342224121094,147.09521484375,heldout,1.2080291509628296,1
438,248.64459228515625,356.8939514160156,248.117919921875,354.7342224121094,161.1396942138672,heldout,1.2080291509628296,1
439,249.55152893066406,100.02281951904297,246.11195373535156,93.70066833496094,200.94029235839844,training,1.6998181343078613,1
440,249.857666015625,386.7433166503906,249.26795959472656,386.58526611328125,207.56686401367188,heldout,1.7195147275924683,1
441,250.15208435058594,339.41729736328125,248.9359130859375,337.03680419921875,132.97744750976562,heldout,0.717032790184021,1
442,250.3334197998047,218.9431610107422,247.80374145507812,213.9951171875,187.3312530517578,heldout,0.619662880897522,1
443,250.62673950195312,175.12704467773438,247.93605041503906,170.0015106201172,90.0333251953125,training,1.3292442560195923,1
444,250.6432342529297,203.47340393066406,247.6451873779297,199.1160125732422,141.17010498046875,heldout,1.2325462102890015,1
445,251.5172119140625,148.96539306640625,248.384521484375,143.41226196289062,108.39741516113281,training,1.3163148164749146,1
446,252.22373962402344,264.4717102050781,250.48460388183594,260.15484619140625,162.49307250976562,heldout,0.845202624797821,1
447,252.4853515625,355.7151184082031,251.3885955810547,354.1150207519531,76.1249008178711,heldout,0.8854011297225952,1
448,252.4853515625,355.7151184082031,251.3885955810547,354.1150207519531,100.76209259033203,heldout,0.8854011297225952,1
449,252.8513946533203,151.32308959960938,249.91766357421875,145.99285888671875,102.1175765991211,training,1.5162625312805176,1
450,252.95089721679688,247.2364044189453,250.76559448242188,243.03802490234375,123.49089050292969,heldout,0.6774368286132812,1
451,253.19288635253906,349.5574645996094,252.11868286132812,347.5230712890625,124.47891235351562,heldout,0.7320062518119812,1
452,254.3271484375,223.44659423828125,252.1848907470703,218.93142700195312,168.11007690429688,heldout,0.9799347519874573,1
453,254.61521911621094,253.1563262939453,252.3064727783203,249.25238037109375,125.76565551757812,heldout,0.6240501999855042,1
454,257.5061340332031,200.84385681152344,255.4635009765625,196.35731506347656,236.0804901123047,heldout,1.4667690992355347,1
455,260.0019226074219,245.04586791992188,258.64263916015625,240.9971160888672,205.4409942626953,heldout,1.3420414924621582,1
456,260.1176452636719,383.95098876953125,258.7815856933594,383.96453857421875,154.98709106445312,heldout,1.5407752990722656,1
457,260.597900390625,204.53964233398438,258.44866943359375,200.3316192626953,214.36651611328125,heldout,1.4305912256240845,1
458,261.33795166015625,132.3365936279297,258.3683166503906,126.84540557861328,110.97747802734375,training,1.5729377269744873,1
459,262.077880859375,124.99435424804688,259.6484069824219,119.46672058105469,205.80087280273438,training,2.0119354724884033,1
460,262.389892578125,177.2337646484375,259.92822265625,172.607177734375,168.8372039794922,training,1.4931491613388062,1
461,265.22357177734375,252.45420837402344,263.5845947265625,248.43850708007812,239.3616485595703,heldout,0.8401072025299072,1
462,265.37481689453125,115.27351379394531,261.02520751953125,110.70439147949219,194.391357421875,training,2.6315691471099854,1
463,265.7337646484375,336.8346252441406,264.2285461425781,335.27069091796875,206.6760711669922,heldout,0.8543263077735901,1
464,265.7685852050781,371.14898681640625,265.0007019042969,370.7470397949219,186.41351318359375,heldout,1.3670457601547241,1
465,266.9276123046875,253.87632751464844,265.0248107910156,249.9748992919922,218.4147491455078,heldout,0.5651823282241821,1
466,267.4906311035156,171.682373046875,265.1095275878906,167.36692810058594,167.0538787841797,training,1.7936640977859497,1
467,267.7298889160156,357.1285095214844,266.9555358886719,355.8310241699219,182.50753784179688,heldout,0.8654181957244873,1
468,270.4234924316406,113.23235321044922,267.6541748046875,107.69693756103516,196.27276611328125,training,1.8361977338790894,1
469,271.9306640625,362.93157958984375,270.65020751953125,362.159912109375,198.55477905273438,heldout,0.959531843662262,1
470,272.06634521484375,421.5823669433594,271.92578125,423.4399719238281,222.09683227539062,training,2.3823461532592773,1
471,272.44354248046875,140.15916442871094,269.690185546875,135.3638153076172,181.57366943359375,training,1.8120137453079224,1
472,273.3037109375,322.3782958984375,271.9298400878906,320.2145690917969,165.18777465820312,heldout,0.4600833058357239,1
473,273.32623291015625,158.38558959960938,269.6337890625,153.8844757080078,154.19143676757812,training,1.6271600723266602,1
474,273.72772216796875,546.3807373046875,274.9681091308594,548.1478881835938,188.43035888671875,training,0.7389863133430481,1
475,274.2212829589844,325.6217346191406,273.017333984375,323.16998291015625,177.54718017578125,heldout,0.3440786898136139,1
476,274.8448181152344,412.1101989746094,274.9081726074219,413.269775390625,196.92384338378906,training,1.9236109256744385,1
477,275.4527282714844,209.78195190429688,273.12115478515625,205.54818725585938,101.39033508300781,heldout,0.7759074568748474,1
478,276.209716796875,167.32215881347656,274.8529968261719,162.58148193359375,136.143310546875,training,2.0449740886688232,1
479,276.38958740234375,463.9596862792969,276.8263244628906,466.0465087890625,198.87181091308594,training,1.6636929512023926,1
480,277.49224853515625,567.83984375,278.7702331542969,570.3626098632812,173.25991821289062,training,0.4072183072566986,1
481,278.8002624511719,367.1166687011719,277.7646789550781,366.21063232421875,162.5546112060547,heldout,0.5924277901649475,1
482,280.9911193847656,102.10118103027344,278.28961181640625,96.82177734375,214.12379455566406,training,2.064389705657959,1
483,281.6449890136719,348.4189147949219,281.0833740234375,346.8693542480469,111.36426544189453,heldout,0.6796146035194397,1
484,282.9297180175781,430.7621154785156,283.3392028808594,432.7306213378906,200.07247924804688,training,2.153503894805908,1
485,283.07220458984375,363.43701171875,282.47491455078125,362.3916320800781,165.73472595214844,heldout,0.5982918739318848,1
486,283.0923156738281,560.37890625,284.80523681640625,563.062255859375,187.18707275390625,training,0.7363048791885376,1
487,283.30718994140625,343.0487365722656,282.55242919921875,341.2694396972656,120.8345947265625,heldout,0.4655170738697052,1
488,283.7773132324219,142.01150512695312,280.9202880859375,137.0370635986328,188.07977294921875,training,1.2733540534973145,1
489,283.8314514160156,211.5575408935547,282.0870056152344,207.5172882080078,137.36083984375,heldout,1.0181195735931396,1
490,284.522705078125,154.48753356933594,281.91009521484375,150.00904846191406,172.49058532714844,training,1.5089536905288696,1
491,284.67694091796875,306.958251953125,283.6621398925781,304.1092529296875,192.015625,heldout,0.5528120994567871,1
492,285.05670166015625,220.50221252441406,282.95391845703125,217.45327758789062,169.13604736328125,heldout,1.4780484437942505,1
493,285.5748596191406,176.60531616210938,283.7106018066406,172.17459106445312,168.01785278320312,training,1.3818490505218506,1
494,285.5759582519531,227.94052124023438,283.2767028808594,224.42108154296875,235.4293975830078,heldout,0.8091244697570801,1
495,285.58355712890625,352.31439208984375,285.1783142089844,351.1610107421875,141.48851013183594,heldout,0.8387786746025085,1
496,285.9212951660156,110.37298583984375,283.29876708984375,105.50120544433594,216.09951782226562,training,2.1387593746185303,1
497,286.33935546875,148.2058868408203,285.0663146972656,143.1121368408203,151.98025512695312,training,2.041567802429199,1
498,287.5108337402344,312.5115966796875,286.32952880859375,310.1498718261719,146.75489807128906,heldout,0.2726171612739563,1
499,288.058837890625,340.5926818847656,287.8423156738281,339.1944885253906,182.93714904785156,heldout,1.0322669744491577,1
500,288.28863525390625,530.914306640625,288.9051818847656,533.4182739257812,155.12252807617188,training,0.35286033153533936,1
501,288.28863525390625,530.914306640625,288.9051818847656,533.4182739257812,156.55670166015625,training,0.35286033153533936,1
502,288.3102722167969,548.6611938476562,289.34521484375,551.6809692382812,162.7451934814453,training,0.45523858070373535,1
503,288.3102722167969,548.6611938476562,289.34521484375,551.6809692382812,135.62078857421875,training,0.45523858070373535,1
504,289.4287414550781,163.59539794921875,287.3546447753906,159.21620178222656,128.4095001220703,training,1.4824304580688477,1
505,290.26959228515625,309.60589599609375,289.1830139160156,306.8373718261719,146.41380310058594,heldout,0.4206233620643616,1
506,291.82611083984375,128.4034423828125,289.8523864746094,123.91220092773438,107.39180755615234,training,2.1989328861236572,1
507,292.03289794921875,116.56362915039062,290.4786376953125,111.55419158935547,155.22242736816406,training,2.3459901809692383,1
508,293.0123596191406,444.79510498046875,293.9874267578125,447.1520080566406,184.9080810546875,training,2.1371912956237793,1
509,293.73004150390625,156.16586303710938,291.4595642089844,151.7822723388672,233.25950622558594,training,1.44118070602417,1
510,294.532958984375,581.2867431640625,296.6912536621094,585.2857666015625,207.36923217773438,training,0.965234637260437,1
511,294.54400634765625,352.2542419433594,293.78106689453125,351.3240051269531,172.1946563720703,heldout,0.5759351253509521,1
512,295.5003662109375,330.0731201171875,294.8366394042969,328.0067138671875,181.8378448486328,heldout,0.44911012053489685,1
513,296.73834228515625,397.3379821777344,297.2938232421875,397.52032470703125,164.49012756347656,heldout,1.1632953882217407,1
514,297.2112731933594,213.04139709472656,295.0740051269531,209.71717834472656,187.33926391601562,heldout,1.087361454963684,1
515,297.37615966796875,528.4662475585938,298.44305419921875,531.2498779296875,171.84877014160156,training,0.47725576162338257,1
516,297.97344970703125,321.7673645019531,296.8280029296875,319.8338317871094,97.59098052978516,heldout,0.13856802880764008,1
517,298.4094543457031,553.666259765625,299.9703674316406,557.466552734375,123.15843200683594,training,0.9826200604438782,1
518,299.0149230957031,523.6537475585938,300.2102966308594,526.4229736328125,195.68341064453125,training,0.5844807624816895,1
519,299.4044189453125,557.6263427734375,300.7084045410156,561.830322265625,123.4139404296875,training,1.2143213748931885,1
520,300.13043212890625,533.13916015625,301.50140380859375,536.0892944335938,168.51409912109375,training,0.5788264274597168,1
521,300.39923095703125,114.48118591308594,298.5597839355469,110.39908599853516,223.22410583496094,training,2.7088279724121094,1
522,301.0135498046875,575.0415649414062,303.131591796875,579.32080078125,176.03408813476562,training,1.098311424255371,1
523,301.1837158203125,560.3695068359375,303.9386291503906,563.5146484375,198.511962890625,training,1.4336416721343994,1
524,301.9153137207031,537.3858642578125,303.3694152832031,540.8475341796875,198.2145233154297,training,0.9199235439300537,1
525,301.9195556640625,306.2059020996094,300.88665771484375,303.1551513671875,112.5877456665039,heldout,0.7504211068153381,1
526,302.2252502441406,528.4677734375,303.6463928222656,531.5140991210938,116.2755355834961,training,0.737149715423584,1
527,303.3188781738281,328.3774719238281,301.326416015625,325.8564453125,208.32907104492188,heldout,1.244497537612915,1
528,303.3188781738281,328.3774719238281,301.326416015625,325.8564453125,215.14413452148438,heldout,1.244497537612915,1
529,304.37725830078125,554.4070434570312,305.5959167480469,558.939208984375,198.43386840820312,training,1.511832356452942,1
530,304.5610046386719,318.90264892578125,303.12127685546875,316.8663330078125,171.5634002685547,heldout,0.406415730714798,1
531,305.4196472167969,124.6641616821289,303.0383605957031,120.73169708251953,147.40420532226562,training,2.268256902694702,1
532,305.4678039550781,578.6915893554688,307.58856201171875,583.6212768554688,121.70045471191406,training,1.465293526649475,1
533,305.68426513671875,113.4356460571289,302.8233947753906,109.86363220214844,191.70811462402344,training,2.7940289974212646,1
534,305.71710205078125,321.7349548339844,305.3138732910156,319.3470764160156,137.7969512939453,heldout,0.7508964538574219,1
535,306.2581787109375,127.59566497802734,304.4514465332031,123.66873168945312,112.35212707519531,training,2.3927226066589355,1
536,306.6233825683594,299.9498596191406,305.8652648925781,296.94891357421875,165.30577087402344,heldout,0.7714815139770508,1
537,306.6233825683594,299.9498596191406,305.8652648925781,296.94891357421875,158.7293243408203,heldout,0.7714815139770508,1
538,307.3739013671875,446.93133544921875,309.06854248046875,448.799072265625,214.3874969482422,training,1.7588149309158325,1
539,307.393798828125,160.3832550048828,305.31451416015625,156.10092163085938,101.59232330322266,training,1.1492736339569092,1
540,308.91766357421875,568.0386962890625,311.1466369628906,572.4878540039062,152.9803924560547,training,1.2442899942398071,1
541,309.06976318359375,151.01272583007812,307.1623840332031,147.11090087890625,213.71241760253906,training,1.7429442405700684,1
542,309.69915771484375,314.5743103027344,308.4816589355469,312.232177734375,180.56300354003906,heldout,0.4296894669532776,1
543,309.978271484375,309.3392639160156,308.9579772949219,306.4629211425781,172.96241760253906,heldout,0.7867478728294373,1
544,310.42388916015625,127.06770324707031,308.6053771972656,122.846435546875,189.98947143554688,training,2.0286166667938232,1
545,310.985107421875,225.3040771484375,310.00335693359375,222.1294708251953,149.013427734375,heldout,1.1085163354873657,1
546,311.5245666503906,178.8050994873047,310.07794189453125,174.7710723876953,156.28179931640625,training,1.181399941444397,1
547,312.20562744140625,583.73486328125,314.5575256347656,589.1548461914062,134.0596923828125,training,1.7119640111923218,1
548,312.2671813964844,346.8983459472656,311.8118591308594,345.4757080078125,180.79823303222656,heldout,0.23672111332416534,1
549,312.5578918457031,566.9570922851562,314.57818603515625,571.7759399414062,148.24978637695312,training,1.4205290079116821,1
550,312.6717529296875,438.2880859375,313.68475341796875,440.0049133300781,260.47265625,training,1.2180018424987793,1
551,313.2260437011719,535.15625,315.5416259765625,538.2766723632812,188.7432098388672,training,1.0667685270309448,1
552,313.8213195800781,586.4554443359375,316.1078186035156,591.4750366210938,192.8004150390625,training,1.208801507949829,1
553,314.125244140625,181.82691955566406,312.5376892089844,177.59754943847656,173.9022674560547,training,0.8095396757125854,1
554,314.70587158203125,519.3933715820312,316.0728759765625,522.599853515625,121.4454574584961,training,0.7435957789421082,1
555,317.7857971191406,550.528564453125,319.6083679199219,555.4459228515625,201.01492309570312,training,1.7233303785324097,1
556,318.9924621582031,593.9600219726562,320.96246337890625,600.2841796875,148.2396697998047,training,2.15565824508667,1
557,319.1448669433594,554.0098266601562,321.16082763671875,559.1455078125,126.54643249511719,training,1.8628853559494019,1
558,320.0546569824219,392.277099609375,320.2577819824219,392.5814514160156,194.30645751953125,heldout,0.4653685986995697,1
559,321.005126953125,394.97760009765625,322.216796875,395.5227355957031,125.58662414550781,heldout,1.305984616279602,1
560,321.31536865234375,522.2476806640625,322.9831237792969,525.9607543945312,166.80528259277344,training,1.0825556516647339,1
561,321.4685363769531,186.56594848632812,319.9225158691406,183.07217407226562,131.0381622314453,training,1.0964776277542114,1
562,323.4627380371094,192.90414428710938,321.9201354980469,189.0702362060547,116.94015502929688,training,0.608707070350647,1
563,323.5479431152344,535.5164794921875,325.15399169921875,540.0406494140625,165.0575714111328,training,1.5123767852783203,1
564,323.7988586425781,460.31695556640625,325.1844787597656,463.1875,221.9729766845703,training,1.5870176553726196,1
565,324.0553283691406,575.3619384765625,327.0691833496094,580.9325561523438,203.35928344726562,training,2.0225789546966553,1
566,324.5048522949219,405.1606750488281,325.9075012207031,406.0779113769531,185.86553955078125,training,1.3640779256820679,1
567,324.6051330566406,593.6307983398438,325.9586486816406,599.5006103515625,179.59677124023438,training,1.7603305578231812,1
568,325.3743896484375,445.6532897949219,326.8241271972656,448.04052734375,205.68666076660156,training,1.4941599369049072,1
569,326.4620666503906,419.8193359375,327.2540283203125,421.6183776855469,184.756591796875,training,1.256476640701294,1
570,326.59710693359375,580.9656982421875,329.5133972167969,586.4981689453125,262.6708984375,training,1.7370362281799316,1
571,326.7674560546875,150.99241638183594,325.05426025390625,147.4813995361328,216.43475341796875,training,1.7136855125427246,1
572,328.22509765625,529.8262329101562,330.223388671875,533.9373779296875,119.31471252441406,training,1.2138159275054932,1
573,328.9434814453125,546.30712890625,330.8118591308594,551.3198852539062,116.9529800415039,training,1.6634269952774048,1
574,329.168701171875,301.06231689453125,327.7939453125,297.7955322265625,179.32373046875,heldout,1.5312089920043945,1
575,329.4458312988281,335.16448974609375,328.8056335449219,332.8989562988281,156.48960876464844,heldout,1.153455376625061,1
576,329.8323974609375,143.36802673339844,327.42694091796875,139.80242919921875,138.4954833984375,training,1.6592354774475098,1
577,331.1512756347656,183.86293029785156,329.61383056640625,179.80166625976562,227.68399047851562,training,0.4378431737422943,1
578,331.2727966308594,535.8633422851562,333.62152099609375,540.3399658203125,136.1286163330078,training,1.470766544342041,1
579,331.4159240722656,559.1694946289062,333.1466369628906,564.9627075195312,177.00282287597656,training,2.117032051086426,1
580,331.4159240722656,559.1694946289062,333.1466369628906,564.9627075195312,172.927734375,training,2.117032051086426,1
581,331.4405212402344,298.3205871582031,330.67730712890625,294.7981262207031,151.2745819091797,heldout,1.639770746231079,1
582,331.9255065917969,325.1761169433594,331.4735107421875,322.6761169433594,222.28585815429688,heldout,1.1999224424362183,1
583,331.9255065917969,325.1761169433594,331.4735107421875,322.6761169433594,161.46826171875,heldout,1.1999224424362183,1
584,333.16265869140625,522.5723876953125,335.6346435546875,526.40185546875,106.91117858886719,training,1.2803150415420532,1
585,333.62213134765625,328.2886047363281,333.0000305175781,325.83355712890625,136.61990356445312,heldout,1.2782318592071533,1
586,333.93389892578125,501.0384216308594,335.9091491699219,504.1767883300781,157.9272003173828,training,0.8963856101036072,1
587,334.2046813964844,511.5729675292969,336.0887756347656,515.0803833007812,139.39512634277344,training,0.8893429636955261,1
588,334.6831359863281,546.6281127929688,336.6571044921875,551.9486083984375,176.5049591064453,training,1.8448938131332397,1
589,334.7893981933594,568.7210083007812,337.5392150878906,574.2681274414062,137.7570343017578,training,1.7398041486740112,1
590,334.8401794433594,337.40283203125,335.2730712890625,335.0153503417969,210.76763916015625,heldout,1.5746099948883057,1
591,335.13848876953125,222.82730102539062,333.74908447265625,219.43753051757812,153.45358276367188,heldout,0.038073230534791946,1
592,336.2291564941406,538.4756469726562,338.3207702636719,543.5714721679688,82.71638488769531,training,1.7851366996765137,1
593,336.41143798828125,513.5097045898438,338.2012634277344,517.180419921875,131.56747436523438,training,0.8999558687210083,1
594,336.5047302246094,589.1865844726562,339.5835266113281,595.0089721679688,86.43494415283203,training,1.6047037839889526,1
595,337.2415466308594,519.9678955078125,339.4253845214844,523.8456420898438,151.76296997070312,training,1.0800981521606445,1
596,337.6593322753906,156.0018768310547,336.22003173828125,152.52183532714844,221.43621826171875,training,1.4415918588638306,1
597,337.7246398925781,550.3285522460938,340.28350830078125,556.100830078125,122.75585174560547,training,2.242169141769409,1
598,338.12701416015625,175.89663696289062,338.4167785644531,171.59902954101562,164.1889190673828,training,2.1195919513702393,1
599,338.515625,604.498046875,341.1773376464844,611.0779418945312,175.2854766845703,training,1.7940475940704346,1
600,339.0436706542969,287.0970153808594,337.7322082519531,283.6365966796875,199.52442932128906,heldout,1.6161117553710938,1
601,339.14764404296875,590.6290893554688,341.87115478515625,596.920654296875,110.87831115722656,training,1.8177882432937622,1
602,339.5072937011719,599.0079956054688,342.2227478027344,605.79833984375,161.67869567871094,training,2.109628438949585,1
603,340.6473693847656,451.6601867675781,341.5956726074219,454.64447021484375,191.3478546142578,training,1.406679391860962,1
604,340.6822204589844,538.4342041015625,343.5086975097656,542.9828491210938,147.12579345703125,training,1.4803663492202759,1
605,340.7784118652344,373.6177978515625,340.61212158203125,372.5665283203125,233.57440185546875,heldout,1.0357831716537476,1
606,340.7909240722656,272.4441833496094,340.03125,268.8430480957031,154.12008666992188,heldout,1.3592863082885742,1
607,341.2041015625,562.5028686523438,343.51898193359375,568.2921142578125,197.9014892578125,training,1.8462862968444824,1
608,341.8157958984375,528.99169921875,344.2016296386719,533.3148193359375,125.5189208984375,training,1.228770136833191,1
609,342.0024719238281,575.1742553710938,345.392333984375,580.7173461914062,110.84223175048828,training,1.7300760746002197,1
610,342.1572570800781,541.5079345703125,344.3754577636719,546.6172485351562,91.94020080566406,training,1.6118037700653076,1
611,342.1572570800781,541.5079345703125,344.3754577636719,546.6172485351562,70.12845611572266,training,1.6118037700653076,1
612,342.3332214355469,544.5775146484375,345.1027526855469,549.5626831054688,109.09170532226562,training,1.6136274337768555,1
613,342.4915771484375,170.6158905029297,341.3183898925781,166.93032836914062,194.51220703125,training,0.934870183467865,1
614,342.7439270019531,570.7105102539062,345.8902282714844,576.2008666992188,150.5689239501953,training,1.6201183795928955,1
615,343.8130798339844,590.2413940429688,346.6136779785156,596.3802490234375,110.93241119384766,training,1.5813539028167725,1
616,343.9945068359375,532.2848510742188,346.2999267578125,536.8728637695312,102.79105377197266,training,1.3001408576965332,1
617,344.0107421875,280.6448974609375,343.0845031738281,277.0853576660156,125.54680633544922,heldout,1.5796211957931519,1
618,344.0953063964844,445.4998474121094,344.91644287109375,448.80743408203125,158.1865997314453,training,1.7978731393814087,1
619,344.3958435058594,476.01287841796875,346.679931640625,478.8898620605469,172.3136749267578,training,1.2078678607940674,1
620,344.66717529296875,493.9200439453125,346.1110534667969,497.7711486816406,188.3427734375,training,1.2893263101577759,1
621,344.6674499511719,593.8084106445312,347.5894775390625,600.24853515625,91.0054931640625,training,1.7994418144226074,1
622,344.80352783203125,392.6310119628906,345.3793029785156,393.56683349609375,170.03823852539062,heldout,0.5415849089622498,1
623,345.1002197265625,557.3504638671875,347.29022216796875,562.9928588867188,146.97958374023438,training,1.7186156511306763,1
624,345.1002197265625,557.3504638671875,347.29022216796875,562.9928588867188,81.76184844970703,training,1.7186156511306763,1
625,345.20831298828125,277.3505554199219,345.04296875,273.8645324707031,173.58859252929688,heldout,1.5267635583877563,1
626,346.7832946777344,451.438232421875,348.35162353515625,454.05804443359375,229.7781524658203,training,1.0323630571365356,1
627,347.3743896484375,291.14044189453125,346.3196105957031,288.2474365234375,172.95086669921875,heldout,1.309646487236023,1
628,347.3743896484375,291.14044189453125,346.3196105957031,288.2474365234375,169.1656036376953,heldout,1.309646487236023,1
629,348.0330810546875,366.3899230957031,348.105712890625,365.1670227050781,219.5814208984375,heldout,1.1508409976959229,1
630,348.5789794921875,380.4496154785156,349.5400390625,379.997314453125,187.85899353027344,heldout,0.8629260063171387,1
631,349.38580322265625,515.8956909179688,351.9132385253906,519.8887329101562,148.85899353027344,training,1.1320531368255615,1
632,349.8393249511719,564.04150390625,353.83428955078125,569.45751953125,122.12288665771484,training,2.1160945892333984,1
633,350.9014587402344,390.08929443359375,352.2972717285156,390.4617004394531,180.5408477783203,heldout,0.8386242985725403,1
634,350.946044921875,543.9953002929688,353.0296936035156,549.5467529296875,141.33294677734375,training,1.791490077972412,1
635,353.70751953125,577.0276489257812,356.9877014160156,582.8975219726562,147.81068420410156,training,1.5614545345306396,1
636,355.49285888671875,158.54542541503906,354.61968994140625,155.12197875976562,145.37538146972656,training,1.2386034727096558,1
637,355.6763610839844,493.4284362792969,359.2705078125,496.7178039550781,177.5274658203125,training,1.9702082872390747,1
638,355.975830078125,607.6939697265625,359.25335693359375,614.103271484375,204.00979614257812,training,1.2635436058044434,1
639,356.0635986328125,592.7035522460938,359.45745849609375,598.8897094726562,186.98663330078125,training,1.4598160982131958,1
640,356.4234313964844,505.4133605957031,358.8770751953125,508.7888488769531,170.11172485351562,training,0.7073411345481873,1
641,357.1529541015625,516.3468017578125,362.51715087890625,519.7171630859375,169.20697021484375,training,3.415531635284424,1
642,357.5019226074219,282.33050537109375,356.73089599609375,279.1578369140625,172.9971160888672,heldout,1.5324416160583496,1
643,357.9990539550781,298.331298828125,357.81103515625,294.9790954589844,220.3656005859375,heldout,2.016145706176758,1
644,358.0827941894531,316.3760986328125,357.5318603515625,313.4959411621094,195.0,heldout,1.9973196983337402,1
645,358.0857238769531,150.44732666015625,356.83453369140625,146.97938537597656,240.4932403564453,training,1.1174479722976685,1
646,358.1793212890625,543.31201171875,360.47882080078125,548.7339477539062,144.82057189941406,training,1.5287046432495117,1
647,358.3073425292969,533.3898315429688,361.0591125488281,538.0477294921875,153.54151916503906,training,1.1477117538452148,1
648,358.7760925292969,483.10791015625,360.9122619628906,486.3976745605469,130.4645538330078,training,0.8277004957199097,1
649,360.90325927734375,309.1276550292969,361.10137939453125,306.32830810546875,170.39659118652344,training,1.7716764211654663,1
650,361.47967529296875,378.92364501953125,360.23736572265625,380.9259338378906,173.05201721191406,training,2.4472062587738037,1
651,361.6959533691406,499.1930847167969,363.480224609375,502.819091796875,111.74076843261719,training,0.6058949828147888,1
652,362.19451904296875,388.0960693359375,363.72314453125,389.0162353515625,187.75250244140625,training,0.8106051683425903,1
653,362.3186340332031,312.3768310546875,363.1539001464844,309.488037109375,153.83432006835938,training,2.112339735031128,1
654,362.43536376953125,163.26405334472656,360.580810546875,160.57643127441406,164.32589721679688,training,1.4843199253082275,1
655,362.4461364746094,135.361572265625,361.5060119628906,132.70654296875,178.51890563964844,training,2.2278547286987305,1
656,363.43511962890625,619.1381225585938,367.0869445800781,625.828125,142.57278442382812,training,1.2033149003982544,1
657,364.7215881347656,529.296142578125,367.2835693359375,533.9310913085938,102.68885040283203,training,0.9660866260528564,1
658,365.13360595703125,483.5335693359375,367.4483642578125,486.6410217285156,156.49600219726562,training,0.6428388357162476,1
659,365.39080810546875,244.12973022460938,364.58740234375,240.76133728027344,176.24131774902344,training,1.0432476997375488,1
660,366.2158508300781,301.6988525390625,366.3604431152344,298.6822204589844,231.95689392089844,training,1.9291895627975464,1
661,366.8577880859375,522.6368408203125,369.29315185546875,526.8370361328125,172.82650756835938,training,0.6160165071487427,1
662,367.0634460449219,497.5740051269531,369.4964904785156,500.84722900390625,117.09825134277344,training,0.5124225616455078,1
663,368.00439453125,514.0559692382812,370.7417297363281,518.1502075195312,139.2910614013672,training,0.8667368292808533,1
664,368.00439453125,514.0559692382812,370.7417297363281,518.1502075195312,120.86355590820312,training,0.8667368292808533,1
665,368.4702453613281,500.4817810058594,370.3761291503906,504.19671630859375,109.4805908203125,training,0.5322421193122864,1
666,368.61773681640625,171.230712890625,367.78253173828125,169.09425354003906,206.1067657470703,training,1.7542073726654053,1
667,368.6818542480469,221.00950622558594,368.7406921386719,217.46417236328125,182.3458251953125,training,1.1544512510299683,1
668,369.2366027832031,440.8486633300781,371.0675964355469,442.9439392089844,127.20848846435547,training,0.43831419944763184,1
669,369.45526123046875,235.19654846191406,369.1557922363281,231.70370483398438,124.827880859375,training,1.0980147123336792,1
670,370.0817565917969,435.3553771972656,371.482177734375,437.3373107910156,144.36065673828125,training,0.146970734000206,1
671,370.23883056640625,292.66522216796875,369.89764404296875,289.8659973144531,119.364990234375,training,1.6212040185928345,1
672,370.28924560546875,475.31494140625,372.2799377441406,478.3917541503906,193.2123260498047,training,0.43398645520210266,1
673,370.4193420410156,518.8138427734375,372.7256164550781,523.4021606445312,132.88717651367188,training,0.9679367542266846,1
674,370.6509094238281,269.959228515625,370.032958984375,267.46978759765625,217.3062286376953,training,0.8820073008537292,1
675,370.8155822753906,367.1478271484375,371.9736328125,367.6022033691406,211.71914672851562,training,0.44831961393356323,1
676,370.8594970703125,378.45550537109375,371.92791748046875,379.41851806640625,205.4872283935547,training,0.40448251366615295,1
677,371.3519592285156,527.1913452148438,373.993408203125,532.1295776367188,122.53978729248047,training,1.1595101356506348,1
678,371.4959411621094,380.1589660644531,372.5697326660156,381.1993103027344,161.536376953125,training,0.4142596423625946,1
679,371.8582763671875,565.6092529296875,374.3841247558594,571.8831787109375,214.17282104492188,training,1.6343508958816528,1
680,372.810791015625,492.5362243652344,374.89794921875,496.4306640625,133.52528381347656,training,0.786194384098053,1
681,373.2410888671875,241.0791778564453,372.9457702636719,237.71633911132812,176.91806030273438,training,1.1380301713943481,1
682,373.4945983886719,476.9410400390625,375.455810546875,480.588134765625,245.2019500732422,training,0.8589785695075989,1
683,373.5614929199219,333.5486755371094,374.04193115234375,331.0306396484375,139.8427734375,training,2.2539138793945312,1
684,373.81915283203125,486.21533203125,375.8039245605469,490.2655029296875,208.2306365966797,training,1.0523645877838135,1
685,374.3981628417969,266.803466796875,374.1603088378906,263.6809997558594,230.91773986816406,training,1.4509271383285522,1
686,375.09283447265625,399.50994873046875,376.0887451171875,401.269775390625,138.15933227539062,training,0.5986381769180298,1
687,375.17169189453125,495.32952880859375,377.2203369140625,499.33551025390625,95.90620422363281,training,0.7864685654640198,1
688,375.2770690917969,349.7334289550781,376.26904296875,349.03704833984375,177.98876953125,training,0.891740620136261,1
689,375.86944580078125,457.4224853515625,377.9120788574219,460.1364440917969,195.67831420898438,training,0.4358382225036621,1
690,377.491943359375,491.0494079589844,379.7149353027344,494.89996337890625,140.8154754638672,training,0.68808913230896,1
691,377.7561340332031,499.82550048828125,379.91845703125,504.0611572265625,110.04090118408203,training,0.8664273619651794,1
692,377.9051818847656,460.0263671875,379.72882080078125,463.0423583984375,124.03225708007812,training,0.4945790469646454,1
693,377.9378356933594,264.7753601074219,377.92449951171875,262.09381103515625,234.1068115234375,training,1.052382469177246,1
694,378.5697326660156,593.9032592773438,382.04278564453125,600.5780639648438,127.54998779296875,training,1.3249449729919434,1
695,378.9283752441406,359.6923828125,380.0479431152344,360.0750427246094,147.0850067138672,training,0.32656699419021606,1
696,380.38720703125,344.77142333984375,381.4018249511719,343.8251647949219,158.08541870117188,training,1.1154353618621826,1
697,380.66070556640625,245.5403289794922,379.841552734375,243.1462860107422,203.54852294921875,training,0.6394883990287781,1
698,380.9853820800781,339.1343688964844,381.5302734375,337.7581787109375,196.70028686523438,training,1.3858723640441895,1
699,381.2817077636719,282.9678039550781,381.1335754394531,280.3710021972656,197.6790313720703,training,1.428338885307312,1
700,382.8891296386719,473.1717834472656,385.2201843261719,476.3505554199219,145.22740173339844,training,0.4228897988796234,1
701,383.0655517578125,617.716796875,386.6259460449219,624.487060546875,136.91238403320312,training,0.7825828790664673,1
702,383.1007995605469,166.09266662597656,381.5475158691406,165.64508056640625,190.023681640625,training,3.2302756309509277,1
703,383.78265380859375,461.0993347167969,385.97161865234375,464.0136413574219,169.84109497070312,training,0.37752169370651245,1
704,384.0534362792969,346.9623718261719,384.9134216308594,346.9699401855469,154.36968994140625,training,0.24913403391838074,1
705,384.3664855957031,302.3197021484375,385.45849609375,299.7200927734375,204.32571411132812,training,2.0417017936706543,1
706,384.82794189453125,478.60626220703125,387.5070495605469,482.11083984375,158.7923126220703,training,0.7294556498527527,1
707,384.9155578613281,455.7925109863281,386.9499816894531,458.6818542480469,119.1385726928711,training,0.35190191864967346,1
708,385.4446105957031,534.0460815429688,388.0360412597656,539.3739624023438,108.77499389648438,training,1.0728001594543457,1
709,385.5730285644531,175.2190704345703,386.2979736328125,173.29470825195312,176.74557495117188,training,2.2144007682800293,1
710,385.5730285644531,175.2190704345703,386.2979736328125,173.29470825195312,171.6304168701172,training,2.2144007682800293,1
711,386.0757141113281,436.8628234863281,387.98748779296875,439.101806640625,154.5283203125,training,0.211689293384552,1
712,386.5399169921875,458.35260009765625,388.6675109863281,461.5142517089844,154.6835479736328,training,0.5347979068756104,1
713,386.8438415527344,406.87432861328125,388.4963684082031,408.3677062988281,222.71505737304688,training,0.24762696027755737,1
714,386.98944091796875,482.00006103515625,389.011474609375,485.9911804199219,176.6040802001953,training,0.8262914419174194,1
715,387.1982421875,519.0803833007812,390.115966796875,523.5728759765625,168.1249542236328,training,0.6350164413452148,1
716,388.35516357421875,523.537353515625,391.02874755859375,528.7320556640625,138.73716735839844,training,1.102759838104248,1
717,388.44384765625,489.3437194824219,391.1217956542969,493.3560791015625,144.5060577392578,training,0.761480987071991,1
718,389.0610046386719,461.5481262207031,391.2074890136719,464.7846984863281,215.02557373046875,training,0.4718150198459625,1
719,389.58355712890625,470.5252380371094,392.2493896484375,473.7117004394531,121.39604949951172,training,0.5913907885551453,1
720,389.7742919921875,278.73468017578125,389.8345642089844,276.6381530761719,126.98031616210938,training,1.0041481256484985,1
721,390.8373718261719,208.5320281982422,390.3908996582031,205.8732452392578,205.6988067626953,training,0.09558169543743134,1
722,391.2774353027344,212.1134490966797,391.8827209472656,208.96524047851562,157.43569946289062,training,1.243962049484253,1
723,391.3606872558594,333.21649169921875,391.9586181640625,332.2781982421875,172.35719299316406,training,1.046242356300354,1
724,391.4993896484375,264.33154296875,390.6598815917969,262.0092468261719,163.99085998535156,training,1.3199926614761353,1
725,392.0549011230469,368.4962463378906,393.6085205078125,368.92010498046875,139.7998504638672,training,0.6072866320610046,1
726,392.8207092285156,201.25,392.76751708984375,198.49838256835938,176.36610412597656,training,0.481138676404953,1
727,392.8227844238281,562.8071899414062,396.2485046386719,569.0509033203125,140.50978088378906,training,1.264091968536377,1
728,393.1957702636719,390.08154296875,393.87200927734375,392.0885925292969,179.58006286621094,training,0.9592653512954712,1
729,394.0671081542969,281.4885559082031,393.9424743652344,279.2128601074219,177.43167114257812,training,1.3881070613861084,1
730,394.1667175292969,208.65676879882812,394.9243469238281,205.40670776367188,186.8930206298828,training,1.4021949768066406,1
731,394.2129211425781,382.7306213378906,395.7047424316406,383.7961730957031,149.06039428710938,training,0.2268596589565277,1
732,394.9615173339844,312.0549011230469,395.3762512207031,310.53375244140625,198.78883361816406,training,1.2554038763046265,1
733,395.3616027832031,532.4039306640625,398.6164245605469,537.8136596679688,156.19859313964844,training,1.0668847560882568,1
734,396.0321960449219,559.9436645507812,399.14764404296875,566.1890869140625,104.84274291992188,training,1.217299222946167,1
735,396.0321960449219,559.9436645507812,399.14764404296875,566.1890869140625,81.5168685913086,training,1.217299222946167,1
736,396.1640930175781,417.4070739746094,397.5731506347656,419.5907287597656,222.11483764648438,training,0.3511154353618622,1
737,396.31170654296875,517.0983276367188,398.9732971191406,522.0509033203125,166.61032104492188,training,0.8339308500289917,1
738,396.36492919921875,353.0682373046875,397.5361022949219,353.94598388671875,187.8350372314453,training,0.27973300218582153,1
739,396.5856018066406,175.0359344482422,396.66436767578125,173.01058959960938,227.2311553955078,training,1.3991566896438599,1
740,396.6881103515625,508.4051513671875,398.8282775878906,513.4036865234375,136.94525146484375,training,1.1622482538223267,1
741,396.6881103515625,508.4051513671875,398.8282775878906,513.4036865234375,149.29501342773438,training,1.1622482538223267,1
742,396.8662109375,274.3276672363281,396.5462951660156,272.44317626953125,153.56431579589844,training,1.0286775827407837,1
743,396.8747863769531,220.05398559570312,396.6032409667969,216.8964080810547,138.4124298095703,training,0.9510761499404907,1
744,397.218505859375,471.7821960449219,399.7427978515625,475.2887268066406,195.2229461669922,training,0.4222540855407715,1
745,397.34326171875,521.0681762695312,400.17767333984375,526.0700073242188,130.42239379882812,training,0.7793042659759521,1
746,397.4676208496094,511.9463806152344,400.3560791015625,516.6658325195312,110.9414291381836,training,0.7182743549346924,1
747,397.5312194824219,552.7451171875,400.2740783691406,558.9774169921875,177.6400909423828,training,1.37034273147583,1
748,397.66351318359375,455.11663818359375,399.9456787109375,458.3119812011719,181.63699340820312,training,0.408939003944397,1
749,397.93719482421875,528.1903686523438,400.9371643066406,533.5376586914062,158.833251953125,training,0.9695673584938049,1
750,398.1993713378906,179.99978637695312,398.1452941894531,177.57884216308594,179.99722290039062,training,0.8486285209655762,1
751,398.48138427734375,237.44937133789062,398.4332580566406,234.47325134277344,129.1239776611328,training,1.1738507747650146,1
752,398.5690002441406,247.98751831054688,399.35235595703125,244.78857421875,236.0381317138672,training,1.7820427417755127,1
753,398.6879577636719,223.42037963867188,398.9444885253906,220.46266174316406,190.18148803710938,training,0.9721135497093201,1
754,399.0480651855469,368.48114013671875,400.4437255859375,369.6666259765625,141.87318420410156,training,0.22221899032592773,1
755,399.415283203125,253.88902282714844,399.8427429199219,251.4528045654297,160.4337921142578,training,1.0489004850387573,1
756,399.5039367675781,326.2763671875,400.5845031738281,325.9300842285156,175.6843719482422,training,0.5141978859901428,1
757,399.79034423828125,386.0670166015625,401.14971923828125,387.55914306640625,196.2523956298828,training,0.13696371018886566,1
758,400.1219787597656,462.9372863769531,401.96099853515625,466.3875732421875,132.81942749023438,training,0.5676693320274353,1
759,400.41217041015625,402.42584228515625,400.84674072265625,404.9400634765625,210.41387939453125,training,1.4169617891311646,1
760,400.5810241699219,497.70611572265625,403.09930419921875,502.0419006347656,144.47491455078125,training,0.5469145178794861,1
761,400.7823181152344,380.51678466796875,403.1684265136719,381.113525390625,130.94273376464844,training,1.1936837434768677,1
762,402.15087890625,510.8785705566406,405.5767517089844,515.4270629882812,139.42381286621094,training,0.8041982650756836,1
763,402.41412353515625,514.1493530273438,405.1552734375,518.7938842773438,136.38182067871094,training,0.4648899435997009,1
764,403.2536315917969,366.1502685546875,405.5188293457031,367.19482421875,176.35191345214844,training,0.9423561096191406,1
765,403.37384033203125,271.0124816894531,403.6192626953125,268.8473205566406,194.3090362548828,training,1.1862391233444214,1
766,403.3879699707031,554.6787109375,406.69232177734375,560.44970703125,118.6676025390625,training,0.7093047499656677,1
767,403.54278564453125,337.1707763671875,405.12689208984375,337.4710998535156,166.0240936279297,training,0.5615094304084778,1
768,404.56817626953125,466.48724365234375,407.1056823730469,469.91796875,105.0523681640625,training,0.2869197726249695,1
769,404.61224365234375,273.774169921875,405.3212585449219,271.5669860839844,165.87646484375,training,1.3371702432632446,1
770,405.6041259765625,225.78468322753906,406.7454833984375,222.61502075195312,172.5485382080078,training,1.731103539466858,1
771,405.6041259765625,225.78468322753906,406.7454833984375,222.61502075195312,156.73863220214844,training,1.731103539466858,1
772,405.9366149902344,344.0000305175781,406.7262878417969,345.0405578613281,142.7235107421875,training,0.5516303181648254,1
773,405.9366149902344,344.0000305175781,406.7262878417969,345.0405578613281,86.91374969482422,training,0.5516303181648254,1
774,406.28515625,218.37730407714844,405.9301452636719,215.53211975097656,200.39710998535156,training,0.8358324766159058,1
775,407.6830139160156,202.75054931640625,408.20770263671875,199.75802612304688,242.67674255371094,training,0.9902892112731934,1
776,408.68475341796875,207.5023651123047,408.4732971191406,204.6537628173828,184.23626708984375,training,0.619028627872467,1
777,408.7248229980469,319.67950439453125,410.048095703125,319.61676025390625,140.33888244628906,training,0.42668765783309937,1
778,408.82391357421875,611.0659790039062,410.21209716796875,616.6773071289062,187.0187225341797,training,2.6140918731689453,1
779,409.981689453125,367.89996337890625,411.8619384765625,368.8561096191406,217.92889404296875,training,0.4874843955039978,1
780,410.7181701660156,562.542724609375,412.1666259765625,569.1791381835938,137.38995361328125,training,2.347747802734375,1
781,410.94482421875,474.20550537109375,413.4822082519531,477.648681640625,103.31505584716797,training,0.06454473733901978,1
782,410.94482421875,474.20550537109375,413.4822082519531,477.648681640625,126.98818969726562,training,0.06454473733901978,1
783,411.4555358886719,589.8037109375,414.4579162597656,596.131591796875,186.78062438964844,training,0.7990597486495972,1
784,412.54754638671875,377.5523681640625,413.4322509765625,378.71026611328125,160.21859741210938,training,0.7964149713516235,1
785,413.5129089355469,430.07427978515625,415.9465637207031,432.47003173828125,202.90884399414062,training,0.3518763780593872,1
786,413.58837890625,400.2418518066406,416.6293640136719,401.1716003417969,165.8221893310547,training,1.5801305770874023,1
787,413.9439697265625,363.7242126464844,415.4242858886719,364.83538818359375,155.00967407226562,training,0.10141512006521225,1
788,414.20562744140625,387.32171630859375,416.494384765625,389.08990478515625,135.44371032714844,training,0.5466848015785217,1
789,414.2115783691406,326.3841857910156,416.38568115234375,326.68994140625,216.57562255859375,training,1.047083854675293,1
790,414.7996520996094,382.2413635253906,416.44708251953125,383.69818115234375,130.33802795410156,training,0.17558111250400543,1
791,415.0639343261719,186.8443145751953,414.8900451660156,184.07601928710938,164.77560424804688,training,0.23997510969638824,1
792,415.265625,592.6489868164062,418.9520568847656,598.2527465820312,128.432861328125,training,0.53602534532547,1
793,415.3945617675781,273.6092224121094,415.7985534667969,272.3832702636719,179.21774291992188,training,0.5869187116622925,1
794,415.4474182128906,169.85415649414062,415.33099365234375,167.71327209472656,186.2552032470703,training,0.8109302520751953,1
795,415.833251953125,331.3538818359375,417.0372619628906,332.172119140625,141.58743286132812,training,0.2601378560066223,1
796,416.49200439453125,390.66693115234375,418.1145935058594,392.353759765625,137.1094512939453,training,0.2494775652885437,1
797,417.01873779296875,528.957763671875,419.9214172363281,533.8912353515625,251.06573486328125,training,0.34358641505241394,1
798,417.0235595703125,198.05694580078125,416.3592834472656,195.50396728515625,177.38658142089844,training,0.6348026990890503,1
799,417.05877685546875,350.6227111816406,418.2320556640625,351.8472900390625,166.7633056640625,training,0.3451005816459656,1
800,417.07177734375,193.10350036621094,417.9498291015625,190.15797424316406,192.63177490234375,training,1.1795175075531006,1
801,417.6033935546875,281.3526306152344,417.7008361816406,280.26080322265625,119.45291900634766,training,0.8971525430679321,1
802,417.9410095214844,354.0888977050781,419.8868408203125,354.8650817871094,159.2607879638672,training,0.5579857230186462,1
803,417.95819091796875,568.3773193359375,420.84326171875,574.0634155273438,133.25538635253906,training,0.7476116418838501,1
804,418.3431396484375,247.99560546875,419.0722351074219,245.97337341308594,144.678955078125,training,0.9059352874755859,1
805,418.5384826660156,424.742431640625,420.39483642578125,427.1046142578125,160.34649658203125,training,0.42366012930870056,1
806,418.54315185546875,209.33303833007812,418.25994873046875,206.78526306152344,145.25839233398438,training,0.6459783911705017,1
807,419.1981201171875,467.8095397949219,421.010498046875,471.47607421875,173.81887817382812,training,0.8443127274513245,1
808,419.27752685546875,357.40960693359375,420.9674377441406,358.43255615234375,144.68240356445312,training,0.22011558711528778,1
809,419.3695983886719,248.33322143554688,420.6170349121094,245.9447479248047,191.92706298828125,training,1.4819010496139526,1
810,419.5650329589844,319.8151550292969,420.9309387207031,320.48968505859375,96.18212127685547,training,0.34666508436203003,1
811,419.728759765625,504.44573974609375,422.8880310058594,507.9998779296875,169.8734893798828,training,0.7890634536743164,1
812,420.0964050292969,220.9540557861328,420.2685241699219,218.41432189941406,167.3857879638672,training,0.8303800225257874,1
813,420.1819763183594,287.7490234375,421.16326904296875,286.9347839355469,150.1765594482422,training,0.5454058647155762,1
814,420.23992919921875,342.99090576171875,421.99822998046875,343.740966796875,159.81552124023438,training,0.3736951947212219,1
815,420.3080749511719,456.8137512207031,422.46087646484375,460.05499267578125,130.59095764160156,training,0.41414809226989746,1
816,420.48126220703125,271.0523681640625,421.0084228515625,269.4980773925781,199.3740234375,training,0.9372918009757996,1
817,422.0166931152344,385.2353210449219,424.2606506347656,386.2977600097656,224.276611328125,training,0.8573813438415527,1
818,422.11328125,173.53065490722656,422.6548767089844,170.77870178222656,175.0142822265625,training,0.7942047119140625,1
819,422.9287414550781,470.4798278808594,425.2911071777344,473.8040771484375,185.17559814453125,training,0.5175793170928955,1
820,423.0264892578125,266.2298278808594,423.9640808105469,264.49176025390625,213.44320678710938,training,1.0817378759384155,1
821,423.0264892578125,266.2298278808594,423.9640808105469,264.49176025390625,160.0187530517578,training,1.0817378759384155,1
822,423.10040283203125,529.85009765625,427.197265625,534.0181884765625,173.92239379882812,training,1.0805597305297852,1
823,423.3282165527344,505.63165283203125,425.89019775390625,509.69500732421875,132.89845275878906,training,0.6560051441192627,1
824,423.72369384765625,328.9358215332031,425.3164367675781,329.8302917480469,108.64160919189453,training,0.3384046256542206,1
825,424.2651672363281,411.7015686035156,425.386962890625,414.6023254394531,137.00364685058594,training,1.152561902999878,1
826,425.3769836425781,300.0384521484375,426.881103515625,299.617431640625,215.5852508544922,training,0.6601397395133972,1
827,425.6174621582031,232.00192260742188,426.4889831542969,230.29563903808594,209.7236328125,training,0.5815966129302979,1
828,425.8382263183594,220.6735076904297,426.53350830078125,218.51971435546875,171.7527313232422,training,0.6856593489646912,1
829,425.8382263183594,220.6735076904297,426.53350830078125,218.51971435546875,138.96762084960938,training,0.6856593489646912,1
830,426.1632995605469,319.81024169921875,428.0626220703125,320.5075988769531,135.79763793945312,training,0.6282041072845459,1
831,426.3780517578125,256.6075439453125,426.6168518066406,255.34434509277344,160.6798095703125,training,0.6155561804771423,1
832,427.1468505859375,277.11810302734375,428.3946533203125,276.1264343261719,181.73883056640625,training,0.7227222919464111,1
833,427.2701721191406,236.7733154296875,428.0650939941406,234.33660888671875,191.9713592529297,training,1.2516957521438599,1
834,428.68365478515625,471.4078369140625,431.6573181152344,473.9845886230469,176.6861572265625,training,1.2390673160552979,1
835,428.8424987792969,507.1500549316406,431.8193664550781,510.7486267089844,206.6760711669922,training,1.0094389915466309,1
836,428.9027099609375,473.91973876953125,430.93109130859375,477.02862548828125,183.79336547851562,training,1.151725172996521,1
837,429.56982421875,353.6965637207031,431.08447265625,355.3728332519531,133.67872619628906,training,0.40379905700683594,1
838,430.7856750488281,213.20404052734375,431.1710205078125,211.00985717773438,170.16168212890625,training,0.5439477562904358,1
839,430.91986083984375,225.3960418701172,431.42279052734375,223.41567993164062,194.0850372314453,training,0.5918053984642029,1
840,431.73297119140625,253.84568786621094,432.3799133300781,252.6822052001953,157.92086791992188,training,0.40600869059562683,1
841,432.02880859375,508.4302673339844,435.29876708984375,511.8936462402344,176.75123596191406,training,1.2067512273788452,1
842,432.3713684082031,443.9454345703125,434.8841247558594,445.9450988769531,192.52792358398438,training,1.309444546699524,1
843,432.48577880859375,477.6142272949219,434.8960266113281,480.5298156738281,170.14111328125,training,1.253010869026184,1
844,432.5072021484375,575.5107421875,435.7969055175781,580.0885009765625,208.22103881835938,training,1.6819851398468018,1
845,432.5704040527344,328.024169921875,434.7127990722656,329.09747314453125,128.25755310058594,training,0.6862527132034302,1
846,432.8880920410156,288.0865478515625,433.8346862792969,287.75201416015625,160.64556884765625,training,0.35780850052833557,1
847,432.8920593261719,461.8603820800781,434.6394348144531,464.6595764160156,201.51177978515625,training,1.4190006256103516,1
848,433.7271728515625,237.50857543945312,434.2333679199219,235.89727783203125,145.46133422851562,training,0.5462686419487,1
849,433.80133056640625,290.65069580078125,435.55523681640625,289.9444580078125,163.2758331298828,training,0.9760937094688416,1
850,434.0755615234375,377.1277770996094,436.8902282714844,378.6812744140625,178.33676147460938,training,0.8698389530181885,1
851,434.0856018066406,547.324462890625,436.4314270019531,552.0206298828125,198.1237030029297,training,1.621166706085205,1
852,434.2539367675781,347.13153076171875,435.4237060546875,348.774658203125,198.50189208984375,training,0.6658332347869873,1
853,434.50634765625,240.80760192871094,435.1853332519531,239.08021545410156,195.57862854003906,training,0.7381835579872131,1
854,435.160888671875,472.29388427734375,438.05438232421875,475.0531921386719,103.0630874633789,training,1.2082761526107788,1
855,435.59661865234375,174.378662109375,436.0708312988281,172.39646911621094,142.17242431640625,training,0.609196126461029,1
856,435.8431701660156,340.9300842285156,437.8157653808594,342.740234375,179.6301727294922,training,0.6949325799942017,1
857,436.17919921875,516.4598999023438,438.78924560546875,520.1751708984375,148.34756469726562,training,1.4792630672454834,1
858,437.1092529296875,424.5746154785156,439.36651611328125,426.44769287109375,210.29502868652344,training,1.151238203048706,1
859,437.45989990234375,484.3969421386719,440.65032958984375,487.1055603027344,184.91619873046875,training,1.5603471994400024,1
860,437.5322265625,254.9410400390625,438.234375,253.59201049804688,185.94622802734375,training,0.7408419251441956,1
861,439.4066467285156,353.43218994140625,441.6230773925781,355.400634765625,175.99147033691406,training,0.5618377923965454,1
862,440.1798095703125,466.0261535644531,442.3821716308594,468.3139343261719,138.5099334716797,training,1.841267466545105,1
863,440.31842041015625,259.2423095703125,442.3016357421875,258.2616271972656,195.2229461669922,training,1.1424883604049683,1
864,440.54638671875,219.57015991210938,441.65057373046875,217.67633056640625,121.58946990966797,training,0.7891148924827576,1
865,441.32794189453125,487.9583435058594,444.47149658203125,490.6531677246094,121.4660415649414,training,1.7341957092285156,1
866,442.45330810546875,316.71026611328125,444.32464599609375,318.0938720703125,160.0187530517578,training,0.6600939035415649,1
867,442.7658386230469,541.7010498046875,445.83551025390625,545.3093872070312,170.7307891845703,training,2.1353306770324707,1
868,443.8011169433594,425.82110595703125,446.1054992675781,427.7846984863281,190.1630859375,training,1.2486271858215332,1
869,444.250732421875,522.7869873046875,446.9442443847656,525.6245727539062,195.6680908203125,training,2.584376573562622,1
870,444.3116455078125,445.65704345703125,446.9566955566406,447.6321105957031,184.3068084716797,training,1.6288164854049683,1
871,444.3268127441406,449.0455322265625,446.1683654785156,451.161865234375,170.95028686523438,training,1.890252709388733,1
872,444.6870422363281,328.1293029785156,446.15045166015625,330.0909118652344,201.14422607421875,training,0.9186578392982483,1
873,444.8016052246094,525.6404418945312,447.89788818359375,528.6205444335938,121.16930389404297,training,2.4009816646575928,1
874,445.00164794921875,493.8636779785156,449.6363525390625,495.9938049316406,179.9138641357422,training,2.784018039703369,1
875,445.0764465332031,308.33685302734375,448.3926696777344,307.607666015625,158.1455078125,training,2.2594175338745117,1
876,445.5662841796875,385.31024169921875,447.5402526855469,387.7118835449219,191.77590942382812,training,0.35796046257019043,1
877,445.8276672363281,466.87713623046875,448.3226013183594,468.9396667480469,102.50853729248047,training,2.1076457500457764,1
878,445.9681701660156,455.7681884765625,449.558349609375,457.2308349609375,173.23683166503906,training,2.4339284896850586,1
879,446.6250305175781,247.5741424560547,448.5802917480469,246.0836639404297,180.63775634765625,training,1.3373714685440063,1
880,447.0505065917969,498.1335754394531,449.44097900390625,500.7262268066406,143.3910675048828,training,2.426360607147217,1
881,447.6743469238281,337.5366516113281,450.0514831542969,339.0330505371094,163.77117919921875,training,0.5158714056015015,1
882,447.8443298339844,359.2629089355469,449.88720703125,361.4039306640625,125.63439178466797,training,0.33434581756591797,1
883,447.9521179199219,470.2049865722656,450.4306945800781,472.4007873535156,213.27212524414062,training,2.1198766231536865,1
884,449.29669189453125,274.3999938964844,451.026611328125,274.19024658203125,192.32005310058594,training,0.5093117356300354,1
885,450.120849609375,577.2116088867188,453.30718994140625,580.4669189453125,206.1504364013672,training,3.4509806632995605,1
886,450.4764099121094,557.5728759765625,453.1717224121094,560.5929565429688,179.34881591796875,training,3.401968240737915,1
887,450.8800354003906,367.184814453125,453.0968933105469,369.322998046875,122.08193969726562,training,0.09761720150709152,1
888,450.8800354003906,367.184814453125,453.0968933105469,369.322998046875,148.43853759765625,training,0.09761720150709152,1
889,452.4527587890625,203.66519165039062,453.2483825683594,202.48049926757812,199.68975830078125,training,0.28046467900276184,1
890,453.9115295410156,444.62261962890625,456.3619384765625,446.273193359375,188.1834259033203,training,2.1992275714874268,1
891,454.44744873046875,437.0452880859375,457.0169372558594,438.74957275390625,120.04165649414062,training,1.954264521598816,1
892,454.8792419433594,474.0863952636719,457.4402160644531,475.97918701171875,182.64993286132812,training,2.6478874683380127,1
893,455.3179931640625,440.0693664550781,457.8479309082031,441.88787841796875,168.7601776123047,training,1.945031762123108,1
894,455.70135498046875,461.6462707519531,456.6517639160156,464.3281555175781,177.84544372558594,training,2.7599451541900635,1
895,456.4140625,261.3359375,456.89166259765625,261.9435729980469,149.18780517578125,training,1.0749648809432983,1
896,457.3573913574219,485.46905517578125,460.11602783203125,487.47833251953125,203.479736328125,training,2.8064069747924805,1
897,457.6374816894531,453.16973876953125,460.31927490234375,454.767333984375,146.81280517578125,training,2.482247829437256,1
898,457.646240234375,242.6471405029297,460.34820556640625,240.05007934570312,167.606689453125,training,2.646265745162964,1
899,457.75738525390625,433.1916198730469,459.7310485839844,434.9286193847656,140.90777587890625,training,2.139202117919922,1
900,458.77880859375,317.8644714355469,460.46881103515625,320.0257873535156,138.697509765625,training,1.0284959077835083,1
901,458.85125732421875,311.4885559082031,460.96514892578125,312.868408203125,179.4519500732422,training,0.4550172686576843,1
902,459.6091003417969,438.61322021484375,462.13531494140625,439.9552001953125,173.18487548828125,training,2.479159355163574,1
903,459.8345947265625,181.65113830566406,460.858642578125,181.05528259277344,96.33275604248047,training,1.228713035583496,1
904,459.9244079589844,514.0599975585938,461.77557373046875,516.8737182617188,160.19674682617188,training,3.264036178588867,1
905,460.5039367675781,305.1166687011719,462.64105224609375,306.6829833984375,173.16177368164062,training,0.7293620705604553,1
906,460.5674133300781,224.11669921875,461.408203125,223.481689453125,152.47622680664062,training,0.23086655139923096,1
907,460.615234375,257.4421691894531,462.1209411621094,256.8746032714844,186.27667236328125,training,0.5029929280281067,1
908,460.8431091308594,323.034912109375,462.9676513671875,325.10992431640625,95.12097930908203,training,0.779769778251648,1
909,461.89019775390625,472.8592529296875,464.4169006347656,474.4747314453125,178.4208526611328,training,3.0722763538360596,1
910,462.1728515625,326.1841125488281,465.1455993652344,328.3646545410156,178.66448974609375,training,1.2101000547409058,1
911,462.1981506347656,366.14892578125,464.69769287109375,368.46246337890625,120.27468872070312,training,0.07807570695877075,1
912,462.1981506347656,366.14892578125,464.69769287109375,368.46246337890625,192.60841369628906,training,0.07807570695877075,1
913,462.4810485839844,262.5536193847656,463.9691467285156,262.6647644042969,184.84317016601562,training,0.09566131234169006,1
914,462.6766662597656,428.3857727050781,465.0964050292969,430.1778869628906,154.36968994140625,training,1.9182074069976807,1
915,463.0094299316406,505.4925537109375,465.4569091796875,507.62115478515625,151.99342346191406,training,3.4217374324798584,1
916,464.6952819824219,420.525146484375,469.5467529296875,420.76300048828125,200.80836486816406,training,3.701333522796631,1
917,464.9705810546875,253.1159210205078,466.5428161621094,252.80291748046875,135.41049194335938,training,0.2957218885421753,1
918,465.62396240234375,316.8974914550781,467.25897216796875,319.225830078125,151.3505859375,training,1.1218587160110474,1
919,466.37640380859375,335.55352783203125,468.3939514160156,338.2633056640625,211.45211791992188,training,1.0419032573699951,1
920,466.6590576171875,175.8829345703125,467.7880554199219,175.33853149414062,119.56169891357422,training,1.2728065252304077,1
921,466.8114013671875,437.95318603515625,469.24169921875,439.60064697265625,176.81912231445312,training,2.3821487426757812,1
922,467.0456237792969,494.0230712890625,472.10003662109375,495.3101806640625,147.97972106933594,training,3.990365505218506,1
923,467.8797607421875,320.38623046875,470.3055725097656,322.5212097167969,144.551025390625,training,0.809286892414093,1
924,468.5172424316406,178.3587646484375,469.71405029296875,178.08108520507812,129.98077392578125,training,1.4384191036224365,1
925,468.68890380859375,331.956298828125,471.15460205078125,333.956787109375,161.5889892578125,training,0.4156588613986969,1
926,468.9841613769531,340.0579528808594,471.4494323730469,342.33551025390625,154.79664611816406,training,0.46450525522232056,1
927,469.6789855957031,278.9188537597656,471.2092590332031,279.71527099609375,188.93385314941406,training,0.3105052709579468,1
928,469.7623596191406,499.8379211425781,472.8870544433594,501.5347595214844,126.09123992919922,training,3.6566388607025146,1
929,470.1029968261719,334.6064147949219,472.5287170410156,336.95849609375,130.72872924804688,training,0.6242873668670654,1
930,470.66796875,289.66009521484375,476.21343994140625,284.8379211425781,214.05841064453125,training,6.729602336883545,0
931,471.54742431640625,466.5931091308594,474.50225830078125,467.7315368652344,179.977783203125,training,3.518059253692627,1
932,471.66461181640625,179.6226348876953,474.1983337402344,177.811767578125,182.05218505859375,training,1.7980047464370728,1
933,472.00091552734375,481.6173095703125,474.6679992675781,483.04949951171875,173.32627868652344,training,3.665374279022217,1
934,472.10162353515625,470.97662353515625,474.0706481933594,472.69085693359375,152.11180114746094,training,3.4414479732513428,1
935,472.459716796875,203.0547332763672,473.81463623046875,202.6738739013672,185.0864715576172,training,0.7218976020812988,1
936,473.2186584472656,364.80487060546875,475.7066955566406,368.0509948730469,191.90621948242188,training,0.8086634874343872,1
937,474.7466125488281,524.3535766601562,477.4980773925781,526.0321655273438,167.14962768554688,training,4.477060794830322,0
938,475.135986328125,266.3445739746094,477.0147399902344,266.8820495605469,84.05355072021484,training,0.2355044186115265,1
939,475.45086669921875,228.50807189941406,477.5667724609375,228.3990478515625,171.97674560546875,training,0.850282609462738,1
940,475.6968994140625,448.785400390625,477.8927917480469,450.38995361328125,158.0411376953125,training,3.005800485610962,1
941,476.8476257324219,271.5828857421875,479.4410095214844,272.5849914550781,179.56614685058594,training,0.9369387626647949,1
942,477.00390625,278.12542724609375,479.4253234863281,278.96868896484375,140.7124786376953,training,0.596034049987793,1
943,477.4595031738281,361.34259033203125,479.9297180175781,363.99212646484375,181.66177368164062,training,0.28716954588890076,1
944,478.667724609375,514.9752807617188,481.4193115234375,516.6372680664062,169.86170959472656,training,4.373791217803955,0
945,479.2843933105469,200.88055419921875,480.76123046875,200.94146728515625,170.06175231933594,training,1.0449031591415405,1
946,479.4606018066406,173.22528076171875,481.68621826171875,173.1717529296875,203.086181640625,training,2.0059783458709717,1
947,480.1692810058594,396.294677734375,484.10687255859375,398.4229736328125,204.22047424316406,training,1.4179514646530151,1
948,481.10284423828125,511.4035949707031,483.5774841308594,512.628173828125,162.22207641601562,heldout,4.860629558563232,0
949,482.2422180175781,303.8426513671875,484.7862854003906,305.6942443847656,130.69430541992188,training,0.6151605844497681,1
950,482.3841552734375,247.0042724609375,483.99212646484375,247.6457061767578,144.64784240722656,training,0.5143230557441711,1
951,482.3841552734375,247.0042724609375,483.99212646484375,247.6457061767578,126.15863037109375,training,0.5143230557441711,1
952,482.57379150390625,298.5310974121094,484.85162353515625,300.34588623046875,169.31036376953125,training,0.5954809188842773,1
953,482.6648864746094,310.8468933105469,484.92041015625,313.0694580078125,119.39849090576172,training,0.7271859645843506,1
954,482.9231262207031,514.43603515625,485.7994384765625,515.972900390625,180.4716033935547,heldout,4.547401428222656,0
955,482.947021484375,534.5712280273438,485.9575500488281,535.9199829101562,174.53366088867188,heldout,5.156612873077393,0
956,483.9630126953125,315.6494445800781,486.6639709472656,317.8081970214844,137.55726623535156,training,0.6348467469215393,1
957,484.59710693359375,329.677001953125,486.9033508300781,331.9894104003906,106.82696533203125,training,0.42667320370674133,1
958,484.6820373535156,359.09246826171875,487.3701171875,361.8154296875,168.15171813964844,training,0.1960054188966751,1
959,484.6864318847656,551.5375366210938,487.8582458496094,553.6254272460938,180.70693969726562,heldout,4.844979763031006,0
960,485.23138427734375,254.814453125,487.13580322265625,255.66603088378906,132.25732421875,training,0.5158740282058716,1
961,485.3251037597656,281.9743957519531,487.5270080566406,283.2049865722656,113.2254409790039,training,0.33483150601387024,1
962,485.9195556640625,415.6242370605469,488.3941955566406,417.5669250488281,142.61837768554688,heldout,2.072544574737549,1
963,486.3065185546875,257.4881591796875,488.1535949707031,258.5245361328125,103.07764434814453,training,0.6046556830406189,1
964,486.7589111328125,268.1030578613281,488.9090270996094,269.0059814453125,121.03305053710938,training,0.3194117248058319,1
965,487.1857604980469,201.14501953125,489.1784362792969,201.32041931152344,174.31007385253906,training,1.1754734516143799,1
966,487.2274475097656,333.53997802734375,489.8074645996094,335.75653076171875,144.93446350097656,training,0.14375557005405426,1
967,487.32373046875,244.4339599609375,489.6676330566406,245.06015014648438,123.3977279663086,training,0.7807767391204834,1
968,487.32373046875,244.4339599609375,489.6676330566406,245.06015014648438,160.36209106445312,training,0.7807767391204834,1
969,487.4529724121094,495.4961242675781,489.8642578125,496.98333740234375,147.51609802246094,heldout,4.435999870300293,0
970,488.095947265625,454.0292053222656,490.54656982421875,455.52447509765625,148.05404663085938,heldout,3.4524152278900146,1
971,488.8127746582031,519.3987426757812,490.9763488769531,520.9774169921875,222.84298706054688,heldout,5.061670780181885,0
972,488.9241943359375,247.94305419921875,490.4660339355469,248.89678955078125,133.2291259765625,training,0.7096672058105469,1
973,488.9241943359375,247.94305419921875,490.4660339355469,248.89678955078125,146.0273895263672,training,0.7096672058105469,1
974,489.24761962890625,456.84185791015625,492.4146423339844,457.9316101074219,132.13250732421875,heldout,3.724449872970581,1
975,489.31427001953125,442.0152893066406,492.1556091308594,443.4480895996094,134.5845489501953,heldout,3.126676559448242,1
976,489.31427001953125,442.0152893066406,492.1556091308594,443.4480895996094,170.0,heldout,3.126676559448242,1
977,489.4285888671875,539.547607421875,492.2737731933594,540.7323608398438,128.6040496826172,heldout,5.646022796630859,0
978,489.70281982421875,288.2166748046875,491.937255859375,290.0777282714844,144.1422882080078,training,0.704436719417572,1
979,490.1925048828125,377.9026794433594,493.24395751953125,380.6458740234375,110.31319427490234,training,0.34194010496139526,1
980,490.4465026855469,532.1674194335938,493.2499694824219,533.379150390625,122.18428802490234,heldout,5.487570762634277,0
981,490.50860595703125,302.95806884765625,492.9453125,304.8866882324219,143.4677734375,training,0.44715821743011475,1
982,490.50860595703125,302.95806884765625,492.9453125,304.8866882324219,124.36639404296875,training,0.44715821743011475,1
983,490.5964660644531,264.5408020019531,492.5615234375,265.559814453125,196.85781860351562,training,0.3479207754135132,1
984,490.5964660644531,264.5408020019531,492.5615234375,265.559814453125,192.9585418701172,training,0.3479207754135132,1
985,490.6380615234375,382.0133056640625,493.44195556640625,384.7958679199219,176.39443969726562,training,0.5259745717048645,1
986,491.1254577636719,522.1046752929688,494.05535888671875,523.1546020507812,186.03494262695312,heldout,5.381959915161133,0
987,491.1254577636719,522.1046752929688,494.05535888671875,523.1546020507812,186.58509826660156,heldout,5.381959915161133,0
988,491.1495056152344,503.1235656738281,493.6059875488281,504.49798583984375,142.55174255371094,heldout,4.798788547515869,0
989,491.4186096191406,535.5564575195312,494.3134460449219,536.8010864257812,127.11412048339844,heldout,5.5307488441467285,0
990,491.4186096191406,535.5564575195312,494.3134460449219,536.8010864257812,121.20230865478516,heldout,5.5307488441467285,0
991,491.6543273925781,462.4734802246094,494.69775390625,463.5867614746094,145.27215576171875,heldout,3.9156455993652344,1
992,491.6543273925781,462.4734802246094,494.69775390625,463.5867614746094,143.85409545898438,heldout,3.9156455993652344,1
993,491.8456115722656,432.5448303222656,494.7296142578125,433.868408203125,110.081787109375,heldout,3.0631651878356934,1
994,492.1592712402344,223.8687744140625,494.5434265136719,224.7547607421875,137.2042236328125,training,1.3151519298553467,1
995,492.4562072753906,467.4268798828125,494.9659423828125,468.59619140625,92.23882293701172,heldout,4.161265850067139,0
996,492.4562072753906,467.4268798828125,494.9659423828125,468.59619140625,123.44634246826172,heldout,4.161265850067139,0
997,492.583740234375,525.2559204101562,495.7572937011719,526.603271484375,190.5308380126953,heldout,5.1366071701049805,0
998,492.583740234375,525.2559204101562,495.7572937011719,526.603271484375,146.181396484375,heldout,5.1366071701049805,0
999,492.60382080078125,395.6192626953125,494.91796875,397.9777526855469,105.0999526977539,training,1.5311479568481445,1
1000,492.661865234375,412.65087890625,495.3946533203125,414.3345642089844,183.27574157714844,heldout,2.3193576335906982,1
1001,493.2798767089844,388.0232238769531,496.37933349609375,390.7001037597656,122.5969009399414,training,0.7029691338539124,1
1002,493.41015625,337.3969421386719,495.8190002441406,339.9627990722656,174.07757568359375,training,0.4471382796764374,1
1003,493.4111022949219,228.1708221435547,495.6568298339844,228.9932861328125,119.05880737304688,training,1.0483535528182983,1
1004,493.6309509277344,419.2867736816406,496.4447937011719,421.0914611816406,122.23747253417969,heldout,2.358943462371826,1
1005,494.0164794921875,510.91473388671875,497.08416748046875,511.6559753417969,224.57960510253906,heldout,5.450779438018799,0
1006,494.1742858886719,399.9212951660156,497.2989501953125,401.8529968261719,130.59095764160156,training,1.723343014717102,1
1007,494.5365905761719,351.2823791503906,497.25030517578125,353.9456787109375,177.96066284179688,training,0.21141915023326874,1
1008,494.5669250488281,374.0986328125,497.9128112792969,376.7027587890625,94.3716049194336,training,0.5258466005325317,1
1009,495.6125793457031,552.4864501953125,498.8448791503906,554.2476196289062,168.76907348632812,heldout,5.437192440032959,0
1010,496.2681884765625,251.1546630859375,498.2977600097656,252.6250457763672,151.91444396972656,training,0.9718258380889893,1
1011,496.575927734375,299.7709045410156,497.7089538574219,302.5881042480469,210.17611694335938,training,1.8222641944885254,1
1012,496.68951416015625,352.5856018066406,499.3855285644531,355.002197265625,141.9119415283203,training,0.37707164883613586,1
1013,497.0807189941406,471.12127685546875,500.158935546875,471.50750732421875,142.17945861816406,heldout,4.947361469268799,0
1014,498.1734313964844,545.3633422851562,501.48834228515625,546.7677612304688,185.66368103027344,heldout,5.650947570800781,0
1015,498.3675537109375,479.48712158203125,501.3828430175781,480.3152770996094,107.9212646484375,heldout,4.7590107917785645,0
1016,499.037353515625,239.7490997314453,500.9638977050781,241.31773376464844,173.1415557861328,training,1.253487467765808,1
1017,499.6545715332031,281.0304260253906,501.9002990722656,283.07537841796875,214.38050842285156,training,0.8379881381988525,1
1018,499.7303771972656,321.8743896484375,502.0979309082031,323.9313659667969,223.41217041015625,training,0.35388055443763733,1
1019,500.283935546875,494.4908142089844,503.0903625488281,495.70867919921875,132.12872314453125,heldout,4.850464344024658,0
1020,500.8926696777344,450.348876953125,504.1152648925781,451.65850830078125,117.91946411132812,heldout,3.6291677951812744,1
1021,501.2771301269531,226.12884521484375,503.8790283203125,227.2251434326172,174.3502197265625,training,1.30777108669281,1
1022,501.49420166015625,405.62860107421875,504.1748046875,407.6903991699219,183.3766632080078,heldout,2.0578808784484863,1
1023,501.6512451171875,363.2063293457031,504.01312255859375,365.9183044433594,160.24668884277344,training,0.8608821630477905,1
1024,501.7982482910156,460.1733703613281,504.4194641113281,461.2158203125,138.8344268798828,heldout,4.312367916107178,0
1025,502.42828369140625,497.652587890625,505.3404235839844,498.5845031738281,183.00819396972656,heldout,5.2154951095581055,0
1026,502.8092041015625,293.2724609375,504.9748229980469,296.57598876953125,215.05116271972656,training,1.7979704141616821,1
1027,503.0196533203125,426.479248046875,505.55419921875,428.0262451171875,153.65870666503906,heldout,3.1180360317230225,1
1028,504.02532958984375,258.8215026855469,506.52777099609375,260.5982360839844,132.9097442626953,training,1.0076757669448853,1
1029,504.475341796875,237.9588165283203,507.40374755859375,239.57220458984375,144.16656494140625,training,1.5548615455627441,1
1030,504.55523681640625,380.99090576171875,508.0002136230469,383.50390625,138.58570861816406,training,0.9308560490608215,1
1031,504.732421875,387.14898681640625,507.4694519042969,389.56634521484375,133.57769775390625,training,1.3731889724731445,1
1032,504.830322265625,430.3309326171875,507.635009765625,431.9244384765625,92.8224105834961,heldout,3.1094179153442383,1
1033,505.3748779296875,245.86502075195312,507.5330505371094,247.25843811035156,184.0,training,0.8218247294425964,1
1034,505.3748779296875,245.86502075195312,507.5330505371094,247.25843811035156,155.54742431640625,training,0.8218247294425964,1
1035,505.52154541015625,443.0517883300781,508.0418701171875,444.2129211425781,117.57975769042969,heldout,3.93410587310791,1
1036,505.830078125,460.0592956542969,508.9812316894531,461.1402587890625,131.37351989746094,heldout,4.213972091674805,0
1037,505.9513244628906,340.7341613769531,507.6279602050781,343.17620849609375,148.93959045410156,training,1.3626117706298828,1
1038,506.0211181640625,265.53717041015625,508.3224792480469,267.42205810546875,135.51014709472656,training,0.8754436373710632,1
1039,506.3673095703125,464.365478515625,508.60882568359375,465.6524658203125,211.50650024414062,heldout,4.463192939758301,0
1040,506.5810852050781,545.5516967773438,510.25054931640625,545.859130859375,117.09397888183594,heldout,6.838723182678223,0
1041,506.6240539550781,281.356689453125,508.89739990234375,283.53118896484375,126.68070220947266,training,0.8327842950820923,1
1042,506.6460876464844,447.3121643066406,509.5605773925781,448.3857727050781,135.19985961914062,heldout,4.010098457336426,0
1043,506.83697509765625,248.24307250976562,509.55078125,249.58053588867188,127.78105926513672,training,0.9042587280273438,1
1044,507.80828857421875,304.9443054199219,509.7169189453125,307.29925537109375,175.92897033691406,training,0.9234011173248291,1
1045,508.1392822265625,538.6507568359375,511.0542297363281,539.0430908203125,141.79562377929688,heldout,6.832348823547363,0
1046,508.3020935058594,284.489990234375,510.83294677734375,286.78985595703125,160.82598876953125,training,0.8389952182769775,1
1047,509.1872863769531,511.063232421875,511.9411926269531,511.9378356933594,237.7751007080078,heldout,5.8108015060424805,0
1048,510.32861328125,476.04412841796875,512.6527099609375,477.42034912109375,164.64202880859375,heldout,4.728377342224121,0
1049,510.4114074707031,200.4644012451172,512.3192138671875,201.42864990234375,174.2957305908203,training,1.2685649394989014,1
1050,510.4114074707031,200.4644012451172,512.3192138671875,201.42864990234375,170.85958862304688,training,1.2685649394989014,1
1051,511.1375427246094,503.4329833984375,513.8343505859375,504.3877258300781,171.80221557617188,heldout,5.627878665924072,0
1052,511.7301940917969,384.08843994140625,514.9166259765625,386.0551452636719,135.77923583984375,training,1.7338361740112305,1
1053,512.7072143554688,362.6575927734375,517.4510498046875,364.83489990234375,168.06248474121094,training,1.7185992002487183,1
1054,512.7800903320312,455.9510803222656,515.988037109375,456.9200439453125,139.5671844482422,heldout,4.384639263153076,0
1055,513.58544921875,395.5217590332031,516.3988647460938,397.4845275878906,199.14315795898438,training,2.175734043121338,1
1056,513.91845703125,256.49493408203125,516.83203125,258.3924560546875,59.32115936279297,training,1.0849120616912842,1
1057,514.2262573242188,477.3826904296875,517.1572875976562,477.9504699707031,175.6929168701172,heldout,5.382436752319336,0
1058,514.388916015625,275.78741455078125,517.1790771484375,277.8558044433594,125.2796859741211,training,0.7136927247047424,1
1059,514.5747680664062,240.3529815673828,517.0022583007812,242.23472595214844,108.21275329589844,training,1.2566372156143188,1
1060,514.96142578125,500.01434326171875,517.7072143554688,500.4202880859375,179.46588134765625,heldout,6.143728256225586,0
1061,515.1452026367188,462.5881652832031,517.7869873046875,463.6478271484375,141.12051391601562,heldout,4.694705963134766,0
1062,515.5742797851562,323.48956298828125,519.394287109375,325.219970703125,108.30050659179688,training,1.0569734573364258,1
1063,516.119384765625,284.75469970703125,519.9840698242188,286.4360656738281,198.18426513671875,training,1.2048721313476562,1
1064,516.2384033203125,428.620849609375,519.4830322265625,429.51104736328125,153.30035400390625,heldout,3.9057600498199463,1
1065,516.7000122070312,444.5269470214844,518.1839599609375,446.46441650390625,141.79562377929688,heldout,4.179506301879883,0
1066,517.738525390625,328.1058654785156,520.353759765625,330.21502685546875,102.67424011230469,training,0.6992978453636169,1
1067,518.0203857421875,448.0577087402344,521.2130737304688,449.4402160644531,186.1343536376953,heldout,3.938025712966919,1
1068,519.0086669921875,516.2823486328125,521.53515625,516.8973388671875,219.2760772705078,heldout,6.5158772468566895,0
1069,519.2180786132812,473.5490417480469,522.5030517578125,474.3523254394531,173.9770050048828,heldout,5.09281063079834,0
1070,519.447998046875,290.8161926269531,521.535400390625,292.97137451171875,120.53630065917969,training,0.7720080614089966,1
1071,519.4948120117188,224.99929809570312,522.1014404296875,226.85377502441406,76.31513977050781,training,1.5108040571212769,1
1072,519.6807861328125,255.05841064453125,522.4007568359375,257.1645812988281,118.87808990478516,training,1.0782499313354492,1
1073,520.2396240234375,295.6566467285156,523.6151733398438,297.85528564453125,127.64012145996094,training,0.5843837857246399,1
1074,520.4675903320312,408.41156005859375,523.8627319335938,409.80487060546875,188.67962646484375,heldout,3.0202605724334717,1
1075,520.6145629882812,249.17953491210938,522.760009765625,251.66712951660156,143.58273315429688,training,1.5459569692611694,1
1076,520.7039184570312,411.3372497558594,524.0879516601562,412.82415771484375,119.25602722167969,heldout,3.003629684448242,1
1077,521.0003051757812,305.6495666503906,523.456787109375,307.55670166015625,104.43658447265625,training,0.5732485055923462,1
1078,522.8901977539062,469.19091796875,525.4230346679688,470.3281555175781,202.23007202148438,heldout,5.027990341186523,0
1079,524.0014038085938,277.7339172363281,526.7164916992188,280.0077819824219,98.60020446777344,training,0.6343856453895569,1
1080,524.1713256835938,314.1957702636719,526.9908447265625,316.0933837890625,186.98663330078125,training,0.5990892052650452,1
1081,524.3219604492188,236.49440002441406,526.7095947265625,238.83937072753906,152.73179626464844,training,1.579158067703247,1
1082,524.342529296875,317.4799499511719,526.8381958007812,319.4534912109375,129.46041870117188,training,0.8339152336120605,1
1083,524.6201782226562,243.33778381347656,526.4923706054688,245.83689880371094,195.75494384765625,training,1.6685456037521362,1
1084,524.63232421875,310.42218017578125,526.5590209960938,312.65191650390625,132.79307556152344,training,1.160653829574585,1
1085,525.59814453125,362.4043884277344,527.9411010742188,364.872802734375,177.88198852539062,training,1.6295347213745117,1
1086,525.6774291992188,523.1478271484375,528.7781982421875,523.5264282226562,165.6623077392578,heldout,6.872015953063965,0
1087,525.6774291992188,523.1478271484375,528.7781982421875,523.5264282226562,160.1343231201172,heldout,6.872015953063965,0
1088,525.794189453125,229.0309295654297,528.39306640625,231.1711883544922,118.99579620361328,training,1.5345394611358643,1
1089,526.5757446289062,216.9486846923828,527.8485107421875,218.84152221679688,187.65127563476562,training,1.7505005598068237,1
1090,527.0294799804688,327.3348693847656,529.5989990234375,329.3124694824219,146.21900939941406,training,1.068495273590088,1
1091,527.3504638671875,164.4619598388672,265.2535705566406,82.31092071533203,209.36810302734375,training,276.0531005859375,0
1092,527.416015625,366.649658203125,530.52294921875,368.6363830566406,122.12698364257812,training,1.7252256870269775,1
1093,527.458740234375,381.51885986328125,530.2902221679688,383.3739929199219,203.37403869628906,training,2.3066048622131348,1
1094,528.9021606445312,307.95599365234375,531.6268920898438,309.9404602050781,72.56031799316406,training,0.5759236216545105,1
1095,528.9021606445312,307.95599365234375,531.6268920898438,309.9404602050781,78.4601821899414,training,0.5759236216545105,1
1096,529.1116943359375,430.92425537109375,531.5249633789062,432.2253112792969,155.21275329589844,heldout,4.199261665344238,0
1097,529.4635009765625,230.6728057861328,532.0896606445312,232.90379333496094,55.928524017333984,training,1.5040748119354248,1
1098,529.6026611328125,224.54483032226562,532.9017333984375,226.3211669921875,150.42605590820312,training,1.5183732509613037,1
1099,529.8174438476562,293.20989990234375,532.2296142578125,295.3646240234375,112.84945678710938,training,0.5987338423728943,1
1100,529.9058227539062,440.9979553222656,532.7952880859375,442.2864685058594,186.90907287597656,heldout,4.268571853637695,0
1101,530.76025390625,402.6590881347656,533.4194946289062,404.6755676269531,145.4922637939453,heldout,2.8353071212768555,1
1102,530.8262329101562,334.2372741699219,534.0459594726562,335.9913330078125,135.7608184814453,training,1.2512216567993164,1
1103,530.9523315429688,359.57586669921875,533.705078125,361.9501037597656,180.14439392089844,training,1.490504264831543,1
1104,531.208984375,313.32244873046875,534.0745849609375,315.170166015625,135.7387237548828,training,0.7917817831039429,1
1105,531.3795166015625,245.25352478027344,533.8771362304688,247.40985107421875,110.14989471435547,training,1.059098482131958,1
1106,531.5036010742188,233.96812438964844,533.998046875,236.43959045410156,108.28203582763672,training,1.6116061210632324,1
1107,532.0849609375,355.0888977050781,534.9483642578125,357.2276916503906,101.96568298339844,training,1.5459961891174316,1
1108,532.121337890625,523.8324584960938,535.1148681640625,523.8526611328125,199.5920867919922,heldout,7.426547050476074,0
1109,533.1576538085938,231.63841247558594,536.1533813476562,234.1007537841797,114.350341796875,training,1.7058547735214233,1
1110,533.4446411132812,458.7160949707031,535.947021484375,459.9848327636719,140.48130798339844,heldout,4.959073066711426,0
1111,533.6535034179688,234.48341369628906,536.6089477539062,237.0381317138672,184.8783416748047,training,1.7032688856124878,1
1112,533.843505859375,424.2072448730469,537.0342407226562,425.16876220703125,102.44510650634766,heldout,4.184267520904541,0
1113,534.6437377929688,452.5672912597656,536.9910888671875,454.03826904296875,103.59536743164062,heldout,4.742035388946533,0
1114,534.8749389648438,346.5895690917969,537.8591918945312,348.5439758300781,90.91754150390625,training,1.5262737274169922,1
1115,535.5645141601562,391.9540100097656,538.4199829101562,393.74456787109375,159.69972229003906,training,2.8179731369018555,1
1116,535.9583740234375,431.1499328613281,539.2013549804688,432.3491516113281,110.71133422851562,heldout,4.157423496246338,0
1117,537.4547119140625,322.2331237792969,539.6577758789062,324.219482421875,155.35443115234375,training,1.5215312242507935,1
1118,538.1836547851562,242.2678680419922,540.7120361328125,245.0817108154297,137.23338317871094,training,1.6436742544174194,1
1119,538.2590942382812,308.5477600097656,541.0025024414062,310.4505920410156,132.78553771972656,training,0.8992380499839783,1
1120,539.614990234375,386.9581604003906,542.6672973632812,388.4765625,167.24832153320312,training,2.977179527282715,1
1121,539.7550659179688,280.8701171875,542.7883911132812,283.06341552734375,125.22779083251953,training,0.16705502569675446,1
1122,540.1456909179688,337.5246276855469,543.3792724609375,339.0528869628906,165.4720458984375,training,1.7691712379455566,1
1123,541.0279541015625,390.3706970214844,543.8201293945312,391.807373046875,111.26095581054688,training,3.273332118988037,1
1124,541.6676635742188,369.2804260253906,544.3534545898438,371.0889892578125,125.58662414550781,training,2.516674518585205,1
1125,542.2845458984375,408.6051940917969,545.6754760742188,409.8667907714844,187.80575561523438,heldout,3.6885180473327637,1
1126,543.12939453125,245.2876434326172,546.4976196289062,247.73193359375,146.23953247070312,training,1.2495900392532349,1
1127,543.1598510742188,243.32920837402344,546.2936401367188,245.9893341064453,166.4091339111328,training,1.4099044799804688,1
1128,543.6990356445312,332.4896545410156,546.7017211914062,334.2975158691406,128.86038208007812,training,1.5546143054962158,1
1129,544.18310546875,255.9412384033203,547.2435302734375,258.4226379394531,136.55401611328125,training,0.9040631651878357,1
1130,544.6376342773438,367.2944030761719,548.6613159179688,368.3083801269531,168.8401641845703,training,2.961625099182129,1
1131,545.0326538085938,312.5821533203125,547.8882446289062,314.3200378417969,160.19674682617188,training,1.2523308992385864,1
1132,545.1570434570312,336.0740966796875,548.6074829101562,337.53411865234375,172.69915771484375,training,1.8810313940048218,1
1133,545.21533203125,439.8974304199219,547.99072265625,441.0852966308594,161.23585510253906,heldout,4.785459995269775,0
1134,545.6488647460938,258.8620910644531,548.3644409179688,261.6639099121094,104.20652770996094,training,1.146498441696167,1
1135,547.1580810546875,272.5657043457031,549.6265869140625,275.1596374511719,174.2412109375,training,0.8858461976051331,1
1136,547.4022827148438,365.52423095703125,550.2935180664062,367.2987976074219,143.69760131835938,training,2.512937545776367,1
1137,547.4022827148438,365.52423095703125,550.2935180664062,367.2987976074219,141.10989379882812,training,2.512937545776367,1
1138,547.7122192382812,414.2182312011719,550.7874145507812,415.5885925292969,225.61471557617188,heldout,3.9597599506378174,1
1139,547.9125366210938,231.02935791015625,550.6514282226562,233.71925354003906,140.37094116210938,training,1.5543676614761353,1
1140,548.2669677734375,261.11627197265625,551.1671752929688,264.6423645019531,209.36570739746094,training,1.7467188835144043,1
1141,550.1434936523438,244.88426208496094,552.981689453125,247.60116577148438,171.73526000976562,training,1.241940975189209,1
1142,550.2236328125,434.99102783203125,553.5181274414062,436.2545471191406,147.65499877929688,heldout,4.5353684425354,0
1143,550.7857055664062,268.44036865234375,553.6797485351562,271.57781982421875,155.12252807617188,training,1.1748836040496826,1
1144,551.5196533203125,250.4051513671875,555.275634765625,252.8258514404297,83.24061584472656,training,1.1041858196258545,1
1145,551.646484375,356.54608154296875,554.21630859375,358.2947082519531,211.8277587890625,training,2.608933448791504,1
1146,551.9403076171875,299.9903564453125,554.4458618164062,302.2237548828125,137.8513641357422,training,1.0921337604522705,1
1147,554.1068725585938,367.69317626953125,556.339599609375,368.8932800292969,185.09727478027344,training,3.5799052715301514,1
1148,554.5275268554688,280.05963134765625,558.4228515625,282.1105041503906,173.84188842773438,training,0.6096294522285461,1
1149,557.4515991210938,236.9499053955078,560.5909423828125,239.4683837890625,110.86478424072266,training,1.0736641883850098,1
1150,557.6385498046875,440.7348937988281,560.9791870117188,441.67303466796875,134.8703155517578,heldout,5.152705669403076,0
1151,559.5415649414062,255.5450897216797,562.6690063476562,258.4868469238281,169.103515625,training,1.0461702346801758,1
1152,560.376708984375,437.9835510253906,563.7888793945312,439.1571350097656,197.7523651123047,heldout,4.91269063949585,0
1153,561.5671997070312,276.8835754394531,565.4745483398438,278.9907531738281,177.6963653564453,training,0.5405206680297852,1
1154,561.5671997070312,276.8835754394531,565.4745483398438,278.9907531738281,186.04299926757812,training,0.5405206680297852,1
1155,561.6778564453125,230.76234436035156,564.81494140625,233.36785888671875,151.26797485351562,training,1.2015340328216553,1
1156,561.7305297851562,311.3344421386719,564.264404296875,312.742919921875,146.58103942871094,training,2.1387369632720947,1
1157,561.96875,341.4880676269531,564.9443969726562,342.6868591308594,207.2003936767578,training,2.8190717697143555,1
1158,562.3698120117188,318.5843811035156,565.4271240234375,320.0500793457031,111.03152465820312,training,2.0127673149108887,1
1159,562.5213623046875,312.0196228027344,565.4411010742188,313.2580871582031,108.64160919189453,training,2.1259472370147705,1
1160,563.103515625,233.69435119628906,566.1595458984375,236.3275909423828,154.2400665283203,training,1.1282814741134644,1
1161,563.8847045898438,395.8348693847656,567.39794921875,396.9331970214844,97.73433685302734,training,4.055863857269287,0
1162,563.9415283203125,279.8841247558594,567.3973388671875,282.14813232421875,178.41244506835938,training,0.2534431517124176,1
1163,564.3875732421875,333.0403137207031,566.6067504882812,334.86053466796875,200.50685119628906,training,2.601182460784912,1
1164,564.8773803710938,407.05255126953125,568.3052368164062,408.1391906738281,121.85237121582031,heldout,4.380397319793701,0
1165,566.4498901367188,311.0119934082031,568.9971313476562,312.38665771484375,140.17845153808594,training,2.2822766304016113,1
1166,566.6690063476562,401.5591735839844,569.223876953125,402.51007080078125,126.92517852783203,heldout,4.76943826675415,0
1167,566.9458618164062,414.09991455078125,570.1636352539062,415.2774963378906,118.94536590576172,heldout,4.586797714233398,0
1168,566.9458618164062,414.09991455078125,570.1636352539062,415.2774963378906,162.82199096679688,heldout,4.586797714233398,0
1169,567.1917724609375,439.75408935546875,569.7236328125,441.0992431640625,165.44485473632812,heldout,5.348377227783203,0
1170,568.4110717773438,418.05560302734375,572.0692749023438,418.9445495605469,118.0169448852539,heldout,4.847288608551025,0
1171,569.5006713867188,391.60650634765625,572.2059936523438,392.4497375488281,139.79270935058594,training,4.63863468170166,0
1172,569.6248779296875,263.8975524902344,571.6533813476562,267.2581787109375,137.90939331054688,training,1.8020156621932983,1
1173,569.9930419921875,395.05316162109375,573.4993286132812,395.4027404785156,176.43978881835938,training,4.912307262420654,0
1174,570.8502807617188,438.9430847167969,574.32861328125,440.15570068359375,132.03030395507812,heldout,5.146571636199951,0
1175,571.1563110351562,388.56085205078125,573.821533203125,389.555419921875,142.38328552246094,training,4.494739055633545,0
1176,571.1563110351562,388.56085205078125,573.821533203125,389.555419921875,174.6854248046875,training,4.494739055633545,0
1177,571.6602172851562,272.6700439453125,575.3352661132812,275.0532531738281,159.1571502685547,training,0.1495569348335266,1
1178,572.1130981445312,288.35760498046875,575.3397827148438,289.9615173339844,165.16961669921875,training,1.3640294075012207,1
1179,572.2652587890625,261.7228088378906,574.9618530273438,264.41925048828125,124.37443542480469,training,0.9013625383377075,1
1180,572.771240234375,414.35821533203125,575.869873046875,415.61541748046875,86.58522033691406,heldout,4.720355033874512,0
1181,573.3729248046875,360.5876159667969,576.2152099609375,360.8454284667969,201.16659545898438,training,4.489140510559082,0
1182,573.603271484375,229.44644165039062,576.8272094726562,231.72531127929688,135.87493896484375,training,0.6487559676170349,1
1183,573.8760986328125,318.9069519042969,577.24072265625,319.9456787109375,156.7801055908203,training,2.613508939743042,1
1184,574.5953979492188,450.6719970703125,577.9188232421875,451.6328125,186.7484893798828,heldout,5.810115337371826,0
1185,575.0118408203125,251.36744689941406,578.5822143554688,253.69261169433594,124.05644226074219,training,0.23151564598083496,1
1186,577.4808349609375,255.22035217285156,580.0538940429688,257.96600341796875,153.88632202148438,training,1.0785974264144897,1
1187,578.3117065429688,336.5444030761719,581.2191772460938,336.9328308105469,144.7515106201172,training,3.907151937484741,1
1188,578.5899658203125,414.82861328125,582.2733154296875,415.7456970214844,107.14009857177734,heldout,4.994166374206543,0
1189,579.7669677734375,220.32638549804688,582.5697021484375,222.9702606201172,189.51780700683594,training,1.1624938249588013,1
1190,581.091552734375,224.7839813232422,584.6062622070312,227.220703125,153.4144744873047,training,0.7817936539649963,1
1191,581.1470947265625,230.52725219726562,584.0606689453125,233.0459442138672,164.47491455078125,training,0.8378803133964539,1
1192,582.9781494140625,234.40077209472656,586.8873291015625,236.54803466796875,181.5874481201172,training,0.524368941783905,1
1193,586.4766845703125,228.39892578125,590.0816650390625,230.3214874267578,128.4211883544922,training,0.1733226180076599,1
1194,587.3878784179688,265.3753662109375,590.6451416015625,267.3181457519531,153.9480438232422,training,0.9323692321777344,1
1195,588.3773193359375,218.1042022705078,591.2540283203125,220.70394897460938,157.1909637451172,training,1.0336769819259644,1
1196,588.512451171875,268.369384765625,591.0358276367188,270.75360107421875,212.32522583007812,training,1.408545732498169,1
1197,590.9155883789062,382.7807312011719,593.9662475585938,383.5412292480469,141.8379364013672,training,4.931183815002441,0
1198,591.2113647460938,338.97161865234375,593.9896850585938,339.3631286621094,110.3313217163086,training,4.355334758758545,0
1199,591.3143920898438,240.49009704589844,594.8604125976562,242.80929565429688,154.3405303955078,training,0.13860438764095306,1
1200,592.99560546875,246.40975952148438,596.3455810546875,248.98922729492188,233.5701141357422,training,0.4366213083267212,1
1201,593.5083618164062,373.98773193359375,596.3320922851562,374.7012634277344,99.06563568115234,training,4.933108329772949,0
1202,594.188720703125,392.23004150390625,598.0988159179688,393.2118835449219,192.63177490234375,training,4.733016490936279,0
1203,594.1896362304688,364.37042236328125,597.2757568359375,364.7397155761719,134.87771606445312,training,4.929540634155273,0
1204,594.4564819335938,196.28451538085938,597.676513671875,199.23316955566406,212.22628784179688,training,1.5974335670471191,1
1205,594.5409545898438,383.71258544921875,598.1065673828125,384.2259521484375,85.71464538574219,training,5.092418670654297,0
1206,594.6437377929688,360.8863220214844,597.42236328125,361.0477600097656,151.9539337158203,training,5.172259330749512,0
1207,594.669677734375,327.7442321777344,597.6014404296875,327.8376770019531,169.67027282714844,training,4.39351224899292,0
1208,594.9408569335938,355.7861633300781,597.6342163085938,355.8581848144531,155.84608459472656,training,5.176853656768799,0
1209,595.0934448242188,272.50262451171875,598.3243408203125,274.2152099609375,160.85086059570312,training,1.5163267850875854,1
1210,595.1536254882812,319.3796691894531,598.1051635742188,319.32452392578125,208.39625549316406,training,4.3400959968566895,0
1211,595.2796630859375,386.76904296875,598.4457397460938,387.6065368652344,157.3499298095703,training,5.023839473724365,0
1212,596.7691650390625,258.9737243652344,599.9863891601562,261.14117431640625,172.3165740966797,training,0.9219021797180176,1
1213,599.4307861328125,354.4930725097656,601.4673461914062,354.877685546875,151.5849609375,training,5.315581798553467,0
1214,599.599853515625,360.80560302734375,603.2500610351562,360.8806457519531,145.78408813476562,training,5.080535411834717,0
1215,601.1156005859375,206.33975219726562,604.1845703125,209.52508544921875,178.86587524414062,training,1.5424145460128784,1
1216,603.2765502929688,264.0245361328125,607.443603515625,265.68829345703125,268.3486633300781,training,1.315954566001892,1
1217,605.9207763671875,188.88446044921875,609.3397827148438,191.9679412841797,162.34222412109375,heldout,1.6535117626190186,1
1218,609.3300170898438,223.1390380859375,613.161376953125,225.01065063476562,195.95407104492188,training,0.3595007061958313,1
1219,612.6083374023438,279.7030944824219,616.418701171875,280.9734191894531,166.9850311279297,training,2.325390100479126,1
1220,612.7783203125,190.42544555664062,616.5007934570312,193.58607482910156,152.69577026367188,heldout,1.5650993585586548,1
1221,613.9732055664062,209.24534606933594,616.1679077148438,213.0261993408203,144.1318817138672,training,2.3562958240509033,1
1222,614.2301025390625,231.0053253173828,617.0189819335938,232.70054626464844,198.8064422607422,training,1.4497315883636475,1
1223,615.0217895507812,267.4071044921875,617.9315795898438,269.1261901855469,161.4125213623047,training,2.150174140930176,1
1224,616.9075317382812,313.41656494140625,619.8592529296875,313.5183410644531,197.93685913085938,training,4.62876033782959,0
1225,621.0797729492188,219.7705535888672,624.9494018554688,222.33392333984375,158.61273193359375,training,0.2166362702846527,1
1226,621.187744140625,201.33921813964844,624.8416137695312,203.86746215820312,175.9119110107422,training,0.547521710395813,1
1227,622.8729248046875,270.238037109375,625.943115234375,271.3795471191406,171.51092529296875,training,2.7985005378723145,1
1228,624.1083374023438,280.4707336425781,626.2952880859375,281.8333740234375,177.43167114257812,training,3.4573214054107666,1
1229,625.6045532226562,197.5953369140625,629.332763671875,200.48544311523438,143.74630737304688,heldout,0.8818564414978027,1
1230,629.3472900390625,196.48504638671875,632.7705688476562,199.1483612060547,131.0686798095703,heldout,0.7817683815956116,1
