match_id,ohrc_projected_x_5m,ohrc_projected_y_5m,tmc_ortho_x_5m,tmc_ortho_y_5m,descriptor_distance,split,forward_residual_tmc_5m_px,inlier
0,44.419708251953125,331.73101806640625,40.673187255859375,327.64898681640625,151.29441833496094,training,8.601750373840332,0
1,48.1717414855957,332.4839782714844,44.57404708862305,328.4560241699219,200.5268096923828,training,8.662626266479492,0
2,52.70098876953125,314.0876159667969,48.407283782958984,309.67218017578125,180.1943359375,training,8.315946578979492,0
3,58.36492156982422,247.8987579345703,52.41948318481445,238.71707153320312,202.15093994140625,training,4.049139499664307,0
4,61.97555160522461,260.0945739746094,56.8546142578125,251.6416778564453,151.2018585205078,training,4.711787223815918,0
5,62.665496826171875,238.1846923828125,56.390811920166016,228.37652587890625,203.3199462890625,training,3.5211470127105713,1
6,62.67045593261719,226.9687957763672,56.430274963378906,216.36770629882812,208.87796020507812,training,2.827101230621338,1
7,66.7179183959961,237.4060821533203,60.493839263916016,227.4447021484375,160.9192352294922,training,3.3689608573913574,1
8,68.04168701171875,320.7606201171875,64.11474609375,315.8817443847656,181.3477325439453,training,7.794010162353516,0
9,68.85820007324219,264.98651123046875,63.69484329223633,256.59100341796875,124.77580261230469,training,4.689860820770264,0
10,69.28164672851562,227.54176330566406,63.42137908935547,216.40843200683594,150.25311279296875,training,2.2703351974487305,1
11,69.84687042236328,299.33251953125,66.17108917236328,293.4637145996094,174.82562255859375,training,7.099347114562988,0
12,70.49251556396484,303.96282958984375,66.49520874023438,298.7832336425781,154.28221130371094,training,7.647923469543457,0
13,74.19591522216797,285.1927795410156,69.44596099853516,278.3623046875,202.19544982910156,training,6.073946952819824,0
14,75.361083984375,245.36434936523438,70.08855438232422,235.08734130859375,155.8685302734375,training,2.9853291511535645,1
15,77.46515655517578,292.98162841796875,72.94884490966797,286.1397399902344,203.26583862304688,training,6.005199432373047,0
16,78.36751556396484,260.95074462890625,73.20978546142578,251.70675659179688,164.78773498535156,training,3.857140302658081,1
17,78.9487075805664,264.4336853027344,74.29701232910156,255.12001037597656,206.22560119628906,training,3.841275453567505,1
18,81.04965209960938,234.5579376220703,74.34102630615234,224.11343383789062,143.1328125,training,3.0364809036254883,1
19,82.2365493774414,228.5450897216797,76.64192199707031,217.19876098632812,205.96844482421875,training,2.0306429862976074,1
20,82.69043731689453,269.12005615234375,77.55353546142578,260.5029296875,224.24093627929688,training,4.389164924621582,0
21,84.90087890625,219.73553466796875,79.02501678466797,207.64332580566406,193.7808074951172,training,1.362149715423584,1
22,86.01034545898438,251.9969024658203,80.13246154785156,242.0365753173828,149.85659790039062,training,3.201526165008545,1
23,90.10076904296875,240.8498992919922,85.23857879638672,230.15484619140625,104.02403259277344,training,2.6435532569885254,1
24,90.21019744873047,257.1407165527344,84.88584899902344,247.33416748046875,165.14236450195312,training,3.2871553897857666,1
25,92.90473175048828,227.670654296875,87.07691192626953,216.0940399169922,158.29087829589844,training,1.7987744808197021,1
26,94.52039337158203,244.83888244628906,89.06672668457031,234.5548095703125,129.09298706054688,training,2.914355754852295,1
27,94.82103729248047,265.9968566894531,89.94121551513672,256.5625915527344,174.0660858154297,training,3.597297191619873,1
28,95.05967712402344,300.8240966796875,90.96018981933594,295.0174560546875,138.43409729003906,training,6.94694185256958,0
29,96.00492858886719,222.00454711914062,89.9964370727539,210.4792938232422,182.0439453125,training,1.9285552501678467,1
30,96.00492858886719,222.00454711914062,89.9964370727539,210.4792938232422,166.9850311279297,training,1.9285552501678467,1
31,96.74491119384766,249.69540405273438,91.3613510131836,239.43804931640625,187.3179168701172,training,2.892014265060425,1
32,97.28173828125,272.7662658691406,92.31209564208984,263.987060546875,178.71205139160156,training,4.165019989013672,0
33,97.28173828125,272.7662658691406,92.31209564208984,263.987060546875,184.43426513671875,training,4.165019989013672,0
34,97.9431381225586,254.88906860351562,92.67656707763672,244.8944549560547,161.52398681640625,training,3.105896234512329,1
35,98.60283660888672,258.6385498046875,93.41272735595703,248.70973205566406,128.4873504638672,training,3.1374566555023193,1
36,99.09183502197266,237.4361114501953,93.36880493164062,226.90496826171875,99.99500274658203,training,2.7407686710357666,1
37,100.53968048095703,221.137451171875,94.79041290283203,209.60252380371094,137.29530334472656,training,1.8864057064056396,1
38,104.14241027832031,314.5497741699219,100.96733093261719,308.4342041015625,185.54783630371094,training,6.6548686027526855,0
39,104.14241027832031,314.5497741699219,100.96733093261719,308.4342041015625,181.298095703125,training,6.6548686027526855,0
40,105.76873779296875,310.14776611328125,102.19617462158203,304.2110900878906,148.49578857421875,training,6.7735772132873535,0
41,110.96288299560547,227.1990203857422,105.48788452148438,216.23532104492188,114.81724548339844,training,2.374295949935913,1
42,111.3199691772461,308.3587951660156,107.91500854492188,302.0088806152344,176.266845703125,training,6.399866104125977,0
43,113.40780639648438,220.8311767578125,107.76415252685547,209.48326110839844,146.68673706054688,training,2.061267375946045,1
44,130.5047149658203,435.56201171875,128.1465301513672,430.3753356933594,209.2056427001953,training,6.353723049163818,0
45,131.65304565429688,404.1220397949219,128.991943359375,398.4749755859375,180.2387237548828,training,6.1585164070129395,0
46,132.58377075195312,472.5411682128906,130.83251953125,468.7341613769531,125.19584655761719,training,7.441961765289307,0
47,133.37680053710938,486.0764465332031,130.77967834472656,483.4236145019531,164.1432342529297,training,8.278712272644043,0
48,133.52391052246094,399.38775634765625,130.97470092773438,393.8654479980469,184.95945739746094,training,6.346425533294678,0
49,134.23019409179688,494.4866027832031,132.11138916015625,492.2430114746094,167.22439575195312,training,8.662211418151855,0
50,135.2720184326172,404.04052734375,132.64373779296875,398.74127197265625,163.09506225585938,training,6.489249229431152,0
51,136.4704132080078,407.72564697265625,134.39857482910156,402.19000244140625,144.89306640625,training,6.358123779296875,0
52,136.91465759277344,420.9822998046875,134.70895385742188,415.94500732421875,216.5733184814453,training,6.657469749450684,0
53,138.87277221679688,288.2522888183594,134.99366760253906,279.1424560546875,173.8246307373047,training,3.685502767562866,1
54,139.04115295410156,411.01959228515625,137.18988037109375,405.6298828125,98.12237548828125,training,6.514890670776367,0
55,139.76278686523438,481.6024169921875,138.8219757080078,478.0599060058594,211.7144317626953,training,7.795179843902588,0
56,141.5816650390625,401.22943115234375,139.09426879882812,395.76544189453125,202.90145874023438,training,6.359774589538574,0
57,142.3343505859375,404.3232421875,140.30714416503906,398.75860595703125,200.68881225585938,training,6.347070217132568,0
58,143.7023162841797,468.666015625,143.29501342773438,463.8768310546875,157.6039276123047,training,6.9655632972717285,0
59,144.4871063232422,353.3287353515625,591.0400390625,354.7082214355469,166.06324768066406,training,450.934326171875,0
60,145.9737548828125,398.8027038574219,143.8542938232422,393.20892333984375,153.7855682373047,training,6.331215858459473,0
61,147.18023681640625,504.8681640625,146.85972595214844,502.5400695800781,164.31068420410156,training,8.851305961608887,0
62,147.19593811035156,433.1852722167969,145.40846252441406,428.4886779785156,176.09088134765625,training,6.914203643798828,0
63,148.49594116210938,493.27984619140625,147.91363525390625,490.6111145019531,172.49058532714844,training,8.560593605041504,0
64,148.81109619140625,482.0425109863281,147.55747985839844,479.1099853515625,208.7127227783203,training,8.232172012329102,0
65,149.92605590820312,507.3117980957031,149.5436248779297,505.5122375488281,164.34414672851562,training,9.290329933166504,0
66,150.29721069335938,470.5915222167969,148.8413848876953,466.9718322753906,136.69674682617188,training,7.629220962524414,0
67,151.56190490722656,393.5763854980469,149.34103393554688,387.9944152832031,162.43460083007812,training,6.341299533843994,0
68,153.6797332763672,481.9261169433594,152.51438903808594,478.6778564453125,208.32186889648438,training,7.926912307739258,0
69,154.35629272460938,404.1850280761719,152.05848693847656,398.9329833984375,173.98851013183594,training,6.518394947052002,0
70,156.60861206054688,393.69091796875,154.4279327392578,387.6903991699219,115.26924896240234,training,5.92083215713501,0
71,158.57481384277344,412.80157470703125,156.6448974609375,407.98138427734375,119.66619873046875,training,6.914310932159424,0
72,158.6715545654297,423.03131103515625,156.559814453125,418.3724670410156,151.7201385498047,training,6.922125339508057,0
73,158.7969970703125,485.225830078125,157.0977783203125,482.5626220703125,203.40846252441406,training,8.317604064941406,0
74,159.69093322753906,466.3266296386719,158.7286834716797,462.7593688964844,176.980224609375,training,7.812204837799072,0
75,159.90480041503906,374.56146240234375,157.3114013671875,367.7507629394531,111.76314544677734,training,5.216749668121338,0
76,160.87828063964844,523.7284545898438,160.2367401123047,522.6661376953125,206.0291290283203,training,9.697640419006348,0
77,162.03382873535156,496.8965148925781,162.1790313720703,493.8372497558594,171.66537475585938,training,8.328413963317871,0
78,162.03382873535156,496.8965148925781,162.1790313720703,493.8372497558594,178.4180450439453,training,8.328413963317871,0
79,162.65658569335938,512.9834594726562,162.16873168945312,511.7735595703125,206.4751739501953,training,9.697212219238281,0
80,163.073486328125,378.2836608886719,160.8555450439453,371.4417724609375,117.39250183105469,training,5.232102870941162,0
81,163.25506591796875,409.9185791015625,161.9545440673828,404.3942565917969,154.32757568359375,training,6.437287330627441,0
82,163.5638885498047,480.4488830566406,163.1375274658203,477.3815612792969,221.61001586914062,training,8.2822847366333,0
83,166.2012939453125,365.4947814941406,163.32620239257812,358.36114501953125,141.6156768798828,training,4.905911922454834,0
84,166.4164581298828,408.88665771484375,164.3077850341797,403.48846435546875,119.98332977294922,training,6.313218593597412,0
85,166.51455688476562,429.8539123535156,164.67672729492188,425.5,105.9480972290039,training,7.172565460205078,0
86,166.6382293701172,470.0745849609375,165.6659698486328,466.8917541503906,181.23464965820312,training,8.09939956665039,0
87,167.25167846679688,433.68255615234375,166.06533813476562,429.142578125,81.59656524658203,training,7.123234748840332,0
88,167.6922149658203,385.3030090332031,165.76319885253906,378.4588623046875,140.2889862060547,training,5.219338893890381,0
89,167.69740295410156,401.3651428222656,166.1995849609375,395.6150817871094,191.0915985107422,training,6.221712589263916,0
90,168.4409942626953,524.5625,168.3930206298828,523.5905151367188,105.15702819824219,training,9.892729759216309,0
91,168.9958038330078,48.123783111572266,283.2919006347656,68.70569610595703,235.18502807617188,training,125.06629943847656,0
92,169.14349365234375,497.8739318847656,168.92684936523438,495.9209899902344,114.22346496582031,training,9.185882568359375,0
93,171.32119750976562,474.7055358886719,170.7993621826172,471.7369689941406,244.46676635742188,training,8.360780715942383,0
94,171.33364868164062,485.34515380859375,170.9937744140625,482.90643310546875,202.62033081054688,training,8.807051658630371,0
95,172.2029571533203,292.1715087890625,168.53353881835938,281.5317687988281,105.72605895996094,training,2.0448262691497803,1
96,172.7838897705078,376.5752868652344,170.69813537597656,369.6946716308594,75.36577606201172,training,5.198215484619141,0
97,172.78395080566406,417.01995849609375,171.4626007080078,411.8841857910156,187.5019989013672,training,6.661386489868164,0
98,174.17153930664062,487.8621826171875,173.52000427246094,485.9042053222656,114.99565124511719,training,9.138261795043945,0
99,174.1783447265625,381.0066223144531,171.6652069091797,374.4171447753906,148.93287658691406,training,5.3165602684021,0
100,174.51800537109375,435.2798767089844,173.15150451660156,430.9025573730469,78.67019653320312,training,7.169346809387207,0
101,175.275390625,476.6899719238281,175.2265167236328,473.46441650390625,215.17202758789062,training,8.232660293579102,0
102,175.27796936035156,491.1016540527344,175.7259063720703,488.76263427734375,174.19529724121094,training,9.083776473999023,0
103,177.26412963867188,402.7435607910156,175.63380432128906,396.8428955078125,143.57228088378906,training,5.96518611907959,0
104,177.82833862304688,288.3621826171875,173.42103576660156,277.3070983886719,125.31161499023438,training,1.6225606203079224,1
105,178.44906616210938,366.0333251953125,175.85504150390625,358.71826171875,163.62152099609375,training,4.726723670959473,0
106,179.9014434814453,472.626220703125,178.7834014892578,470.21002197265625,168.5941925048828,training,8.714284896850586,0
107,179.9014434814453,472.626220703125,178.7834014892578,470.21002197265625,194.7049102783203,training,8.714284896850586,0
108,180.218994140625,369.5517272949219,178.05039978027344,362.4757385253906,130.55650329589844,training,5.0204386711120605,0
109,180.3893280029297,411.109375,178.57481384277344,405.89471435546875,134.41726684570312,training,6.470315933227539,0
110,180.5103759765625,476.31927490234375,180.10435485839844,473.608154296875,194.36563110351562,training,8.571541786193848,0
111,181.39718627929688,485.1256408691406,181.27764892578125,483.1332702636719,124.12896728515625,training,9.244169235229492,0
112,181.89088439941406,494.0670471191406,180.5836944580078,492.6445617675781,189.7919921875,training,9.424811363220215,0
113,182.1921844482422,413.1507873535156,181.1605987548828,407.39910888671875,135.89334106445312,training,6.1658759117126465,0
114,182.98716735839844,386.5360412597656,181.3720245361328,379.7789306640625,165.17263793945312,training,5.300568580627441,0
115,183.48464965820312,509.6641845703125,183.69834899902344,508.3262023925781,191.7133331298828,training,9.694872856140137,0
116,184.00588989257812,357.06109619140625,181.5281524658203,349.06268310546875,115.09561157226562,training,4.160418510437012,0
117,184.40017700195312,383.5386657714844,183.17945861816406,375.85321044921875,226.4972381591797,training,4.642883777618408,0
118,185.8473358154297,353.6370849609375,184.0889129638672,345.4593505859375,214.06307983398438,training,4.275650978088379,0
119,185.9049835205078,408.94195556640625,183.86029052734375,403.96856689453125,137.57907104492188,training,6.654405117034912,0
120,187.0791778564453,378.9229736328125,185.01235961914062,372.4477233886719,177.28790283203125,training,5.491226673126221,0
121,187.0791778564453,378.9229736328125,185.01235961914062,372.4477233886719,95.18928527832031,training,5.491226673126221,0
122,187.7240753173828,403.8179931640625,186.10479736328125,398.1360778808594,98.8736572265625,training,6.108479022979736,0
123,188.76780700683594,362.43634033203125,186.3708038330078,355.02618408203125,105.3138198852539,training,4.668463230133057,0
124,188.76780700683594,362.43634033203125,186.3708038330078,355.02618408203125,183.97825622558594,training,4.668463230133057,0
125,189.04080200195312,356.28790283203125,186.0089874267578,348.50067138671875,135.0259246826172,training,4.24197244644165,0
126,189.81138610839844,433.1684875488281,188.9131317138672,428.66363525390625,233.0150146484375,training,7.1210808753967285,0
127,190.6594696044922,348.9582214355469,188.0779266357422,340.54937744140625,202.0321807861328,training,3.7878973484039307,1
128,191.0220184326172,376.75006103515625,189.1826629638672,370.12969970703125,97.74456787109375,training,5.415710926055908,0
129,191.5575714111328,352.9414367675781,189.3004608154297,344.5706481933594,126.72411346435547,training,3.873805284500122,1
130,192.3448028564453,380.95904541015625,190.555908203125,374.4882507324219,162.34530639648438,training,5.52139139175415,0
131,192.3785858154297,190.3577117919922,187.7427520751953,177.3844757080078,207.337890625,training,0.5887793302536011,1
132,193.32118225097656,409.4908752441406,191.9010009765625,404.44580078125,79.265380859375,training,6.6858954429626465,0
133,193.79481506347656,356.8060302734375,191.44874572753906,348.865234375,65.74952697753906,training,4.202578067779541,0
134,194.01657104492188,421.5653991699219,191.06541442871094,417.5683288574219,151.6674041748047,training,7.3814568519592285,0
135,198.30084228515625,189.11805725097656,193.32321166992188,176.16285705566406,177.96066284179688,training,0.8160901069641113,1
136,198.3545379638672,364.88720703125,196.1390838623047,357.390625,110.34944152832031,training,4.5564374923706055,0
137,198.91725158691406,410.21044921875,198.0315399169922,405.5863952636719,132.04165649414062,training,7.204642295837402,0
138,199.3050994873047,478.0687561035156,198.8412322998047,475.9654541015625,188.01596069335938,training,9.0215425491333,0
139,199.5638427734375,275.1619567871094,195.53016662597656,262.3275451660156,98.74715423583984,training,0.17006662487983704,1
140,200.96815490722656,386.986572265625,199.63600158691406,380.7662353515625,187.26185607910156,training,5.786151885986328,0
141,201.68923950195312,481.500244140625,200.4264373779297,479.5187072753906,184.79718017578125,training,8.932079315185547,0
142,201.90579223632812,499.5245666503906,203.21534729003906,497.42132568359375,133.96267700195312,training,9.365819931030273,0
143,202.4477081298828,378.9178466796875,201.13833618164062,372.02972412109375,154.27896118164062,training,5.245914936065674,0
144,205.6290740966797,383.4755554199219,204.0615997314453,377.37811279296875,123.64869689941406,training,5.843377590179443,0
145,205.68150329589844,393.3133544921875,204.01673889160156,388.0082092285156,187.53932189941406,training,6.4824748039245605,0
146,207.17276000976562,470.0657043457031,206.74644470214844,466.84796142578125,143.71847534179688,training,8.000218391418457,0
147,207.19857788085938,396.03271484375,205.8628692626953,390.7293395996094,141.65098571777344,training,6.5293145179748535,0
148,208.05328369140625,377.4039001464844,206.52554321289062,370.99896240234375,159.89370727539062,training,5.611349105834961,0
149,208.27073669433594,472.9188232421875,207.89793395996094,470.0600280761719,139.84634399414062,training,8.324029922485352,0
150,212.1416473388672,372.8606262207031,210.4770050048828,365.89898681640625,172.96820068359375,training,5.064619064331055,0
151,212.38792419433594,468.2071838378906,211.9741668701172,464.924560546875,154.9064178466797,training,7.933160781860352,0
152,213.09779357910156,375.8486328125,210.8587188720703,369.4839782714844,149.23806762695312,training,5.4796576499938965,0
153,213.09779357910156,375.8486328125,210.8587188720703,369.4839782714844,138.0,training,5.4796576499938965,0
154,214.06863403320312,452.3114929199219,213.29080200195312,448.4750061035156,188.42239379882812,training,7.461916923522949,0
155,214.8483428955078,407.0741271972656,213.8098907470703,402.8955078125,110.16805267333984,training,7.537144660949707,0
156,215.6857452392578,411.00347900390625,214.9725799560547,407.00445556640625,87.52142333984375,training,7.750707149505615,0
157,215.85450744628906,348.53924560546875,213.9063720703125,340.1275939941406,206.35406494140625,training,3.8380022048950195,1
158,217.21807861328125,465.6382141113281,217.3592529296875,462.0622863769531,149.7063751220703,training,7.825663089752197,0
159,217.3695068359375,415.7113952636719,217.2908477783203,411.7118835449219,97.14936828613281,training,7.890045166015625,0
160,219.95895385742188,312.4118957519531,408.5399169921875,368.4572448730469,191.07589721679688,training,203.8046875,0
161,220.10281372070312,468.32513427734375,219.661865234375,465.68402099609375,163.45335388183594,training,8.505326271057129,0
162,220.87376403808594,456.4959411621094,220.22665405273438,453.4683837890625,157.88287353515625,training,8.201148986816406,0
163,221.00242614746094,406.5029602050781,220.6895751953125,402.0215148925781,168.64459228515625,training,7.433660507202148,0
164,221.2503204345703,427.64984130859375,220.34239196777344,424.1400451660156,197.54747009277344,training,7.971329212188721,0
165,222.87037658691406,395.3299865722656,222.01541137695312,390.3736267089844,143.90274047851562,training,6.9201579093933105,0
166,222.87037658691406,395.3299865722656,222.01541137695312,390.3736267089844,111.6243667602539,training,6.9201579093933105,0
167,222.9604034423828,350.26348876953125,221.09161376953125,342.4209899902344,146.9319610595703,training,4.343130588531494,0
168,223.8881072998047,434.4189758300781,223.50184631347656,430.865966796875,128.65457153320312,training,7.977773666381836,0
169,224.75192260742188,363.3946838378906,223.0233612060547,356.1669006347656,136.1286163330078,training,4.823284149169922,0
170,224.75192260742188,363.3946838378906,223.0233612060547,356.1669006347656,127.42448425292969,training,4.823284149169922,0
171,226.42153930664062,402.18170166015625,225.08518981933594,397.3140563964844,187.5260009765625,training,6.793612957000732,0
172,227.3365936279297,388.09930419921875,226.28713989257812,382.56365966796875,123.94757080078125,training,6.361747741699219,0
173,228.5089569091797,391.2269592285156,228.0513458251953,385.5893249511719,167.17356872558594,training,6.418669700622559,0
174,229.9419403076172,441.0323181152344,229.6142120361328,437.57891845703125,206.31529235839844,training,7.987080097198486,0
175,230.46792602539062,489.3389892578125,231.26522827148438,485.9137268066406,137.74977111816406,training,7.862484931945801,0
176,231.23533630371094,419.0158996582031,231.18630981445312,415.177001953125,182.51026916503906,training,7.93059778213501,0
177,231.34532165527344,426.4339599609375,231.07115173339844,422.6764831542969,124.55119323730469,training,7.858230113983154,0
178,232.58428955078125,447.0295104980469,233.3835906982422,443.00616455078125,215.5643768310547,training,7.762378215789795,0
179,232.87588500976562,435.9557800292969,232.68743896484375,432.32440185546875,82.77076721191406,training,7.893980979919434,0
180,232.92376708984375,359.7392578125,231.2216033935547,352.77752685546875,150.6486053466797,training,5.083800315856934,0
181,233.4313201904297,390.46551513671875,233.05477905273438,385.02960205078125,127.18490600585938,training,6.612387657165527,0
182,234.38546752929688,377.75836181640625,233.53895568847656,371.7979736328125,170.6487579345703,training,6.08939790725708,0
183,236.2155303955078,455.5709533691406,236.3707275390625,452.79345703125,154.55743408203125,training,8.58359432220459,0
184,237.1074676513672,419.9703063964844,237.112060546875,416.0726318359375,104.4222183227539,training,7.847127437591553,0
185,237.40696716308594,435.5726623535156,236.90310668945312,432.2867126464844,153.61965942382812,training,8.123152732849121,0
186,237.6544952392578,373.3773193359375,236.43299865722656,367.5330810546875,152.3253173828125,training,6.119217395782471,0
187,238.41123962402344,348.5293273925781,236.49252319335938,340.9731750488281,148.45538330078125,training,4.545947551727295,0
188,238.4236297607422,426.00042724609375,238.3773651123047,422.4984130859375,182.076904296875,training,8.134809494018555,0
189,238.69390869140625,358.05096435546875,237.24424743652344,351.0307312011719,159.5681610107422,training,5.082038402557373,0
190,241.76959228515625,378.73583984375,240.9472198486328,373.1622009277344,148.0911865234375,heldout,6.411252498626709,0
191,243.71353149414062,433.5623779296875,243.62599182128906,430.0736389160156,101.83810424804688,training,8.025455474853516,0
192,245.05645751953125,379.56878662109375,244.58839416503906,374.00897216796875,84.3386001586914,heldout,6.508756160736084,0
193,246.2803192138672,414.7547607421875,246.3154296875,411.0533752441406,146.9319610595703,training,8.045021057128906,0
194,247.92515563964844,400.41082763671875,247.77682495117188,395.9071044921875,161.63848876953125,training,7.369810581207275,0
195,249.29873657226562,379.3565673828125,248.7590789794922,373.3023376464844,181.5709228515625,heldout,5.9957475662231445,0
196,249.51473999023438,440.2464599609375,249.47959899902344,437.0432434082031,197.18011474609375,training,8.212249755859375,0
197,249.94715881347656,383.977783203125,249.33798217773438,378.5133361816406,94.11163330078125,heldout,6.477280616760254,0
198,250.16294860839844,352.1407470703125,248.41140747070312,344.86859130859375,152.3712615966797,heldout,4.768027305603027,0
199,250.2598114013672,443.8503723144531,250.07908630371094,440.5985412597656,168.20225524902344,training,8.085268020629883,0
200,250.7884979248047,447.414794921875,250.84149169921875,444.0797424316406,187.28587341308594,training,8.027084350585938,0
201,251.47750854492188,417.7950134277344,251.610595703125,413.7842712402344,191.88278198242188,training,7.719518184661865,0
202,251.90670776367188,426.106201171875,252.0572967529297,422.2057189941406,96.7729263305664,training,7.737839698791504,0
203,252.32192993164062,393.38287353515625,252.47265625,388.22662353515625,162.4653778076172,heldout,6.912304878234863,0
204,254.09823608398438,370.12542724609375,253.00259399414062,364.1177978515625,106.18379974365234,heldout,5.944192886352539,0
205,254.9501495361328,410.6982727050781,254.34376525878906,406.930419921875,180.50485229492188,training,7.806939601898193,0
206,257.12652587890625,386.06439208984375,257.08538818359375,380.8078308105469,218.4353485107422,heldout,6.795959949493408,0
207,257.84759521484375,389.1649475097656,257.6427307128906,383.91845703125,102.37675476074219,heldout,6.710757255554199,0
208,257.86907958984375,381.99920654296875,258.7207946777344,376.6700439453125,171.4846954345703,heldout,7.138969421386719,0
209,260.8836364746094,446.3469543457031,261.6684875488281,443.0950622558594,196.27276611328125,training,8.288037300109863,0
210,262.16217041015625,365.2318420410156,261.2573547363281,358.6754455566406,212.6734619140625,heldout,5.477969169616699,0
211,262.43695068359375,146.9912567138672,258.4605407714844,132.8281707763672,158.40769958496094,training,0.37963008880615234,1
212,262.6664123535156,375.37451171875,262.0103454589844,369.58612060546875,163.2758331298828,heldout,6.17429256439209,0
213,264.17816162109375,422.8010559082031,264.1371154785156,418.72747802734375,125.50299072265625,training,7.48084831237793,0
214,264.3447265625,349.64678955078125,263.0221252441406,342.3108825683594,83.49850463867188,heldout,4.76598596572876,0
215,264.377197265625,125.73149108886719,260.94696044921875,112.1102523803711,201.50930786132812,training,0.6141453385353088,1
216,264.86846923828125,386.0941467285156,264.3768615722656,380.86529541015625,109.49429321289062,heldout,6.631388187408447,0
217,265.1082458496094,381.2642822265625,265.3927001953125,375.3819274902344,188.07444763183594,heldout,6.344581127166748,0
218,265.95526123046875,357.3106384277344,264.982421875,350.2235107421875,170.01470947265625,heldout,5.014562129974365,0
219,266.47808837890625,363.9570617675781,265.2755126953125,357.4910888671875,174.2354736328125,heldout,5.477412223815918,0
220,267.4198913574219,414.1193542480469,267.145751953125,409.7177429199219,187.1282958984375,training,7.176166534423828,0
221,267.82415771484375,99.83329772949219,263.760009765625,87.86141967773438,111.28791809082031,training,2.290631055831909,1
222,267.9773254394531,141.29698181152344,263.7187194824219,127.98082733154297,144.8551025390625,training,0.7518871426582336,1
223,268.4595947265625,126.8737564086914,199.95579528808594,555.8663330078125,207.21969604492188,training,447.69586181640625,0
224,269.0091247558594,405.9032287597656,269.0398254394531,401.176025390625,195.117919921875,training,7.031930446624756,0
225,269.0517272949219,425.7491760253906,269.39501953125,421.4375915527344,146.7957763671875,training,7.313161849975586,0
226,270.79571533203125,333.5889587402344,269.05181884765625,323.8812561035156,131.1868896484375,heldout,2.511070728302002,1
227,271.16455078125,343.7904357910156,269.1777648925781,335.6539611816406,119.07140350341797,heldout,3.875739812850952,1
228,271.8608703613281,429.91278076171875,272.2342529296875,425.9637451171875,146.7753448486328,training,7.604568004608154,0
229,271.9273681640625,349.3276062011719,271.6766052246094,341.1528015136719,93.88822937011719,heldout,4.363669395446777,0
230,273.0067138671875,366.09381103515625,271.8518371582031,359.659912109375,154.27572631835938,heldout,5.466432571411133,0
231,273.23419189453125,400.7677001953125,272.9332580566406,395.86883544921875,196.2753143310547,training,6.800811767578125,0
232,273.8668518066406,373.6951599121094,272.664794921875,367.6322326660156,121.32188415527344,heldout,5.73667573928833,0
233,274.2628479003906,369.4626159667969,273.83941650390625,362.8680419921875,89.47625732421875,heldout,5.480015277862549,0
234,274.3953857421875,357.3505554199219,273.3683166503906,350.08856201171875,114.07891845703125,heldout,4.783455848693848,0
235,274.99713134765625,377.9971008300781,274.61663818359375,371.8228454589844,115.45995330810547,heldout,5.793541431427002,0
236,275.47650146484375,319.4969177246094,273.0350341796875,307.415771484375,214.41082763671875,heldout,0.20695513486862183,1
237,276.1270751953125,338.6023254394531,274.3807067871094,329.625,52.51666259765625,heldout,3.1274807453155518,1
238,276.640380859375,102.7677993774414,273.2670593261719,90.239013671875,170.32028198242188,training,1.7595186233520508,1
239,278.4570007324219,120.34683227539062,275.9524841308594,107.3438949584961,191.9947967529297,training,1.61664879322052,1
240,278.7115173339844,406.4090881347656,278.60614013671875,401.8404846191406,152.86268615722656,training,7.083151340484619,0
241,279.2961730957031,443.8006286621094,279.6493835449219,439.4762878417969,203.53623962402344,training,7.049865245819092,0
242,280.58343505859375,98.09896087646484,277.1119384765625,85.97696685791016,113.28724670410156,training,2.165055990219116,1
243,280.6443786621094,115.76864624023438,275.8887634277344,103.8138656616211,151.11253356933594,training,2.3685479164123535,1
244,280.8646240234375,365.8014221191406,279.6274719238281,359.0588684082031,98.95958709716797,heldout,5.11483907699585,0
245,280.8646240234375,365.8014221191406,279.6274719238281,359.0588684082031,86.27281951904297,heldout,5.11483907699585,0
246,280.8857727050781,331.7381286621094,278.79132080078125,321.4580078125,152.5155792236328,heldout,1.8291163444519043,1
247,280.8857727050781,331.7381286621094,278.79132080078125,321.4580078125,190.11048889160156,heldout,1.8291163444519043,1
248,281.59869384765625,139.6419219970703,278.0316467285156,125.88656616210938,200.4270477294922,training,0.11127626895904541,1
249,281.59869384765625,139.6419219970703,278.0316467285156,125.88656616210938,118.83181762695312,training,0.11127626895904541,1
250,281.8742370605469,127.48544311523438,278.3788757324219,113.9443359375,167.87197875976562,training,0.463591992855072,1
251,284.0966796875,104.08049011230469,280.9761047363281,91.64509582519531,126.43180084228516,training,1.8693889379501343,1
252,285.483642578125,320.02471923828125,283.0381164550781,307.998779296875,118.3934097290039,heldout,0.14933890104293823,1
253,286.68804931640625,333.2289733886719,284.7070617675781,323.052978515625,169.37828063964844,heldout,1.9132826328277588,1
254,287.9361572265625,403.2511291503906,289.03802490234375,396.9471130371094,146.06504821777344,training,5.9356489181518555,0
255,288.0771484375,396.04583740234375,287.2688293457031,390.6418151855469,178.71485900878906,heldout,6.168421268463135,0
256,288.1725769042969,127.32960510253906,284.8994445800781,113.9166488647461,197.26377868652344,training,0.628104567527771,1
257,288.6099548339844,412.353271484375,288.4561767578125,407.46844482421875,134.6699676513672,training,6.650722026824951,0
258,290.5216064453125,339.2406005859375,289.0609130859375,329.67401123046875,87.01724243164062,heldout,2.557828426361084,1
259,290.7566833496094,308.13531494140625,288.35357666015625,295.274658203125,206.03883361816406,heldout,0.5910086631774902,1
260,291.0909118652344,124.18414306640625,287.4777526855469,111.26280975341797,144.9103240966797,training,1.0753610134124756,1
261,291.2896728515625,352.1705322265625,290.1420593261719,344.2437744140625,133.973876953125,heldout,4.07598876953125,0
262,291.7427978515625,409.42864990234375,291.72174072265625,404.1154479980469,154.6835479736328,training,6.2903642654418945,0
263,292.3241882324219,310.5394287109375,289.81939697265625,298.13916015625,107.64292907714844,heldout,0.16427883505821228,1
264,294.3722229003906,380.5870666503906,294.17071533203125,373.6676025390625,150.9900665283203,heldout,5.006947994232178,0
265,295.0931091308594,416.49468994140625,294.503173828125,411.42510986328125,154.05519104003906,training,6.298223495483398,0
266,295.9485778808594,428.6327209472656,296.2648620605469,423.23468017578125,143.63494873046875,training,6.085299491882324,0
267,297.4688415527344,97.66131591796875,294.2848205566406,85.3841323852539,127.29100799560547,training,2.0006721019744873,1
268,298.3118896484375,340.4781494140625,297.1654357910156,330.98065185546875,142.6218719482422,heldout,2.67173171043396,1
269,298.8368835449219,83.95724487304688,295.8250732421875,71.67953491210938,169.2335662841797,training,2.1823477745056152,1
270,299.4407043457031,102.796142578125,297.07244873046875,90.23778533935547,108.5311050415039,training,2.009687900543213,1
271,300.157958984375,386.3716735839844,299.9457702636719,379.67950439453125,158.5023651123047,heldout,5.1182403564453125,0
272,300.3373107910156,324.91387939453125,297.5364990234375,313.87042236328125,138.71914672851562,heldout,1.192671775817871,1
273,301.7186584472656,314.939453125,300.6353759765625,302.5135192871094,230.32803344726562,heldout,1.2279479503631592,1
274,302.6484375,381.8407287597656,302.4254150390625,374.72320556640625,139.42381286621094,heldout,4.7479400634765625,0
275,303.5427551269531,334.2959899902344,302.79705810546875,323.2496032714844,109.07337188720703,heldout,1.703069806098938,1
276,303.6689147949219,89.49882507324219,300.3815612792969,76.93395233154297,112.94246673583984,training,1.756482481956482,1
277,303.90936279296875,352.1174621582031,302.8901062011719,343.6033630371094,217.0069122314453,heldout,3.480227470397949,1
278,304.3935546875,430.15765380859375,304.594970703125,424.4886779785156,201.16162109375,training,5.725369930267334,0
279,305.0624694824219,391.42803955078125,304.6383056640625,384.75213623046875,137.64447021484375,heldout,4.987843990325928,0
280,305.62554931640625,321.3291015625,303.1317138671875,310.0399169921875,143.67323303222656,heldout,0.8867907524108887,1
281,305.8765563964844,345.1915588378906,305.22998046875,335.68414306640625,108.19426727294922,heldout,2.7788074016571045,1
282,306.76116943359375,311.09613037109375,304.55572509765625,298.9387512207031,101.5430908203125,heldout,0.07260990887880325,1
283,307.2677001953125,96.4968490600586,304.087646484375,84.19538116455078,72.13875579833984,training,1.948758602142334,1
284,309.4301452636719,398.51971435546875,309.4977111816406,391.4089050292969,221.89862060546875,heldout,4.635680675506592,0
285,309.9020080566406,402.6630554199219,309.5502014160156,396.0433044433594,225.3619384765625,training,4.917073726654053,0
286,311.68011474609375,393.6187744140625,312.047607421875,386.2010803222656,157.00636291503906,heldout,4.520127773284912,0
287,312.0439758300781,309.2795715332031,310.02081298828125,297.05877685546875,143.96527099609375,heldout,0.15977348387241364,1
288,312.3232421875,320.8686218261719,310.4354553222656,309.8415222167969,143.26199340820312,heldout,1.1141068935394287,1
289,313.93316650390625,378.54168701171875,313.2255554199219,370.9185485839844,139.85350036621094,heldout,4.0893144607543945,0
290,316.2076721191406,319.4468994140625,314.46612548828125,308.4818420410156,89.74964904785156,heldout,1.2051314115524292,1
291,316.32177734375,304.1504211425781,314.0458984375,291.6600341796875,137.85499572753906,heldout,0.2529316842556,1
292,316.5111999511719,406.965087890625,316.42669677734375,399.7084655761719,197.42593383789062,training,4.307741165161133,0
293,317.4228820800781,307.0479431152344,315.57568359375,294.64642333984375,144.89651489257812,heldout,0.3204479515552521,1
294,317.6275329589844,338.9771728515625,316.3448791503906,329.46319580078125,107.1634292602539,heldout,2.5122923851013184,1
295,318.3294677734375,360.7757263183594,317.4864501953125,351.9594421386719,182.58970642089844,heldout,3.0711352825164795,1
296,319.40582275390625,94.47012329101562,316.7742614746094,81.60508728027344,154.3405303955078,training,1.5305429697036743,1
297,324.4662170410156,349.994140625,323.3517150878906,340.4955749511719,139.66387939453125,heldout,2.4198524951934814,1
298,324.695068359375,94.80404663085938,322.38519287109375,81.78955078125,116.30563354492188,training,1.5300171375274658,1
299,325.61651611328125,100.33242797851562,322.50628662109375,87.8644027709961,159.42709350585938,training,1.694440484046936,1
300,325.9873962402344,320.715087890625,324.4461364746094,309.5721130371094,121.3053970336914,heldout,1.0295332670211792,1
301,326.5122375488281,295.1787109375,324.437255859375,281.51300048828125,124.7798080444336,heldout,1.3309102058410645,1
302,330.2392578125,298.74114990234375,328.1473083496094,285.7752990722656,125.86103820800781,heldout,0.6770031452178955,1
303,330.2392578125,298.74114990234375,328.1473083496094,285.7752990722656,121.3836898803711,heldout,0.6770031452178955,1
304,331.0028381347656,309.54248046875,329.1925048828125,297.49700927734375,127.5382308959961,heldout,0.18752609193325043,1
305,331.0335388183594,328.79736328125,330.19598388671875,318.115234375,149.5626983642578,heldout,1.650262475013733,1
306,331.14617919921875,597.8873291015625,332.3078308105469,592.9832153320312,107.3172836303711,training,4.801797866821289,0
307,332.48583984375,97.85379791259766,329.2159729003906,85.25711822509766,133.23287963867188,training,1.5793898105621338,1
308,335.83984375,329.3431701660156,334.5254211425781,318.37310791015625,172.2353057861328,heldout,1.116164207458496,1
309,336.4941711425781,332.04705810546875,335.4267883300781,321.3383483886719,81.3019027709961,heldout,1.4234567880630493,1
310,339.0493469238281,347.84613037109375,337.7989196777344,337.9903259277344,185.48854064941406,heldout,1.9950941801071167,1
311,339.94537353515625,328.86895751953125,338.4451904296875,317.8987121582031,122.62952423095703,heldout,1.0447349548339844,1
312,339.94537353515625,328.86895751953125,338.4451904296875,317.8987121582031,128.8371124267578,heldout,1.0447349548339844,1
313,341.7525329589844,409.4163513183594,340.9475402832031,401.7232666015625,234.34803771972656,training,3.5692050457000732,1
314,343.0767822265625,310.0439147949219,341.24993896484375,298.0216369628906,177.56407165527344,heldout,0.15970221161842346,1
315,345.3179626464844,346.1200866699219,344.76483154296875,335.21978759765625,176.93218994140625,heldout,1.339438557624817,1
316,345.4667053222656,351.58758544921875,345.0604553222656,340.9173889160156,169.26901245117188,heldout,1.5454668998718262,1
317,345.9831237792969,298.8443603515625,344.526123046875,285.90386962890625,118.81497955322266,heldout,0.7494944930076599,1
318,346.9579162597656,604.5833129882812,348.17852783203125,598.560302734375,133.73855590820312,training,3.5940699577331543,1
319,347.3254699707031,99.07097625732422,344.7578430175781,86.03130340576172,128.81381225585938,training,1.1537156105041504,1
320,348.1068115234375,607.7177124023438,349.0975646972656,601.5510864257812,140.63427734375,training,3.3458406925201416,1
321,348.31219482421875,305.46881103515625,347.3214111328125,292.8849792480469,135.0962677001953,heldout,0.8207942247390747,1
322,349.0880432128906,323.41558837890625,347.8032531738281,311.6614074707031,102.77159118652344,heldout,0.42219918966293335,1
323,349.7681579589844,327.0848388671875,348.2418518066406,315.6940612792969,125.47111511230469,heldout,0.607930064201355,1
324,349.80926513671875,289.5469970703125,347.5478820800781,275.85919189453125,236.14825439453125,heldout,1.420270323753357,1
325,356.43572998046875,330.0880432128906,354.8814697265625,318.5010681152344,186.0644989013672,heldout,0.3813338875770569,1
326,357.02484130859375,318.480224609375,355.7441711425781,306.4235534667969,142.46754455566406,heldout,0.2437117099761963,1
327,357.8551025390625,334.3857116699219,357.27447509765625,322.5570068359375,189.0925750732422,heldout,0.8442392349243164,1
328,358.593994140625,321.2059020996094,357.2054748535156,309.4150085449219,131.2897491455078,heldout,0.26524272561073303,1
329,361.85565185546875,609.0880126953125,362.873046875,601.6885375976562,141.32232666015625,training,2.091603994369507,1
330,362.798828125,362.453369140625,357.66326904296875,356.26324462890625,170.42593383789062,training,6.731229782104492,0
331,362.9290466308594,617.4923706054688,363.8381652832031,610.1112060546875,192.392822265625,training,1.9743201732635498,1
332,363.22705078125,311.88720703125,362.0522766113281,299.2151184082031,111.1080551147461,training,0.6335994601249695,1
333,363.7788391113281,324.3913269042969,363.0041809082031,312.06781005859375,128.9418487548828,training,0.7038331031799316,1
334,364.55853271484375,295.86865234375,363.11981201171875,281.9755859375,111.57508850097656,training,1.6331769227981567,1
335,366.8074645996094,286.9277648925781,364.68310546875,273.2673034667969,181.9642791748047,training,1.4260889291763306,1
336,368.1177978515625,276.71710205078125,366.4920349121094,262.1648254394531,164.02438354492188,training,2.1151561737060547,1
337,368.6085205078125,601.7672119140625,369.44927978515625,593.6550903320312,204.2938995361328,training,1.400053858757019,1
338,369.09332275390625,611.1218872070312,370.08258056640625,603.005126953125,173.5770721435547,training,1.354888677597046,1
339,371.65380859375,315.41259765625,370.3602294921875,302.7348327636719,201.39016723632812,training,0.6107785105705261,1
340,371.94195556640625,301.3385925292969,370.4881591796875,288.1656799316406,90.17205810546875,training,0.9730386137962341,1
341,376.0364074707031,276.44989013671875,374.1613464355469,262.4837951660156,162.1789093017578,training,1.5817785263061523,1
342,377.6226806640625,324.04156494140625,376.911865234375,311.5962829589844,154.73202514648438,training,0.687042236328125,1
343,381.05657958984375,273.6197204589844,378.9462890625,259.2729797363281,152.3975067138672,training,2.009866952896118,1
344,381.1690673828125,299.82891845703125,379.8768310546875,286.4625549316406,117.57550811767578,training,1.167619228363037,1
345,382.6954040527344,293.2081298828125,381.2842712402344,279.69366455078125,131.4686279296875,training,1.2591278553009033,1
346,383.1916198730469,587.5243530273438,384.66876220703125,578.8641967773438,216.5340576171875,training,1.3726764917373657,1
347,390.37164306640625,318.95184326171875,389.42364501953125,305.8952941894531,104.77595520019531,training,1.059550166130066,1
348,392.0052490234375,594.4515991210938,392.7228088378906,585.479736328125,132.11737060546875,training,0.48140549659729004,1
349,392.6627197265625,537.4152221679688,393.51385498046875,528.4285278320312,189.6338653564453,training,1.1518863439559937,1
350,392.955078125,576.1719970703125,393.51519775390625,567.0487670898438,106.85504150390625,training,0.48116007447242737,1
351,394.3043212890625,632.1651611328125,395.1906433105469,622.8416137695312,197.0761260986328,training,0.26871368288993835,1
352,394.7912902832031,591.014892578125,395.5325012207031,581.7559814453125,174.31007385253906,training,0.2573340833187103,1
353,395.0797424316406,599.088623046875,395.23077392578125,590.2151489257812,230.3367156982422,training,0.6884564757347107,1
354,397.2635803222656,350.5960388183594,396.4750671386719,338.2312927246094,197.7523651123047,training,0.6680716276168823,1
355,397.3228454589844,540.6165161132812,397.87567138671875,531.6820068359375,137.85862731933594,training,1.0136522054672241,1
356,397.7249755859375,278.95166015625,396.0826721191406,264.8191223144531,120.85942077636719,training,1.8192273378372192,1
357,398.54083251953125,480.79742431640625,398.82513427734375,470.37371826171875,173.17044067382812,training,0.30935850739479065,1
358,400.6311340332031,255.76174926757812,398.7889709472656,241.23391723632812,153.9967498779297,training,2.0228443145751953,1
359,401.1472473144531,355.0203552246094,400.4667053222656,342.5492248535156,178.7540283203125,training,0.8232092261314392,1
360,401.5755920410156,259.1440734863281,400.1658630371094,244.5774383544922,102.66450500488281,training,2.026479721069336,1
361,402.3804626464844,266.2835998535156,400.769775390625,252.23074340820312,126.49110412597656,training,1.6242077350616455,1
362,404.3184509277344,517.73095703125,404.4891052246094,508.9630126953125,149.46571350097656,training,1.357142686843872,1
363,405.3720397949219,298.3508605957031,406.35546875,284.15045166015625,106.40958404541016,training,2.8310372829437256,1
364,405.7928466796875,361.939208984375,405.1964416503906,349.5787658691406,163.29727172851562,training,0.7844964861869812,1
365,406.0435791015625,480.90008544921875,406.5455322265625,471.0626220703125,173.09823608398438,training,0.7539176344871521,1
366,406.3913879394531,628.9859619140625,407.0534973144531,619.190185546875,138.05072021484375,training,0.773554265499115,1
367,406.903076171875,364.5541687011719,406.356201171875,352.0704650878906,89.64373779296875,training,0.9346789717674255,1
368,406.9072570800781,413.02545166015625,406.0072021484375,400.60107421875,201.73992919921875,training,1.45616614818573,1
369,407.2088317871094,583.6567993164062,407.83685302734375,573.818603515625,127.30671691894531,training,0.3451429307460785,1
370,408.6286315917969,293.37042236328125,407.31719970703125,279.9810791015625,147.3092041015625,training,1.2232924699783325,1
371,409.8254089355469,295.7921447753906,408.48675537109375,282.60638427734375,146.383056640625,training,1.0720670223236084,1
372,409.9524841308594,627.6310424804688,411.6228942871094,617.3400268554688,220.29298400878906,training,1.3867988586425781,1
373,410.33673095703125,359.7205810546875,410.12762451171875,347.1736145019531,135.34400939941406,training,1.0224140882492065,1
374,410.5859069824219,406.1099853515625,410.1702880859375,393.54046630859375,138.19912719726562,training,1.4199323654174805,1
375,410.5859069824219,406.1099853515625,410.1702880859375,393.54046630859375,150.93707275390625,training,1.4199323654174805,1
376,410.9045715332031,370.6429138183594,409.84234619140625,358.2605285644531,161.1893310546875,training,1.0602766275405884,1
377,412.05450439453125,320.2635192871094,411.3315124511719,307.4454345703125,172.6354522705078,training,0.8641284108161926,1
378,412.8624267578125,476.4775390625,413.62298583984375,466.33819580078125,189.39112854003906,training,0.7081050276756287,1
379,413.3450927734375,629.6719970703125,414.21807861328125,619.6553344726562,147.7700958251953,training,0.973253071308136,1
380,413.7196960449219,261.001708984375,412.35205078125,246.8091278076172,173.38685607910156,training,1.7072267532348633,1
381,414.5296325683594,446.73724365234375,414.314208984375,435.7266540527344,182.01373291015625,training,0.3217969834804535,1
382,415.0694580078125,265.874755859375,414.00732421875,251.75701904296875,107.97222137451172,training,1.6586297750473022,1
383,415.6365966796875,479.0986022949219,416.60516357421875,469.14666748046875,158.9056396484375,training,0.9236741662025452,1
384,416.5782165527344,251.34703063964844,415.61688232421875,236.66696166992188,181.34222412109375,training,2.0931615829467773,1
385,417.6063232421875,418.3798828125,417.2684326171875,406.015380859375,194.88970947265625,training,1.3527451753616333,1
386,418.236328125,350.4374694824219,418.12738037109375,337.9228515625,155.3286895751953,training,0.9436483383178711,1
387,419.2732238769531,610.825439453125,419.7808532714844,600.7741088867188,232.53172302246094,training,0.969891369342804,1
388,419.8681945800781,577.5695190429688,420.7383728027344,567.8855590820312,163.92987060546875,training,0.15415991842746735,1
389,419.9786376953125,641.7021484375,420.8899230957031,631.3359985351562,112.365478515625,training,1.460900068283081,1
390,420.09130859375,269.45391845703125,418.9382629394531,255.57518005371094,151.0,training,1.4740931987762451,1
391,420.3547058105469,539.7438354492188,421.3037109375,530.5517578125,107.60111236572266,training,0.771635115146637,1
392,420.4375,273.0563659667969,419.7214050292969,258.958740234375,142.81106567382812,training,1.7287803888320923,1
393,420.8084716796875,506.6427001953125,421.990966796875,497.497802734375,192.37203979492188,training,1.29386568069458,1
394,420.9161682128906,301.3831787109375,420.113525390625,288.58514404296875,152.84959411621094,training,0.6820385456085205,1
395,421.0006408691406,622.4928588867188,422.0362854003906,612.0641479492188,154.99354553222656,training,1.3175938129425049,1
396,421.1204528808594,275.1588134765625,419.70733642578125,261.99169921875,128.91082763671875,training,0.9470056295394897,1
397,421.3288879394531,463.4545593261719,421.3455810546875,453.3919982910156,169.83522033691406,training,0.5634055137634277,1
398,421.8990783691406,509.4311828613281,422.9496154785156,500.4322509765625,138.57489013671875,training,1.3106132745742798,1
399,421.935546875,277.8878173828125,420.43218994140625,264.5494079589844,160.3433837890625,training,1.177154779434204,1
400,421.9710693359375,466.5446472167969,423.1048583984375,455.9747619628906,130.24208068847656,training,0.9221802353858948,1
401,422.7816162109375,249.88534545898438,420.8507385253906,235.3217010498047,177.25405883789062,training,2.1605119705200195,1
402,422.89141845703125,408.0657043457031,423.45404052734375,396.00933837890625,154.6770782470703,training,1.1601999998092651,1
403,423.3060302734375,433.3112487792969,422.2702941894531,421.63531494140625,185.82249450683594,training,1.3356432914733887,1
404,423.375732421875,387.7439270019531,422.0853271484375,375.7031555175781,181.6425018310547,training,1.2919479608535767,1
405,423.4018249511719,643.2734985351562,424.7801818847656,632.7962646484375,117.07262420654297,training,1.5671511888504028,1
406,423.488037109375,572.4393920898438,423.8238525390625,562.6867065429688,151.8979949951172,training,0.5421349406242371,1
407,423.9359436035156,600.8016357421875,424.52764892578125,590.43701171875,153.80506896972656,training,1.1372880935668945,1
408,424.511962890625,438.76873779296875,424.85760498046875,426.6084289550781,192.23162841796875,training,1.3599371910095215,1
409,426.5649108886719,628.317626953125,427.688232421875,617.6233520507812,210.3306884765625,training,1.6477246284484863,1
410,426.69158935546875,301.925537109375,425.8263854980469,289.3662109375,193.76531982421875,training,0.49186626076698303,1
411,426.8356628417969,319.8876953125,426.9107666015625,306.8567199707031,158.0791015625,training,1.2762691974639893,1
412,427.53118896484375,248.45252990722656,426.3855285644531,234.16204833984375,109.20623016357422,training,1.697180151939392,1
413,427.8294677734375,465.4060363769531,428.07708740234375,456.024169921875,138.56407165527344,training,1.1896662712097168,1
414,428.1349182128906,565.49072265625,428.97119140625,556.033447265625,151.4793701171875,training,0.18027006089687347,1
415,428.650146484375,503.2273864746094,429.3419494628906,494.4764709472656,237.4173583984375,training,1.4754962921142578,1
416,429.8158264160156,649.1651000976562,430.9778747558594,638.7603759765625,151.47607421875,training,1.5713746547698975,1
417,429.8699645996094,639.993408203125,430.8765563964844,629.5159912109375,184.2036895751953,training,1.576202630996704,1
418,429.8709411621094,469.6072082519531,430.81634521484375,459.80328369140625,165.25132751464844,training,0.9467648863792419,1
419,429.8927001953125,347.7555847167969,428.880126953125,335.8276062011719,168.91714477539062,training,0.6897218823432922,1
420,431.197265625,494.8473205566406,432.7599792480469,485.8504333496094,220.23851013183594,training,1.6733514070510864,1
421,431.2082824707031,603.7007446289062,432.26275634765625,593.1672973632812,112.80514526367188,training,1.2644439935684204,1
422,431.4018859863281,517.09375,432.6656799316406,508.16217041015625,150.77134704589844,training,1.3115769624710083,1
423,431.41680908203125,460.5810852050781,432.0241394042969,450.525634765625,210.44952392578125,training,0.6321642994880676,1
424,431.6374206542969,607.8548583984375,432.1537780761719,597.4710083007812,126.30122375488281,training,1.3217281103134155,1
425,431.6564025878906,581.7872314453125,432.4029846191406,572.0007934570312,150.14991760253906,training,0.40923383831977844,1
426,432.06915283203125,245.60736083984375,431.2791442871094,230.9036865234375,108.77499389648438,training,2.089033603668213,1
427,432.28363037109375,476.736083984375,433.3554382324219,466.9112854003906,225.90484619140625,training,0.9157989621162415,1
428,432.5797424316406,572.4562377929688,433.57965087890625,562.4713134765625,164.52659606933594,training,0.424379825592041,1
429,432.8135986328125,377.98675537109375,431.698486328125,365.5802001953125,192.8911590576172,training,1.4030739068984985,1
430,433.1594543457031,265.9032897949219,431.98126220703125,252.20065307617188,117.82614135742188,training,1.327487826347351,1
431,434.0870056152344,409.0918884277344,432.94561767578125,398.2038879394531,168.93785095214844,training,1.1980407238006592,1
432,434.1877136230469,430.6282958984375,432.775146484375,419.3999328613281,163.50535583496094,training,1.6160614490509033,1
433,434.2655029296875,554.7969970703125,434.9017639160156,545.73388671875,194.5301971435547,training,0.7081446647644043,1
434,435.2989196777344,650.681396484375,436.8146667480469,640.0841674804688,187.63528442382812,training,1.772810935974121,1
435,435.356201171875,355.66943359375,435.94647216796875,343.2519836425781,174.13787841796875,training,1.185848355293274,1
436,436.0942077636719,305.9840393066406,435.8479309082031,293.6874694824219,154.6770782470703,training,0.3796314299106598,1
437,436.8382568359375,436.75341796875,437.29437255859375,424.40289306640625,197.0989532470703,training,1.5422255992889404,1
438,437.140625,498.0381774902344,437.9241638183594,489.21307373046875,97.55511474609375,training,1.4367583990097046,1
439,437.2700500488281,348.6690979003906,437.60760498046875,336.5055847167969,131.17164611816406,training,0.7967149019241333,1
440,437.50653076171875,441.360107421875,437.6172180175781,430.1368103027344,136.0551300048828,training,0.4727782607078552,1
441,437.5305480957031,501.7864074707031,438.5660705566406,493.05279541015625,126.11898803710938,training,1.5362071990966797,1
442,437.5332946777344,396.8257141113281,437.0992126464844,384.9735412597656,124.08464813232422,training,0.7949855327606201,1
443,437.95391845703125,297.9495849609375,435.0386047363281,286.7012939453125,192.55128479003906,training,2.5159852504730225,1
444,437.95391845703125,297.9495849609375,435.0386047363281,286.7012939453125,157.3245086669922,training,2.5159852504730225,1
445,438.3558654785156,342.91802978515625,438.4783630371094,330.90716552734375,188.16748046875,training,0.5155247449874878,1
446,439.4029846191406,265.194091796875,438.8558044433594,251.53025817871094,195.38168334960938,training,1.2523847818374634,1
447,439.7738342285156,278.6526794433594,439.2881164550781,265.32281494140625,150.63864135742188,training,1.0440226793289185,1
448,440.12640380859375,479.58111572265625,440.323974609375,470.1535339355469,248.92970275878906,training,1.0448869466781616,1
449,440.212890625,405.18328857421875,439.0683898925781,393.89801025390625,158.7230224609375,training,1.2559263706207275,1
450,440.5147399902344,226.76589965820312,439.3817138671875,211.41488647460938,172.9971160888672,training,2.5766494274139404,1
451,440.569091796875,312.72418212890625,439.9830322265625,300.5098571777344,130.6790008544922,training,0.28120818734169006,1
452,441.34344482421875,603.7421264648438,442.0261535644531,593.51708984375,107.66615295410156,training,1.1354094743728638,1
453,441.72100830078125,383.3473205566406,440.3345947265625,372.19927978515625,243.46868896484375,training,1.3892345428466797,1
454,441.7826232910156,607.6517333984375,443.6722412109375,597.1179809570312,106.8363265991211,training,1.443031668663025,1
455,441.97821044921875,621.326416015625,443.5339660644531,610.8258666992188,123.13001251220703,training,1.4227420091629028,1
456,442.1254577636719,615.0986328125,443.5826721191406,604.6054077148438,105.65982818603516,training,1.3512356281280518,1
457,442.1679992675781,317.9569396972656,442.3962707519531,305.5074157714844,159.47726440429688,training,0.8040819764137268,1
458,442.5430908203125,282.3296813964844,441.7397155761719,269.3418884277344,149.4590301513672,training,0.7612012028694153,1
459,442.74365234375,337.760986328125,442.9764709472656,325.8086853027344,203.11326599121094,training,0.5357908606529236,1
460,442.74365234375,337.760986328125,442.9764709472656,325.8086853027344,118.71815490722656,training,0.5357908606529236,1
461,442.7664489746094,443.1272277832031,443.55560302734375,431.5016174316406,157.64517211914062,training,0.9736813306808472,1
462,442.9997863769531,358.03387451171875,443.0355224609375,346.2926330566406,173.0,training,0.2582370638847351,1
463,443.02313232421875,354.7550354003906,443.0566711425781,342.8655090332031,152.322021484375,training,0.3627682626247406,1
464,443.4057312011719,520.6690673828125,444.6250305175781,511.9692077636719,152.21038818359375,training,1.3879414796829224,1
465,444.1931457519531,405.1322326660156,444.368896484375,392.6518249511719,191.07066345214844,training,1.3734517097473145,1
466,444.37774658203125,321.0936584472656,443.88531494140625,309.4139099121094,119.95832824707031,training,0.2656037509441376,1
467,445.1445007324219,242.02198791503906,443.998291015625,227.73211669921875,91.0384521484375,training,1.697490930557251,1
468,445.8174743652344,596.9376220703125,446.2032775878906,586.82421875,141.88375854492188,training,1.21076238155365,1
469,445.8602294921875,445.8299865722656,446.1900939941406,434.96240234375,126.86607360839844,training,0.1659070998430252,1
470,445.8648376464844,647.153564453125,447.3011474609375,637.0198364257812,167.85708618164062,training,1.3019535541534424,1
471,446.3296813964844,236.57119750976562,445.7076721191406,221.80099487304688,108.71522521972656,training,2.0974037647247314,1
472,447.0002746582031,306.848876953125,446.953125,294.7760314941406,174.21824645996094,training,0.33852335810661316,1
473,447.2535095214844,599.9934692382812,448.0466613769531,589.8917846679688,108.82554626464844,training,0.9816673994064331,1
474,447.2886962890625,342.9856262207031,447.5010681152344,331.23602294921875,177.38095092773438,training,0.38556739687919617,1
475,447.5007629394531,492.0572204589844,448.7060546875,483.5736389160156,190.53871154785156,training,1.8732539415359497,1
476,447.57177734375,649.9713745117188,448.6395263671875,639.9769287109375,148.44528198242188,training,1.3077523708343506,1
477,447.94635009765625,603.543212890625,449.0945129394531,593.3075561523438,105.80170440673828,training,1.0131111145019531,1
478,448.1355895996094,498.79150390625,448.6905822753906,490.490234375,168.59121704101562,training,1.9330600500106812,1
479,448.2478942871094,310.186767578125,447.8642272949219,298.15972900390625,136.04043579101562,training,0.05420801416039467,1
480,448.5544128417969,458.9027404785156,447.74908447265625,450.3770446777344,141.55917358398438,training,2.4613025188446045,1
481,449.01763916015625,442.98785400390625,450.1642150878906,431.2618713378906,133.04135131835938,training,1.2101114988327026,1
482,449.42254638671875,437.24151611328125,449.8306579589844,425.29443359375,168.68017578125,training,1.1491717100143433,1
483,449.428955078125,612.0184326171875,451.0801696777344,601.3267822265625,109.77249145507812,training,1.544938564300537,1
484,449.5772705078125,607.3414916992188,450.46234130859375,597.2520751953125,95.05261993408203,training,1.0236313343048096,1
485,449.5772705078125,607.3414916992188,450.46234130859375,597.2520751953125,89.83317565917969,training,1.0236313343048096,1
486,449.9525451660156,348.1281433105469,449.96270751953125,336.4649963378906,152.14138793945312,training,0.11647344380617142,1
487,450.1375427246094,246.6141357421875,449.3651123046875,232.63970947265625,115.35163879394531,training,1.3968504667282104,1
488,450.96148681640625,360.3819885253906,451.75799560546875,348.5152587890625,175.07998657226562,training,0.8863375782966614,1
489,451.1669616699219,381.5763854980469,450.9568176269531,369.89105224609375,156.13455200195312,training,0.48864758014678955,1
490,451.17034912109375,654.8964233398438,452.7198181152344,644.4974975585938,141.49205017089844,training,1.6470245122909546,1
491,452.2344055175781,295.73565673828125,452.0211181640625,283.55865478515625,171.5167694091797,training,0.17357462644577026,1
492,452.33966064453125,326.98199462890625,452.2598571777344,315.3301696777344,96.21330261230469,training,0.20628538727760315,1
493,452.35357666015625,627.963134765625,453.20220947265625,617.8533935546875,184.9540557861328,training,1.3109076023101807,1
494,452.4356384277344,386.92767333984375,452.9160461425781,375.0714111328125,150.16990661621094,training,0.6749301552772522,1
495,452.7900390625,621.1283569335938,453.9626159667969,610.9095458984375,142.8530731201172,training,1.2001314163208008,1
496,452.92724609375,599.18798828125,454.28350830078125,589.0719604492188,232.1292724609375,training,0.8401537537574768,1
497,453.6913146972656,225.76535034179688,452.2149353027344,210.9529571533203,177.79763793945312,training,2.1639859676361084,1
498,453.7850036621094,373.6801452636719,454.1315612792969,361.9484558105469,125.59060668945312,training,0.42607349157333374,1
499,454.33245849609375,631.5200805664062,455.58624267578125,621.5333862304688,171.0584716796875,training,1.074474811553955,1
500,454.4644470214844,220.11476135253906,452.6109313964844,205.21409606933594,223.01121520996094,training,2.3378005027770996,1
501,455.3663330078125,523.9879760742188,457.04229736328125,514.21533203125,166.8082733154297,training,0.7104717493057251,1
502,455.3938903808594,229.3606414794922,454.5281066894531,214.37464904785156,208.45863342285156,training,2.258193016052246,1
503,456.2860107421875,390.6189270019531,456.6097717285156,378.8833312988281,131.152587890625,training,0.5214473605155945,1
504,456.5762939453125,598.0476684570312,457.90350341796875,588.0701904296875,186.71636962890625,training,0.705473780632019,1
505,457.0225524902344,612.82861328125,457.0415954589844,602.6985473632812,146.05477905273438,training,1.8092843294143677,1
506,457.15777587890625,321.5335388183594,456.7902526855469,309.8013000488281,175.8948516845703,training,0.24785365164279938,1
507,457.2994384765625,514.8886108398438,458.4876403808594,506.4934997558594,86.76981353759766,training,1.6775884628295898,1
508,457.73876953125,498.4364929199219,459.30322265625,489.61541748046875,112.35657501220703,training,1.550365686416626,1
509,458.2028503417969,247.44091796875,456.9927673339844,233.45054626464844,189.3752899169922,training,1.5654481649398804,1
510,458.3950500488281,214.27273559570312,457.6146240234375,199.00726318359375,221.26907348632812,training,2.39693021774292,1
511,459.8524169921875,480.072265625,460.9694519042969,470.44921875,155.08384704589844,training,0.8203425407409668,1
512,460.6019592285156,506.47265625,462.0568542480469,498.03118896484375,96.28083801269531,training,1.7598164081573486,1
513,461.36920166015625,218.6906280517578,460.5050354003906,203.4366455078125,184.27154541015625,training,2.4371814727783203,1
514,461.84307861328125,598.5196533203125,462.6060791015625,588.6005859375,162.43768310546875,training,0.995677649974823,1
515,462.6427001953125,284.0687255859375,462.2616882324219,271.46923828125,191.1779327392578,training,0.398554265499115,1
516,463.05267333984375,394.4394226074219,463.0599060058594,384.038330078125,137.97100830078125,training,0.8443288803100586,1
517,463.5448303222656,383.7051696777344,463.7605285644531,372.3229675292969,102.98543548583984,training,0.1296215057373047,1
518,463.5741882324219,215.574951171875,462.9195556640625,199.97653198242188,165.7015380859375,training,2.7510416507720947,1
519,463.675048828125,345.61322021484375,465.4222717285156,333.7922058105469,153.52850341796875,training,1.6896787881851196,1
520,464.2333984375,571.5335083007812,465.61199951171875,561.9482421875,156.9458465576172,training,0.06986182183027267,1
521,464.5774230957031,309.5976867675781,464.5977478027344,297.9671936035156,70.5691146850586,training,0.36770689487457275,1
522,464.6000671386719,498.8607482910156,465.9496765136719,490.4100036621094,129.9576873779297,training,1.785225510597229,1
523,464.66790771484375,495.9129333496094,466.3838806152344,487.4036560058594,202.3462371826172,training,1.8745498657226562,1
524,466.1787414550781,597.873291015625,467.3333740234375,588.0103759765625,174.53652954101562,training,0.7270660996437073,1
525,466.6545715332031,319.9235534667969,466.7816162109375,308.7430114746094,154.15576171875,training,0.7060598134994507,1
526,466.71478271484375,574.861083984375,468.1291198730469,565.16162109375,142.09152221679688,training,0.22023658454418182,1
527,467.1796875,474.4017333984375,468.7735900878906,464.642578125,195.09228515625,training,0.9837412238121033,1
528,467.25335693359375,546.0321655273438,470.5753479003906,539.3314819335938,197.9014892578125,training,3.6679341793060303,1
529,467.3770751953125,505.6097717285156,468.8367004394531,497.6391906738281,120.85115051269531,training,2.195983648300171,1
530,467.4205017089844,477.36773681640625,468.4064636230469,468.0683288574219,193.79627990722656,training,1.0972516536712646,1
531,467.50970458984375,638.8864135742188,468.9586181640625,628.994384765625,83.60621643066406,training,1.0797160863876343,1
532,467.65753173828125,300.298828125,468.0223388671875,288.47039794921875,122.99186706542969,training,0.5524589419364929,1
533,468.0791320800781,490.8880920410156,469.4447326660156,482.32958984375,148.90936279296875,training,1.7504938840866089,1
534,468.3343200683594,581.0797729492188,469.5619812011719,571.3309936523438,122.96340942382812,training,0.42808085680007935,1
535,469.1173095703125,593.969482421875,470.1028137207031,584.1732788085938,165.7709197998047,training,0.7813723683357239,1
536,469.1893005371094,635.9840087890625,470.6852111816406,626.0310668945312,142.9055633544922,training,1.1007148027420044,1
537,469.9803466796875,232.97850036621094,469.4085693359375,218.27395629882812,113.36666107177734,training,2.0317301750183105,1
538,470.2953796386719,339.30401611328125,470.7420654296875,328.27325439453125,177.00282287597656,training,0.7254690527915955,1
539,470.80450439453125,297.07257080078125,471.16571044921875,285.3459167480469,98.22423553466797,training,0.5917181372642517,1
540,471.8591003417969,240.9356689453125,471.34832763671875,226.7742462158203,111.0360336303711,training,1.567079782485962,1
541,472.24676513671875,212.85606384277344,470.7633056640625,197.49440002441406,208.1946258544922,training,2.658071517944336,1
542,472.44244384765625,359.9532470703125,471.48095703125,350.62969970703125,169.25424194335938,training,2.484889507293701,1
543,473.19921875,604.9910888671875,474.73419189453125,594.9971313476562,89.91106414794922,training,0.8236867785453796,1
544,473.4925231933594,226.53807067871094,472.5293884277344,212.0714874267578,147.3024139404297,training,1.8006994724273682,1
545,475.8718566894531,379.0813293457031,476.9666442871094,367.7582092285156,180.35797119140625,training,0.6681039333343506,1
546,475.9560241699219,404.261474609375,476.2689208984375,393.3595886230469,178.45167541503906,training,0.3068915009498596,1
547,475.97882080078125,604.5462646484375,477.4615783691406,594.8651123046875,95.48822021484375,training,0.5570653080940247,1
548,476.20379638671875,321.8294982910156,476.1227722167969,311.1682434082031,204.81698608398438,training,1.184631586074829,1
549,477.038818359375,633.5902709960938,478.86083984375,623.8438720703125,146.87069702148438,training,0.8383326530456543,1
550,477.2162170410156,473.5848083496094,478.1077880859375,464.4077453613281,167.91366577148438,training,1.2382395267486572,1
551,477.5639343261719,243.98365783691406,477.1117248535156,229.5978240966797,109.06878662109375,training,1.8312755823135376,1
552,477.88006591796875,343.6900939941406,478.3863525390625,333.1836853027344,123.22743225097656,training,1.147939920425415,1
553,477.88006591796875,343.6900939941406,478.3863525390625,333.1836853027344,127.09051513671875,training,1.147939920425415,1
554,477.97100830078125,232.0822296142578,476.928955078125,217.6310577392578,180.7041778564453,training,1.8942257165908813,1
555,478.1268005371094,377.0891418457031,482.26708984375,365.60101318359375,161.833251953125,training,3.698559045791626,1
556,478.40936279296875,607.5686645507812,479.8163757324219,597.9569702148438,124.14105224609375,training,0.5969139337539673,1
557,478.6413269042969,312.35870361328125,479.0947265625,301.1643371582031,142.94754028320312,training,0.8150596618652344,1
558,479.36334228515625,411.62554931640625,480.3702087402344,400.276611328125,141.9295654296875,training,0.49885228276252747,1
559,479.3965759277344,217.70394897460938,478.27313232421875,202.8780517578125,159.88746643066406,training,2.1292600631713867,1
560,479.4054870605469,615.9730834960938,481.2242126464844,606.1640014648438,172.50216674804688,training,0.7347503900527954,1
561,479.4508972167969,591.8579711914062,480.5679626464844,582.0973510742188,111.40467071533203,training,0.7539533376693726,1
562,479.567138671875,356.1492614746094,480.2959899902344,345.07501220703125,186.15585327148438,training,0.5784516930580139,1
563,480.4515075683594,324.2835998535156,480.64544677734375,313.67205810546875,206.69784545898438,training,1.190830111503601,1
564,480.7223205566406,611.0494384765625,482.6318054199219,601.3722534179688,107.41508483886719,training,0.562066912651062,1
565,481.1663818359375,443.4110412597656,481.6632385253906,432.8349609375,143.47125244140625,heldout,0.3920879364013672,1
566,481.2921142578125,252.0537109375,480.93896484375,237.9294891357422,167.13467407226562,training,1.6517289876937866,1
567,481.30572509765625,237.1898651123047,480.3862609863281,222.69375610351562,106.95326232910156,training,1.9720813035964966,1
568,481.54156494140625,619.978271484375,483.2217712402344,610.3350219726562,182.34857177734375,training,0.6497731804847717,1
569,483.1067199707031,210.5878448486328,482.7601013183594,194.81344604492188,214.7393798828125,training,2.915243625640869,1
570,483.1794738769531,560.434814453125,485.3645935058594,550.6790771484375,200.32972717285156,heldout,0.6262317895889282,1
571,483.2261047363281,508.8163757324219,485.57672119140625,501.00323486328125,116.5804443359375,heldout,2.498234510421753,1
572,483.4560241699219,629.2593383789062,485.088134765625,619.5490112304688,162.49000549316406,training,0.8440972566604614,1
573,483.7495422363281,304.4432373046875,483.96966552734375,293.2470703125,189.7630157470703,training,0.7953075170516968,1
574,484.0963439941406,652.6737670898438,485.9745178222656,642.655517578125,110.98197937011719,training,1.3188108205795288,1
575,484.1117858886719,355.8756103515625,484.640380859375,345.6358337402344,174.7169189453125,training,1.266871690750122,1
576,484.3542175292969,564.08544921875,486.67791748046875,553.9450073242188,147.3499298095703,heldout,0.9181162118911743,1
577,484.5758056640625,234.48428344726562,484.035888671875,219.97691345214844,128.9185791015625,training,1.8877462148666382,1
578,484.7942810058594,340.1252136230469,485.5143737792969,330.0480651855469,146.5435028076172,training,1.6195377111434937,1
579,484.92413330078125,658.0266723632812,486.739501953125,647.9315185546875,136.3598175048828,training,1.4670509099960327,1
580,485.0109558105469,531.5794677734375,486.374267578125,522.5858154296875,215.45068359375,heldout,0.8648262619972229,1
581,485.0619201660156,284.4519348144531,484.55621337890625,272.365478515625,117.78369903564453,training,0.5117636919021606,1
582,485.1505432128906,335.30859375,486.05767822265625,325.2567138671875,146.51962280273438,training,1.7489718198776245,1
583,485.1611633300781,592.0745849609375,486.7977600097656,582.3858032226562,99.20685577392578,heldout,0.42913001775741577,1
584,486.666259765625,660.291015625,488.15142822265625,650.4676513671875,79.29691314697266,training,1.3806308507919312,1
585,486.7059020996094,633.42529296875,488.6936950683594,623.8080444335938,190.47572326660156,training,0.7207143902778625,1
586,486.87506103515625,327.27691650390625,487.5747375488281,316.9360656738281,180.19155883789062,training,1.4848675727844238,1
587,486.87506103515625,327.27691650390625,487.5747375488281,316.9360656738281,177.8116912841797,training,1.4848675727844238,1
588,487.349853515625,476.2828369140625,488.8170166015625,467.3439025878906,119.87076568603516,heldout,1.464890718460083,1
589,487.3970031738281,640.8780517578125,489.3092346191406,630.9629516601562,141.79562377929688,training,1.1037291288375854,1
590,487.4654541015625,201.83335876464844,486.253173828125,186.1062469482422,145.5815887451172,training,2.8938088417053223,1
591,487.5594177246094,245.1905517578125,487.056884765625,231.00930786132812,98.58499145507812,training,1.6795705556869507,1
592,487.83447265625,359.97369384765625,488.74627685546875,350.0343017578125,203.71302795410156,training,1.5775178670883179,1
593,487.8656311035156,428.28851318359375,486.7792053222656,418.2142639160156,203.8553466796875,heldout,2.0973100662231445,1
594,488.00927734375,374.6211853027344,488.64569091796875,364.68963623046875,165.70455932617188,training,1.3887369632720947,1
595,488.0995178222656,331.0204772949219,488.5171203613281,320.928466796875,132.29135131835938,training,1.6375789642333984,1
596,488.5874938964844,618.5446166992188,490.1709289550781,609.2360229492188,153.70751953125,training,0.4920746684074402,1
597,488.8599548339844,589.6155395507812,490.3343200683594,579.9288330078125,139.2300262451172,heldout,0.5197691321372986,1
598,489.4994812011719,367.0509948730469,490.4817199707031,356.9390563964844,138.7155303955078,training,1.349168062210083,1
599,489.54541015625,659.3504028320312,491.93341064453125,649.2203369140625,122.1310806274414,training,1.4848459959030151,1
600,489.7548828125,649.5516967773438,491.4341735839844,639.725830078125,189.01852416992188,training,1.1963458061218262,1
601,490.3746032714844,592.9884643554688,492.5127868652344,583.281982421875,220.1544952392578,heldout,0.5118985176086426,1
602,490.47894287109375,535.447265625,492.2716369628906,526.8882446289062,155.80116271972656,heldout,1.277138352394104,1
603,490.7587585449219,251.5504913330078,490.2436218261719,237.70217895507812,111.1080551147461,training,1.4398552179336548,1
604,490.83966064453125,266.46881103515625,490.639404296875,252.8173370361328,134.1938934326172,training,1.3373100757598877,1
605,491.1575012207031,472.9513854980469,492.44390869140625,463.96435546875,142.60084533691406,heldout,1.410279393196106,1
606,491.3084716796875,432.82452392578125,492.0307312011719,422.2505798339844,177.29917907714844,heldout,0.297810435295105,1
607,491.56695556640625,346.10064697265625,492.9424133300781,336.4247131347656,131.62066650390625,training,2.1180131435394287,1
608,491.7169494628906,213.59109497070312,490.8095703125,198.1866455078125,93.63226318359375,training,2.6509852409362793,1
609,492.1767272949219,652.3822631835938,493.8853759765625,642.7252197265625,102.8056411743164,training,1.0823934078216553,1
610,492.308349609375,475.956787109375,494.409423828125,466.9490661621094,207.357177734375,heldout,1.6208045482635498,1
611,492.8481750488281,448.14398193359375,493.87823486328125,438.1243896484375,145.4544677734375,heldout,0.6035098433494568,1
612,493.2074890136719,668.9113159179688,495.5377197265625,658.9270629882812,148.3273468017578,training,1.427726149559021,1
613,493.400146484375,483.54638671875,495.2390441894531,474.9024658203125,192.3798370361328,heldout,1.7415053844451904,1
614,493.5537414550781,587.405517578125,495.6432800292969,576.8905639648438,193.12948608398438,heldout,1.2149221897125244,1
615,493.5537414550781,587.405517578125,495.6432800292969,576.8905639648438,119.50732421875,heldout,1.2149221897125244,1
616,493.6096496582031,641.4137573242188,495.5360107421875,631.8348999023438,139.92855834960938,training,0.810973048210144,1
617,493.6169738769531,633.6257934570312,495.2253112792969,624.2431030273438,153.60337829589844,training,0.7336419820785522,1
618,493.6876220703125,616.5077514648438,495.1750183105469,607.4329833984375,127.53038787841797,training,0.5628988742828369,1
619,493.9364318847656,655.1681518554688,495.8353271484375,645.7499389648438,106.92520904541016,training,0.8263809680938721,1
620,494.02783203125,610.3652954101562,495.7314758300781,601.1468505859375,137.277099609375,training,0.33524447679519653,1
621,494.4147033691406,512.0945434570312,496.07421875,504.6182556152344,127.77715301513672,heldout,2.553823709487915,1
622,494.4147033691406,512.0945434570312,496.07421875,504.6182556152344,115.88356018066406,heldout,2.553823709487915,1
623,494.48358154296875,470.66925048828125,496.3624572753906,461.3641052246094,172.40069580078125,heldout,1.2901790142059326,1
624,494.48358154296875,470.66925048828125,496.3624572753906,461.3641052246094,196.52989196777344,heldout,1.2901790142059326,1
625,494.6094970703125,276.1634521484375,495.2992858886719,262.726318359375,156.3425750732422,training,1.3540011644363403,1
626,494.80096435546875,364.3153381347656,495.802001953125,354.95086669921875,145.6399688720703,training,2.0787558555603027,1
627,494.8460998535156,623.51513671875,496.8209533691406,613.8795166015625,135.33291625976562,training,0.6700555682182312,1
628,495.0565490722656,505.9549560546875,497.6822509765625,498.2042236328125,120.17487335205078,heldout,2.619070291519165,1
629,495.109619140625,542.56640625,496.7857360839844,533.7138061523438,171.04092407226562,heldout,0.8835713863372803,1
630,495.17047119140625,413.1391296386719,495.830078125,402.9427185058594,157.86386108398438,heldout,0.7827648520469666,1
631,495.19305419921875,515.4594116210938,497.46588134765625,507.5094909667969,170.99415588378906,heldout,2.1870946884155273,1
632,495.963134765625,425.3603210449219,497.3494873046875,415.0536193847656,133.1690673828125,heldout,0.6708781123161316,1
633,496.6681823730469,397.97003173828125,497.6334533691406,387.6836853027344,244.03892517089844,training,0.8126656413078308,1
634,496.6795349121094,486.9794616699219,498.6291198730469,478.5542297363281,131.152587890625,heldout,1.9278873205184937,1
635,496.6813049316406,453.1825256347656,497.83935546875,443.58447265625,153.65870666503906,heldout,0.9709880352020264,1
636,496.70758056640625,428.8801574707031,497.73797607421875,418.5574645996094,167.13168334960938,heldout,0.4745934009552002,1
637,496.71527099609375,327.78790283203125,497.39739990234375,317.7783508300781,160.8788299560547,training,1.7536683082580566,1
638,497.20947265625,288.9035949707031,497.69976806640625,277.2862854003906,137.75340270996094,training,0.573032796382904,1
639,497.2315673828125,474.40625,498.93621826171875,465.2496337890625,219.89315795898438,heldout,1.288421630859375,1
640,497.281005859375,323.753662109375,498.2836608886719,313.7668151855469,143.42245483398438,training,1.8926457166671753,1
641,497.6354064941406,659.0918579101562,499.33721923828125,649.4055786132812,173.44163513183594,training,1.230254054069519,1
642,498.0230407714844,461.1968078613281,499.5187683105469,451.6229248046875,148.72122192382812,heldout,0.9631676077842712,1
643,498.0263366699219,406.7298583984375,498.89581298828125,396.5503234863281,191.96353149414062,heldout,0.8217644095420837,1
644,498.2782287597656,300.6183166503906,497.96258544921875,289.86981201171875,145.5712890625,training,1.3764066696166992,1
645,498.369140625,193.59983825683594,497.13153076171875,177.77053833007812,111.74524688720703,training,2.970551013946533,1
646,498.4881896972656,465.5481262207031,499.9645690917969,456.30810546875,182.43080139160156,heldout,1.2339314222335815,1
647,498.5274963378906,489.4844970703125,500.4484558105469,481.2734680175781,116.09478759765625,heldout,2.0877878665924072,1
648,498.53887939453125,364.0680236816406,499.5620422363281,354.7057189941406,183.6137237548828,training,2.0718915462493896,1
649,499.2035827636719,602.0250244140625,501.03125,592.6386108398438,87.54427337646484,training,0.3012074828147888,1
650,499.2212219238281,661.6284790039062,501.3256530761719,652.1229248046875,191.67941284179688,training,0.9346001148223877,1
651,499.3573913574219,616.0012817382812,500.98004150390625,606.9124755859375,185.1566925048828,training,0.5024740099906921,1
652,499.8898010253906,540.696533203125,501.82513427734375,532.6614990234375,187.1389923095703,heldout,1.7270212173461914,1
653,499.9697265625,451.4751892089844,500.87860107421875,442.0013427734375,131.8256378173828,heldout,1.1365115642547607,1
654,500.321044921875,371.3853759765625,500.7576599121094,362.2612609863281,175.801025390625,training,2.2207813262939453,1
655,500.360107421875,619.8934936523438,502.6314697265625,610.5403442382812,101.8037338256836,training,0.36767861247062683,1
656,500.4926452636719,605.79931640625,502.9352111816406,596.2274169921875,210.9051971435547,training,0.568800687789917,1
657,501.0146484375,390.0134582519531,502.3236389160156,380.218505859375,216.7440948486328,training,1.4398304224014282,1
658,501.0584411621094,313.5107421875,502.3744812011719,302.67584228515625,121.59769439697266,training,1.3913682699203491,1
659,501.0668029785156,559.4473876953125,502.7827453613281,550.62353515625,118.3934097290039,heldout,0.7502990365028381,1
660,501.1845397949219,333.6268310546875,500.7244873046875,324.5641174316406,159.21682739257812,training,2.788499116897583,1
661,502.17236328125,648.370361328125,504.4856872558594,638.7197265625,128.67788696289062,training,0.9176965951919556,1
662,502.2333984375,499.3694763183594,503.8151550292969,491.7493896484375,159.9812469482422,heldout,2.5092644691467285,1
663,502.41583251953125,596.4525756835938,504.4720764160156,587.0043334960938,148.86570739746094,heldout,0.22945131361484528,1
664,502.5504150390625,519.4955444335938,505.31494140625,511.1619567871094,152.08221435546875,heldout,1.9807000160217285,1
665,502.6109924316406,215.46197509765625,501.7209777832031,200.20423889160156,140.1570587158203,training,2.578805685043335,1
666,503.03350830078125,452.8862609863281,504.0369567871094,443.6466064453125,201.94801330566406,heldout,1.3392142057418823,1
667,503.0343017578125,470.5886535644531,505.1408386230469,461.5866394042969,195.45843505859375,heldout,1.5972506999969482,1
668,503.0794982910156,235.05963134765625,502.39312744140625,220.4685516357422,134.71080017089844,training,2.093057155609131,1
669,503.0794982910156,235.05963134765625,502.39312744140625,220.4685516357422,113.73653411865234,training,2.093057155609131,1
670,503.2898864746094,289.8713684082031,503.6937255859375,278.57562255859375,149.39878845214844,training,0.7998553514480591,1
671,503.2919006347656,608.9431762695312,505.11773681640625,599.8846435546875,89.52095031738281,training,0.31171807646751404,1
672,503.6656799316406,599.4771728515625,505.0598449707031,590.2332153320312,203.20925903320312,heldout,0.6926503777503967,1
673,503.8407287597656,666.0034790039062,505.83477783203125,656.968017578125,148.97650146484375,training,0.6717380285263062,1
674,503.9974365234375,317.16650390625,504.8192138671875,307.0032653808594,86.74675750732422,training,1.7077209949493408,1
675,504.1900634765625,342.3605041503906,506.40753173828125,332.5599670410156,173.6807403564453,training,2.4181199073791504,1
676,504.44671630859375,616.943359375,506.5418395996094,607.908203125,152.9477081298828,training,0.10231633484363556,1
677,505.5787658691406,559.4056396484375,507.4139709472656,550.383544921875,128.27703857421875,heldout,0.5395765900611877,1
678,505.8164978027344,208.49658203125,505.16839599609375,192.9796600341797,109.23827362060547,training,2.7180910110473633,1
679,506.40887451171875,594.937255859375,508.1629638671875,585.3900146484375,97.49359130859375,heldout,0.46828749775886536,1
680,507.4012756347656,325.1001892089844,507.916259765625,315.3652648925781,99.09591674804688,training,2.0140655040740967,1
681,507.4853515625,589.6519775390625,509.061767578125,579.9758911132812,113.66178131103516,heldout,0.6434494853019714,1
682,507.581787109375,606.34033203125,509.5926208496094,597.131591796875,183.52928161621094,training,0.18967248499393463,1
683,507.7239685058594,598.0917358398438,509.62744140625,588.5201416015625,133.1465301513672,heldout,0.44040364027023315,1
684,507.9075622558594,579.650146484375,509.32879638671875,570.0134887695312,133.96267700195312,heldout,0.6624266505241394,1
685,508.0946350097656,628.6531982421875,509.7102355957031,619.5847778320312,129.35223388671875,training,0.7166532278060913,1
686,508.49029541015625,196.96156311035156,507.6126708984375,181.1563262939453,87.3670425415039,training,2.939908504486084,1
687,508.5961608886719,357.4573669433594,509.7611083984375,348.6416015625,184.8323516845703,training,2.662325859069824,1
688,508.60736083984375,184.0052032470703,506.9932556152344,168.0487823486328,134.2907257080078,training,3.1875407695770264,1
689,509.1436462402344,583.5521850585938,511.44921875,573.5953369140625,134.9851837158203,heldout,0.6729452610015869,1
690,509.21978759765625,312.0467529296875,510.43206787109375,301.78643798828125,95.5196304321289,training,1.7643308639526367,1
691,509.21978759765625,312.0467529296875,510.43206787109375,301.78643798828125,101.64644622802734,training,1.7643308639526367,1
692,509.2554931640625,475.1187438964844,510.8914794921875,466.977294921875,178.57211303710938,heldout,2.210008382797241,1
693,509.3856506347656,288.41839599609375,509.9183044433594,276.5469970703125,158.7293243408203,training,0.2839128077030182,1
694,509.4276428222656,320.7677307128906,508.2108459472656,315.6389465332031,238.8032684326172,training,6.884829521179199,0
695,510.214599609375,511.76776123046875,512.5523071289062,504.1583251953125,176.75405883789062,heldout,2.482257127761841,1
696,510.7149353027344,661.3544921875,513.3272705078125,651.8374633789062,130.8472442626953,training,0.9221714735031128,1
697,510.7149353027344,661.3544921875,513.3272705078125,651.8374633789062,135.08145141601562,training,0.9221714735031128,1
698,510.76910400390625,567.6156616210938,512.630859375,558.61328125,162.1634979248047,heldout,0.4905078709125519,1
699,510.87548828125,201.2230682373047,510.4437255859375,185.53372192382812,85.91856384277344,training,2.802943229675293,1
700,510.98773193359375,611.1971435546875,513.2603759765625,602.1622924804688,121.20643615722656,training,0.038122549653053284,1
701,511.3007507324219,319.6803894042969,512.1475219726562,309.93890380859375,106.94390869140625,training,2.0717740058898926,1
702,511.3007507324219,319.6803894042969,512.1475219726562,309.93890380859375,135.01852416992188,training,2.0717740058898926,1
703,511.888427734375,665.1480712890625,514.10400390625,656.0714721679688,131.5864715576172,training,0.6306447982788086,1
704,512.0798950195312,323.47808837890625,513.4715576171875,313.8916931152344,217.31314086914062,training,2.3129706382751465,1
705,512.1585083007812,674.0640869140625,514.098876953125,665.0873413085938,117.2689208984375,training,0.8546558618545532,1
706,513.045166015625,399.39642333984375,515.1182861328125,389.718505859375,139.16177368164062,training,1.7096693515777588,1
707,513.2774658203125,299.4966735839844,513.28076171875,288.7918701171875,160.92234802246094,training,1.3553880453109741,1
708,513.3621215820312,580.4033203125,515.5311279296875,570.748291015625,167.22738647460938,heldout,0.3113778829574585,1
709,513.5243530273438,171.7896270751953,512.697509765625,155.10069274902344,202.36354064941406,training,3.5594840049743652,1
710,513.7949829101562,303.18975830078125,514.930419921875,291.8780822753906,194.2498321533203,training,0.8990532755851746,1
711,514.1883544921875,187.69456481933594,513.6165161132812,171.61831665039062,167.22439575195312,training,3.0795114040374756,1
712,514.2147216796875,617.0616455078125,516.1532592773438,608.1170043945312,111.99553680419922,training,0.3951896131038666,1
713,514.3566284179688,423.3709411621094,516.7000122070312,413.6641845703125,95.34149169921875,heldout,1.5923144817352295,1
714,514.8113403320312,588.024658203125,516.1166381835938,578.6641235351562,132.49905395507812,heldout,0.8666042685508728,1
715,515.8483276367188,214.92381286621094,514.9284057617188,199.80633544921875,198.65548706054688,training,2.5289506912231445,1
716,515.89453125,446.9072265625,517.8230590820312,437.98248291015625,129.01162719726562,heldout,1.7642219066619873,1
717,516.4528198242188,486.9691162109375,518.504638671875,479.5582580566406,175.37103271484375,heldout,2.8443644046783447,1
718,516.6973266601562,442.2796325683594,518.2059326171875,433.03955078125,135.5654754638672,heldout,1.4065343141555786,1
719,517.2432250976562,508.814208984375,519.3273315429688,501.7702941894531,100.58827209472656,heldout,2.9896583557128906,1
720,517.4290771484375,414.07086181640625,519.4494018554688,404.42791748046875,126.60173797607422,heldout,1.5062501430511475,1
721,517.538330078125,494.3883972167969,519.4680786132812,487.1942138671875,190.6960906982422,heldout,2.9662842750549316,1
722,518.2056274414062,590.9999389648438,520.003173828125,581.8898315429688,126.047607421875,heldout,0.4532582759857178,1
723,518.6657104492188,225.5402069091797,518.5896606445312,210.46900939941406,183.34393310546875,training,2.4170703887939453,1
724,519.0302124023438,439.2019348144531,520.4368286132812,430.23492431640625,125.23577880859375,heldout,1.6954951286315918,1
725,519.1790161132812,228.54063415527344,519.146728515625,213.5177764892578,168.57342529296875,training,2.396301507949829,1
726,519.5299682617188,331.20001220703125,520.6549682617188,322.1079406738281,105.15702819824219,training,2.608492851257324,1
727,519.6461791992188,472.9979248046875,521.3800659179688,465.5854187011719,152.11508178710938,heldout,2.9371049404144287,1
728,519.9788818359375,317.9920349121094,520.37744140625,308.5618896484375,170.51979064941406,training,2.3788838386535645,1
729,520.058349609375,561.5449829101562,521.6777954101562,553.2042236328125,181.81858825683594,heldout,1.2634037733078003,1
730,520.0642700195312,530.7681274414062,523.5491943359375,522.8135375976562,164.6663360595703,heldout,2.4319570064544678,1
731,520.2918090820312,405.1399230957031,522.0598754882812,395.94964599609375,125.62245178222656,heldout,1.8833587169647217,1
732,520.4091796875,199.5702362060547,519.9113159179688,183.90333557128906,143.84713745117188,training,2.806838274002075,1
733,520.5925903320312,543.734130859375,522.9661865234375,535.5675659179688,135.09996032714844,heldout,1.5631005764007568,1
734,520.980712890625,430.96307373046875,522.7340698242188,421.6662292480469,95.03683471679688,heldout,1.498029112815857,1
735,521.015869140625,497.059326171875,522.8248901367188,489.8503723144531,131.0991973876953,heldout,2.909580945968628,1
736,521.5554809570312,292.4164123535156,522.9730224609375,280.8838195800781,215.46693420410156,training,1.0116604566574097,1
737,521.6531982421875,391.8263854980469,522.92529296875,382.8585510253906,170.47286987304688,training,2.1383392810821533,1
738,521.9920654296875,355.0702209472656,523.5369873046875,346.4779968261719,198.66554260253906,training,2.921919822692871,1
739,522.0624389648438,490.0974426269531,524.4794311523438,483.0365905761719,187.5260009765625,heldout,3.202173948287964,1
740,522.10400390625,408.37628173828125,524.3507690429688,398.9158020019531,147.24130249023438,heldout,1.8051773309707642,1
741,522.4558715820312,603.2943115234375,524.7667236328125,594.0584106445312,153.3818817138672,training,0.12476768344640732,1
742,522.472900390625,426.4449462890625,523.7105102539062,417.48876953125,157.23548889160156,heldout,1.8214921951293945,1
743,522.5050048828125,477.21636962890625,525.1210327148438,469.7620849609375,137.58633422851562,heldout,3.01332688331604,1
744,522.5050048828125,477.21636962890625,525.1210327148438,469.7620849609375,114.60366821289062,heldout,3.01332688331604,1
745,522.5496826171875,588.1400146484375,524.3817138671875,579.0134887695312,161.65086364746094,heldout,0.4610799551010132,1
746,523.1152954101562,193.9630584716797,522.5553588867188,178.13302612304688,142.2075958251953,training,2.931983709335327,1
747,523.5122680664062,245.6638641357422,523.5171508789062,231.7567138671875,119.40686798095703,training,1.4705196619033813,1
748,523.5557250976562,630.4345703125,525.9127807617188,621.46533203125,130.3648681640625,training,0.20392951369285583,1
749,523.9428100585938,553.9768676757812,527.3954467773438,545.2317504882812,172.0,heldout,1.5959450006484985,1
750,524.6533813476562,435.4535827636719,526.1312255859375,427.009033203125,138.91363525390625,heldout,2.2437753677368164,1
751,524.8494873046875,593.9039306640625,526.755126953125,584.670654296875,163.8444366455078,heldout,0.4323979914188385,1
752,524.9952392578125,507.1583557128906,527.4539184570312,500.47247314453125,76.45259857177734,heldout,3.3882477283477783,1
753,525.0164794921875,433.9520568847656,527.0702514648438,424.79388427734375,151.56846618652344,heldout,1.6724035739898682,1
754,525.3465576171875,543.6089477539062,529.5021362304688,535.0045166015625,126.75172424316406,heldout,2.36110782623291,1
755,525.6388549804688,626.622802734375,529.09375,617.187744140625,149.8699493408203,training,1.062706708908081,1
756,525.956298828125,488.232666015625,528.3851318359375,481.52740478515625,155.51849365234375,heldout,3.5542430877685547,1
757,526.4284057617188,200.30592346191406,525.5762329101562,184.97830200195312,174.52220153808594,training,2.6103596687316895,1
758,526.4830322265625,297.1787109375,527.6932373046875,285.9131164550781,129.3058319091797,training,0.9179939031600952,1
759,526.4989624023438,545.5263061523438,529.0219116210938,537.4332885742188,154.4571075439453,heldout,1.6238713264465332,1
760,526.9072265625,352.0326232910156,528.9046020507812,343.382080078125,197.85853576660156,training,2.9999215602874756,1
761,526.97509765625,224.0595703125,526.4595336914062,209.5948028564453,90.8019790649414,training,1.9448922872543335,1
762,527.1705322265625,479.63262939453125,529.31298828125,472.69940185546875,97.81104278564453,heldout,3.365447759628296,1
763,527.2416381835938,630.68603515625,529.2909545898438,621.7188110351562,173.93101501464844,training,0.5455083250999451,1
764,527.6229248046875,615.0103149414062,529.7681274414062,606.55126953125,92.2225570678711,training,0.6476580500602722,1
765,527.8658447265625,227.5758514404297,527.9657592773438,212.98741149902344,97.07728576660156,training,1.9671517610549927,1
766,528.532958984375,559.9182739257812,530.1126708984375,551.6885986328125,141.38246154785156,heldout,1.4236159324645996,1
767,528.6760864257812,639.1932983398438,530.9151000976562,629.9328002929688,137.34991455078125,training,0.6379196047782898,1
768,528.9218139648438,412.41693115234375,530.3524780273438,403.6888122558594,184.03260803222656,heldout,2.1696560382843018,1
769,529.1616821289062,516.9002685546875,531.1902465820312,510.4828796386719,152.68922424316406,heldout,3.501415967941284,1
770,529.310546875,618.666015625,531.9310913085938,610.02197265625,158.4140167236328,training,0.331208735704422,1
771,529.9984130859375,324.6834411621094,531.4042358398438,315.4481506347656,167.61265563964844,training,2.5433430671691895,1
772,530.2819213867188,342.0588684082031,533.3701171875,333.7391357421875,182.43902587890625,training,3.8786864280700684,1
773,530.5244140625,186.24810791015625,529.6734008789062,170.4909210205078,113.57376098632812,training,2.8890750408172607,1
774,530.7189331054688,548.1480102539062,533.4585571289062,540.2400512695312,214.102783203125,heldout,1.813645839691162,1
775,530.7530517578125,389.311279296875,532.4295654296875,380.47021484375,173.11557006835938,training,2.3121278285980225,1
776,530.7530517578125,389.311279296875,532.4295654296875,380.47021484375,176.42279052734375,training,2.3121278285980225,1
777,530.761962890625,361.0221252441406,531.6581420898438,353.7445983886719,180.01388549804688,training,4.09908390045166,0
778,530.9522094726562,605.737548828125,532.380859375,597.585205078125,190.63839721679688,training,1.4106029272079468,1
779,530.9601440429688,370.0087890625,533.0823974609375,360.9429931640625,156.61097717285156,training,2.440507650375366,1
780,531.553466796875,482.2549743652344,534.0280151367188,475.6048583984375,86.76981353759766,heldout,3.654942274093628,1
781,532.4127807617188,224.6434783935547,532.086181640625,210.3959503173828,166.03614807128906,training,1.715194582939148,1
782,532.5244140625,572.807861328125,534.4988403320312,564.1632080078125,150.22650146484375,heldout,0.8197264671325684,1
783,532.6236572265625,309.17529296875,533.95263671875,298.7186584472656,209.84518432617188,training,1.5011910200119019,1
784,533.4857788085938,462.201416015625,535.6306762695312,454.9913635253906,161.65394592285156,heldout,3.244741439819336,1
785,533.4857788085938,462.201416015625,535.6306762695312,454.9913635253906,167.9761962890625,heldout,3.244741439819336,1
786,533.9790649414062,554.064697265625,536.9056396484375,546.0161743164062,207.28965759277344,heldout,1.6669950485229492,1
787,534.0162353515625,529.8440551757812,536.2864990234375,523.216064453125,146.00341796875,heldout,3.165811538696289,1
788,534.1041259765625,424.8581848144531,535.9570922851562,416.33746337890625,105.96697235107422,heldout,2.2809760570526123,1
789,534.3809814453125,339.4222106933594,536.2813720703125,330.65447998046875,151.46946716308594,training,2.9478280544281006,1
790,534.4133911132812,534.2946166992188,536.8428344726562,527.2064208984375,172.95086669921875,heldout,2.6761422157287598,1
791,534.4572143554688,193.73074340820312,533.9635620117188,178.47959899902344,186.29010009765625,training,2.4029970169067383,1
792,534.8978881835938,464.61798095703125,537.3444213867188,457.3952941894531,171.94766235351562,heldout,3.2567636966705322,1
793,535.052490234375,245.4866485595703,535.5283203125,231.92384338378906,120.92973327636719,training,1.1163568496704102,1
794,535.1078491210938,394.667724609375,536.564208984375,386.170166015625,138.26785278320312,training,2.5575761795043945,1
795,535.2957763671875,250.5111846923828,535.7296752929688,237.39991760253906,105.92449951171875,training,0.7131549715995789,1
796,535.3170776367188,271.3549499511719,537.134033203125,258.6037902832031,169.3398895263672,training,1.3347152471542358,1
797,535.38671875,484.9584655761719,537.7459716796875,478.727294921875,142.27789306640625,heldout,4.008124351501465,0
798,536.8129272460938,384.69171142578125,538.392333984375,375.8841552734375,153.94154357910156,training,2.3532516956329346,1
799,536.8468627929688,332.5615539550781,538.4837036132812,323.7979431152344,199.4843292236328,training,2.9407570362091064,1
800,537.6145629882812,496.94635009765625,540.6907958984375,490.3130187988281,144.44375610351562,heldout,3.6374998092651367,1
801,537.8941650390625,476.3314514160156,540.439697265625,469.9941711425781,179.649658203125,heldout,4.010032653808594,0
802,538.229736328125,469.4936828613281,541.321044921875,462.7281799316406,155.52491760253906,heldout,3.8087735176086426,1
803,538.535400390625,446.54364013671875,540.5950927734375,439.1897888183594,175.2312774658203,heldout,3.23075008392334,1
804,540.72216796875,618.55029296875,543.4385375976562,610.147705078125,203.85043334960938,training,0.5451940894126892,1
805,541.3020629882812,485.6453857421875,544.1693115234375,479.377197265625,221.3887939453125,heldout,4.032424449920654,0
806,541.3020629882812,485.6453857421875,544.1693115234375,479.377197265625,211.3031005859375,heldout,4.032424449920654,0
807,541.4055786132812,282.5793151855469,542.85986328125,270.66156005859375,188.47811889648438,training,0.7281002998352051,1
808,541.5674438476562,298.810546875,542.496826171875,288.03399658203125,175.9488525390625,training,1.1636435985565186,1
809,541.710205078125,586.1068115234375,543.2470703125,577.7084350585938,205.2388916015625,heldout,1.2989943027496338,1
810,542.6622314453125,519.02294921875,545.0490112304688,513.1109008789062,187.91221618652344,heldout,3.970775604248047,1
811,543.406494140625,549.6082153320312,546.2076416015625,541.9340209960938,168.94081115722656,heldout,1.971024990081787,1
812,543.4805908203125,174.15342712402344,543.060302734375,157.52308654785156,165.91262817382812,training,3.5750911235809326,1
813,543.6223754882812,231.97378540039062,543.6258544921875,218.76580810546875,217.4143524169922,training,0.8063405156135559,1
814,543.80615234375,278.5140380859375,544.8114013671875,266.61383056640625,168.25872802734375,training,0.3349396586418152,1
815,543.8540649414062,591.9931030273438,546.8436279296875,583.2133178710938,201.99752807617188,heldout,0.5788865089416504,1
816,544.1041259765625,528.1529541015625,547.1491088867188,521.8157958984375,125.80937957763672,heldout,3.548999547958374,1
817,544.3386840820312,525.3580932617188,547.8441162109375,518.9672241210938,117.73274993896484,heldout,3.6627089977264404,1
818,545.2642822265625,570.1328125,547.673583984375,562.3240966796875,137.4918212890625,heldout,1.585150957107544,1
819,545.4476928710938,580.9244995117188,548.1298828125,572.436767578125,138.71192932128906,heldout,0.8163213133811951,1
820,545.8501586914062,431.10687255859375,547.8209228515625,423.43017578125,131.1602020263672,heldout,3.03029727935791,1
821,546.3501586914062,493.80609130859375,549.6885375976562,487.84637451171875,135.44740295410156,heldout,4.342675685882568,0
822,546.55908203125,501.1160888671875,549.5538940429688,495.4268493652344,137.54635620117188,heldout,4.440229892730713,0
823,547.0292358398438,389.29766845703125,548.7819213867188,380.5591735839844,154.50242614746094,training,2.3630802631378174,1
824,547.164306640625,392.076904296875,549.6875,383.12005615234375,171.79930114746094,training,2.351390838623047,1
825,547.1695556640625,383.3942565917969,549.2003784179688,374.5829772949219,204.5360565185547,training,2.406102418899536,1
826,547.5543823242188,322.7545471191406,548.6253051757812,314.0408020019531,172.95086669921875,training,2.989145278930664,1
827,547.6480102539062,434.00347900390625,549.4404907226562,426.5891418457031,126.82270812988281,heldout,3.2486953735351562,1
828,547.8529663085938,308.7000427246094,548.9641723632812,298.1951599121094,118.07201385498047,training,1.334908127784729,1
829,548.0612182617188,171.97801208496094,547.397216796875,155.3470458984375,85.85453033447266,training,3.621112108230591,1
830,548.0612182617188,171.97801208496094,547.397216796875,155.3470458984375,101.86265563964844,training,3.621112108230591,1
831,548.10791015625,230.29788208007812,548.9834594726562,216.49256896972656,159.41769409179688,training,1.2851237058639526,1
832,548.1172485351562,211.09906005859375,549.9730224609375,195.5111846923828,194.34762573242188,training,3.183284044265747,1
833,548.2446899414062,486.3565979003906,552.427734375,480.0697021484375,150.7812957763672,heldout,4.44342565536499,0
834,548.4474487304688,255.75746154785156,549.111083984375,243.4769744873047,163.29727172851562,training,0.0522836297750473,1
835,548.9069213867188,243.51641845703125,549.0152587890625,231.1345977783203,108.8347396850586,training,0.515229344367981,1
836,549.0159912109375,184.97569274902344,548.4622192382812,169.21304321289062,178.4208526611328,training,2.8961188793182373,1
837,549.0326538085938,425.42376708984375,551.2653198242188,417.67669677734375,98.43779754638672,heldout,3.0432803630828857,1
838,549.0338745117188,225.37649536132812,548.8435668945312,212.1238555908203,186.2605743408203,training,0.9540920257568359,1
839,549.091796875,582.052001953125,551.3923950195312,573.9071655273438,179.82492065429688,heldout,1.1672669649124146,1
840,549.4036254882812,212.95242309570312,549.3470458984375,198.37887573242188,127.00787353515625,training,1.9145088195800781,1
841,549.6260986328125,453.4898986816406,552.221435546875,446.6467590332031,167.26625061035156,heldout,3.708380937576294,1
842,550.547607421875,274.6752014160156,551.3472290039062,263.1405334472656,178.84910583496094,training,0.6133841872215271,1
843,551.7413330078125,458.3199157714844,554.2725830078125,451.91046142578125,106.72863006591797,heldout,4.066055774688721,0
844,552.0072631835938,386.9485778808594,553.9002075195312,377.8842468261719,146.4342803955078,training,2.0687479972839355,1
845,552.3758544921875,191.23878479003906,551.9349365234375,175.41653442382812,168.50222778320312,training,3.006498336791992,1
846,552.3922119140625,291.1523742675781,553.0025634765625,280.7959289550781,123.11782836914062,training,1.6676963567733765,1
847,552.412841796875,526.4739990234375,555.4161376953125,520.4251098632812,147.52627563476562,heldout,3.8028361797332764,1
848,552.8564453125,286.29107666015625,554.2820434570312,275.4666748046875,100.01499938964844,training,1.3111059665679932,1
849,553.6929931640625,215.01116943359375,554.43994140625,200.53317260742188,204.27432250976562,training,1.7922008037567139,1
850,553.8048706054688,571.77880859375,556.0662231445312,564.882568359375,150.24313354492188,heldout,2.4893739223480225,1
851,554.1135864257812,448.2851257324219,556.80078125,441.3369140625,110.32225799560547,heldout,3.6588315963745117,1
852,554.3905639648438,295.8222961425781,556.144287109375,285.519775390625,182.61434936523438,training,1.8062514066696167,1
853,554.5474243164062,461.8804931640625,556.9685668945312,455.6429748535156,101.23734283447266,heldout,4.176730632781982,0
854,555.359130859375,260.8465881347656,556.4625854492188,248.6439666748047,197.7852325439453,training,0.3030330240726471,1
855,555.4990234375,399.67822265625,557.7255249023438,390.8908996582031,137.229736328125,training,2.265704870223999,1
856,555.5509643554688,218.7300567626953,554.8707885742188,204.53912353515625,147.455078125,training,1.97148597240448,1
857,555.58349609375,229.283447265625,555.9140625,215.92364501953125,109.31605529785156,training,0.8494793772697449,1
858,555.7417602539062,194.45388793945312,555.5130004882812,179.05795288085938,112.15614318847656,training,2.5908238887786865,1
859,555.8668212890625,189.243896484375,555.4470825195312,173.65284729003906,137.38995361328125,training,2.776292562484741,1
860,555.9916381835938,180.77432250976562,555.8738403320312,164.4927520751953,176.7229461669922,training,3.2980875968933105,1
861,556.0595092773438,450.9075012207031,558.8668823242188,444.2627868652344,136.24977111816406,heldout,3.945096254348755,1
862,556.3064575195312,223.37620544433594,556.7926025390625,209.62733459472656,92.67146301269531,training,1.1370666027069092,1
863,556.3064575195312,223.37620544433594,556.7926025390625,209.62733459472656,98.54440307617188,training,1.1370666027069092,1
864,557.1129150390625,533.7369995117188,559.5797729492188,527.765869140625,166.75131225585938,heldout,3.7421681880950928,1
865,557.1964721679688,464.79327392578125,559.8479614257812,458.7113342285156,120.93386840820312,heldout,4.3222503662109375,0
866,557.9389038085938,443.9512634277344,560.4596557617188,437.1704406738281,158.0917510986328,heldout,3.8200535774230957,1
867,557.9389038085938,443.9512634277344,560.4596557617188,437.1704406738281,185.68252563476562,heldout,3.8200535774230957,1
868,558.65478515625,453.8309631347656,561.4913940429688,447.5928955078125,150.7647247314453,heldout,4.3067097663879395,0
869,558.71728515625,430.85858154296875,561.5560913085938,423.4449462890625,132.01136779785156,heldout,3.4078099727630615,1
870,558.824462890625,468.0781555175781,562.0321044921875,461.91192626953125,136.91603088378906,heldout,4.313269138336182,0
871,559.3036499023438,277.8291320800781,560.4044189453125,266.9829406738281,101.73494720458984,training,1.264968752861023,1
872,559.3036499023438,277.8291320800781,560.4044189453125,266.9829406738281,97.95917510986328,training,1.264968752861023,1
873,559.57177734375,243.76478576660156,560.099365234375,231.27716064453125,131.57127380371094,training,0.24640591442584991,1
874,559.5974731445312,461.0785217285156,562.2797241210938,454.9286193847656,138.72634887695312,heldout,4.288373947143555,0
875,560.3941650390625,418.2611389160156,562.2452392578125,410.4098815917969,142.08448791503906,heldout,2.937051773071289,1
876,560.3941650390625,418.2611389160156,562.2452392578125,410.4098815917969,176.5757598876953,heldout,2.937051773071289,1
877,560.88037109375,218.93508911132812,561.4016723632812,205.06851196289062,90.04443359375,training,1.2206124067306519,1
878,561.0917358398438,246.7937774658203,561.6248779296875,234.3783721923828,139.60658264160156,training,0.27103543281555176,1
879,561.1691284179688,312.352294921875,563.3023681640625,303.9542236328125,171.95639038085938,training,3.509385824203491,1
880,561.3858032226562,433.5067443847656,563.899658203125,426.3892822265625,152.06906127929688,heldout,3.57997989654541,1
881,562.35791015625,438.8034362792969,564.8016967773438,431.79754638671875,172.20046997070312,heldout,3.62178373336792,1
882,562.3911743164062,249.2744140625,563.8490600585938,236.68740844726562,178.016845703125,training,0.6612398028373718,1
883,562.9042358398438,392.5857238769531,565.1488647460938,383.1941833496094,151.28118896484375,training,1.7281897068023682,1
884,563.0132446289062,258.0087890625,563.3214111328125,246.6588134765625,159.9718780517578,training,1.1013299226760864,1
885,563.6157836914062,195.39114379882812,562.764892578125,180.29161071777344,223.62692260742188,training,2.6289420127868652,1
886,564.3132934570312,477.76678466796875,567.834716796875,472.40838623046875,160.9813690185547,heldout,5.044516563415527,0
887,564.3132934570312,477.76678466796875,567.834716796875,472.40838623046875,160.0718536376953,heldout,5.044516563415527,0
888,564.4924926757812,301.7768859863281,565.4085083007812,291.849609375,142.09152221679688,training,1.9596062898635864,1
889,564.9937744140625,232.9221954345703,565.5873413085938,219.9041748046875,134.54739379882812,training,0.5358235239982605,1
890,565.3869018554688,419.9143371582031,567.4764404296875,412.1551513671875,271.4921875,heldout,3.0126895904541016,1
891,565.4423217773438,450.25677490234375,568.0621948242188,444.2924499511719,204.00979614257812,heldout,4.5517897605896,0
892,566.30078125,306.3327941894531,568.392578125,296.4339294433594,181.5709228515625,training,2.1141226291656494,1
893,566.5823974609375,404.2955322265625,569.2303466796875,395.44671630859375,132.4839630126953,heldout,2.2290868759155273,1
894,567.0368041992188,265.90789794921875,567.5617065429688,255.1941375732422,174.53079223632812,training,1.5602474212646484,1
895,567.6454467773438,461.1832580566406,570.0693969726562,455.88482666015625,165.79505920410156,heldout,5.08345365524292,0
896,568.6014404296875,466.0386657714844,571.9230346679688,460.1837463378906,155.53778076171875,heldout,4.615171909332275,0
897,569.7477416992188,510.1359558105469,572.7149658203125,504.8896484375,125.07197570800781,heldout,4.69437313079834,0
898,570.0585327148438,208.49998474121094,570.5109252929688,194.00686645507812,98.33106994628906,training,1.776899814605713,1
899,571.0061645507812,277.3896484375,572.6356201171875,266.4254455566406,90.90104675292969,training,1.235759973526001,1
900,571.3837280273438,487.0028076171875,574.3706665039062,482.1684265136719,145.67430114746094,heldout,5.331068515777588,0
901,571.408203125,282.443359375,572.8925170898438,272.03875732421875,62.0,training,1.6689561605453491,1
902,571.6015625,399.0393981933594,573.9074096679688,390.1731872558594,204.85848999023438,training,2.1358089447021484,1
903,572.2808837890625,286.4131164550781,574.5377197265625,276.2395324707031,130.29965209960938,training,2.118934392929077,1
904,572.578125,245.49034118652344,573.499267578125,233.0368194580078,104.88565063476562,training,0.07583519071340561,1
905,572.6373291015625,436.8648681640625,575.7445678710938,430.2897033691406,171.0,heldout,4.150740146636963,0
906,574.0802612304688,514.2742919921875,577.8306884765625,508.73529052734375,200.8556671142578,heldout,4.494715690612793,0
907,574.1378173828125,250.43858337402344,575.5697631835938,238.1814727783203,136.75160217285156,training,0.43911129236221313,1
908,574.217529296875,197.27162170410156,574.1488037109375,182.13853454589844,165.4176483154297,training,2.423642635345459,1
909,574.3392333984375,257.8142395019531,574.9303588867188,246.13172912597656,119.02941131591797,training,0.7387656569480896,1
910,575.5089721679688,301.61077880859375,576.9006958007812,291.5367736816406,199.36900329589844,training,1.7809921503067017,1
911,575.536376953125,210.5583038330078,575.7119750976562,196.33773803710938,161.93826293945312,training,1.6338499784469604,1
912,575.5477294921875,491.6914978027344,578.859375,486.8916931152344,113.89469146728516,heldout,5.349566459655762,0
913,575.5887451171875,451.380859375,578.8194580078125,445.6070556640625,146.8809051513672,heldout,4.792867183685303,0
914,575.9358520507812,456.47723388671875,578.135009765625,451.2231140136719,242.956787109375,heldout,5.149869918823242,0
915,576.1065673828125,475.8717956542969,579.0942993164062,470.891357421875,101.66120147705078,heldout,5.281768798828125,0
916,577.9382934570312,295.5984802246094,580.1736450195312,285.2438659667969,164.45364379882812,training,1.8040175437927246,1
917,578.2610473632812,305.33709716796875,580.3272094726562,295.2283935546875,189.2960662841797,training,1.8399155139923096,1
918,578.534912109375,453.660400390625,581.2543334960938,448.2461242675781,150.28306579589844,heldout,5.034250736236572,0
919,579.6595458984375,468.58984375,582.8106079101562,463.294677734375,97.46794128417969,heldout,5.053944110870361,0
920,579.68896484375,487.0100402832031,582.8927612304688,482.1097412109375,159.23252868652344,heldout,5.265563488006592,0
921,579.8307495117188,496.2395935058594,583.3944091796875,491.2210388183594,203.4182891845703,heldout,5.116924285888672,0
922,580.1305541992188,490.9148254394531,584.1428833007812,485.84954833984375,193.3752899169922,heldout,5.238277912139893,0
923,580.469482421875,216.30580139160156,580.0315551757812,203.12979125976562,195.9387664794922,training,1.4272360801696777,1
924,581.0066528320312,472.69140625,584.3734741210938,467.6450500488281,77.72386932373047,heldout,5.288947582244873,0
925,581.3505859375,267.3848876953125,583.0704956054688,256.33660888671875,150.92050170898438,training,1.2325568199157715,1
926,581.5615844726562,222.13829040527344,582.0926513671875,208.78709411621094,140.14634704589844,training,0.8646135926246643,1
927,582.069580078125,476.5201416015625,585.4239501953125,471.7163391113281,74.20916748046875,heldout,5.481934070587158,0
928,583.58642578125,184.05531311035156,583.3760986328125,168.32452392578125,203.8749542236328,training,2.948758840560913,1
929,583.7186889648438,264.4542236328125,585.484619140625,252.6478271484375,165.41160583496094,training,0.6736144423484802,1
930,584.563720703125,227.94007873535156,585.669677734375,214.6782684326172,144.16656494140625,training,0.7409330010414124,1
931,584.5924682617188,235.95693969726562,585.019287109375,223.16566467285156,156.8343048095703,training,0.7147534489631653,1
932,584.6937255859375,245.17959594726562,585.7767333984375,232.7694854736328,144.08331298828125,training,0.0524832159280777,1
933,584.9712524414062,458.2879638671875,588.3762817382812,452.4355773925781,217.59596252441406,heldout,4.639494895935059,0
934,585.112548828125,285.0633544921875,586.3421020507812,275.22662353515625,122.09832000732422,training,2.158519744873047,1
935,585.4623413085938,231.08050537109375,586.2960205078125,217.87347412109375,147.77346801757812,training,0.7398430109024048,1
936,586.5674438476562,265.70855712890625,588.3842163085938,254.2327117919922,221.4858856201172,training,0.8929182887077332,1
937,586.57958984375,240.75755310058594,587.9803466796875,227.79380798339844,154.12982177734375,training,0.6304742693901062,1
938,587.9141235351562,207.8628387451172,588.7134399414062,193.36048889160156,116.95726013183594,training,1.7982378005981445,1
939,588.8590087890625,461.6164855957031,592.2122192382812,456.1136169433594,134.04849243164062,heldout,4.918984889984131,0
940,588.8590087890625,461.6164855957031,592.2122192382812,456.1136169433594,193.70338439941406,heldout,4.918984889984131,0
941,589.0411376953125,256.77703857421875,590.407958984375,244.99197387695312,212.3887939453125,training,0.48263004422187805,1
942,589.6424560546875,218.08384704589844,590.3699951171875,204.09471130371094,116.54612731933594,training,1.4089341163635254,1
943,590.9304809570312,200.91433715820312,591.2771606445312,186.2213897705078,138.83802795410156,training,2.012256622314453,1
944,591.520751953125,244.40785217285156,592.989501953125,231.82357788085938,101.07917785644531,training,0.35033243894577026,1
945,592.5852661132812,203.42538452148438,593.1900634765625,188.8614959716797,143.16773986816406,training,1.8579298257827759,1
946,593.5581665039062,247.4755096435547,595.6642456054688,234.95008850097656,171.65663146972656,training,0.8843891024589539,1
947,593.9716796875,411.7430725097656,596.5327758789062,403.9333190917969,157.02865600585938,heldout,3.0031919479370117,1
948,593.9922485351562,224.57240295410156,594.610107421875,210.91534423828125,89.73851013183594,training,1.2205750942230225,1
949,594.3871459960938,250.74551391601562,595.38671875,238.7806854248047,154.8741455078125,training,0.4310043454170227,1
950,594.7785034179688,300.4561462402344,597.303466796875,289.95391845703125,121.22293853759766,training,1.6376045942306519,1
951,595.0332641601562,432.0302429199219,598.5247802734375,425.1148376464844,159.0691680908203,heldout,3.8611505031585693,1
952,595.0777587890625,238.1017303466797,595.8134155273438,225.12408447265625,145.6914520263672,training,0.7360755801200867,1
953,595.0791015625,414.8363952636719,598.1355590820312,407.0722961425781,142.3973388671875,heldout,3.106508731842041,1
954,598.70703125,419.959716796875,601.4091186523438,412.58367919921875,147.20054626464844,heldout,3.353128433227539,1
955,600.0032958984375,277.3106384277344,602.1315307617188,266.1895751953125,209.84280395507812,training,1.110257863998413,1
956,600.2059326171875,257.6307678222656,601.3499145507812,246.18138122558594,92.16290283203125,training,0.8125174045562744,1
957,601.339111328125,425.495849609375,604.7040405273438,418.4512939453125,137.77880859375,training,3.736981153488159,1
958,601.339111328125,425.495849609375,604.7040405273438,418.4512939453125,203.8406219482422,training,3.736981153488159,1
959,603.7877807617188,258.353271484375,605.0398559570312,246.90968322753906,184.35020446777344,training,0.790446937084198,1
960,604.6868286132812,242.2603759765625,606.20849609375,229.5583953857422,194.4839324951172,training,0.3776978552341461,1
961,604.9158325195312,258.6822814941406,606.012451171875,247.46739196777344,123.49494171142578,training,1.0555154085159302,1
962,604.9205932617188,222.16558837890625,606.3040771484375,208.28269958496094,181.24844360351562,training,1.3427963256835938,1
963,605.3613891601562,365.6937561035156,608.465087890625,355.05303955078125,82.26177978515625,training,1.1585713624954224,1
964,605.9042358398438,236.4671173095703,607.0128784179688,223.80490112304688,150.74813842773438,training,0.34505096077919006,1
965,606.5252685546875,197.48135375976562,607.1419067382812,183.124755859375,216.94931030273438,heldout,1.6618465185165405,1
966,606.6626586914062,275.2793273925781,608.0283203125,264.4714050292969,165.0242462158203,training,1.2578033208847046,1
967,607.9996948242188,259.2283020019531,609.657470703125,247.8744659423828,173.26568603515625,training,0.8545875549316406,1
968,607.9996948242188,259.2283020019531,609.657470703125,247.8744659423828,188.68492126464844,training,0.8545875549316406,1
969,610.5841674804688,250.06585693359375,612.5272216796875,237.5634002685547,173.017333984375,training,0.5083644986152649,1
970,611.5845947265625,280.806884765625,613.1124877929688,270.0055236816406,190.33917236328125,training,1.1953555345535278,1
971,613.117431640625,285.0589599609375,614.8749389648438,274.6251525878906,189.04232788085938,training,1.511108636856079,1
972,615.1214599609375,225.99656677246094,616.5772094726562,212.3690643310547,180.76780700683594,training,1.1347525119781494,1
973,616.0640869140625,257.3638610839844,617.6781005859375,246.1253662109375,161.7807159423828,training,0.9602731466293335,1
974,616.1351318359375,362.7010192871094,617.7965087890625,351.3981628417969,206.4194793701172,training,0.5641818046569824,1
975,616.2251586914062,313.14923095703125,617.5401611328125,302.67236328125,208.02163696289062,training,1.3486242294311523,1
976,616.998291015625,203.01939392089844,618.0138549804688,189.81739807128906,113.05751037597656,training,0.5722188353538513,1
977,618.5587158203125,289.1951599121094,620.6183471679688,278.8839416503906,208.22584533691406,training,1.6030592918395996,1
978,618.7706298828125,252.5950927734375,620.34033203125,241.40298461914062,147.97972106933594,training,1.0474947690963745,1
979,619.9584350585938,262.9827880859375,621.6311645507812,251.99325561523438,116.59330749511719,training,1.1501551866531372,1
980,620.7055053710938,348.9359130859375,622.6026000976562,337.7701416015625,136.81739807128906,training,0.34632599353790283,1
981,621.036376953125,265.5938415527344,623.177001953125,254.5931854248047,116.64476013183594,training,1.1899358034133911,1
982,621.1627807617188,306.8188171386719,623.7872314453125,296.0584716796875,158.31614685058594,training,1.1730146408081055,1
983,622.2174072265625,286.7239074707031,623.8004150390625,276.3860778808594,180.51593017578125,training,1.5995731353759766,1
984,622.2601318359375,259.1236877441406,624.4036254882812,247.7802276611328,143.77064514160156,training,0.9406864047050476,1
985,622.8615112304688,249.84359741210938,624.7337646484375,237.9739990234375,128.43675231933594,training,0.44630908966064453,1
986,623.0985107421875,230.33529663085938,623.11376953125,218.32962036132812,200.2273712158203,training,1.5863882303237915,1
987,623.51708984375,356.42291259765625,625.2501831054688,345.6036682128906,138.1050262451172,training,0.7029262185096741,1
988,624.2823486328125,290.4393310546875,627.4960327148438,279.9736633300781,208.3026580810547,training,1.9220821857452393,1
989,624.8989868164062,237.3021240234375,626.3994140625,224.8146514892578,204.91949462890625,training,0.15685194730758667,1
990,625.1480712890625,265.5890808105469,627.1043090820312,254.6546173095703,168.08033752441406,training,1.1860132217407227,1
991,627.859130859375,310.0442199707031,629.7298583984375,299.5915222167969,160.45559692382812,training,1.2491554021835327,1
992,628.040283203125,253.41064453125,629.908935546875,242.01058959960938,112.28534698486328,training,0.825130820274353,1
993,629.2380981445312,316.0482177734375,631.5696411132812,305.51812744140625,217.1243896484375,training,1.1169753074645996,1
994,630.2039184570312,224.54367065429688,631.8575439453125,212.19993591308594,131.00762939453125,training,0.14705567061901093,1
995,630.61962890625,326.181884765625,632.8595581054688,315.9725341796875,200.3272247314453,training,1.3215398788452148,1
996,631.3650512695312,279.7183837890625,632.848388671875,269.61114501953125,177.96348571777344,training,1.9117435216903687,1
997,632.327392578125,318.7671203613281,634.6468505859375,308.5675048828125,216.93316650390625,training,1.4040690660476685,1
998,632.48193359375,262.1794128417969,634.4874267578125,251.30601501464844,154.92901611328125,training,1.26173996925354,1
999,633.7400512695312,265.86236572265625,636.0472412109375,255.08758544921875,203.76211547851562,training,1.3787696361541748,1
1000,634.0394287109375,249.3834686279297,636.2952880859375,237.97848510742188,155.91343688964844,training,0.9542799592018127,1
1001,636.4547119140625,316.06103515625,638.6544799804688,306.04864501953125,188.4356689453125,training,1.6028205156326294,1
1002,638.0709838867188,242.33078002929688,640.2364501953125,230.50669860839844,204.77059936523438,training,0.5942422151565552,1
1003,639.0826416015625,231.0335235595703,640.3073120117188,219.2078094482422,191.79676818847656,training,0.7897208333015442,1
1004,640.4092407226562,261.15594482421875,642.6192016601562,250.0860595703125,156.28500366210938,training,1.0829764604568481,1
1005,643.0695190429688,226.89349365234375,644.6166381835938,215.22035217285156,159.57130432128906,training,0.8024623990058899,1
1006,643.1865844726562,215.00439453125,644.6923217773438,203.37820434570312,173.0028839111328,training,0.9478927850723267,1
1007,643.7256469726562,230.0133056640625,645.8934326171875,218.18045043945312,184.90267944335938,training,0.6736240386962891,1
1008,644.206298828125,289.6914978027344,646.2637939453125,279.775634765625,144.05902099609375,training,1.936117172241211,1
1009,646.2822265625,221.89498901367188,648.4114990234375,210.0911865234375,99.72462463378906,training,0.7498820424079895,1
1010,649.5869750976562,226.8948516845703,651.4896850585938,215.2998046875,93.65361785888672,training,0.8323538303375244,1
1011,652.6402587890625,228.45370483398438,654.5436401367188,217.37994384765625,163.31871032714844,training,1.3337303400039673,1
1012,653.4298706054688,218.91236877441406,655.2713623046875,207.41197204589844,184.42343139648438,training,0.9956316947937012,1
1013,653.57080078125,254.910400390625,655.5694580078125,244.45504760742188,157.53094482421875,training,1.7055120468139648,1
1014,654.05810546875,247.12779235839844,656.0240478515625,236.47149658203125,168.49925231933594,training,1.5764210224151611,1
1015,654.05810546875,247.12779235839844,656.0240478515625,236.47149658203125,145.57472229003906,training,1.5764210224151611,1
1016,654.4623413085938,231.29110717773438,656.5467529296875,219.93112182617188,142.89157104492188,training,1.0242267847061157,1
1017,654.8441772460938,258.5699157714844,657.6090698242188,247.6273956298828,202.5290069580078,training,1.338118314743042,1
1018,655.6561889648438,249.43699645996094,657.7862548828125,238.9818115234375,184.35292053222656,training,1.7511374950408936,1
