match_id,ohrc_projected_x_5m,ohrc_projected_y_5m,tmc_ortho_x_5m,tmc_ortho_y_5m,descriptor_distance,split,forward_residual_tmc_5m_px,inlier
44,79.93522644042969,319.818115234375,81.27360534667969,327.05645751953125,153.64569091796875,training,3.6131539344787598,1
46,80.91123962402344,289.5550842285156,82.13224029541016,296.6028137207031,164.55393981933594,training,3.640270709991455,1
47,81.28546905517578,299.1128234863281,82.68219757080078,306.1152648925781,143.89927673339844,training,3.668513298034668,1
50,82.9423828125,326.9801940917969,83.99475860595703,334.3734436035156,182.3129119873047,training,3.4967803955078125,1
51,83.09405517578125,166.13870239257812,83.9416275024414,172.26715087890625,149.89329528808594,heldout,3.9272961616516113,1
52,83.16622924804688,203.927978515625,83.77153015136719,210.58958435058594,173.89939880371094,training,3.68538498878479,1
53,84.38574981689453,316.1800231933594,85.31563568115234,323.5134582519531,120.26221466064453,training,3.493095636367798,1
54,86.31495666503906,216.48202514648438,85.79796600341797,223.8568115234375,167.63949584960938,training,3.662566661834717,1
55,86.99683380126953,335.2419128417969,88.4943618774414,342.752197265625,151.01324462890625,training,3.121985673904419,1
56,86.99683380126953,335.2419128417969,88.4943618774414,342.752197265625,154.4441680908203,training,3.121985673904419,1
57,87.90876007080078,267.1672058105469,89.32267761230469,274.1350402832031,218.9566192626953,training,3.289293050765991,1
58,87.90876007080078,267.1672058105469,89.32267761230469,274.1350402832031,172.59201049804688,training,3.289293050765991,1
59,88.00037384033203,319.21368408203125,89.45588684082031,326.731689453125,159.00942993164062,training,3.008878707885742,1
60,89.17910766601562,177.82266235351562,89.11302185058594,185.1173858642578,168.34487915039062,heldout,3.1223111152648926,1
61,89.38225555419922,293.0984802246094,90.47618103027344,300.8766784667969,164.5964813232422,training,2.722139358520508,1
62,89.55909729003906,181.96231079101562,90.39059448242188,188.7188262939453,170.35256958007812,heldout,3.1689345836639404,1
63,89.78733825683594,171.28146362304688,89.88536834716797,178.5825958251953,170.2057647705078,heldout,2.962040662765503,1
64,89.84552001953125,189.4767608642578,90.7202377319336,196.1857147216797,147.90199279785156,heldout,3.2277681827545166,1
65,90.49557495117188,356.248046875,92.66265869140625,363.1517028808594,177.37530517578125,training,3.5368399620056152,1
66,91.22993469238281,115.16020965576172,91.49435424804688,120.83190155029297,168.0922393798828,heldout,3.9746499061584473,1
67,91.39817810058594,159.69581604003906,91.7821273803711,166.2143096923828,134.9110870361328,heldout,3.3748819828033447,1
68,91.42717742919922,295.6131896972656,92.92211151123047,303.3452453613281,129.91920471191406,training,2.5459518432617188,1
69,92.30723571777344,270.5322570800781,92.95641326904297,278.3751525878906,150.53570556640625,training,2.6794185638427734,1
70,92.30723571777344,270.5322570800781,92.95641326904297,278.3751525878906,143.78456115722656,training,2.6794185638427734,1
71,92.51741790771484,155.98928833007812,92.32527160644531,162.53659057617188,105.97169494628906,heldout,3.5736842155456543,1
72,92.5484390258789,119.99871063232422,92.41881561279297,126.45243072509766,178.09547424316406,heldout,3.417607307434082,1
73,92.7451400756836,364.73480224609375,94.5701904296875,372.2760009765625,126.07537078857422,training,2.9304680824279785,1
74,92.80419921875,252.17413330078125,94.5674057006836,259.46893310546875,179.34324645996094,training,2.6386806964874268,1
75,93.64346313476562,250.435302734375,95.10336303710938,257.6764831542969,111.08555603027344,training,2.713744878768921,1
76,93.6895751953125,132.5372772216797,94.10717010498047,138.35848999023438,165.1968536376953,heldout,3.78169322013855,1
77,93.78905487060547,276.2887878417969,95.77155303955078,284.0836181640625,144.06248474121094,training,2.1851043701171875,1
78,94.16370391845703,122.9941177368164,94.50056457519531,128.85955810546875,128.54571533203125,heldout,3.7013604640960693,1
79,94.97406768798828,135.19386291503906,95.19376373291016,141.32122802734375,159.5054931640625,heldout,3.5410587787628174,1
80,95.50907897949219,171.0128173828125,96.59646606445312,177.8851776123047,106.46125793457031,heldout,2.702895164489746,1
81,95.59380340576172,361.93597412109375,97.32112884521484,369.6817321777344,150.72491455078125,training,2.644625663757324,1
82,96.35552978515625,180.47972106933594,97.68473815917969,187.05343627929688,187.57931518554688,heldout,2.950390577316284,1
83,96.64348602294922,203.32464599609375,97.79578399658203,210.4839630126953,198.763671875,training,2.5319690704345703,1
84,97.3900375366211,264.16766357421875,99.02801513671875,271.62274169921875,149.29835510253906,training,2.3879947662353516,1
85,97.39833068847656,356.0589294433594,99.5477523803711,363.8001708984375,124.11285400390625,training,2.4425644874572754,1
86,97.83592224121094,318.7126159667969,100.08415985107422,326.57861328125,158.16131591796875,training,2.1176865100860596,1
87,98.0404052734375,330.9862060546875,99.86414337158203,339.1764221191406,209.00717163085938,training,1.9437992572784424,1
88,98.7228775024414,152.25132751464844,98.9465103149414,159.18215942382812,126.15863037109375,heldout,2.802621603012085,1
89,98.83303833007812,194.5413360595703,100.06130981445312,201.91514587402344,165.6834259033203,heldout,2.1784939765930176,1
90,99.38739776611328,182.32957458496094,100.11309814453125,189.69895935058594,161.7745361328125,heldout,2.309474468231201,1
91,99.96234130859375,267.7163391113281,101.52098083496094,275.58221435546875,142.8775634765625,training,1.9409164190292358,1
92,100.28089141845703,137.43356323242188,100.67889404296875,143.7671661376953,215.93980407714844,heldout,3.1035094261169434,1
93,101.02299499511719,352.3349304199219,103.19388580322266,360.638671875,114.08330535888672,training,1.7308720350265503,1
94,101.24217224121094,141.441162109375,101.27792358398438,148.0557403564453,101.87246704101562,heldout,3.0282812118530273,1
95,101.7322769165039,355.6224060058594,103.52241516113281,364.1974182128906,120.38687896728516,training,1.609218955039978,1
96,101.73786926269531,258.8369140625,103.1432113647461,266.4408264160156,155.72732543945312,training,2.129600763320923,1
97,102.31888580322266,287.3576354980469,104.29774475097656,295.3529357910156,156.37774658203125,training,1.710076093673706,1
98,102.4756088256836,322.163330078125,104.48841094970703,330.3242492675781,112.1383056640625,training,1.704674243927002,1
99,102.80667877197266,144.97354125976562,103.56544494628906,151.37448120117188,149.55601501464844,heldout,2.8505494594573975,1
100,102.94806671142578,164.06455993652344,103.9821548461914,170.827880859375,135.5027618408203,heldout,2.510511636734009,1
101,103.33573913574219,153.94879150390625,104.11646270751953,160.93861389160156,134.63282775878906,heldout,2.327981948852539,1
102,103.77122497558594,248.51390075683594,105.48611450195312,256.03472900390625,204.68756103515625,training,1.9870175123214722,1
103,104.9427261352539,263.82745361328125,106.53913879394531,271.6407165527344,185.97311401367188,training,1.7747968435287476,1
104,105.13532257080078,326.6834716796875,107.16668701171875,335.0051574707031,92.28217315673828,training,1.4681477546691895,1
105,105.13532257080078,326.6834716796875,107.16668701171875,335.0051574707031,79.84986114501953,training,1.4681477546691895,1
106,105.39531707763672,175.54627990722656,106.00011444091797,183.13426208496094,142.8985595703125,heldout,1.9715114831924438,1
107,105.50455474853516,362.4095764160156,107.65913391113281,370.8344421386719,140.9716339111328,training,1.500359296798706,1
108,105.61103820800781,96.3302230834961,105.88984680175781,102.00779724121094,166.90716552734375,heldout,3.342733860015869,1
109,105.62838745117188,252.39598083496094,107.6705551147461,259.5678405761719,180.93368530273438,training,2.231804370880127,1
110,106.08467864990234,214.28871154785156,107.71348571777344,222.1296844482422,155.28683471679688,training,1.4421591758728027,1
111,106.63072204589844,308.1915283203125,109.53465270996094,315.8141784667969,172.7686309814453,training,2.0273635387420654,1
112,107.12688446044922,107.79617309570312,107.75517272949219,113.88825225830078,154.0194854736328,heldout,2.83429217338562,1
113,107.42900848388672,125.6882553100586,107.21349334716797,132.5692596435547,124.55119323730469,heldout,2.705366611480713,1
114,108.11372375488281,284.92523193359375,109.79851531982422,293.0141906738281,141.14886474609375,training,1.4840540885925293,1
115,108.42994689941406,163.05270385742188,108.97347259521484,170.29254150390625,212.55116271972656,heldout,2.1191256046295166,1
116,108.45978546142578,255.6105499267578,110.2690658569336,263.5328674316406,194.8691864013672,training,1.431997299194336,1
117,109.0744400024414,112.49618530273438,109.65081024169922,118.80831909179688,156.6141815185547,heldout,2.6039211750030518,1
118,109.43915557861328,295.3452453613281,111.67911529541016,303.3441467285156,147.67193603515625,training,1.4302462339401245,1
119,109.96390533447266,376.18756103515625,112.2298812866211,384.097900390625,182.21690368652344,training,1.8680968284606934,1
120,109.99420166015625,139.27491760253906,111.1957015991211,145.94668579101562,203.24124145507812,heldout,2.162418842315674,1
121,111.1496353149414,277.9104919433594,112.87702178955078,286.33123779296875,149.1006317138672,training,1.030066728591919,1
122,111.27975463867188,99.43051147460938,112.16604614257812,105.07139587402344,178.09547424316406,heldout,2.9947378635406494,1
123,111.32119750976562,177.96524047851562,112.81441497802734,185.2880401611328,183.43936157226562,heldout,1.5998269319534302,1
124,111.39181518554688,261.4449768066406,113.30054473876953,269.1482849121094,154.58978271484375,training,1.5385723114013672,1
125,111.82740783691406,297.8052978515625,114.02095031738281,306.4071960449219,158.6284942626953,training,0.7586320042610168,1
126,112.90674591064453,113.40311431884766,113.92776489257812,119.77648162841797,160.84153747558594,heldout,2.2591326236724854,1
127,113.14186096191406,325.8305358886719,115.93269348144531,334.32952880859375,97.18538665771484,training,0.9572723507881165,1
128,113.23644256591797,243.78839111328125,115.51935577392578,251.14605712890625,208.99520874023438,training,1.7131829261779785,1
129,113.33096313476562,250.04917907714844,115.27828979492188,258.46337890625,197.44619750976562,training,0.711162805557251,1
130,113.42636108398438,191.4996337890625,114.81659698486328,199.5771484375,200.33721923828125,heldout,0.9465891718864441,1
131,113.44915771484375,101.34544372558594,113.77552795410156,107.65770721435547,161.409423828125,heldout,2.504833698272705,1
132,113.53176879882812,346.45904541015625,115.98468780517578,354.983154296875,160.4400177001953,training,0.9538947343826294,1
133,113.84799194335938,167.6813507080078,115.37012481689453,175.17581176757812,193.4580078125,heldout,1.2800462245941162,1
134,114.05526733398438,213.61126708984375,115.740234375,221.88063049316406,122.28655242919922,training,0.729236900806427,1
135,114.20414733886719,351.7174377441406,117.3311538696289,360.1717529296875,218.0894317626953,training,1.1507391929626465,1
136,114.22974395751953,152.59039306640625,115.17063903808594,159.83619689941406,187.8297119140625,heldout,1.645522952079773,1
137,114.27310943603516,365.40191650390625,116.82098388671875,373.99188232421875,116.16368103027344,training,0.934195876121521,1
138,114.53561401367188,218.6515655517578,115.94313049316406,226.6970977783203,121.95081329345703,training,1.080377221107483,1
139,114.53561401367188,218.6515655517578,115.94313049316406,226.6970977783203,99.31263732910156,training,1.080377221107483,1
140,115.92127227783203,182.38644409179688,117.84058380126953,189.97593688964844,191.90621948242188,heldout,1.1210651397705078,1
141,116.8544921875,140.7909698486328,117.94046020507812,147.86746215820312,174.90855407714844,heldout,1.5725404024124146,1
142,116.88059997558594,331.9405212402344,119.29161834716797,340.78668212890625,116.3915786743164,training,0.4451749920845032,1
143,117.03031921386719,188.27523803710938,118.5404281616211,196.01321411132812,125.85706329345703,heldout,1.0426231622695923,1
144,117.37504577636719,308.1530456542969,119.48970031738281,317.1398620605469,173.55690002441406,training,0.34478050470352173,1
145,117.58802032470703,114.3141098022461,117.72752380371094,120.96094512939453,181.19879150390625,heldout,2.2831523418426514,1
146,117.99566650390625,394.8832092285156,120.24617767333984,402.295166015625,174.33587646484375,training,2.1421616077423096,1
147,118.07855987548828,279.80804443359375,120.56684112548828,287.9376525878906,152.56146240234375,training,0.9129295349121094,1
148,118.08002471923828,164.15908813476562,120.00856018066406,171.78587341308594,219.17117309570312,heldout,0.9292622804641724,1
149,118.10072326660156,332.24444580078125,120.07830810546875,341.57470703125,203.7547607421875,training,0.5367556810379028,1
150,118.10072326660156,332.24444580078125,120.07830810546875,341.57470703125,193.5458526611328,training,0.5367556810379028,1
151,118.7432632446289,371.9761047363281,120.91878509521484,381.03533935546875,168.9881591796875,training,0.5797765851020813,1
152,118.96613311767578,235.00404357910156,120.75782775878906,242.86013793945312,134.9962921142578,training,1.0042736530303955,1
153,119.26077270507812,259.2264099121094,121.39743041992188,267.3572082519531,153.97726440429688,training,0.765549898147583,1
154,119.44155883789062,244.6008758544922,120.82453918457031,252.65890502929688,220.66036987304688,training,1.091079592704773,1
155,119.65178680419922,96.87322998046875,119.7721176147461,102.91692352294922,150.9105682373047,heldout,2.6125519275665283,1
156,120.00469207763672,350.63128662109375,122.68478393554688,359.6893310546875,183.33848571777344,training,0.20330005884170532,1
157,120.56226348876953,224.5901336669922,122.32694244384766,232.49444580078125,116.98290252685547,training,0.8559111952781677,1
158,120.65826416015625,261.9605712890625,122.49934387207031,270.2629699707031,115.45128631591797,training,0.669395923614502,1
159,120.66357421875,289.1170654296875,122.7987060546875,297.888427734375,133.21786499023438,training,0.27482545375823975,1
160,121.61165618896484,240.99163818359375,123.5959243774414,248.59275817871094,189.88943481445312,training,1.1361130475997925,1
161,121.95360565185547,351.83154296875,124.45138549804688,360.83160400390625,164.5873565673828,training,0.1857328861951828,1
162,122.05290222167969,405.4888610839844,124.53121185302734,412.8935852050781,178.78758239746094,training,1.9991523027420044,1
163,122.2442398071289,182.92884826660156,124.1058349609375,191.04595947265625,144.23245239257812,training,0.35159629583358765,1
164,122.44985961914062,292.36553955078125,124.82563018798828,300.91168212890625,111.51681518554688,training,0.3567267060279846,1
165,122.44985961914062,292.36553955078125,124.82563018798828,300.91168212890625,125.95634460449219,training,0.3567267060279846,1
166,122.55918884277344,174.93324279785156,123.83686065673828,183.0388641357422,154.14927673339844,training,0.6825071573257446,1
167,123.49916076660156,146.69662475585938,124.73677825927734,154.5290069580078,170.28799438476562,training,0.6893805861473083,1
168,124.04447937011719,150.38739013671875,125.4088134765625,158.05368041992188,121.21056365966797,training,0.7300333380699158,1
169,124.85411834716797,187.2016143798828,127.37745666503906,195.21278381347656,103.67738342285156,training,0.6951642632484436,1
170,124.92727661132812,215.94491577148438,126.96670532226562,223.73931884765625,155.83966064453125,training,0.6993331909179688,1
171,124.98933410644531,357.9581298828125,127.73735809326172,366.62359619140625,165.4176483154297,training,0.4259527623653412,1
172,125.33724975585938,331.54473876953125,127.97984313964844,340.71405029296875,144.6201934814453,training,0.25912579894065857,1
173,125.70372009277344,310.0306091308594,127.6527328491211,319.3906555175781,208.1105499267578,training,0.698700487613678,1
174,126.39322662353516,295.10601806640625,128.8306121826172,303.82177734375,132.11737060546875,training,0.0852309837937355,1
175,126.39322662353516,295.10601806640625,128.8306121826172,303.82177734375,142.14781188964844,training,0.0852309837937355,1
176,126.67750549316406,336.48406982421875,128.81112670898438,346.2087707519531,221.0271453857422,training,0.9001425504684448,1
177,126.8696060180664,286.47509765625,128.91209411621094,295.18304443359375,161.42800903320312,training,0.2870992124080658,1
178,127.0854721069336,350.5396728515625,129.4906768798828,359.7563171386719,178.93853759765625,training,0.3155684471130371,1
179,127.40493774414062,126.13701629638672,128.6154022216797,133.5208740234375,110.04998779296875,training,0.8070835471153259,1
180,127.54115295410156,418.97076416015625,129.12054443359375,426.0687561035156,174.6682586669922,training,2.4744529724121094,1
181,127.67591857910156,200.14768981933594,129.6405792236328,207.97621154785156,131.27833557128906,training,0.4935207664966583,1
182,128.339599609375,236.21188354492188,130.3852081298828,244.1831512451172,184.756591796875,training,0.4786503314971924,1
183,128.35597229003906,121.65058135986328,129.97129821777344,128.61549377441406,122.71104431152344,training,1.0122491121292114,1
184,129.0279083251953,363.2038879394531,131.93247985839844,372.1751403808594,209.892822265625,training,0.2715902030467987,1
185,129.3714141845703,288.5649719238281,132.20506286621094,296.8849792480469,180.64329528808594,training,0.5754677057266235,1
186,129.43357849121094,305.0679016113281,131.7646026611328,313.7904357910156,135.20355224609375,training,0.08559922873973846,1
187,130.01065063476562,131.64004516601562,131.2175750732422,139.32154846191406,216.79713439941406,training,0.5763598084449768,1
188,130.45245361328125,415.8766174316406,132.77674865722656,423.20880126953125,192.6707000732422,training,1.8341853618621826,1
189,130.65386962890625,227.7628173828125,132.33450317382812,235.7799072265625,146.9897918701172,training,0.5145463347434998,1
190,131.31004333496094,107.09712219238281,132.15029907226562,113.97444152832031,115.91807556152344,training,1.207985520362854,1
191,131.4705810546875,387.9622497558594,134.17990112304688,396.52716064453125,190.50721740722656,training,0.3730381727218628,1
192,131.53648376464844,298.10968017578125,133.52023315429688,307.02203369140625,124.51506042480469,training,0.5235452651977539,1
193,132.08779907226562,290.21099853515625,134.8074951171875,298.64593505859375,202.65982055664062,training,0.3804643452167511,1
194,132.162841796875,271.7623291015625,135.09600830078125,280.32861328125,177.9269561767578,training,0.6712595224380493,1
195,132.162841796875,271.7623291015625,135.09600830078125,280.32861328125,154.10386657714844,training,0.6712595224380493,1
196,132.3922119140625,396.42138671875,135.374755859375,404.8656311035156,176.76820373535156,training,0.5351049900054932,1
197,132.4028778076172,200.14068603515625,134.0001983642578,207.76971435546875,123.36125946044922,training,0.6413137316703796,1
198,132.78558349609375,401.39703369140625,133.7473907470703,410.7781677246094,203.52395629882812,training,1.8806182146072388,1
199,133.2845458984375,419.663818359375,135.57363891601562,427.2943115234375,211.24630737304688,training,1.480118751525879,1
200,133.90830993652344,92.22521209716797,134.50091552734375,98.18075561523438,110.5169677734375,training,1.9416249990463257,1
201,134.0041961669922,234.06565856933594,135.7226104736328,242.09576416015625,167.84814453125,training,0.4459321200847626,1
202,134.19839477539062,216.93923950195312,136.9959716796875,224.3614959716797,168.21414184570312,training,1.0263991355895996,1
203,134.6608428955078,204.29185485839844,136.99227905273438,211.60015869140625,121.86467742919922,training,0.8222742676734924,1
204,136.90252685546875,182.78146362304688,139.16880798339844,190.84249877929688,136.81739807128906,training,0.3832131326198578,1
205,137.68832397460938,122.3431396484375,138.84188842773438,130.09353637695312,134.04103088378906,training,0.5485350489616394,1
206,137.73033142089844,284.5125732421875,140.2052459716797,293.6238098144531,151.93748474121094,training,0.8534952998161316,1
207,137.81076049804688,247.43896484375,139.09735107421875,254.89402770996094,158.92137145996094,training,1.1126655340194702,1
208,137.84744262695312,258.2254943847656,140.30931091308594,265.79376220703125,142.81106567382812,training,0.6364644765853882,1
209,138.34315490722656,280.5412902832031,139.3889923095703,290.2025451660156,179.98056030273438,training,1.9117193222045898,1
210,139.16143798828125,251.5491485595703,141.6361083984375,258.8756103515625,156.8629913330078,training,0.802529513835907,1
211,139.62510681152344,111.58924865722656,140.64015197753906,118.88835906982422,160.3340301513672,training,0.6568120121955872,1
212,139.86968994140625,206.00067138671875,142.20999145507812,213.27444458007812,95.01578521728516,training,0.6749285459518433,1
213,139.87879943847656,125.95140838623047,141.55589294433594,134.01708984375,158.27191162109375,training,0.5254966020584106,1
214,140.78981018066406,240.47833251953125,143.0914306640625,248.0405731201172,199.52694702148438,training,0.4340893030166626,1
215,140.87371826171875,114.94055938720703,142.30577087402344,122.32894897460938,109.3069076538086,training,0.2350979447364807,1
216,140.89024353027344,163.8252410888672,142.84561157226562,172.2398223876953,220.87100219726562,training,0.7665413022041321,1
217,141.16244506835938,262.8998718261719,143.33473205566406,270.9406433105469,224.8555145263672,training,0.07308297604322433,1
218,141.1628875732422,91.82083129882812,142.37408447265625,97.51455688476562,164.7786407470703,training,1.6950664520263672,1
219,141.53176879882812,189.9613800048828,143.8638458251953,197.46630859375,173.19064331054688,training,0.4420333802700043,1
220,141.7557830810547,199.4248504638672,143.4637908935547,206.79803466796875,151.04966735839844,training,0.48548683524131775,1
221,141.7557830810547,199.4248504638672,143.4637908935547,206.79803466796875,251.10157775878906,training,0.48548683524131775,1
222,141.7557830810547,199.4248504638672,143.4637908935547,206.79803466796875,148.28688049316406,training,0.48548683524131775,1
223,141.87039184570312,307.33416748046875,144.57958984375,316.2961730957031,86.71216583251953,training,0.8135961294174194,1
224,142.52206420898438,414.43572998046875,145.44137573242188,422.4044494628906,220.8302459716797,training,0.6463401913642883,1
225,142.52206420898438,414.43572998046875,145.44137573242188,422.4044494628906,220.9479522705078,training,0.6463401913642883,1
226,142.79957580566406,304.8382568359375,145.85891723632812,313.43798828125,134.17898559570312,training,0.7852818369865417,1
227,143.81179809570312,432.4049987792969,147.0418243408203,439.7956237792969,144.5233612060547,training,1.2810359001159668,1
228,144.2802276611328,270.4409484863281,146.3882293701172,279.0359191894531,194.60472106933594,training,0.6608870029449463,1
229,144.6260223388672,110.38301086425781,146.06863403320312,117.8867416381836,131.68902587890625,training,0.291024774312973,1
230,144.6260223388672,110.38301086425781,146.06863403320312,117.8867416381836,196.1479034423828,training,0.291024774312973,1
231,144.85418701171875,240.96566772460938,147.0749969482422,248.69264221191406,139.61375427246094,training,0.10567912459373474,1
232,145.0445556640625,363.9512939453125,148.62857055664062,373.590087890625,177.66259765625,training,1.6275296211242676,1
233,146.3002471923828,283.5414733886719,149.1311492919922,292.536865234375,208.45382690429688,training,1.1770493984222412,1
234,146.80703735351562,93.77273559570312,147.63572692871094,100.25355529785156,101.16817474365234,training,0.9955517053604126,1
235,146.9236297607422,113.79863739013672,148.25338745117188,121.68804931640625,110.3177261352539,training,0.7495078444480896,1
236,146.9236297607422,113.79863739013672,148.25338745117188,121.68804931640625,186.63064575195312,training,0.7495078444480896,1
237,146.95123291015625,163.48336791992188,148.86293029785156,171.89710998535156,172.66441345214844,training,0.9995012879371643,1
238,149.2943115234375,139.96981811523438,151.9689178466797,148.13290405273438,185.9327850341797,training,1.3065506219863892,1
239,149.4175262451172,341.0042419433594,152.07911682128906,350.9840393066406,196.71044921875,training,1.940767526626587,1
240,149.58407592773438,305.2856140136719,152.15037536621094,314.77508544921875,106.31086730957031,training,1.6065133810043335,1
241,149.58761596679688,221.30247497558594,150.89894104003906,230.2275390625,164.5691375732422,training,1.5797715187072754,1
242,149.63308715820312,432.8719177246094,152.00135803222656,441.04913330078125,223.70069885253906,training,0.6030761003494263,1
243,149.7731475830078,271.5852355957031,151.95989990234375,279.82672119140625,202.4499969482422,training,0.505950927734375,1
244,149.87147521972656,173.007568359375,152.5491943359375,180.68458557128906,167.1825408935547,training,0.8535963296890259,1
245,150.40541076660156,197.70220947265625,152.0540008544922,205.3238525390625,161.69725036621094,training,0.3983244299888611,1
246,151.32225036621094,207.32330322265625,153.47344970703125,214.4983367919922,151.56187438964844,training,0.2755265533924103,1
247,152.0092315673828,266.4797058105469,154.7411651611328,274.1705322265625,190.71707153320312,training,0.4688870310783386,1
248,152.1924285888672,299.5626525878906,155.45071411132812,308.98931884765625,168.97633361816406,training,1.8720638751983643,1
249,152.54652404785156,426.62298583984375,155.00909423828125,435.3945007324219,184.1331024169922,training,0.6693366765975952,1
250,152.68365478515625,82.58885192871094,153.6676025390625,87.88934326171875,106.79419708251953,training,1.6559559106826782,1
251,152.880126953125,102.97404479980469,154.64822387695312,109.48664093017578,116.18089294433594,training,0.4504414498806,1
252,152.90057373046875,438.91290283203125,157.31092834472656,446.9918518066406,166.91015625,training,1.4756306409835815,1
253,152.90057373046875,438.91290283203125,157.31092834472656,446.9918518066406,176.4482879638672,training,1.4756306409835815,1
254,152.96290588378906,249.86866760253906,154.20892333984375,257.47430419921875,131.43820190429688,training,0.9576542973518372,1
255,153.1213836669922,190.61627197265625,155.28689575195312,198.29605102539062,197.83831787109375,training,0.44325345754623413,1
256,153.54640197753906,186.18487548828125,155.3116912841797,193.76792907714844,220.0454559326172,training,0.3803793489933014,1
257,154.3673858642578,452.39404296875,157.38824462890625,459.95892333984375,161.94134521484375,training,0.7360430359840393,1
258,154.46133422851562,196.6147918701172,156.4368896484375,203.9393768310547,86.40023040771484,training,0.07006899267435074,1
259,155.02760314941406,272.3914489746094,157.63697814941406,280.215087890625,85.42832946777344,training,0.42444297671318054,1
260,155.31668090820312,382.2005920410156,158.51754760742188,392.1871643066406,219.5814208984375,training,2.0636117458343506,1
261,155.85154724121094,341.62615966796875,158.75601196289062,351.0372619628906,165.5747528076172,training,1.6541264057159424,1
262,155.87347412109375,114.9703598022461,157.94512939453125,122.63935089111328,143.9583282470703,training,0.8972483277320862,1
263,155.87347412109375,114.9703598022461,157.94512939453125,122.63935089111328,152.7808837890625,training,0.8972483277320862,1
264,155.91099548339844,245.04017639160156,157.85317993164062,252.54893493652344,153.1143341064453,training,0.26624754071235657,1
265,156.2591094970703,150.01914978027344,158.47384643554688,158.7668914794922,183.88311767578125,training,1.7989038228988647,1
266,156.4490509033203,132.26145935058594,158.4188232421875,140.8692169189453,187.93350219726562,training,1.7077330350875854,1
267,156.5199432373047,267.5589599609375,159.01980590820312,274.6070861816406,116.21101379394531,training,0.47357192635536194,1
268,156.85794067382812,421.8805236816406,159.5348358154297,430.7900390625,175.9488525390625,training,0.8567600846290588,1
269,156.86692810058594,468.4645690917969,160.47232055664062,476.4660949707031,113.53853607177734,training,0.5964258313179016,1
270,157.0795440673828,281.49371337890625,159.58949279785156,289.8070068359375,130.4837188720703,training,0.8343494534492493,1
271,157.8955535888672,119.47553253173828,160.20594787597656,127.10394287109375,141.79209899902344,training,1.0316061973571777,1
272,158.13160705566406,298.9941711425781,161.76541137695312,308.194580078125,205.70123291015625,training,2.0781090259552,1
273,158.7629852294922,90.67268371582031,159.94105529785156,96.92453002929688,180.5380859375,training,0.5644021034240723,1
274,158.765869140625,104.33143615722656,160.12831115722656,111.55857849121094,186.78062438964844,training,0.5791725516319275,1
275,158.8137664794922,129.49771118164062,160.80496215820312,138.03550720214844,149.6328887939453,training,1.7459372282028198,1
276,158.82887268066406,253.6764678955078,160.9707794189453,260.8546142578125,180.1360626220703,training,0.15907259285449982,1
277,158.96282958984375,227.2179412841797,161.25816345214844,234.50733947753906,139.38795471191406,training,0.19985990226268768,1
278,160.6175079345703,78.96353149414062,161.18861389160156,84.29312133789062,134.76275634765625,training,1.5386942625045776,1
279,160.65406799316406,386.39801025390625,164.1287078857422,395.96337890625,213.68434143066406,training,1.9224425554275513,1
280,160.66055297851562,260.8414611816406,162.11500549316406,268.2140197753906,187.60330200195312,training,0.8009384274482727,1
281,160.72897338867188,195.17970275878906,162.6173858642578,202.74366760253906,199.90997314453125,training,0.5685825347900391,1
282,160.94540405273438,146.3390350341797,163.044189453125,154.9716339111328,149.4289093017578,training,1.8606573343276978,1
283,161.10202026367188,99.58975982666016,162.25729370117188,106.59671783447266,193.4373321533203,training,0.6090449094772339,1
284,161.15188598632812,454.1712341308594,164.0755615234375,462.52606201171875,156.57266235351562,training,0.32689541578292847,1
285,161.9122314453125,245.21202087402344,164.98178100585938,252.53077697753906,170.6927032470703,training,0.8954555988311768,1
286,161.9938201904297,133.54440307617188,163.99688720703125,141.85865783691406,110.5893325805664,training,1.6311317682266235,1
287,162.8828582763672,459.00225830078125,166.04031372070312,467.3893737792969,133.52902221679688,training,0.4113134741783142,1
288,163.20578002929688,283.5063171386719,165.5413360595703,291.52142333984375,143.41896057128906,training,0.7485856413841248,1
289,163.89743041992188,332.3995666503906,166.9329833984375,342.0376892089844,182.52944946289062,training,2.255779981613159,1
290,164.46568298339844,126.24964141845703,166.60647583007812,134.70864868164062,197.28152465820312,training,1.9290589094161987,1
291,164.67234802246094,252.32696533203125,166.36407470703125,259.51177978515625,171.87786865234375,training,0.5362668633460999,1
292,164.83489990234375,278.4174499511719,167.26820373535156,286.0667724609375,138.7155303955078,training,0.48051437735557556,1
293,164.8563232421875,121.42984771728516,166.8644256591797,129.61666870117188,150.36953735351562,training,1.6736540794372559,1
294,165.2223663330078,464.8365173339844,168.03919982910156,473.50921630859375,111.96874237060547,training,0.7866859436035156,1
295,165.3890838623047,316.6316223144531,168.3839874267578,326.77044677734375,204.83895874023438,training,2.870772123336792,1
296,166.16116333007812,140.11605834960938,168.22984313964844,148.59683227539062,109.76338195800781,training,1.936469554901123,1
297,166.48272705078125,80.10771942138672,168.801025390625,84.90084838867188,209.3728790283203,training,1.707316517829895,1
298,166.54835510253906,430.6346435546875,170.11471557617188,439.39990234375,153.08168029785156,training,1.2127981185913086,1
299,166.55413818359375,452.4808044433594,169.37794494628906,460.9521179199219,201.3082275390625,training,0.6758782267570496,1
300,166.633056640625,131.8259735107422,169.29359436035156,139.61097717285156,221.10179138183594,training,1.5684493780136108,1
301,166.91708374023438,211.46990966796875,168.3106231689453,219.32110595703125,121.70867156982422,training,1.2197861671447754,1
302,167.4020538330078,281.3384094238281,169.5432891845703,289.3608703613281,229.60400390625,training,0.9494130611419678,1
303,167.82919311523438,97.60676574707031,169.12586975097656,104.54881286621094,131.8673553466797,training,0.6867972612380981,1
304,168.10696411132812,460.5112609863281,171.82106018066406,468.8291931152344,171.22499084472656,training,0.8475010395050049,1
305,168.17172241210938,435.36541748046875,171.47445678710938,444.6976318359375,150.81114196777344,training,1.680417537689209,1
306,169.05369567871094,253.29432678222656,171.01341247558594,260.4654235839844,175.73275756835938,training,0.36914464831352234,1
307,170.33892822265625,481.42279052734375,173.61663818359375,490.3822326660156,155.0644989013672,training,1.1763314008712769,1
308,170.33892822265625,481.42279052734375,173.61663818359375,490.3822326660156,91.82048034667969,training,1.1763314008712769,1
309,170.9934539794922,487.00421142578125,174.05604553222656,496.3868408203125,161.47445678710938,training,1.596096396446228,1
310,171.16041564941406,258.0690612792969,172.81668090820312,264.8785400390625,193.6595001220703,training,0.590212881565094,1
311,171.32998657226562,89.12100219726562,172.4736785888672,95.4485092163086,175.90621948242188,training,0.4628710150718689,1
312,171.81971740722656,205.62831115722656,173.7080841064453,212.95762634277344,148.7917938232422,training,0.7329902648925781,1
313,172.02369689941406,202.2728271484375,173.1766815185547,209.95179748535156,177.26815795898438,training,1.3944613933563232,1
314,172.03750610351562,262.2725524902344,174.75656127929688,268.7821044921875,141.67568969726562,training,0.5600229501724243,1
315,172.0983428955078,277.2296447753906,174.6282501220703,284.39837646484375,122.64175415039062,training,0.346234530210495,1
316,172.68711853027344,483.2608947753906,176.2997589111328,492.0814514160156,134.32423400878906,training,1.2089617252349854,1
317,173.36915588378906,423.8542175292969,177.96820068359375,432.3807067871094,179.42965698242188,training,2.012957811355591,1
318,173.66651916503906,255.0077362060547,176.55503845214844,261.98516845703125,162.9324951171875,training,0.6957926750183105,1
319,173.7802734375,82.12002563476562,174.07565307617188,88.38800811767578,134.5399627685547,training,1.2742795944213867,1
320,173.9282684326172,158.6798095703125,176.35922241210938,166.2061309814453,145.51632690429688,training,1.322133183479309,1
321,174.56045532226562,293.548828125,177.27755737304688,301.4652404785156,121.48662567138672,training,1.1046407222747803,1
322,174.737060546875,298.08984375,178.58006286621094,306.26824951171875,149.54931640625,training,1.940887451171875,1
323,174.98291015625,171.7388458251953,176.38690185546875,179.88226318359375,174.2039031982422,training,1.862399935722351,1
324,174.98291015625,171.7388458251953,176.38690185546875,179.88226318359375,169.8234405517578,training,1.862399935722351,1
325,176.11061096191406,348.2041015625,179.70082092285156,357.9881896972656,114.5731201171875,training,2.930704116821289,1
326,176.54470825195312,431.8267517089844,179.70632934570312,441.34295654296875,147.9729766845703,training,2.1808087825775146,1
327,176.92330932617188,465.6416931152344,180.01641845703125,474.4273986816406,104.77117919921875,training,1.316308617591858,1
328,177.31349182128906,144.37191772460938,179.50808715820312,152.62637329101562,212.22628784179688,training,2.144920825958252,1
329,177.7767333984375,111.99226379394531,178.76243591308594,119.6722183227539,134.30189514160156,training,1.8165920972824097,1
330,178.45425415039062,314.86029052734375,183.49517822265625,323.6610412597656,213.6820068359375,training,3.256073236465454,1
331,178.61915588378906,188.9875946044922,180.58644104003906,196.6508026123047,178.720458984375,training,1.3862231969833374,1
332,178.623291015625,352.6191101074219,182.2530517578125,362.341064453125,212.682861328125,training,2.9550070762634277,1
333,179.46478271484375,437.5448913574219,182.7141876220703,447.23675537109375,171.86041259765625,training,2.4531242847442627,1
334,179.68392944335938,115.9748764038086,182.33090209960938,122.81832885742188,130.6790008544922,training,1.32038152217865,1
335,180.2947235107422,204.23101806640625,182.64686584472656,211.0301513671875,171.6042022705078,training,0.6130598783493042,1
336,181.57809448242188,217.3529052734375,183.58956909179688,224.48016357421875,135.9595489501953,training,0.8545146584510803,1
337,182.3627471923828,163.19793701171875,185.5784149169922,170.61070251464844,206.91543579101562,training,1.9293060302734375,1
338,182.5375518798828,473.4306945800781,186.2909698486328,482.1122741699219,145.92807006835938,training,1.5421867370605469,1
339,183.39810180664062,274.95794677734375,184.8756866455078,281.7745056152344,182.4499969482422,training,0.9229589700698853,1
340,183.78021240234375,299.52545166015625,186.771484375,307.26043701171875,118.89070892333984,training,1.339555263519287,1
341,184.21568298339844,335.6080627441406,188.5849609375,345.0123291015625,153.0,training,3.291104555130005,1
342,184.30789184570312,61.197166442871094,185.08694458007812,65.42058563232422,150.3595733642578,training,1.4818329811096191,1
343,184.4757843017578,70.83972930908203,185.0701904296875,75.19274139404297,216.89398193359375,training,1.5197842121124268,1
344,184.87942504882812,345.2535400390625,188.34275817871094,355.1641540527344,143.01048278808594,training,3.3561434745788574,1
345,184.87942504882812,345.2535400390625,188.34275817871094,355.1641540527344,148.9698028564453,training,3.3561434745788574,1
346,185.0859375,128.37693786621094,186.3250274658203,136.2416534423828,155.55062866210938,training,2.14707088470459,1
347,185.1540985107422,421.01519775390625,188.6896209716797,430.5960998535156,127.88666534423828,training,2.6916940212249756,1
348,185.36819458007812,278.2275695800781,187.3468780517578,284.86175537109375,199.49937438964844,training,0.43976014852523804,1
349,185.60377502441406,64.45372772216797,186.3665771484375,68.73704528808594,166.2257537841797,training,1.4114797115325928,1
350,185.9249725341797,287.68243408203125,188.38804626464844,294.66229248046875,187.05613708496094,training,0.5948529243469238,1
351,185.99249267578125,76.56674194335938,187.466552734375,81.78685760498047,227.7213134765625,training,0.31562507152557373,1
352,186.60704040527344,322.1806945800781,189.59495544433594,331.59283447265625,136.72235107421875,training,2.9455840587615967,1
353,186.87069702148438,102.74676513671875,188.89610290527344,109.50145721435547,241.6319580078125,training,1.2158712148666382,1
354,186.94729614257812,67.27218627929688,188.1363525390625,71.54713439941406,148.1654510498047,training,1.219408392906189,1
355,187.4261016845703,353.5544128417969,190.81666564941406,363.4034118652344,82.12186431884766,training,3.334541082382202,1
356,187.5443572998047,480.40850830078125,191.20046997070312,489.53399658203125,161.8672332763672,training,2.0779919624328613,1
357,188.08306884765625,300.0749816894531,190.58314514160156,307.6226501464844,163.41664123535156,training,1.1924210786819458,1
358,188.08306884765625,300.0749816894531,190.58314514160156,307.6226501464844,157.54998779296875,training,1.1924210786819458,1
359,188.19847106933594,284.326171875,189.98948669433594,291.3627014160156,134.73678588867188,training,0.9394636750221252,1
360,188.19847106933594,284.326171875,189.98948669433594,291.3627014160156,138.0072479248047,training,0.9394636750221252,1
361,188.92507934570312,289.142822265625,191.57606506347656,295.6506652832031,193.79112243652344,training,0.35398709774017334,1
362,189.09732055664062,214.4171600341797,191.69131469726562,221.42807006835938,129.5878143310547,training,1.1601506471633911,1
363,189.3970489501953,117.71743774414062,191.3914794921875,124.83552551269531,99.07572937011719,training,1.5819048881530762,1
364,190.86288452148438,84.4521255493164,192.46006774902344,89.82925415039062,163.09812927246094,training,0.030001651495695114,1
365,191.11038208007812,486.2933044433594,195.0952606201172,495.10595703125,206.36375427246094,training,1.9924246072769165,1
366,192.5968017578125,95.11917877197266,194.27928161621094,101.23316192626953,130.0538330078125,training,0.7708109021186829,1
367,193.2415313720703,89.04029083251953,195.36354064941406,94.71650695800781,168.19036865234375,training,0.6556545495986938,1
369,193.65054321289062,72.29151916503906,194.5443878173828,76.93192291259766,149.11070251464844,training,0.8488815426826477,1
370,194.1474609375,320.2035827636719,197.71578979492188,328.537109375,166.2197265625,training,2.3815572261810303,1
371,194.2824249267578,475.97515869140625,197.44883728027344,484.85711669921875,172.8467559814453,training,2.0519497394561768,1
372,195.26776123046875,457.7137756347656,199.05191040039062,466.5071105957031,228.38783264160156,training,2.2006616592407227,1
373,195.30868530273438,479.947509765625,199.26019287109375,488.4783020019531,168.28250122070312,training,1.9050099849700928,1
374,195.505615234375,323.7158508300781,198.70159912109375,332.37939453125,218.95889282226562,training,2.590203046798706,1
375,195.55091857910156,327.0894775390625,198.29920959472656,336.1158752441406,112.16059875488281,training,2.8596904277801514,1
376,195.8434295654297,123.56039428710938,197.83169555664062,130.624755859375,125.30363464355469,training,1.7492530345916748,1
377,196.778564453125,84.77218627929688,198.0332794189453,90.25969696044922,149.58609008789062,training,0.47095242142677307,1
378,196.80233764648438,107.10030364990234,198.46371459960938,113.57108306884766,165.7015380859375,training,1.2405776977539062,1
379,197.59507751464844,494.44451904296875,201.40927124023438,502.62921142578125,192.09112548828125,training,1.536678671836853,1
380,197.8473358154297,469.790771484375,201.0426788330078,479.0521545410156,156.5087890625,training,2.5976383686065674,1
381,198.04510498046875,484.328857421875,201.730224609375,493.2189636230469,186.29278564453125,training,2.2355921268463135,1
382,198.1290740966797,219.9904327392578,201.0090789794922,226.62109375,224.3501739501953,training,1.2560120820999146,1
383,198.55462646484375,64.97232055664062,199.7210235595703,69.00589752197266,140.8687286376953,training,1.0113775730133057,1
384,199.23095703125,90.4500732421875,200.4636688232422,96.42625427246094,132.39712524414062,training,0.9793195128440857,1
385,199.59043884277344,488.74749755859375,203.62408447265625,497.22686767578125,207.93508911132812,training,1.99701726436615,1
386,199.73001098632812,297.0911560058594,202.2505340576172,303.59063720703125,183.22390747070312,training,0.6193886399269104,1
387,200.06735229492188,82.9449234008789,201.57093811035156,88.11275482177734,200.5093536376953,training,0.17614082992076874,1
388,200.14056396484375,79.73593139648438,201.8446044921875,84.57512664794922,176.02841186523438,training,0.21049436926841736,1
389,200.2360076904297,455.47314453125,203.74192810058594,464.50244140625,212.41233825683594,training,2.557298183441162,1
390,200.4569549560547,379.8951110839844,203.63800048828125,389.4557189941406,206.1504364013672,training,3.391310691833496,1
391,201.60842895507812,301.2280578613281,204.27259826660156,307.9725341796875,191.70811462402344,training,0.9408432841300964,1
392,201.60842895507812,301.2280578613281,204.27259826660156,307.9725341796875,209.7855987548828,training,0.9408432841300964,1
393,201.6566162109375,148.46060180664062,204.30519104003906,155.0899200439453,197.1902618408203,training,1.6406339406967163,1
394,201.83441162109375,291.4302062988281,204.0048065185547,297.1737060546875,159.5211639404297,training,0.23021355271339417,1
395,202.4161376953125,73.80546569824219,203.84645080566406,78.1966552734375,155.9711456298828,training,0.49397388100624084,1
396,202.63478088378906,121.20658111572266,204.5668182373047,128.12872314453125,170.6136016845703,training,1.8752752542495728,1
397,204.32493591308594,76.89479064941406,205.92007446289062,81.58187103271484,111.84811401367188,training,0.13416188955307007,1
398,204.54652404785156,328.9566955566406,207.993896484375,337.2430419921875,136.64186096191406,training,2.616478681564331,1
399,206.008544921875,286.88299560546875,208.3276824951172,291.9836120605469,125.43125915527344,training,0.5039725303649902,1
400,206.87803649902344,50.08269500732422,207.74317932128906,53.34257888793945,140.43504333496094,training,1.4613096714019775,1
401,207.88270568847656,148.83212280273438,210.59609985351562,155.51519775390625,201.82913208007812,training,1.92962646484375,1
402,208.1193389892578,87.41123962402344,209.41664123535156,93.00640106201172,130.11532592773438,training,0.9363183975219727,1
403,208.14297485351562,45.136138916015625,209.22384643554688,47.810672760009766,179.92776489257812,training,1.889601707458496,1
404,209.01123046875,444.0112609863281,213.32577514648438,451.9838562011719,247.07489013671875,training,2.2649998664855957,1
405,209.03111267089844,297.42877197265625,211.50119018554688,302.9234619140625,172.0668487548828,training,0.053779006004333496,1
406,209.58856201171875,389.3671875,213.15695190429688,398.13128662109375,204.426025390625,training,2.989574670791626,1
407,209.6074981689453,58.0128288269043,210.75570678710938,61.643123626708984,150.78793334960938,training,0.9551653861999512,1
408,209.6077423095703,428.05181884765625,213.38027954101562,437.244873046875,239.02301025390625,training,3.2656726837158203,1
409,210.84860229492188,80.31007385253906,212.3571014404297,84.76219940185547,139.52418518066406,training,0.1303092986345291,1
410,211.04591369628906,384.7001953125,214.748291015625,393.4813537597656,266.04510498046875,training,3.121426582336426,1
411,211.2624969482422,432.6907958984375,214.863525390625,441.46795654296875,197.8964385986328,training,2.8609228134155273,1
412,211.9606475830078,173.90139770507812,214.62625122070312,180.37754821777344,163.8841094970703,training,1.729967474937439,1
413,211.9685821533203,330.2159729003906,215.31153869628906,337.84942626953125,160.24356079101562,training,2.232902765274048,1
414,212.21240234375,293.9461669921875,213.98281860351562,299.33013916015625,119.27698516845703,training,0.643420398235321,1
416,213.69039916992188,470.9920654296875,217.30123901367188,478.4745178222656,212.24278259277344,training,1.51615309715271,1
417,213.85191345214844,299.63800048828125,216.18521118164062,305.1478576660156,138.27508544921875,training,0.1951996386051178,1
419,214.29737854003906,70.14510345458984,215.99441528320312,74.21190643310547,149.0805206298828,training,0.36858057975769043,1
420,215.02369689941406,477.9796447753906,219.27337646484375,485.166015625,162.80970764160156,training,1.6018035411834717,1
421,216.24424743652344,115.47914123535156,218.23736572265625,122.02616882324219,241.79949951171875,training,2.0655243396759033,1
422,216.31869506835938,325.3673400878906,219.54898071289062,332.0680236816406,157.0509490966797,training,1.5138612985610962,1
423,216.67564392089844,428.5023498535156,220.9257354736328,435.9197082519531,269.4030456542969,training,2.1068367958068848,1
424,217.50196838378906,503.290283203125,221.5874786376953,510.35205078125,197.83831787109375,training,1.3279311656951904,1
425,217.85513305664062,128.52496337890625,220.4443359375,134.9781951904297,151.80580139160156,training,2.1299424171447754,1
426,217.87452697753906,470.6531066894531,221.4267120361328,477.8538513183594,194.43251037597656,training,1.3869463205337524,1
427,218.3282928466797,63.69608688354492,219.58404541015625,67.3803939819336,170.6663360595703,training,0.5798241496086121,1
428,218.56686401367188,50.80445861816406,219.3542938232422,53.9473876953125,146.28054809570312,training,1.2039743661880493,1
429,218.56686401367188,50.80445861816406,219.3542938232422,53.9473876953125,199.18333435058594,training,1.2039743661880493,1
430,219.18275451660156,56.75817108154297,220.05465698242188,59.98763656616211,121.88108825683594,training,1.098528265953064,1
431,219.31060791015625,400.2040100097656,223.45643615722656,407.8199768066406,166.2588348388672,training,2.4523117542266846,1
432,219.5814666748047,59.8618278503418,221.1390380859375,63.24248123168945,127.28314971923828,training,0.7665150165557861,1
433,220.16236877441406,68.50814819335938,221.49806213378906,72.37592315673828,169.82638549804688,training,0.3442069888114929,1
434,220.99603271484375,31.85502815246582,221.8795623779297,33.820701599121094,130.56033325195312,training,2.0688529014587402,1
435,221.19024658203125,456.5337219238281,224.45428466796875,464.2443542480469,239.69981384277344,training,2.0249764919281006,1
436,221.69842529296875,48.45670700073242,222.759521484375,51.454002380371094,247.61663818359375,training,1.087107539176941,1
437,222.38589477539062,320.0823669433594,225.55271911621094,325.6285400390625,192.77188110351562,training,0.7863076329231262,1
438,223.16165161132812,34.58332824707031,223.57456970214844,36.516929626464844,219.25555419921875,training,2.1965062618255615,1
439,223.2387237548828,471.43121337890625,226.30189514160156,478.4599914550781,201.24859619140625,training,1.354611873626709,1
440,223.37364196777344,87.95191192626953,225.0181884765625,92.97672271728516,210.54452514648438,training,0.9162113666534424,1
441,224.3204345703125,62.84849166870117,225.77285766601562,66.48027801513672,178.15443420410156,training,0.34226396679878235,1
442,224.7360382080078,328.8865966796875,227.41920471191406,334.7644348144531,190.1893768310547,training,0.8499662280082703,1
443,224.8582763671875,505.704345703125,228.3677978515625,512.5328369140625,145.15853881835938,training,1.104722023010254,1
444,225.15440368652344,494.40093994140625,228.95603942871094,501.01190185546875,164.1432342529297,training,1.086658239364624,1
445,225.1893310546875,475.92303466796875,228.5618133544922,482.68646240234375,166.92514038085938,training,1.168349266052246,1
446,225.2356414794922,396.5660095214844,228.29502868652344,404.1660461425781,112.26753997802734,training,2.318847179412842,1
447,227.4402618408203,52.67510986328125,228.85145568847656,55.578311920166016,170.39073181152344,training,0.9047985672950745,1
448,227.49085998535156,32.10914611816406,228.1507110595703,34.30029296875,188.46484375,training,1.6920013427734375,1
449,228.54129028320312,311.5186462402344,230.9901123046875,316.39642333984375,190.6698760986328,training,0.07604191452264786,1
450,229.34823608398438,55.58397674560547,230.35865783691406,58.62703323364258,109.72693634033203,training,0.841902494430542,1
451,229.57083129882812,68.98050689697266,231.20736694335938,72.77128601074219,214.8162078857422,training,0.10548114776611328,1
452,229.76588439941406,475.6367492675781,233.02227783203125,482.2885437011719,184.34478759765625,training,1.2200958728790283,1
453,229.98870849609375,82.01399993896484,231.8972625732422,86.57080841064453,107.9212646484375,training,0.8001592755317688,1
454,229.98870849609375,82.01399993896484,231.8972625732422,86.57080841064453,111.8704605102539,training,0.8001592755317688,1
455,230.29937744140625,36.99820327758789,232.3026123046875,38.9876594543457,146.26345825195312,training,1.7467799186706543,1
456,230.6444091796875,90.76527404785156,232.21914672851562,96.45414733886719,183.13929748535156,training,1.853684663772583,1
457,230.748046875,331.5286560058594,233.8275604248047,337.0315856933594,166.7812957763672,training,0.855866014957428,1
458,231.39285278320312,197.70352172851562,234.68650817871094,204.88514709472656,211.06396484375,training,3.194725275039673,1
459,232.68585205078125,321.4434814453125,234.5885009765625,327.0813293457031,204.78768920898438,training,1.1363732814788818,1
460,233.34942626953125,39.51646041870117,234.27195739746094,41.93684005737305,158.38876342773438,training,1.2063262462615967,1
461,233.47097778320312,505.6171569824219,237.8354949951172,511.51397705078125,202.0272216796875,training,1.1979800462722778,1
463,235.19894409179688,74.4476089477539,236.44412231445312,78.8287124633789,199.2485809326172,training,0.8496037125587463,1
464,235.44566345214844,337.49432373046875,238.5259552001953,343.5892333984375,214.45745849609375,training,1.5206899642944336,1
465,235.48060607910156,52.02458190917969,236.10389709472656,54.957008361816406,199.56703186035156,training,1.0107367038726807,1
466,236.22630310058594,483.0609130859375,238.50042724609375,490.1925964355469,176.34625244140625,training,2.121751546859741,1
467,237.12548828125,64.9083480834961,238.2102813720703,68.72396087646484,172.33978271484375,training,0.5517379641532898,1
468,237.63784790039062,308.8716125488281,240.29409790039062,313.326171875,123.88704681396484,training,0.16694828867912292,1
469,238.18296813964844,19.093183517456055,238.76095581054688,20.41853141784668,177.20327758789062,training,2.067701578140259,1
470,238.18296813964844,19.093183517456055,238.76095581054688,20.41853141784668,142.08448791503906,training,2.067701578140259,1
471,238.19969177246094,141.1407012939453,240.62713623046875,147.2882080078125,177.94943237304688,training,2.478031873703003,1
472,238.69247436523438,67.7619400024414,239.97842407226562,71.68992614746094,192.1249542236328,training,0.5588488578796387,1
473,239.45066833496094,59.410091400146484,240.910888671875,62.43046951293945,149.2816162109375,training,0.3443639576435089,1
474,239.7032470703125,82.31900024414062,238.0577392578125,87.83028411865234,231.56640625,training,3.8390326499938965,1
475,240.02462768554688,479.85479736328125,242.1344757080078,486.41595458984375,233.09225463867188,training,1.8451228141784668,1
476,240.20620727539062,317.7400207519531,242.51809692382812,322.56085205078125,149.91664123535156,heldout,0.4863545000553131,1
477,240.65255737304688,138.61314392089844,242.95884704589844,144.8459930419922,185.14859008789062,training,2.641263246536255,1
478,241.21603393554688,321.971435546875,243.63449096679688,326.9429016113281,167.60072326660156,heldout,0.6223577857017517,1
479,242.9010772705078,383.34130859375,245.6515655517578,389.907470703125,193.7498321533203,heldout,2.0209903717041016,1
480,244.2330780029297,148.0268096923828,247.30410766601562,154.27166748046875,180.8341827392578,training,2.969907283782959,1
481,245.4456787109375,389.95355224609375,249.45785522460938,395.8396301269531,157.08277893066406,heldout,1.8513332605361938,1
482,245.52786254882812,64.02639770507812,247.66758728027344,67.516845703125,146.85707092285156,training,0.7091774940490723,1
483,246.228759765625,37.002132415771484,247.26846313476562,38.981590270996094,179.88607788085938,training,1.092242956161499,1
484,246.9716339111328,61.06599044799805,248.78448486328125,63.94410705566406,93.23625946044922,training,0.3601057529449463,1
485,247.35069274902344,471.6932373046875,250.01870727539062,477.681640625,216.6794891357422,training,1.3444344997406006,1
486,247.9795379638672,453.89300537109375,251.16064453125,459.2866516113281,182.78675842285156,training,0.7680097818374634,1
487,248.603271484375,66.16703796386719,249.54379272460938,70.44007110595703,174.28712463378906,training,1.3758435249328613,1
488,248.931884765625,490.3246154785156,252.1903839111328,495.3176574707031,152.2596435546875,training,0.2520902454853058,1
489,251.0318145751953,78.42879486083984,253.1071319580078,83.10403442382812,156.18258666992188,training,1.7602204084396362,1
490,251.08139038085938,493.0771179199219,254.40415954589844,498.1256103515625,146.4615936279297,training,0.38860884308815,1
491,251.11424255371094,459.0763854980469,254.39791870117188,464.0364685058594,225.71885681152344,training,0.46835431456565857,1
492,251.79905700683594,84.1567153930664,253.62294006347656,89.08399963378906,178.4376678466797,training,1.9608124494552612,1
493,252.52529907226562,67.60797882080078,254.02859497070312,71.45956420898438,165.6019287109375,training,0.9694792628288269,1
494,252.99513244628906,50.59220886230469,254.71688842773438,52.85960006713867,143.6419219970703,training,0.5834187865257263,1
495,252.99513244628906,50.59220886230469,254.71688842773438,52.85960006713867,147.5771026611328,training,0.5834187865257263,1
496,254.98800659179688,103.09439086914062,258.7644348144531,109.0716323852539,159.5869598388672,training,3.6966240406036377,1
497,255.2817840576172,455.8841857910156,258.7903137207031,460.264404296875,157.63565063476562,training,0.4244588613510132,1
498,255.70571899414062,57.12569046020508,258.6009826660156,58.90977096557617,220.05226135253906,training,1.6769156455993652,1
499,256.0377197265625,328.318115234375,258.66375732421875,332.7479248046875,188.4913787841797,heldout,0.6255325078964233,1
500,256.2727966308594,503.417236328125,259.4022216796875,508.536865234375,145.1723175048828,training,0.6271073222160339,1
501,257.1528015136719,512.40234375,260.582275390625,517.1585083007812,150.0,training,0.2719920575618744,1
502,257.6330871582031,396.37646484375,261.00360107421875,401.11944580078125,220.73060607910156,heldout,0.8905609250068665,1
503,257.6717529296875,494.0704650878906,261.6916809082031,498.28863525390625,114.77804565429688,training,0.8066462874412537,1
504,257.7585144042969,520.2938232421875,261.4554138183594,524.8123779296875,193.2123260498047,training,0.35458630323410034,1
505,260.2184143066406,464.0453796386719,263.1126403808594,467.75213623046875,204.46026611328125,training,0.537562906742096,1
506,260.33856201171875,148.5876007080078,263.3482971191406,154.83863830566406,141.59449768066406,training,3.5350191593170166,1
507,260.37506103515625,305.6739196777344,262.688232421875,309.0118103027344,174.43910217285156,heldout,0.2721523940563202,1
508,260.6844787597656,98.38241577148438,264.2142639160156,103.27037048339844,152.0230255126953,training,2.8822498321533203,1
509,261.8348693847656,160.11517333984375,263.84661865234375,166.32223510742188,180.726318359375,training,3.31451153755188,1
510,262.0782775878906,153.004638671875,264.5849304199219,159.3257598876953,162.58229064941406,training,3.5207948684692383,1
511,265.0319519042969,86.65092468261719,268.0686950683594,91.22639465332031,186.00537109375,training,2.535917043685913,1
512,265.15496826171875,143.37030029296875,267.8857116699219,149.5094757080078,163.8749542236328,training,3.554614305496216,1
513,265.56292724609375,64.005859375,267.18524169921875,67.08455657958984,142.61837768554688,training,0.7275113463401794,1
514,265.645263671875,54.89674758911133,267.7581787109375,57.1209716796875,192.19781494140625,training,0.6215919852256775,1
515,265.75732421875,469.7516784667969,268.55975341796875,473.94036865234375,152.44015502929688,training,0.392360657453537,1
516,266.1663513183594,502.9335632324219,269.7545471191406,506.9286804199219,181.1408233642578,training,0.33347320556640625,1
517,266.1968688964844,323.5994873046875,269.29254150390625,327.0780944824219,144.97586059570312,heldout,0.5371405482292175,1
518,267.4967346191406,385.6166076660156,269.76422119140625,389.92803955078125,198.262451171875,heldout,0.9050061702728271,1
519,267.9664306640625,152.28395080566406,270.9573669433594,157.84896850585938,185.65020751953125,training,3.1438450813293457,1
520,267.9800109863281,389.2214660644531,271.1344909667969,393.0921630859375,132.54811096191406,heldout,0.4335705041885376,1
521,268.1448974609375,465.2481994628906,271.4464416503906,468.90087890625,206.0218505859375,training,0.2913103997707367,1
522,268.1448974609375,465.2481994628906,271.4464416503906,468.90087890625,181.75808715820312,training,0.2913103997707367,1
523,269.0815734863281,523.60205078125,272.5815734863281,527.3621215820312,208.41065979003906,training,0.35648059844970703,1
524,269.5225524902344,494.0588073730469,272.3297424316406,497.8081359863281,132.0530242919922,training,0.48274776339530945,1
525,269.7299499511719,451.2937927246094,272.69342041015625,455.1690979003906,187.52333068847656,training,0.15446367859840393,1
526,270.8389587402344,22.08810806274414,271.715576171875,22.79477882385254,204.0,training,1.3649516105651855,1
527,271.4676818847656,404.0850830078125,274.7834167480469,407.8118896484375,205.59425354003906,training,0.4788127541542053,1
528,273.3186950683594,493.22772216796875,276.85980224609375,496.6898193359375,204.3648681640625,training,0.44881895184516907,1
529,273.9337158203125,144.88340759277344,276.9854431152344,150.53762817382812,157.02865600585938,training,3.5054197311401367,1
530,278.62261962890625,66.7581787109375,280.6217346191406,69.22764587402344,172.00291442871094,training,0.7587701082229614,1
531,279.03375244140625,477.81103515625,281.1418151855469,481.8468322753906,177.14401245117188,training,1.1994318962097168,1
532,279.86669921875,70.04875946044922,281.78033447265625,72.82234191894531,169.86170959472656,training,1.0146340131759644,1
533,280.5287170410156,506.6043701171875,283.86083984375,509.6470031738281,139.7211456298828,training,0.5288459658622742,1
534,280.8415832519531,503.5314636230469,284.2813415527344,506.5861511230469,174.97999572753906,training,0.5133587718009949,1
535,281.23046875,62.80186462402344,282.8128662109375,65.174072265625,140.81903076171875,training,0.6368321776390076,1
536,281.31524658203125,491.3043212890625,285.51025390625,494.38409423828125,174.7998809814453,training,1.0324733257293701,1
537,281.93011474609375,494.8142395019531,285.18072509765625,498.0795593261719,123.8951187133789,training,0.20244865119457245,1
538,282.123291015625,72.86085510253906,284.177001953125,76.05901336669922,213.07510375976562,training,1.530563235282898,1
540,282.9093933105469,90.99951934814453,285.3468933105469,95.5926513671875,156.87574768066406,training,2.915069341659546,1
541,282.9093933105469,90.99951934814453,285.3468933105469,95.5926513671875,166.0782928466797,training,2.915069341659546,1
542,282.92864990234375,65.99824523925781,285.14813232421875,67.98837280273438,193.99742126464844,training,0.7334542870521545,1
543,284.38824462890625,103.73382568359375,286.96771240234375,108.61005401611328,182.4910888671875,training,3.2180442810058594,1
544,284.72418212890625,446.0335388183594,288.0584716796875,449.6495361328125,110.43097686767578,training,0.5302663445472717,1
545,285.0360107421875,50.243656158447266,286.0738525390625,51.60955047607422,128.84486389160156,training,0.48521509766578674,1
546,285.0360107421875,50.243656158447266,286.0738525390625,51.60955047607422,149.43226623535156,training,0.48521509766578674,1
547,285.2886047363281,452.9793701171875,287.7251892089844,456.70977783203125,195.52749633789062,training,0.8655460476875305,1
548,286.08697509765625,521.7297973632812,289.1622314453125,524.9265747070312,131.4229736328125,training,0.36308664083480835,1
549,287.0386962890625,470.17132568359375,290.1517639160156,472.9583435058594,157.2672882080078,training,0.3830041289329529,1
550,287.93206787109375,461.0318908691406,291.2315368652344,464.08514404296875,138.5099334716797,training,0.1782180815935135,1
551,288.2021789550781,391.05743408203125,290.7120056152344,394.1571960449219,165.0333251953125,heldout,0.4526217579841614,1
552,288.33441162109375,479.4576721191406,291.4743957519531,482.1216125488281,106.6255111694336,training,0.4935448467731476,1
554,291.1161804199219,59.14752197265625,292.7132873535156,60.88492965698242,143.54441833496094,training,0.4087211489677429,1
555,293.2035827636719,453.9361572265625,296.55877685546875,456.9993591308594,115.65465545654297,training,0.32587969303131104,1
556,293.2035827636719,453.9361572265625,296.55877685546875,456.9993591308594,98.43779754638672,training,0.32587969303131104,1
557,293.7415466308594,457.4046630859375,296.9139404296875,460.5922546386719,106.60675048828125,training,0.34045904874801636,1
558,293.7415466308594,457.4046630859375,296.9139404296875,460.5922546386719,104.58489227294922,training,0.34045904874801636,1
559,294.0217590332031,363.9148864746094,297.3264465332031,365.47283935546875,210.48989868164062,heldout,1.0623408555984497,1
560,294.4959716796875,460.9319152832031,298.7347412109375,463.8677062988281,128.1795654296875,training,1.113247275352478,1
561,294.96026611328125,509.198974609375,297.96575927734375,511.53009033203125,181.92581176757812,training,0.7534858584403992,1
562,295.4056396484375,517.0228271484375,299.0361328125,519.1502685546875,190.8900146484375,training,0.9434073567390442,1
563,296.14813232421875,479.90679931640625,299.241943359375,482.390625,104.00480651855469,training,0.38219138979911804,1
564,296.14813232421875,479.90679931640625,299.241943359375,482.390625,143.72195434570312,training,0.38219138979911804,1
565,296.8849182128906,449.9287414550781,299.5608215332031,452.8796081542969,146.05477905273438,training,0.48321670293807983,1
566,298.8978271484375,57.036258697509766,300.9063415527344,58.122093200683594,214.57398986816406,training,0.4850420653820038,1
567,299.1820068359375,539.4068603515625,302.97991943359375,541.5507202148438,169.99411010742188,training,0.9004492163658142,1
568,299.35595703125,468.4043273925781,302.65850830078125,470.81048583984375,112.1739730834961,training,0.3042265474796295,1
569,299.35595703125,468.4043273925781,302.65850830078125,470.81048583984375,102.13227081298828,training,0.3042265474796295,1
570,299.8711853027344,63.38777542114258,301.45758056640625,64.81265258789062,172.17723083496094,training,0.41843894124031067,1
571,300.0357666015625,92.0925064086914,302.0043029785156,95.99517059326172,156.67800903320312,training,2.8007586002349854,1
572,300.7966003417969,472.49188232421875,304.3221435546875,474.79498291015625,178.96926879882812,training,0.48021525144577026,1
573,301.4387512207031,88.91129302978516,304.04095458984375,92.40998840332031,163.7925567626953,training,2.6250033378601074,1
574,303.0083923339844,365.41827392578125,305.175048828125,367.0645446777344,185.24038696289062,heldout,0.7522401809692383,1
575,303.6123352050781,395.493408203125,306.6480407714844,397.5303649902344,135.9705810546875,heldout,0.23754382133483887,1
576,303.6123352050781,395.493408203125,306.6480407714844,397.5303649902344,150.8575439453125,heldout,0.23754382133483887,1
577,304.1534118652344,504.1117858886719,307.0486145019531,506.1758728027344,92.53107452392578,training,0.7030501365661621,1
578,304.7331237792969,464.86895751953125,308.1666259765625,467.5335388183594,185.1431884765625,training,0.3532775938510895,1
579,306.9361877441406,530.08837890625,309.63800048828125,531.9873657226562,170.4552764892578,training,1.0196077823638916,1
580,307.1188049316406,64.09290313720703,308.9655456542969,65.2653579711914,218.0917205810547,training,0.5297855734825134,1
581,307.2184753417969,488.99615478515625,310.6046142578125,491.00909423828125,198.673095703125,training,0.4594555199146271,1
582,307.2466735839844,378.0785217285156,309.90216064453125,379.7330627441406,175.085693359375,heldout,0.37715432047843933,1
583,307.44537353515625,350.9721984863281,310.04071044921875,352.0235290527344,176.13914489746094,heldout,0.8363631963729858,1
584,308.93487548828125,507.3674011230469,312.288818359375,508.9847106933594,179.91664123535156,training,0.8422800898551941,1
585,309.7318115234375,520.009521484375,312.5426025390625,521.7046508789062,144.6305694580078,training,0.9656211137771606,1
586,310.33795166015625,479.0004577636719,313.84832763671875,481.1203918457031,182.34307861328125,training,0.34282201528549194,1
587,310.8786926269531,389.91644287109375,313.32391357421875,392.13348388671875,121.65936279296875,heldout,0.5177956819534302,1
588,311.1595764160156,497.1981506347656,314.0872802734375,499.0897216796875,157.30226135253906,training,0.5656629204750061,1
589,311.9966735839844,82.1099624633789,313.8647766113281,84.2123794555664,131.152587890625,training,1.512251377105713,1
591,312.2750549316406,500.6236877441406,315.98394775390625,502.0581359863281,149.03355407714844,training,0.9581820368766785,1
592,312.9533996582031,536.3156127929688,316.47564697265625,537.9173583984375,116.27123260498047,training,0.8213827610015869,1
593,313.3215026855469,420.5975646972656,316.50726318359375,423.070556640625,132.4462127685547,training,0.5765573382377625,1
594,315.6068420410156,382.91094970703125,318.3536376953125,384.769287109375,178.8882293701172,heldout,0.18869876861572266,1
595,318.04833984375,471.0957946777344,320.9468078613281,473.0135803222656,140.66627502441406,training,0.28917720913887024,1
596,318.4808349609375,74.36892700195312,320.0986022949219,75.52910614013672,187.8509979248047,training,0.8380931615829468,1
597,318.6552734375,417.1558837890625,321.8601989746094,420.0240173339844,190.5203399658203,training,1.1809895038604736,1
598,319.3168640136719,474.3017883300781,322.5630187988281,476.1676025390625,191.6246337890625,training,0.06967270374298096,1
599,319.8420715332031,443.5489807128906,323.3017883300781,446.0748291015625,141.5097198486328,training,0.8460181355476379,1
600,320.0945739746094,482.13671875,324.01861572265625,483.875732421875,178.4936981201172,training,0.7163137793540955,1
601,320.13885498046875,421.54510498046875,324.0014953613281,423.970947265625,175.78964233398438,training,1.1545430421829224,1
602,320.3689270019531,478.0537109375,323.42816162109375,480.0401916503906,186.8609161376953,training,0.18227975070476532,1
603,320.3689270019531,478.0537109375,323.42816162109375,480.0401916503906,136.9488983154297,training,0.18227975070476532,1
604,320.6553955078125,514.197998046875,324.0213317871094,515.2099609375,171.0760040283203,training,1.0149823427200317,1
605,320.6553955078125,514.197998046875,324.0213317871094,515.2099609375,149.29835510253906,training,1.0149823427200317,1
606,321.1776428222656,53.00160217285156,322.8962707519531,52.77910614013672,187.7684783935547,training,0.4010220170021057,1
607,322.603759765625,510.796630859375,326.1468811035156,512.1704711914062,119.75808715820312,training,0.5963045954704285,1
608,322.692138671875,524.1503295898438,326.7276306152344,524.4578247070312,202.56851196289062,training,1.7964634895324707,1
609,323.067626953125,537.1172485351562,326.55279541015625,538.07763671875,138.51715087890625,training,1.0656747817993164,1
610,323.58465576171875,349.8271789550781,325.8197326660156,350.2555847167969,198.98240661621094,heldout,0.9414252638816833,1
611,324.5322570800781,515.163818359375,328.0396423339844,515.8400268554688,171.77020263671875,training,1.2109591960906982,1
612,324.55548095703125,527.515380859375,327.0364990234375,528.6735229492188,158.77342224121094,training,1.209455132484436,1
613,324.8531799316406,352.42254638671875,327.7835693359375,352.5221862792969,134.27955627441406,heldout,1.1243244409561157,1
614,326.036376953125,531.9669799804688,329.1563415527344,532.49365234375,202.25973510742188,training,1.3967151641845703,1
615,326.5191955566406,521.0396728515625,329.5605773925781,521.9293212890625,175.81808471679688,training,0.9976140856742859,1
617,328.065185546875,435.5736083984375,329.8984375,439.1331481933594,203.5116729736328,training,2.46500563621521,1
618,329.2446594238281,514.0372924804688,332.554443359375,514.689453125,155.88778686523438,training,1.0384225845336914,1
619,330.1734619140625,444.62945556640625,333.7756652832031,447.1141357421875,187.80841064453125,training,1.2273280620574951,1
620,330.49169921875,550.6973266601562,334.2988586425781,551.0165405273438,162.49923706054688,training,1.5000158548355103,1
621,331.02935791015625,508.82586669921875,333.7588195800781,510.0940856933594,195.9387664794922,training,0.6970745325088501,1
622,331.8134460449219,454.6474609375,335.03997802734375,457.0379333496094,149.89996337890625,training,1.048353910446167,1
623,331.8624572753906,81.36942291259766,333.91375732421875,81.91331481933594,178.02247619628906,training,0.8249662518501282,1
624,331.94500732421875,529.185302734375,335.6698303222656,529.6434936523438,139.47760009765625,training,1.2239691019058228,1
625,332.67596435546875,421.0357360839844,335.47442626953125,423.2121887207031,132.4839630126953,training,1.0197139978408813,1
626,332.98486328125,533.3746948242188,336.5380859375,533.4942016601562,138.67588806152344,training,1.5056722164154053,1
627,333.2292175292969,460.00750732421875,336.66070556640625,462.1507568359375,93.90953063964844,training,0.8763790726661682,1
628,333.5627746582031,428.5715637207031,336.435302734375,431.03387451171875,172.97976684570312,training,1.2995394468307495,1
629,333.5758056640625,380.0081787109375,336.96929931640625,379.9931640625,169.53465270996094,heldout,1.1363824605941772,1
630,334.05731201171875,539.6861572265625,336.9761657714844,540.0857543945312,114.63856506347656,training,1.3244277238845825,1
631,334.62554931640625,511.9496154785156,337.80322265625,512.4238891601562,186.08599853515625,training,1.0115041732788086,1
632,335.4057312011719,418.3475646972656,338.8534240722656,420.14617919921875,153.39166259765625,training,0.8722712993621826,1
633,336.0854187011719,478.8973693847656,339.593017578125,480.5613098144531,83.24662017822266,training,0.47684264183044434,1
634,336.1604919433594,382.10009765625,338.7627868652344,382.63397216796875,189.2960662841797,heldout,0.4225190281867981,1
635,336.31622314453125,447.6351013183594,339.44671630859375,450.1645812988281,120.93800354003906,training,1.3882865905761719,1
636,336.4855041503906,81.099365234375,338.14044189453125,81.16394805908203,188.95501708984375,training,0.42164871096611023,1
637,337.112548828125,407.9569396972656,339.80096435546875,409.8114318847656,107.59646606445312,training,0.9419017434120178,1
638,337.4235534667969,494.3923034667969,340.581298828125,495.3732604980469,109.53538513183594,training,0.33472660183906555,1
639,338.1740417480469,451.7785949707031,341.25079345703125,454.0804138183594,120.29131317138672,training,1.2172541618347168,1
640,338.4263610839844,388.5163879394531,341.3184509277344,389.00653076171875,150.77798461914062,heldout,0.3286040723323822,1
641,339.25732421875,394.6876525878906,341.7367858886719,396.233642578125,188.04254150390625,heldout,0.8449194431304932,1
642,339.7272644042969,468.3805236816406,342.8249816894531,470.630615234375,150.53903198242188,training,1.1616015434265137,1
643,340.1568298339844,88.15926361083984,342.1415100097656,88.25910186767578,140.46707153320312,training,0.6491833925247192,1
644,340.6052551269531,85.00788879394531,342.0197448730469,85.00153350830078,118.21590423583984,training,0.556382954120636,1
645,340.66400146484375,432.4101867675781,344.03033447265625,434.4765319824219,127.67536926269531,training,1.2009414434432983,1
646,341.1259460449219,454.796875,343.92962646484375,457.13140869140625,185.42652893066406,training,1.392743468284607,1
647,341.26776123046875,369.0196228027344,344.0963134765625,369.06646728515625,136.54302978515625,heldout,0.5813100934028625,1
648,341.5950622558594,349.4698181152344,343.90240478515625,348.941162109375,140.82968139648438,heldout,1.139662504196167,1
649,341.5950622558594,349.4698181152344,343.90240478515625,348.941162109375,122.07374572753906,heldout,1.139662504196167,1
650,343.39483642578125,374.1931457519531,346.16778564453125,374.5640869140625,166.2257537841797,heldout,0.19866943359375,1
651,343.49798583984375,371.03668212890625,345.6146240234375,371.52618408203125,213.91587829589844,heldout,0.6899438500404358,1
652,343.5204162597656,401.0032958984375,347.15557861328125,402.8221130371094,184.0,training,1.3524214029312134,1
653,344.4557800292969,483.2082214355469,347.24957275390625,484.47003173828125,133.34165954589844,training,0.5436267256736755,1
654,345.0116271972656,422.6223449707031,348.2603759765625,424.453125,123.65274047851562,training,1.1572482585906982,1
655,345.0592346191406,500.3172912597656,347.57781982421875,500.7614440917969,127.60093688964844,training,0.9816405177116394,1
656,345.0635070800781,411.4385681152344,348.50628662109375,412.6210021972656,179.4937286376953,training,0.7142938375473022,1
657,346.3439025878906,488.2488098144531,350.35418701171875,488.550048828125,155.1612091064453,training,0.9592410922050476,1
658,347.6072082519531,565.328369140625,350.7861633300781,565.2848510742188,132.78553771972656,training,1.284664511680603,1
659,347.9766845703125,81.5877914428711,349.5826416015625,80.7740478515625,168.08331298828125,training,0.05155736953020096,1
660,348.0499572753906,491.9766845703125,350.7837829589844,492.51513671875,198.81398010253906,training,0.6410485506057739,1
661,348.0662536621094,560.640869140625,351.5440368652344,560.0285034179688,160.2217254638672,training,1.7546298503875732,1
662,349.99761962890625,72.29849243164062,352.2659606933594,71.11112213134766,240.5597686767578,training,0.6989629864692688,1
663,351.0729064941406,469.1584777832031,354.38555908203125,470.6857604980469,139.8427734375,training,0.8846771121025085,1
664,352.9473571777344,416.06793212890625,356.1077575683594,417.4842529296875,159.9312286376953,training,1.0697773694992065,1
665,353.0880126953125,406.6905517578125,355.8743591308594,407.71990966796875,140.7728729248047,training,0.7316839694976807,1
666,353.5585021972656,341.9131164550781,356.21826171875,340.7740478515625,124.26986694335938,heldout,1.1741381883621216,1
667,354.0556945800781,76.50271606445312,355.7378234863281,75.52701568603516,232.948486328125,training,0.0986742377281189,1
668,354.3642578125,489.5194396972656,357.48333740234375,489.77606201171875,145.56785583496094,training,0.3833272159099579,1
669,354.7388916015625,496.7899475097656,357.59320068359375,496.7869567871094,215.74986267089844,training,0.771259605884552,1
670,355.5622253417969,536.4810791015625,358.6156311035156,535.9212036132812,123.47064208984375,training,1.372134804725647,1
671,355.7089538574219,504.62225341796875,359.1817932128906,504.34326171875,156.96815490722656,training,0.9008359909057617,1
672,355.72564697265625,70.33180236816406,356.593994140625,69.37265014648438,179.89718627929688,training,0.7741826176643372,1
673,356.5733337402344,371.6614685058594,358.388427734375,370.4773254394531,213.48770141601562,heldout,1.578499436378479,1
674,356.637939453125,395.9061584472656,358.69256591796875,397.31256103515625,127.90230560302734,heldout,1.534378170967102,1
675,357.4914245605469,574.839599609375,360.8326721191406,573.9349365234375,170.09115600585938,training,1.755578637123108,1
676,357.56097412109375,402.1510009765625,361.4546203613281,402.71295166015625,200.5492401123047,training,1.0529570579528809,1
677,357.68182373046875,541.1868896484375,360.822021484375,540.96142578125,174.09767150878906,training,0.9739303588867188,1
678,358.82708740234375,499.8047180175781,362.4676818847656,499.2401428222656,143.58273315429688,training,1.081895351409912,1
679,359.04833984375,379.74432373046875,361.32562255859375,379.6536865234375,228.65695190429688,heldout,0.5749227404594421,1
680,359.12176513671875,545.9163818359375,361.22412109375,545.7463989257812,158.74822998046875,training,1.6264076232910156,1
681,359.71417236328125,386.7734680175781,362.4831237792969,387.21240234375,131.4686279296875,heldout,0.4757828116416931,1
682,360.5711975097656,522.95947265625,364.67950439453125,522.3967895507812,153.54478454589844,training,1.2636712789535522,1
683,361.0236511230469,553.1900024414062,365.1933898925781,551.90380859375,190.51771545410156,training,1.9902628660202026,1
684,361.3242492675781,567.6737670898438,364.4710693359375,566.6722412109375,198.3330535888672,training,1.710458517074585,1
685,361.53436279296875,422.73541259765625,364.88311767578125,423.59625244140625,192.49415588378906,training,0.8740857243537903,1
686,363.28326416015625,464.0574951171875,365.6062927246094,465.4130859375,163.45947265625,training,1.4827758073806763,1
687,364.6300354003906,495.9128723144531,367.4429931640625,496.0661926269531,129.676513671875,training,0.5062301158905029,1
688,365.06170654296875,451.10186767578125,368.794921875,452.15777587890625,97.13392639160156,training,1.1891810894012451,1
689,365.3904724121094,534.925048828125,368.54791259765625,533.723876953125,262.40618896484375,training,1.5878655910491943,1
690,365.8237609863281,481.900390625,370.5530090332031,481.4541931152344,166.0963592529297,training,1.5767005681991577,1
691,366.2083435058594,454.8275146484375,369.2721252441406,455.8021545410156,79.88116455078125,training,0.9808661341667175,1
692,366.4266662597656,430.43939208984375,370.0212707519531,430.8533020019531,159.36436462402344,training,0.7523547410964966,1
693,366.6751403808594,80.97379302978516,368.013916015625,79.52103424072266,114.03946685791016,training,0.33962711691856384,1
694,367.21575927734375,72.14147186279297,368.8524169921875,70.37017059326172,198.98240661621094,training,0.17200034856796265,1
695,367.8849182128906,380.0281982421875,370.5252990722656,379.3389587402344,149.3887481689453,training,0.3828260600566864,1
696,368.1804504394531,76.14421844482422,370.7227783203125,74.06038665771484,141.10279846191406,training,1.0068557262420654,1
697,368.6145935058594,334.986083984375,371.1143493652344,333.69244384765625,131.0343475341797,training,0.7309598326683044,1
698,370.0814514160156,402.18316650390625,373.1607971191406,402.2090148925781,225.2709503173828,training,0.41668015718460083,1
699,370.185791015625,300.01031494140625,373.1383972167969,298.9588928222656,197.565185546875,training,0.4901503026485443,1
700,372.0373840332031,457.1051330566406,375.2495422363281,457.5939025878906,159.30160522460938,training,0.7121177315711975,1
701,372.53338623046875,478.34674072265625,375.7518310546875,478.29339599609375,142.4780731201172,training,0.1059286966919899,1
702,372.68389892578125,529.2837524414062,375.80377197265625,527.4326782226562,175.35963439941406,training,1.9264699220657349,1
703,373.01312255859375,420.5350646972656,375.9856262207031,420.9935607910156,208.13217163085938,training,0.8686511516571045,1
704,373.43212890625,447.91796875,377.00347900390625,448.4019775390625,135.77554321289062,training,0.9124332666397095,1
705,374.1737976074219,285.87274169921875,376.36407470703125,284.6249084472656,190.76162719726562,training,0.3837396800518036,1
706,374.51190185546875,407.39605712890625,377.7849426269531,407.5704040527344,166.5623016357422,training,0.7593114376068115,1
707,374.51190185546875,407.39605712890625,377.7849426269531,407.5704040527344,198.72091674804688,training,0.7593114376068115,1
708,374.5699768066406,383.6192626953125,377.37725830078125,383.06085205078125,80.38656616210938,training,0.09093470871448517,1
709,374.9074401855469,172.1454315185547,377.1327819824219,170.8210906982422,184.04075622558594,training,0.2558981776237488,1
710,375.47174072265625,420.88226318359375,379.1553955078125,421.2384033203125,153.4144744873047,training,1.084761619567871,1
711,376.02972412109375,399.82781982421875,379.1204833984375,399.61260986328125,110.09087371826172,training,0.42428603768348694,1
712,376.323974609375,519.071533203125,379.8681945800781,517.0784301757812,128.14834594726562,training,1.8599600791931152,1
713,376.4233703613281,454.4620666503906,379.71026611328125,454.5629577636719,188.95237731933594,training,0.5220335125923157,1
714,376.59381103515625,473.626953125,379.92608642578125,473.94830322265625,146.9387664794922,training,0.6621655821800232,1
715,376.9407653808594,554.343505859375,380.4570617675781,552.0650634765625,233.608642578125,training,2.2603213787078857,1
716,378.2494812011719,394.5450134277344,381.37811279296875,393.9891357421875,133.2779083251953,training,0.26574960350990295,1
717,378.9175720214844,543.9052124023438,381.9713439941406,541.9613647460938,191.9609375,training,1.8630009889602661,1
718,378.96575927734375,447.1313171386719,382.04296875,447.2834167480469,132.9736785888672,training,0.6882724761962891,1
719,379.22686767578125,178.32102966308594,381.3945617675781,177.3148193359375,84.69947052001953,training,0.6412412524223328,1
720,379.45013427734375,63.49357223510742,381.6381530761719,60.98517990112305,120.17071533203125,training,0.7034054398536682,1
721,379.59991455078125,512.7141723632812,383.16156005859375,510.78472900390625,169.17446899414062,training,1.6462297439575195,1
722,379.9947509765625,396.72894287109375,382.59429931640625,396.5790100097656,114.79547119140625,training,0.7110050320625305,1
723,380.17926025390625,296.0525817871094,383.52325439453125,294.04351806640625,181.6122283935547,training,1.1502578258514404,1
724,380.3287353515625,66.57270812988281,382.0223693847656,64.1719970703125,119.32727813720703,training,0.27472957968711853,1
725,380.52947998046875,284.4874267578125,382.631591796875,282.8899841308594,200.83824157714844,training,0.5111652612686157,1
726,381.15704345703125,491.7632751464844,384.09075927734375,490.7187805175781,172.5485382080078,training,0.7121318578720093,1
727,381.15704345703125,491.7632751464844,384.09075927734375,490.7187805175781,217.07601928710938,training,0.7121318578720093,1
728,382.0228576660156,450.53192138671875,385.9270935058594,450.374755859375,145.74978637695312,training,0.9002920985221863,1
729,382.8133850097656,455.7778625488281,385.62554931640625,455.89447021484375,172.50216674804688,training,0.8443294763565063,1
730,382.8163757324219,422.9674377441406,386.624755859375,422.5360412597656,188.95237731933594,training,0.8493093252182007,1
731,384.1027526855469,367.3556823730469,386.4795837402344,366.02960205078125,209.40869140625,training,0.5127570033073425,1
732,384.16796875,383.685791015625,386.4070739746094,383.3484802246094,125.40335083007812,training,0.9197286367416382,1
733,384.6048583984375,523.9508666992188,387.6234130859375,521.8875732421875,196.19378662109375,training,1.6738183498382568,1
734,384.7082214355469,464.4512939453125,387.8304138183594,464.2308349609375,159.24822998046875,training,0.4752828776836395,1
735,385.5368957519531,444.1600646972656,389.0811767578125,444.0857849121094,183.31939697265625,training,0.8434942960739136,1
736,386.0337219238281,372.7523193359375,389.7000732421875,371.1120910644531,124.77580261230469,training,0.9810827374458313,1
737,386.4218444824219,170.33177185058594,388.5058288574219,168.40855407714844,143.58621215820312,training,0.058322399854660034,1
738,386.60302734375,515.8612670898438,389.09698486328125,514.2387084960938,174.7626953125,training,1.4053820371627808,1
739,388.0619812011719,146.91258239746094,390.1455383300781,144.53013610839844,97.9795913696289,training,0.3042440712451935,1
740,388.08453369140625,454.7754821777344,391.8690490722656,454.077880859375,178.7707977294922,training,0.6403589248657227,1
741,388.4455871582031,284.52252197265625,390.9894104003906,282.4060974121094,122.61321258544922,training,0.551093578338623,1
742,388.9980163574219,482.2729187011719,393.8376770019531,481.18109130859375,199.38656616210938,training,1.5943101644515991,1
743,389.3495178222656,323.06781005859375,391.7726745605469,320.9719543457031,131.05723571777344,training,0.6853956580162048,1
744,389.5370178222656,457.8890380859375,392.3038635253906,457.446533203125,198.61520385742188,training,0.6194882392883301,1
745,389.8736267089844,331.334228515625,392.6181335449219,329.10284423828125,127.66753387451172,training,0.800754725933075,1
746,390.0865173339844,400.2786560058594,393.3741760253906,400.0333251953125,213.81533813476562,training,0.9762134552001953,1
747,390.4681396484375,461.1877136230469,393.7532958984375,460.29278564453125,201.4547119140625,training,0.09865766763687134,1
748,390.7209167480469,349.6927795410156,394.94854736328125,346.7583923339844,171.42344665527344,training,2.1362600326538086,1
749,391.3708801269531,136.29576110839844,393.83154296875,133.4634552001953,216.0925750732422,training,0.7812811136245728,1
750,391.9256896972656,501.0284729003906,394.9108581542969,498.9141540527344,197.94696044921875,training,1.3418916463851929,1
751,392.1562194824219,373.53167724609375,394.9116516113281,372.1938781738281,110.63001251220703,training,0.09071344882249832,1
752,393.2433776855469,143.53887939453125,394.63970947265625,140.9900665283203,149.11404418945312,training,0.5785613656044006,1
753,393.2433776855469,143.53887939453125,394.63970947265625,140.9900665283203,129.8576202392578,training,0.5785613656044006,1
754,393.25830078125,327.0288391113281,397.47637939453125,324.27166748046875,220.51983642578125,training,1.9495594501495361,1
755,393.3736877441406,278.9436340332031,395.9922790527344,276.2922668457031,112.54332733154297,training,0.8798402547836304,1
756,394.0598449707031,122.25978088378906,395.5798645019531,118.92707824707031,156.48641967773438,training,0.9427928328514099,1
757,394.0598449707031,122.25978088378906,395.5798645019531,118.92707824707031,123.40177917480469,training,0.9427928328514099,1
758,394.36376953125,497.1958923339844,397.33709716796875,495.2926940917969,161.48065185546875,training,1.0348584651947021,1
759,394.8118591308594,487.41973876953125,397.9235534667969,485.8497009277344,170.6399688720703,training,0.6076722741127014,1
760,394.9498291015625,313.7674865722656,397.43048095703125,311.7458801269531,139.85707092285156,training,0.3424709141254425,1
761,395.033447265625,389.711669921875,397.70892333984375,388.80340576171875,119.32308959960938,training,0.543944776058197,1
762,395.663330078125,126.84123229980469,397.6404113769531,123.50843048095703,129.25942993164062,training,0.8469046950340271,1
763,396.3727111816406,173.45217895507812,397.82452392578125,171.5754852294922,154.5186004638672,training,0.7535398006439209,1
764,396.41143798828125,490.48272705078125,399.03131103515625,489.0830383300781,187.8376922607422,training,0.7794098854064941,1
765,397.1935729980469,351.86212158203125,399.48175048828125,349.6754455566406,146.1300811767578,training,0.7256796360015869,1
766,397.4444274902344,329.56787109375,399.71978759765625,327.4539489746094,175.68153381347656,training,0.5479296445846558,1
767,397.8047790527344,161.7290496826172,399.6523132324219,159.02386474609375,177.7526397705078,training,0.3137604594230652,1
768,397.91650390625,137.09109497070312,400.2213134765625,133.64193725585938,215.7846221923828,training,0.9916523098945618,1
769,398.4613952636719,385.32244873046875,401.2043151855469,384.3273010253906,91.97825622558594,training,0.5764009952545166,1
770,398.73089599609375,323.63580322265625,401.3570556640625,321.3658752441406,140.9361572265625,training,0.45810699462890625,1
771,399.5025329589844,319.11907958984375,401.815185546875,316.8833312988281,152.30889892578125,training,0.4933135509490967,1
772,399.7183837890625,389.19073486328125,403.3128967285156,387.68341064453125,204.4993896484375,training,0.6866528391838074,1
773,399.82757568359375,314.01605224609375,402.07086181640625,311.87091064453125,173.121337890625,training,0.44702214002609253,1
774,400.3669738769531,276.6242370605469,402.8114929199219,273.8002624511719,162.6068878173828,training,0.7562687397003174,1
775,401.09918212890625,131.46029663085938,403.0481872558594,127.70362091064453,167.4455108642578,training,1.0707799196243286,1
776,402.38311767578125,282.9647521972656,405.4454650878906,280.1975402832031,143.2934112548828,training,0.8617733716964722,1
777,402.9339294433594,449.1767578125,405.8396301269531,448.06640625,201.0820770263672,training,0.4333212971687317,1
778,403.26727294921875,382.92327880859375,406.213623046875,381.3282775878906,122.14745330810547,training,0.16433121263980865,1
779,403.5586853027344,259.2995910644531,405.65069580078125,255.6297149658203,164.1614990234375,training,1.4391040802001953,1
780,403.7782897949219,525.0933227539062,406.42755126953125,521.895263671875,174.2039031982422,training,2.163027763366699,1
781,403.8926086425781,269.8782043457031,405.9801940917969,266.89190673828125,132.47264099121094,training,0.8312470316886902,1
782,404.0340270996094,360.1901550292969,406.674560546875,358.1697998046875,108.76580047607422,training,0.21773405373096466,1
783,404.0340270996094,360.1901550292969,406.674560546875,358.1697998046875,137.63357543945312,training,0.21773405373096466,1
784,404.26287841796875,469.1807556152344,407.8724670410156,467.3887023925781,165.90960693359375,training,0.5175047516822815,1
785,404.4434509277344,510.8136291503906,407.1871643066406,507.93792724609375,189.97894287109375,training,1.7295832633972168,1
786,404.6200866699219,484.6125793457031,407.65484619140625,483.0245361328125,187.8376922607422,training,0.32757440209388733,1
787,404.7070617675781,385.8858947753906,407.8289489746094,384.2603759765625,141.03900146484375,training,0.27659982442855835,1
788,404.7403869628906,395.9766540527344,407.3927001953125,394.87799072265625,172.6035919189453,training,0.7165374755859375,1
789,405.10955810546875,474.96966552734375,408.5211486816406,473.0984802246094,215.39035034179688,training,0.45178189873695374,1
790,405.1908264160156,263.74334716796875,405.58892822265625,260.87310791015625,176.4341278076172,training,2.095520496368408,1
791,405.7291259765625,333.0388488769531,408.95306396484375,330.4563903808594,181.40838623046875,training,0.7528137564659119,1
792,405.9362487792969,399.4853820800781,409.4337158203125,398.12908935546875,169.36647033691406,training,0.6907543540000916,1
793,406.79296875,156.49295043945312,408.8688049316406,153.3156280517578,183.44480895996094,training,0.37759047746658325,1
794,406.8480224609375,396.8286437988281,409.68359375,395.76568603515625,142.1196746826172,training,0.7781727910041809,1
795,406.9891357421875,329.0574951171875,409.71710205078125,326.6191101074219,217.94723510742188,training,0.32772719860076904,1
796,407.0032958984375,390.81195068359375,409.3834533691406,389.5193176269531,132.35935974121094,training,0.7881250381469727,1
797,407.0316162109375,375.23822021484375,410.0476989746094,373.5967102050781,133.52528381347656,training,0.325741171836853,1
798,407.2530212402344,335.65655517578125,409.387939453125,333.30511474609375,147.6042022705078,training,0.6232692003250122,1
799,407.53472900390625,538.414306640625,410.9266052246094,534.6572875976562,126.44366455078125,training,2.475968599319458,1
800,408.0694580078125,446.75433349609375,411.3904724121094,445.27288818359375,153.00979614257812,training,0.26291319727897644,1
801,408.38189697265625,571.7944946289062,411.25946044921875,567.5511474609375,181.9835205078125,training,3.156412363052368,1
802,409.4768371582031,479.8790283203125,412.453125,478.23779296875,182.1290740966797,training,0.30550092458724976,1
803,409.960693359375,300.40093994140625,412.45855712890625,297.18695068359375,125.09996032714844,training,0.8689457774162292,1
804,410.3161926269531,134.49896240234375,412.47998046875,130.1391143798828,182.87974548339844,training,1.3476316928863525,1
805,410.70074462890625,556.5022583007812,413.6799621582031,552.633544921875,186.3169403076172,training,2.605461359024048,1
806,410.970703125,308.31488037109375,414.3910827636719,304.5897521972656,166.28289794921875,training,1.5978447198867798,1
807,411.20404052734375,269.79339599609375,413.18316650390625,266.4766540527344,140.93260192871094,training,0.9220918416976929,1
808,411.4276123046875,260.6450500488281,413.7444152832031,256.8316650390625,167.11373901367188,training,1.2496755123138428,1
809,411.7513122558594,462.6543273925781,414.8523864746094,460.96728515625,178.7036590576172,training,0.13128848373889923,1
810,412.35638427734375,166.456787109375,414.766357421875,163.1907958984375,176.0965576171875,training,0.4672265946865082,1
811,412.3789978027344,244.74525451660156,414.6505432128906,240.662841796875,182.30194091796875,training,1.4152470827102661,1
812,412.5003662109375,157.41012573242188,414.0335998535156,154.0686492919922,201.97772216796875,training,0.5610239505767822,1
813,412.73370361328125,350.38031005859375,415.84393310546875,347.6930847167969,115.72380828857422,training,0.5538254976272583,1
814,412.92724609375,397.3977355957031,416.23974609375,395.4472961425781,141.9013671875,training,0.3784164786338806,1
815,412.9671936035156,272.5318298339844,415.56634521484375,268.7566223144531,158.9056396484375,training,1.2044750452041626,1
816,413.0204772949219,377.2862854003906,415.9928894042969,375.3450927734375,133.98133850097656,training,0.23547537624835968,1
817,413.4581604003906,186.21139526367188,415.563232421875,183.00518798828125,229.2574920654297,training,0.2566571533679962,1
818,413.5003662109375,198.89837646484375,415.6134948730469,195.69464111328125,230.12388610839844,training,0.30838051438331604,1
819,414.2718505859375,215.17543029785156,416.6705017089844,211.38949584960938,217.10366821289062,training,0.9374620914459229,1
820,414.4385681152344,357.5242004394531,416.3206787109375,355.4962463378906,190.26560974121094,training,0.9507651329040527,1
821,414.51141357421875,166.1458282470703,416.6855773925781,162.94886779785156,147.8309783935547,training,0.1862403303384781,1
822,414.67852783203125,561.0663452148438,417.45404052734375,556.9442749023438,147.4754180908203,training,2.7767720222473145,1
823,414.7388000488281,330.4048767089844,417.1005554199219,327.8356018066406,177.14401245117188,training,0.36190152168273926,1
824,414.8810729980469,482.0736083984375,417.83203125,480.1029357910156,133.29290771484375,training,0.3798072636127472,1
825,415.04742431640625,419.5260314941406,417.91839599609375,418.59063720703125,227.91665649414062,training,1.14005446434021,1
826,415.10015869140625,379.880859375,419.67852783203125,376.9492492675781,205.6890869140625,training,1.834503173828125,1
827,415.42059326171875,485.41546630859375,418.8199157714844,483.2178649902344,132.3177947998047,training,0.40002626180648804,1
828,415.4603271484375,374.0591735839844,418.4535217285156,371.90557861328125,150.55563354492188,training,0.17117972671985626,1
829,415.4725036621094,148.4530487060547,417.27557373046875,144.62599182128906,209.2510528564453,training,0.6648281216621399,1
830,415.5124206542969,275.3644104003906,417.9360046386719,271.6744384765625,97.49871826171875,training,1.0235763788223267,1
831,416.1660461425781,362.95355224609375,419.81439208984375,360.36785888671875,168.9556121826172,training,0.8664311766624451,1
832,416.65203857421875,388.1474914550781,419.460205078125,386.2315673828125,117.88129425048828,training,0.3549588918685913,1
833,416.6810607910156,284.3413391113281,419.14434814453125,280.6374816894531,161.66632080078125,training,1.0279752016067505,1
834,416.9052734375,391.05859375,420.6429748535156,388.90814208984375,150.7613983154297,training,0.813368558883667,1
835,417.1719665527344,272.2407531738281,419.9262390136719,268.3907775878906,175.447998046875,training,1.1435396671295166,1
836,417.1867980957031,445.5635070800781,420.6552429199219,443.89739990234375,116.83321380615234,training,0.49318447709083557,1
837,417.4229431152344,140.662109375,418.5240478515625,136.6988983154297,203.14773559570312,training,1.072094440460205,1
838,417.4334411621094,522.9265747070312,419.9947814941406,519.6358642578125,198.23219299316406,training,1.7938146591186523,1
839,417.6042175292969,124.29824829101562,418.4518127441406,119.4455795288086,171.95639038085938,training,1.806246042251587,1
840,417.84521484375,448.93914794921875,420.6673889160156,447.4686279296875,160.34649658203125,training,0.6735687255859375,1
841,417.9656982421875,174.3701934814453,419.9687805175781,171.03480529785156,146.44793701171875,training,0.1741030216217041,1
842,418.8935852050781,246.8780059814453,420.736328125,242.6969757080078,155.7722625732422,training,1.3662354946136475,1
843,420.0248107910156,184.2965850830078,422.27392578125,180.47958374023438,179.01675415039062,training,0.6174400448799133,1
844,420.14996337890625,315.55523681640625,422.5877685546875,312.7245788574219,108.52649688720703,training,0.24277597665786743,1
845,420.2308044433594,215.52471923828125,422.4521179199219,211.6487579345703,170.223388671875,training,0.7799104452133179,1
846,420.6624450683594,439.8828430175781,423.5077819824219,438.4332580566406,151.78602600097656,training,0.801521897315979,1
847,420.7017517089844,298.7022705078125,423.7181701660156,294.5780944824219,145.10340881347656,training,1.4212881326675415,1
848,420.965576171875,456.93023681640625,424.3113098144531,455.32275390625,173.67210388183594,training,0.5558257699012756,1
849,421.4139404296875,471.466552734375,425.2876281738281,469.2120361328125,194.7845001220703,training,0.6394186615943909,1
850,421.4139404296875,471.466552734375,425.2876281738281,469.2120361328125,170.74835205078125,training,0.6394186615943909,1
851,421.6041259765625,336.218994140625,424.64892578125,333.3232116699219,164.39891052246094,training,0.4054967164993286,1
852,422.0126953125,219.92111206054688,424.49822998046875,215.7038116455078,135.0333251953125,training,1.0939027070999146,1
853,422.4831237792969,541.908203125,425.4374694824219,537.52392578125,153.36557006835938,training,2.5935754776000977,1
854,422.5383605957031,168.2559356689453,425.1191101074219,164.38308715820312,116.15937042236328,training,0.7256572842597961,1
855,422.5802307128906,189.00743103027344,424.6960144042969,185.0333251953125,194.6458282470703,training,0.677990734577179,1
856,422.62115478515625,500.5905456542969,425.8333435058594,497.93817138671875,167.0059814453125,training,0.642179548740387,1
857,422.98028564453125,268.317138671875,425.8519592285156,263.7488708496094,153.7855682373047,training,1.635237693786621,1
858,423.1062927246094,150.80795288085938,424.8793029785156,146.12924194335938,213.2533721923828,training,1.2239254713058472,1
859,423.3457946777344,164.24884033203125,424.9889221191406,160.3729705810547,179.52993774414062,training,0.5948171615600586,1
860,423.3935241699219,525.4514770507812,426.5118408203125,521.7061767578125,195.5530548095703,training,1.8204846382141113,1
861,423.5111083984375,545.1889038085938,427.1257629394531,540.3511352539062,181.5433807373047,training,2.9553587436676025,1
862,423.6209716796875,310.37713623046875,425.64349365234375,307.5350646972656,149.8599395751953,training,0.5917978882789612,1
863,423.6432800292969,387.8671569824219,426.2770690917969,385.95758056640625,158.9685516357422,training,0.6829689145088196,1
864,424.16436767578125,315.1325378417969,427.01470947265625,312.119140625,122.31517028808594,training,0.2743965983390808,1
865,424.2311706542969,478.0901794433594,427.1059265136719,475.9956359863281,167.65142822265625,training,0.4161818325519562,1
866,424.46917724609375,351.3664855957031,426.5763854980469,349.0793151855469,187.38729858398438,training,0.7925159931182861,1
867,424.5631103515625,136.32081604003906,425.6691589355469,131.3030242919922,188.70877075195312,training,1.6464241743087769,1
868,425.3270568847656,106.51192474365234,426.8359680175781,100.01388549804688,142.23924255371094,training,2.774078130722046,1
869,425.6158447265625,392.0769958496094,428.47222900390625,390.16949462890625,145.67430114746094,training,0.686568021774292,1
870,425.9992370605469,221.84451293945312,428.1863098144531,217.6271514892578,154.1590118408203,training,0.9237644672393799,1
871,427.1341247558594,563.398681640625,430.0359802246094,558.8226928710938,188.984130859375,training,2.7216665744781494,1
872,427.3891296386719,258.5184020996094,429.6119689941406,253.89144897460938,190.32078552246094,training,1.4371973276138306,1
873,427.79693603515625,285.3448486328125,429.74114990234375,281.69805908203125,188.70347595214844,training,0.7861191034317017,1
874,428.0719299316406,597.9498901367188,430.7091979980469,592.909423828125,132.5745086669922,training,3.384564161300659,1
875,428.1482238769531,173.19358825683594,430.0877990722656,168.91416931152344,148.4149627685547,training,0.7126944065093994,1
876,428.2641296386719,108.77193450927734,429.4649658203125,102.50946044921875,195.041015625,training,2.493696928024292,1
877,428.2641296386719,108.77193450927734,429.4649658203125,102.50946044921875,192.19781494140625,training,2.493696928024292,1
878,428.4043273925781,272.4081115722656,430.8654479980469,267.8587951660156,162.26829528808594,training,1.3639023303985596,1
879,428.4634094238281,395.71136474609375,431.433349609375,393.8416748046875,125.4950180053711,training,0.8163036108016968,1
880,428.4754638671875,503.3616638183594,432.1259765625,499.8811340332031,209.6997833251953,training,1.2607678174972534,1
881,428.4947814941406,344.5166931152344,431.4408874511719,341.6126403808594,197.58541870117188,training,0.1932140737771988,1
882,428.6170349121094,421.71142578125,432.2674255371094,419.77410888671875,178.5329132080078,training,0.8772563934326172,1
883,430.1478271484375,463.11376953125,433.3507385253906,461.0339050292969,140.84388732910156,training,0.3984302580356598,1
884,430.8110046386719,119.6115493774414,432.12017822265625,113.73355102539062,146.24295043945312,training,2.051851272583008,1
885,430.9296875,535.0050659179688,433.4715576171875,530.5714111328125,202.62033081054688,training,2.4205894470214844,1
886,431.7408142089844,470.8710021972656,434.5693664550781,469.26507568359375,158.20556640625,training,0.9992576241493225,1
887,432.8390808105469,108.62206268310547,433.85748291015625,102.11631774902344,153.55130004882812,training,2.605597496032715,1
888,432.9056396484375,315.9175720214844,435.1500244140625,312.8778991699219,173.58570861816406,training,0.423586368560791,1
889,432.99981689453125,538.8714599609375,436.0471496582031,534.0088500976562,163.220703125,training,2.6257667541503906,1
890,433.0140075683594,344.8957214355469,435.7596130371094,342.06109619140625,153.1665802001953,training,0.2369324266910553,1
891,433.0960998535156,585.5025634765625,435.7911071777344,579.8208618164062,176.2356414794922,training,3.7282490730285645,1
892,433.3284912109375,366.578369140625,435.9220886230469,363.8589172363281,185.2943572998047,training,0.372466504573822,1
893,433.75897216796875,305.29443359375,436.4257507324219,301.3511657714844,156.08010864257812,training,0.6847832798957825,1
894,433.75897216796875,305.29443359375,436.4257507324219,301.3511657714844,167.9583282470703,training,0.6847832798957825,1
895,434.135009765625,477.1812438964844,437.8881530761719,474.76776123046875,161.96604919433594,training,0.4969578981399536,1
896,434.2652587890625,493.4268798828125,437.2735290527344,490.73199462890625,162.7390594482422,training,0.38442131876945496,1
897,434.4715270996094,397.9260559082031,437.2079772949219,396.1846618652344,179.42965698242188,training,1.194120168685913,1
898,434.5800476074219,221.38592529296875,436.9446105957031,216.8430938720703,165.52944946289062,training,0.9125584363937378,1
899,435.0035400390625,361.2712097167969,438.26605224609375,358.221435546875,208.0817108154297,training,0.4399219751358032,1
900,435.1935119628906,322.4582824707031,438.60321044921875,319.0556945800781,151.57505798339844,training,0.7559366226196289,1
901,435.31201171875,562.75634765625,436.9472961425781,557.7556762695312,167.60369873046875,training,3.3745920658111572,1
902,435.7742919921875,608.4163818359375,438.76031494140625,602.9722900390625,185.34292602539062,training,3.4363157749176025,1
903,436.8014831542969,224.8981170654297,438.78509521484375,220.5320281982422,92.40670776367188,training,0.7227649688720703,1
904,437.363037109375,208.50599670410156,440.0621032714844,204.3757781982422,179.76651000976562,training,0.5848853588104248,1
905,437.627197265625,244.46231079101562,439.7166442871094,239.97268676757812,138.4088134765625,training,0.8720436096191406,1
906,438.5215148925781,255.9785614013672,440.52264404296875,251.04615783691406,196.00765991210938,training,1.3460038900375366,1
907,438.93304443359375,337.3668212890625,441.906005859375,334.09246826171875,199.72731018066406,training,0.24890165030956268,1
908,439.1957092285156,171.18093872070312,440.7098388671875,166.4103546142578,159.26707458496094,training,0.934018075466156,1
909,439.92230224609375,484.05767822265625,443.00885009765625,481.0430908203125,138.8776397705078,training,0.3302209973335266,1
910,440.2229309082031,376.7066650390625,442.264404296875,374.0040588378906,196.09181213378906,training,0.9949964284896851,1
911,440.339599609375,156.1405792236328,441.9379577636719,150.5154571533203,123.00406646728516,training,1.5542408227920532,1
912,440.4418640136719,473.4416198730469,443.4854736328125,471.3272399902344,163.66123962402344,training,0.7605693936347961,1
913,440.7995910644531,407.0342102050781,444.0312805175781,404.26849365234375,117.26039123535156,training,0.4215458929538727,1
914,440.97125244140625,326.3895568847656,443.8785095214844,323.3297119140625,118.99579620361328,training,0.4547695517539978,1
915,441.1026611328125,193.93453979492188,443.0673828125,189.64840698242188,123.08533477783203,training,0.34548595547676086,1
916,441.52520751953125,542.2958374023438,443.8205261230469,537.5147094726562,145.62966918945312,training,2.513277053833008,1
917,441.52520751953125,542.2958374023438,443.8205261230469,537.5147094726562,104.54185485839844,training,2.513277053833008,1
918,442.24896240234375,184.03402709960938,444.06768798828125,179.36660766601562,138.4124298095703,training,0.6546947360038757,1
919,442.4295349121094,443.8553161621094,445.0995178222656,442.0174255371094,112.12938690185547,training,1.2950199842453003,1
920,442.7099609375,224.15658569335938,444.6523132324219,219.8490447998047,176.03976440429688,training,0.49946126341819763,1
921,443.72564697265625,234.48001098632812,446.2389831542969,229.80422973632812,199.228515625,training,0.758370578289032,1
922,443.81854248046875,387.582763671875,446.7693176269531,384.6437072753906,184.05162048339844,training,0.3828144371509552,1
923,443.8452453613281,557.09716796875,446.37982177734375,551.3856811523438,156.29139709472656,training,3.260416030883789,1
924,444.74505615234375,509.65655517578125,447.7974853515625,505.57012939453125,191.13868713378906,training,1.2792131900787354,1
925,444.9127197265625,290.4407653808594,447.833740234375,285.5044250488281,164.55393981933594,training,1.2340096235275269,1
926,445.2242431640625,548.5599365234375,447.66748046875,543.42724609375,187.97872924804688,training,2.663393497467041,1
927,445.4302673339844,202.79229736328125,447.5338134765625,198.49908447265625,124.84390258789062,training,0.18412521481513977,1
928,445.5824279785156,430.1059265136719,448.8231201171875,427.0233459472656,217.55918884277344,training,0.19210094213485718,1
929,445.6351623535156,177.7169647216797,447.7975158691406,172.45233154296875,188.58950805664062,training,1.0195001363754272,1
930,445.97607421875,440.9389953613281,449.2257995605469,438.479736328125,107.49418640136719,training,0.7369100451469421,1
931,446.0665283203125,570.0548706054688,448.2467956542969,563.850341796875,223.10983276367188,training,3.834615468978882,1
932,446.12347412109375,207.5839385986328,448.2068176269531,202.8717498779297,178.08985900878906,training,0.5839099884033203,1
933,446.1624755859375,492.2223815917969,449.2190246582031,488.8607482910156,176.8049774169922,training,0.4761790335178375,1
934,446.60662841796875,552.4808959960938,449.3550720214844,546.6422729492188,150.19985961914062,training,3.192004680633545,1
935,446.91009521484375,211.4054412841797,449.1136169433594,206.95716857910156,153.93829345703125,training,0.29021331667900085,1
936,447.0215759277344,348.3124694824219,449.8751220703125,345.2190246582031,126.14277648925781,training,0.5188456773757935,1
937,447.19866943359375,255.99246215820312,449.09918212890625,251.2285919189453,169.36351013183594,training,0.9285867810249329,1
938,447.19866943359375,255.99246215820312,449.09918212890625,251.2285919189453,177.43167114257812,training,0.9285867810249329,1
939,447.1991882324219,297.7402648925781,449.6816101074219,293.3229675292969,167.93450927734375,training,0.6052592992782593,1
940,447.524169921875,284.3512878417969,449.375244140625,279.5647888183594,230.2628936767578,training,1.1246155500411987,1
941,447.524169921875,284.3512878417969,449.375244140625,279.5647888183594,205.6307373046875,training,1.1246155500411987,1
942,447.6729736328125,216.5374755859375,450.3121032714844,211.95025634765625,141.42489624023438,training,0.5666489005088806,1
943,447.9851989746094,439.17364501953125,450.836181640625,436.89031982421875,162.74827575683594,training,1.0334432125091553,1
944,447.9906921386719,116.54110717773438,449.7608337402344,109.1317367553711,219.0433807373047,training,2.8223989009857178,1
945,448.2416687011719,89.15718078613281,450.2225646972656,80.52576446533203,229.1876983642578,training,3.9284567832946777,1
946,448.66943359375,303.88934326171875,450.8045959472656,299.96136474609375,176.7880096435547,training,0.47544941306114197,1
947,448.8373107910156,286.93121337890625,450.940185546875,282.2573547363281,211.33859252929688,training,0.8630343675613403,1
948,448.89581298828125,153.43011474609375,450.7976379394531,146.40420532226562,221.34136962890625,training,2.5543012619018555,1
949,449.1558532714844,443.5875244140625,452.1554260253906,441.16168212890625,78.81623840332031,training,0.8917062282562256,1
950,449.1558532714844,443.5875244140625,452.1554260253906,441.16168212890625,99.19677734375,training,0.8917062282562256,1
951,449.2772216796875,388.9715881347656,452.3494567871094,385.8376770019531,160.6424560546875,training,0.41668859124183655,1
952,449.3786315917969,426.05242919921875,452.475341796875,423.3716735839844,177.2314910888672,training,0.702420711517334,1
953,449.3786315917969,426.05242919921875,452.475341796875,423.3716735839844,147.83436584472656,training,0.702420711517334,1
954,449.56427001953125,391.8283996582031,452.7814636230469,388.6416320800781,180.8811798095703,training,0.43196752667427063,1
955,449.6956481933594,510.12103271484375,452.3813171386719,505.8335266113281,180.66543579101562,training,1.438462734222412,1
956,449.83966064453125,505.7297058105469,453.1551818847656,501.5171813964844,184.05433654785156,training,1.1392914056777954,1
957,449.8414611816406,447.97100830078125,453.1740417480469,445.3570556640625,86.59676361083984,training,0.7150735259056091,1
958,450.8194580078125,274.4386291503906,453.57843017578125,269.5768737792969,178.80995178222656,training,0.8490819931030273,1
959,451.3345642089844,537.7982177734375,453.4685974121094,532.21533203125,241.4042205810547,training,2.9341847896575928,1
960,451.68218994140625,164.30905151367188,453.62506103515625,158.60316467285156,173.09535217285156,training,1.1721359491348267,1
961,452.15618896484375,179.74246215820312,454.1357421875,174.37599182128906,136.0514678955078,training,0.8820748329162598,1
962,452.29132080078125,174.20944213867188,456.01092529296875,168.7966766357422,201.2635040283203,training,1.8555190563201904,1
963,453.278564453125,422.1170959472656,456.1863098144531,419.1188659667969,169.2808380126953,training,0.5793142318725586,1
964,453.78704833984375,398.73150634765625,456.87103271484375,395.61993408203125,130.1038055419922,training,0.5645278692245483,1
965,453.9696350097656,466.2585754394531,456.0411376953125,463.6521301269531,142.33059692382812,training,1.4231446981430054,1
966,454.16619873046875,533.42919921875,456.1912536621094,528.0199584960938,118.65917205810547,training,2.7224552631378174,1
967,454.23760986328125,312.79608154296875,456.5661926269531,309.0125427246094,155.35121154785156,training,0.402840793132782,1
968,454.5842590332031,405.3426513671875,457.1999816894531,402.73919677734375,188.97354125976562,training,1.1392171382904053,1
969,455.5968017578125,252.5622100830078,457.51715087890625,247.9099578857422,140.1106719970703,training,0.5802634358406067,1
971,456.32061767578125,383.409912109375,459.09283447265625,379.9665222167969,177.79200744628906,training,0.4150219261646271,1
972,457.1693115234375,281.8768615722656,459.32562255859375,277.1004638671875,132.8495330810547,training,0.6203755140304565,1
973,457.3547058105469,277.72625732421875,459.5572204589844,272.92669677734375,108.00463104248047,training,0.5847727656364441,1
974,457.4178466796875,442.0229187011719,460.94256591796875,438.5580749511719,149.58274841308594,training,0.40278249979019165,1
975,457.93798828125,341.1810302734375,460.7919006347656,337.677490234375,134.8814239501953,training,0.568942129611969,1
976,458.419921875,449.1203918457031,461.48846435546875,446.1888122558594,115.27792358398438,training,0.7223814129829407,1
977,458.46990966796875,400.6002197265625,461.355712890625,397.66632080078125,201.6903533935547,training,0.9161179661750793,1
978,458.7848205566406,221.6149139404297,460.81378173828125,216.42611694335938,187.05613708496094,training,0.656135082244873,1
979,459.1976318359375,392.0711975097656,462.33251953125,388.2745666503906,173.121337890625,training,0.205267533659935,1
980,459.5156555175781,373.6289978027344,462.19677734375,370.197021484375,213.9439239501953,training,0.5993763208389282,1
981,459.5187683105469,97.55302429199219,460.39471435546875,89.13375091552734,181.9120635986328,training,3.425865411758423,1
982,459.8133239746094,454.99591064453125,464.23492431640625,451.8975524902344,125.19584655761719,training,1.3398609161376953,1
983,459.8167419433594,566.6421508789062,462.03460693359375,559.9065551757812,210.53741455078125,training,3.7977793216705322,1
984,459.93988037109375,202.8214111328125,462.0627136230469,197.56582641601562,213.59307861328125,training,0.5563570857048035,1
985,460.1341552734375,218.46644592285156,462.262939453125,213.30101013183594,159.05345153808594,training,0.5350266098976135,1
986,461.12109375,183.3617706298828,463.04736328125,177.6603240966797,190.49671936035156,training,0.8941444754600525,1
987,461.1371765136719,288.9574279785156,463.4037780761719,284.44012451171875,154.10386657714844,training,0.308736652135849,1
988,461.3531188964844,167.0621795654297,463.06536865234375,160.67518615722656,194.6946258544922,training,1.5222593545913696,1
989,461.54083251953125,269.0449523925781,463.9062194824219,263.9185791015625,188.30029296875,training,0.6363540291786194,1
990,462.10137939453125,303.9931640625,465.9228820800781,299.99493408203125,247.4974822998047,training,1.2665934562683105,1
991,462.1653137207031,176.16241455078125,463.54730224609375,170.71109008789062,166.22274780273438,training,0.9086211919784546,1
992,463.1998291015625,359.4169006347656,466.3072204589844,355.35772705078125,188.44361877441406,training,0.30561840534210205,1
993,463.2398681640625,255.9046630859375,465.40582275390625,251.27316284179688,155.25462341308594,training,0.2575390338897705,1
994,464.0711364746094,146.7924041748047,465.102783203125,139.4295196533203,134.0895233154297,training,2.460969924926758,1
995,464.5404968261719,432.64947509765625,467.92364501953125,428.69903564453125,202.70668029785156,training,0.25683724880218506,1
996,464.9208984375,307.1130065917969,467.7181396484375,302.7681884765625,124.0,training,0.21501174569129944,1
997,465.31976318359375,299.994384765625,467.8708190917969,295.6646728515625,165.00909423828125,training,0.1981271654367447,1
998,465.58502197265625,141.3983154296875,466.8492431640625,133.74783325195312,165.2725067138672,training,2.5715200901031494,1
999,465.5936584472656,240.4415740966797,467.9529113769531,235.5382843017578,146.45477294921875,training,0.12848113477230072,1
1000,465.8594970703125,224.6358642578125,467.88153076171875,219.47393798828125,106.79887390136719,training,0.418515145778656,1
1001,466.1482849121094,122.45512390136719,467.9017639160156,114.27767944335938,215.64785766601562,training,2.904039144515991,1
1002,466.22625732421875,274.1880187988281,468.57720947265625,269.53436279296875,152.74815368652344,training,0.14710791409015656,1
1003,466.4411315917969,227.6383056640625,468.63641357421875,222.48280334472656,98.68637084960938,training,0.3178437054157257,1
1004,466.49169921875,337.8463134765625,469.423828125,334.0595397949219,128.79052734375,training,0.6525664925575256,1
1005,466.8461608886719,370.83111572265625,469.87445068359375,366.6650390625,203.66639709472656,training,0.1937658190727234,1
1006,467.36395263671875,99.50630187988281,468.4893493652344,90.77931213378906,167.9106903076172,training,3.3779914379119873,1
1007,467.387451171875,396.18548583984375,472.58544921875,392.8086242675781,208.86119079589844,training,2.366764545440674,1
1008,468.09503173828125,256.86883544921875,470.2140197753906,252.41082763671875,156.7737274169922,training,0.46696150302886963,1
1009,468.14727783203125,145.60659790039062,469.3639221191406,137.96270751953125,196.17849731445312,training,2.5045924186706543,1
1010,469.3786315917969,247.9586944580078,472.11346435546875,243.0534210205078,111.3283462524414,training,0.33946236968040466,1
1011,469.39495849609375,427.65521240234375,472.19732666015625,423.7565612792969,198.6705780029297,training,0.40469565987586975,1
1012,469.5322265625,119.48548889160156,470.4490051269531,111.18524932861328,144.32948303222656,training,3.037062168121338,1
1013,469.85150146484375,297.9424743652344,472.62939453125,293.4769287109375,139.19052124023438,training,0.3039456903934479,1
1014,469.8584289550781,379.0509033203125,472.6036682128906,375.1268310546875,152.7874298095703,training,0.4853357672691345,1
1015,470.2185363769531,398.0038146972656,472.91986083984375,393.90142822265625,159.72476196289062,training,0.3603971004486084,1
1016,470.6198425292969,111.27667236328125,471.11273193359375,102.86373138427734,179.54664611816406,training,3.2169339656829834,1
1017,470.6793212890625,287.1038513183594,474.2948303222656,282.5308532714844,167.33499145507812,training,1.0844029188156128,1
1018,471.7980651855469,197.64134216308594,473.41864013671875,192.31170654296875,142.06336975097656,training,0.5926744341850281,1
1019,472.5544128417969,230.46453857421875,474.4774475097656,224.93170166015625,193.81692504882812,training,0.6011650562286377,1
1020,472.80096435546875,386.7171325683594,476.0188293457031,382.1997985839844,155.1354217529297,training,0.27430063486099243,1
1021,472.9034118652344,192.576171875,474.9880065917969,186.6249542236328,153.9318084716797,training,0.7009109854698181,1
1022,473.75360107421875,166.92153930664062,475.1942138671875,159.97235107421875,184.05162048339844,training,1.6798301935195923,1
1023,473.8574523925781,439.3570556640625,477.130615234375,435.4498596191406,163.3095245361328,training,0.3990526497364044,1
1024,474.07562255859375,203.69271850585938,477.7763977050781,197.91043090820312,212.6405487060547,training,1.5685547590255737,1
1025,474.1722717285156,186.67222595214844,476.0782470703125,180.80642700195312,129.2826385498047,training,0.590572714805603,1
1026,474.26287841796875,134.90127563476562,475.7225646972656,126.73927307128906,189.0925750732422,training,2.6628217697143555,1
1027,474.64654541015625,298.38037109375,476.5412292480469,294.4105224609375,182.5130157470703,training,1.162363886833191,1
1028,475.1152038574219,507.73785400390625,477.9441223144531,502.4477844238281,254.28134155273438,training,1.3691575527191162,1
1029,475.14105224609375,448.9228210449219,478.1183776855469,444.9758605957031,213.7007293701172,training,0.41706418991088867,1
1030,475.2317199707031,120.74967193603516,475.96478271484375,112.13109588623047,126.7398910522461,training,3.196547269821167,1
1031,475.72918701171875,468.484375,478.2142333984375,464.560791015625,160.8664093017578,training,0.8534564971923828,1
1032,475.7543640136719,125.016357421875,476.96759033203125,116.45881652832031,123.87090301513672,training,2.9965662956237793,1
1033,475.7543640136719,125.016357421875,476.96759033203125,116.45881652832031,145.26527404785156,training,2.9965662956237793,1
1034,476.49212646484375,128.2712860107422,477.02191162109375,119.81005859375,201.05223083496094,training,3.1300907135009766,1
1035,476.52862548828125,283.9835510253906,479.3641662597656,279.3330078125,190.96072387695312,training,0.47638648748397827,1
1036,476.6505126953125,190.5860137939453,478.57489013671875,184.69117736816406,237.1708221435547,training,0.5430374145507812,1
1037,476.9241638183594,474.0316467285156,481.1588134765625,469.03643798828125,171.4642791748047,training,1.1847864389419556,1
1038,477.8392333984375,226.16952514648438,480.6944885253906,220.40020751953125,166.13247680664062,training,0.7072927951812744,1
1039,477.9582214355469,434.0718078613281,481.6490478515625,429.6662902832031,163.77423095703125,training,0.5542622804641724,1
1040,478.07403564453125,228.9087677001953,480.2464904785156,223.79312133789062,92.67146301269531,training,0.2485760599374771,1
1041,478.07403564453125,228.9087677001953,480.2464904785156,223.79312133789062,196.36190795898438,training,0.2485760599374771,1
1042,478.1230163574219,308.7807312011719,481.9376220703125,303.8305358886719,196.95431518554688,training,1.1723756790161133,1
1043,478.40081787109375,250.78073120117188,480.9061279296875,246.07125854492188,219.68841552734375,training,0.5340092778205872,1
1044,478.4317321777344,115.44271087646484,479.5849914550781,106.28970336914062,127.2752914428711,training,3.4420785903930664,1
1045,478.4317321777344,115.44271087646484,479.5849914550781,106.28970336914062,133.22161865234375,training,3.4420785903930664,1
1046,478.57470703125,399.04083251953125,481.69915771484375,394.6421203613281,167.07781982421875,training,0.2695832848548889,1
1047,478.8299865722656,279.84130859375,481.8544006347656,275.1319885253906,188.4595489501953,training,0.6529828310012817,1
1048,479.7273864746094,231.15655517578125,481.8351745605469,226.1424560546875,133.70489501953125,training,0.42022281885147095,1
1049,480.3727111816406,133.85093688964844,481.60150146484375,125.36785888671875,102.78131866455078,training,2.7890782356262207,1
1050,481.1358337402344,360.1817932128906,483.503173828125,355.8480224609375,134.19761657714844,training,0.7414226531982422,1
1051,481.6183776855469,101.74897003173828,482.52423095703125,92.28788757324219,192.1275634765625,training,3.6111526489257812,1
1052,482.2438659667969,174.28981018066406,484.26300048828125,167.13453674316406,177.4683074951172,training,1.4606759548187256,1
1053,482.2438659667969,174.28981018066406,484.26300048828125,167.13453674316406,170.1264190673828,training,1.4606759548187256,1
1054,482.43804931640625,250.67431640625,484.9725036621094,245.69924926757812,130.3648681640625,training,0.43594416975975037,1
1055,482.43804931640625,250.67431640625,484.9725036621094,245.69924926757812,125.32756805419922,training,0.43594416975975037,1
1056,482.5009765625,293.9598693847656,484.8048095703125,289.62933349609375,225.0333251953125,training,0.9338737726211548,1
1057,482.60198974609375,349.5577392578125,485.3121032714844,345.2171630859375,123.40583801269531,training,0.664830207824707,1
1058,483.0986328125,365.4126892089844,486.32391357421875,360.49090576171875,180.9364471435547,training,0.355634480714798,1
1059,483.15582275390625,228.51266479492188,485.9817199707031,222.60125732421875,136.43313598632812,training,0.6385880708694458,1
1060,483.26531982421875,381.2174072265625,486.36761474609375,376.69097900390625,132.39712524414062,training,0.4055444598197937,1
1061,484.0353088378906,259.1653137207031,487.8225402832031,253.11851501464844,225.42404174804688,training,1.4763067960739136,1
1062,484.1349792480469,241.54591369628906,486.57843017578125,236.42921447753906,137.63720703125,training,0.3865896165370941,1
1063,484.1824951171875,121.47232818603516,485.329833984375,112.49658966064453,185.74444580078125,training,3.0811634063720703,1
1064,484.70428466796875,355.6868591308594,488.1873779296875,351.0174255371094,174.252685546875,training,0.755844235420227,1
1065,485.09857177734375,211.84291076660156,487.3992614746094,206.0296630859375,204.83895874023438,training,0.1612522006034851,1
1066,485.4390869140625,279.4916687011719,487.2765808105469,275.1988830566406,218.28192138671875,training,1.3020657300949097,1
1067,485.4400939941406,208.40457153320312,488.0622253417969,202.38111877441406,202.1781463623047,training,0.5046216249465942,1
1068,485.6200866699219,406.4898681640625,488.60870361328125,401.6694030761719,163.55120849609375,heldout,0.07991205900907516,1
1070,486.8408203125,389.1861877441406,489.5911560058594,384.728759765625,104.29765319824219,training,0.5875691175460815,1
1071,487.0652770996094,232.56353759765625,489.39068603515625,227.31813049316406,109.73604583740234,training,0.40462303161621094,1
1072,487.22625732421875,474.4792175292969,489.9765930175781,469.3311462402344,199.86245727539062,heldout,0.7330009341239929,1
1073,487.53985595703125,268.97576904296875,489.8643493652344,264.08123779296875,158.06961059570312,training,0.6471036076545715,1
1074,487.8206481933594,433.8145751953125,490.7054443359375,428.9595947265625,209.95713806152344,heldout,0.2610965073108673,1
1075,488.02203369140625,457.4247741699219,491.5441589355469,452.2174987792969,214.9139404296875,heldout,0.5189306139945984,1
1076,488.6224060058594,272.392333984375,491.3999328613281,267.4631652832031,124.05644226074219,training,0.6766716837882996,1
1077,489.4249572753906,161.9745635986328,490.8868103027344,154.45098876953125,125.70600891113281,training,1.6119643449783325,1
1078,489.9405517578125,225.73020935058594,492.0986633300781,220.2761688232422,206.08493041992188,training,0.37326371669769287,1
1079,490.0894470214844,345.4071044921875,492.83514404296875,341.27935791015625,102.56705474853516,training,1.182223916053772,1
1080,490.257080078125,288.74603271484375,493.4101257324219,283.7262878417969,172.76573181152344,training,0.784766435623169,1
1081,490.5402526855469,197.3140106201172,492.62200927734375,191.19024658203125,117.46914672851562,training,0.23174269497394562,1
1082,490.7756652832031,309.29339599609375,493.5046081542969,304.81005859375,201.48696899414062,training,1.0023657083511353,1
1083,490.8340759277344,364.108642578125,493.1884460449219,359.34466552734375,143.58621215820312,training,0.717452883720398,1
1084,491.5602722167969,334.1732177734375,494.2931213378906,329.78387451171875,181.1739501953125,training,1.0231961011886597,1
1085,491.9590759277344,350.1597900390625,496.4043884277344,345.67242431640625,196.3084259033203,training,1.8495864868164062,1
1086,492.0411682128906,242.33399963378906,494.50543212890625,237.00421142578125,98.88882446289062,training,0.4813438057899475,1
1087,492.2634582519531,284.408203125,494.77764892578125,279.6953125,204.61427307128906,training,0.9304922819137573,1
1088,492.6318054199219,213.37078857421875,494.58392333984375,207.42498779296875,180.285888671875,training,0.32089245319366455,1
1089,492.6947937011719,121.53271484375,493.7027282714844,112.30997467041016,163.8871612548828,training,3.0369017124176025,1
1090,492.819091796875,356.42803955078125,495.6771545410156,352.22271728515625,135.7350311279297,training,1.1659494638442993,1
1091,493.1351013183594,168.78013610839844,495.37701416015625,161.3287353515625,131.2326202392578,training,1.312193512916565,1
1092,493.2086181640625,165.33636474609375,494.6744384765625,157.97726440429688,120.99173736572266,training,1.3446444272994995,1
1093,493.7701110839844,318.6463623046875,497.0693664550781,312.7555236816406,221.339111328125,training,0.6904118657112122,1
1094,494.3830871582031,374.2648010253906,497.9202575683594,368.7030334472656,140.42791748046875,training,0.6555938124656677,1
1095,494.81793212890625,361.8786926269531,497.62298583984375,357.24072265625,109.72693634033203,training,0.7916943430900574,1
1096,494.8621520996094,315.00372314453125,497.5016174316406,310.5523681640625,221.41815185546875,training,1.169254183769226,1
1097,494.8621520996094,315.00372314453125,497.5016174316406,310.5523681640625,193.31063842773438,training,1.169254183769226,1
1098,495.0643005371094,264.54046630859375,497.8229675292969,259.2243347167969,164.28329467773438,training,0.5884489417076111,1
1099,495.2987060546875,345.4546203613281,498.5465087890625,340.8527526855469,132.08709716796875,training,1.015573501586914,1
1100,495.6492919921875,396.9996337890625,498.5034484863281,392.0213928222656,141.67214965820312,training,0.37074023485183716,1
1101,496.4630432128906,173.43089294433594,497.9760437011719,166.42584228515625,173.93389892578125,training,0.9597702622413635,1
1102,497.0928955078125,120.89436340332031,499.20465087890625,111.48735809326172,163.76812744140625,training,2.916579484939575,1
1103,498.20538330078125,131.84033203125,499.5537414550781,122.54287719726562,137.5027313232422,training,2.865272045135498,1
1104,498.52154541015625,220.4002227783203,500.29888916015625,214.9603729248047,167.45745849609375,training,0.8834412693977356,1
1105,498.6908264160156,196.52337646484375,500.8688659667969,190.08494567871094,126.9842529296875,training,0.18875394761562347,1
1106,498.8857727050781,223.85475158691406,501.0749816894531,218.18614196777344,150.06332397460938,training,0.4973527491092682,1
1107,499.4866943359375,300.52679443359375,502.2915954589844,295.9063720703125,164.4931640625,training,1.2530968189239502,1
1108,499.5398864746094,187.434814453125,502.0053405761719,180.51007080078125,120.39517974853516,training,0.6686824560165405,1
1109,499.5809020996094,349.8548278808594,503.0342712402344,344.83868408203125,223.91293334960938,training,0.9056642055511475,1
1110,499.5809020996094,349.8548278808594,503.0342712402344,344.83868408203125,125.75770568847656,training,0.9056642055511475,1
1111,499.58154296875,183.80264282226562,501.8843688964844,176.9420928955078,159.83741760253906,training,0.5406150221824646,1
1112,499.660400390625,243.4102783203125,502.2245178222656,237.80154418945312,183.81784057617188,training,0.5186055302619934,1
1113,499.68560791015625,281.5269470214844,502.47845458984375,276.4663391113281,131.78770446777344,training,0.9180467128753662,1
1114,499.7853698730469,191.9927520751953,501.98089599609375,185.4108123779297,91.76055908203125,training,0.26815804839134216,1
1115,499.8230895996094,289.7912292480469,502.35302734375,284.9905090332031,145.03793334960938,training,1.1176954507827759,1
1116,499.8230895996094,289.7912292480469,502.35302734375,284.9905090332031,87.00574493408203,training,1.1176954507827759,1
1117,499.97509765625,245.8060760498047,502.57257080078125,240.2364501953125,160.0718536376953,training,0.5657677054405212,1
1118,500.00885009765625,226.78526306152344,502.23175048828125,220.8692626953125,203.4698944091797,training,0.28619199991226196,1
1119,500.3511657714844,135.705078125,501.9659423828125,126.22270202636719,167.51119995117188,training,2.9387407302856445,1
1120,500.9454345703125,268.9892272949219,503.3460388183594,263.8609924316406,147.42115783691406,training,0.9230194687843323,1
1121,501.35174560546875,249.28366088867188,503.4376220703125,243.5765380859375,215.6084442138672,training,0.5492740869522095,1
1122,502.47113037109375,317.13006591796875,505.36260986328125,312.1855163574219,145.8766632080078,training,0.9858103394508362,1
1123,502.9667663574219,272.5332336425781,505.6997985839844,267.2221984863281,89.35323333740234,training,0.8290671706199646,1
1124,503.09942626953125,252.58238220214844,505.423828125,246.8890380859375,109.97272491455078,training,0.5160115957260132,1
1125,503.09942626953125,252.58238220214844,505.423828125,246.8890380859375,120.66482543945312,training,0.5160115957260132,1
1126,503.1250915527344,406.4696044921875,506.4331970214844,400.6816711425781,130.4147186279297,heldout,0.3388967514038086,1
1127,503.4652099609375,140.2871551513672,504.91180419921875,131.59169006347656,174.3186798095703,training,2.098278522491455,1
1128,503.5578918457031,280.8254699707031,506.5501708984375,275.6320495605469,161.4373016357422,training,1.0098261833190918,1
1129,504.1330871582031,313.7540588378906,506.2806091308594,309.4668273925781,191.3739776611328,training,1.782766580581665,1
1130,504.21343994140625,374.43548583984375,507.5146484375,369.08905029296875,109.78160095214844,training,0.551254391670227,1
1131,504.6470031738281,118.38538360595703,505.7967224121094,108.77456665039062,187.34994506835938,training,2.9060680866241455,1
1132,504.85174560546875,256.0522155761719,507.34088134765625,250.52088928222656,153.91555786132812,training,0.7216057181358337,1
1133,504.9343566894531,320.21490478515625,508.6338195800781,315.1424255371094,146.28396606445312,training,1.355474829673767,1
1134,505.0308532714844,234.66122436523438,507.2933044433594,229.05677795410156,106.24970245361328,training,0.7486627697944641,1
1135,506.0508117675781,188.81358337402344,508.1868591308594,181.97569274902344,133.36416625976562,training,0.2695920765399933,1
1136,506.0508117675781,188.81358337402344,508.1868591308594,181.97569274902344,124.711669921875,training,0.2695920765399933,1
1137,506.1042175292969,228.26144409179688,508.43609619140625,222.40513610839844,98.91410064697266,training,0.5579172372817993,1
1138,506.56866455078125,258.84716796875,509.4872131347656,253.21238708496094,169.12716674804688,training,0.8129774928092957,1
1139,506.5757141113281,192.8642578125,509.570068359375,185.55471801757812,233.95726013183594,training,1.0804154872894287,1
1140,506.65869140625,286.4589538574219,509.53277587890625,281.3934020996094,113.74093627929688,training,1.172947883605957,1
1141,507.51190185546875,221.9219970703125,509.09100341796875,216.32308959960938,161.3319549560547,training,1.1606578826904297,1
1142,508.12078857421875,378.1867370605469,511.4557800292969,372.56097412109375,112.6854019165039,training,0.4732409417629242,1
1143,508.1807861328125,290.30218505859375,510.8292541503906,285.34759521484375,90.39911651611328,training,1.2899311780929565,1
1144,508.3815612792969,242.23326110839844,510.7236633300781,236.64822387695312,171.5575714111328,training,0.8633989691734314,1
1145,508.50469970703125,332.3292236328125,511.5638122558594,327.4511413574219,68.77499389648438,training,1.2442172765731812,1
1146,508.55694580078125,178.14207458496094,510.5764465332031,170.87330627441406,119.45710754394531,training,0.5680409073829651,1
1147,508.8472595214844,339.36016845703125,511.7731018066406,334.8963623046875,78.4091796875,training,1.612057089805603,1
1148,509.5014953613281,294.4191589355469,513.3253784179688,289.1042785644531,114.70832824707031,training,1.5529160499572754,1
1149,509.5971984863281,235.23068237304688,512.1055908203125,229.565673828125,88.58329772949219,training,0.868820071220398,1
1150,509.7705383300781,260.7446594238281,512.1480712890625,255.450439453125,157.2482147216797,training,1.1355293989181519,1
1151,509.99908447265625,181.89401245117188,511.86627197265625,175.0034942626953,128.42897033691406,training,0.3215000331401825,1
1152,510.1173095703125,371.5362243652344,513.2406616210938,366.05804443359375,161.73126220703125,training,0.5520987510681152,1
1153,510.5324401855469,267.8128662109375,513.1307373046875,262.1990661621094,180.363525390625,training,0.8189997673034668,1
1154,510.7713928222656,302.7054138183594,513.1715698242188,298.34820556640625,209.78799438476562,training,1.9518381357192993,1
1155,510.89569091796875,227.32130432128906,513.31787109375,221.50987243652344,108.7198257446289,training,0.798794150352478,1
1156,512.1328125,306.39892578125,515.2924194335938,301.5266418457031,111.1395492553711,training,1.5450794696807861,1
1157,512.1328125,306.39892578125,515.2924194335938,301.5266418457031,134.9296112060547,training,1.5450794696807861,1
1158,512.5558471679688,151.7176513671875,514.1949462890625,143.35031127929688,142.58331298828125,training,1.4454379081726074,1
1159,513.7471923828125,166.19387817382812,515.3189697265625,158.5350799560547,152.3253173828125,training,0.8700929880142212,1
1160,515.44091796875,135.4983673095703,517.1492919921875,126.32107543945312,129.2864990234375,training,2.037160634994507,1
1161,515.44091796875,135.4983673095703,517.1492919921875,126.32107543945312,79.49214172363281,training,2.037160634994507,1
1162,515.8226318359375,198.6993408203125,517.5861206054688,191.85433959960938,209.60916137695312,training,0.4714161157608032,1
1163,516.2097778320312,258.82562255859375,518.548095703125,253.38021850585938,132.26866149902344,training,1.2477202415466309,1
1164,516.3597412109375,356.1283874511719,519.7904663085938,350.46826171875,130.55267333984375,training,0.8575990796089172,1
1165,516.3677368164062,205.68841552734375,518.5567626953125,199.1265106201172,200.89797973632812,training,0.3536088168621063,1
1166,516.3827514648438,254.62327575683594,518.8819580078125,248.99832153320312,217.16122436523438,training,1.0862553119659424,1
1167,516.5382690429688,332.0832824707031,519.5891723632812,327.0584716796875,88.13626098632812,training,1.4066280126571655,1
1168,516.7850341796875,222.57135009765625,519.3779907226562,216.41195678710938,128.9418487548828,training,0.746776819229126,1
1169,517.3668212890625,305.04791259765625,519.783203125,300.66668701171875,157.86386108398438,training,2.175299644470215,1
1170,517.41552734375,291.4097900390625,520.6414794921875,285.9308776855469,207.34994506835938,training,1.2853748798370361,1
1171,517.4448852539062,368.27740478515625,519.9891357421875,362.6286926269531,178.35357666015625,training,0.7348732352256775,1
1172,517.5799560546875,316.97564697265625,521.104736328125,311.39715576171875,153.64569091796875,training,1.2388403415679932,1
1173,518.2932739257812,152.30496215820312,519.7905883789062,143.8862762451172,193.1372528076172,training,1.3353699445724487,1
1174,518.3179321289062,373.2205505371094,522.6148681640625,367.3463439941406,180.84800720214844,training,1.437942624092102,1
1175,518.5035400390625,234.40573120117188,520.6179809570312,228.49046325683594,154.13954162597656,training,0.9946725964546204,1
1176,518.662353515625,377.9414978027344,521.2178344726562,372.37646484375,210.0618896484375,training,0.829146146774292,1
1177,518.9052734375,337.6125793457031,521.890380859375,332.6011962890625,110.56220245361328,training,1.4739131927490234,1
1178,519.2854614257812,296.6116638183594,522.642333984375,291.25848388671875,175.72706604003906,training,1.4939700365066528,1
1179,519.7015991210938,358.7384338378906,522.681884765625,353.17138671875,110.73391723632812,training,0.8570379018783569,1
1180,519.7015991210938,358.7384338378906,522.681884765625,353.17138671875,174.2727813720703,training,0.8570379018783569,1
1181,519.8055419921875,198.11741638183594,521.867919921875,191.4756317138672,127.81236267089844,training,0.46396780014038086,1
1182,519.85693359375,177.3804168701172,521.0494384765625,170.4181671142578,156.6620635986328,training,0.9753430485725403,1
1183,520.0130615234375,181.68124389648438,520.6408081054688,174.88597106933594,196.89083862304688,training,1.5771675109863281,1
1184,520.0686645507812,120.86697387695312,521.570556640625,111.33031463623047,127.89057922363281,training,2.1785225868225098,1
1185,520.1398315429688,284.3853454589844,523.2713623046875,278.88916015625,150.24313354492188,training,1.3603544235229492,1
1186,520.5464477539062,324.8909606933594,523.6956787109375,319.6199035644531,95.56673431396484,training,1.3804550170898438,1
1187,520.774658203125,270.98785400390625,523.5383911132812,265.4621887207031,161.63848876953125,training,1.3131095170974731,1
1188,520.9907836914062,251.69786071777344,523.218994140625,246.29446411132812,130.4722137451172,training,1.5149067640304565,1
1189,521.1376342773438,362.9457702636719,524.65966796875,357.003173828125,125.84514617919922,training,0.8176690340042114,1
1190,521.1376342773438,362.9457702636719,524.65966796875,357.003173828125,169.2660675048828,training,0.8176690340042114,1
1191,521.55615234375,188.9434356689453,523.5435180664062,182.52957153320312,214.273193359375,training,0.7941402792930603,1
1192,521.9494018554688,203.08453369140625,524.2083129882812,196.444580078125,134.7998504638672,training,0.4985077381134033,1
1193,522.0918579101562,254.86593627929688,524.97216796875,249.31045532226562,110.20889282226562,training,1.4413913488388062,1
1194,522.9883422851562,261.11334228515625,526.378662109375,255.31033325195312,193.88140869140625,training,1.4575310945510864,1
1195,523.0421752929688,216.87451171875,525.8284301757812,210.48190307617188,135.7681884765625,training,0.8757195472717285,1
1196,523.8262939453125,140.2635955810547,525.7081298828125,131.23297119140625,141.90841674804688,training,1.5675327777862549,1
1197,524.43212890625,327.0859069824219,527.0406494140625,321.98504638671875,117.97457122802734,training,1.6359971761703491,1
1198,524.4708862304688,295.2335510253906,527.5823364257812,290.2862854003906,192.8393096923828,training,1.9774287939071655,1
1199,524.7509155273438,130.61264038085938,526.1768798828125,121.55241394042969,123.4625473022461,training,1.6097756624221802,1
1200,524.8158569335938,304.5633850097656,527.2725219726562,299.95477294921875,187.93881225585938,training,2.2381374835968018,1
1201,525.4024047851562,331.9946594238281,528.4515991210938,326.9824523925781,98.97474670410156,training,1.7600831985473633,1
1202,526.0767211914062,323.8722229003906,529.4517211914062,318.2774658203125,108.52188873291016,training,1.3730498552322388,1
1203,526.306884765625,287.54888916015625,529.0723266601562,282.5527648925781,186.83950805664062,training,1.9773439168930054,1
1204,526.4990234375,143.68214416503906,528.5403442382812,134.9339599609375,103.78824615478516,training,1.1897004842758179,1
1205,527.1156616210938,297.01788330078125,530.0011596679688,292.1222229003906,154.4862518310547,training,2.079247236251831,1
1206,528.0482177734375,282.6754150390625,531.0552368164062,277.5378112792969,126.68070220947266,training,1.9651397466659546,1
1207,528.33984375,213.96636962890625,530.6018676757812,208.03652954101562,179.7359161376953,training,1.4155172109603882,1
1208,528.4097290039062,158.4168701171875,530.3237915039062,150.046630859375,201.843994140625,training,0.8131341338157654,1
1209,528.9415283203125,179.17384338378906,531.0859985351562,171.6787109375,101.843017578125,training,0.02185949683189392,1
1210,529.4097290039062,164.31509399414062,531.7744750976562,155.8898468017578,209.9738006591797,training,0.8767051100730896,1
1211,529.7313842773438,217.13510131835938,532.4743041992188,210.8544921875,191.4836883544922,training,1.1870776414871216,1
1212,529.8190307617188,272.0028381347656,532.4496459960938,266.7774353027344,169.68499755859375,training,1.9439618587493896,1
1213,530.5687255859375,231.49142456054688,533.0166625976562,225.51194763183594,154.0129852294922,training,1.383780837059021,1
1214,530.7098388671875,314.8134460449219,533.4508056640625,309.4300231933594,225.07554626464844,training,1.6445119380950928,1
1215,531.25927734375,288.51544189453125,534.0439453125,283.7105407714844,227.82009887695312,training,2.3586678504943848,1
1216,532.0870361328125,261.31512451171875,534.677490234375,255.87095642089844,146.22927856445312,training,1.8578449487686157,1
1217,532.5729370117188,265.7003173828125,536.7998046875,259.65789794921875,171.84585571289062,training,2.1312410831451416,1
1218,534.01416015625,294.4054870605469,537.0557861328125,289.1465759277344,167.11074829101562,training,2.025324583053589,1
1219,534.0253295898438,201.06907653808594,536.8829956054688,194.05972290039062,103.9855728149414,training,0.8613920211791992,1
1220,534.5578002929688,228.0897674560547,536.7232666015625,222.02772521972656,196.37210083007812,training,1.4819718599319458,1
1221,536.438720703125,278.9959716796875,539.0751953125,273.7106628417969,164.59344482421875,training,2.1140217781066895,1
1222,537.3451538085938,291.2897644042969,540.2938842773438,285.845703125,201.90591430664062,training,1.9686535596847534,1
1223,538.5286254882812,198.83480834960938,541.0623168945312,191.87501525878906,181.6122283935547,training,0.8945051431655884,1
1224,539.2888793945312,193.083740234375,541.9309692382812,185.9047088623047,150.13327026367188,training,0.7995797395706177,1
1225,540.3111572265625,207.46542358398438,542.9348754882812,200.9361114501953,126.5227279663086,training,1.3560731410980225,1
1226,540.873046875,254.35504150390625,543.4879150390625,248.61900329589844,145.64340209960938,training,1.9419525861740112,1
1227,540.9070434570312,237.4054412841797,543.31982421875,231.16647338867188,219.9318084716797,training,1.5037367343902588,1
1228,543.912353515625,278.3556823730469,546.978515625,272.55438232421875,122.11060333251953,training,1.9580879211425781,1
1229,544.9674682617188,273.07269287109375,548.348876953125,267.353515625,95.95832061767578,training,2.2031073570251465,1
1230,545.5213623046875,182.5234832763672,547.6575927734375,175.00193786621094,119.28118133544922,training,0.6273908615112305,1
1231,546.3670654296875,212.6940155029297,548.6593017578125,206.30137634277344,195.1025390625,training,1.6648873090744019,1
1232,546.4813842773438,236.58456420898438,549.0956420898438,230.29684448242188,218.7327117919922,training,1.6906920671463013,1
1233,548.9741821289062,172.85934448242188,550.9927978515625,164.65762329101562,134.3614501953125,training,0.17664998769760132,1
1234,549.3054809570312,228.18418884277344,551.7911376953125,221.58905029296875,216.28453063964844,training,1.5191528797149658,1
1235,549.31494140625,151.10552978515625,550.971923828125,142.5156707763672,90.42123413085938,training,0.43762555718421936,1
1236,549.6904296875,188.85824584960938,551.350341796875,181.70887756347656,130.34568786621094,training,1.2626829147338867,1
1237,549.70849609375,178.8184814453125,551.69873046875,171.1253662109375,138.8920440673828,training,0.6589944362640381,1
1238,549.9996948242188,144.08070373535156,551.8679809570312,135.16534423828125,110.58028411865234,training,0.466620534658432,1
1239,550.6820678710938,162.98277282714844,553.0120849609375,154.58056640625,203.1206512451172,training,0.221734419465065,1
1240,550.89892578125,128.360107421875,552.887451171875,118.91438293457031,172.98843383789062,training,0.8673120141029358,1
1241,551.5156860351562,276.6756286621094,554.4027709960938,270.975341796875,153.34600830078125,training,2.3216726779937744,1
1242,551.6928100585938,131.0952606201172,554.1159057617188,121.44551849365234,156.5950164794922,training,1.1392382383346558,1
1243,552.964599609375,137.76182556152344,555.6505126953125,128.34188842773438,203.53623962402344,training,1.0454738140106201,1
1244,553.0657348632812,147.831787109375,555.214599609375,138.84950256347656,96.3431396484375,training,0.4097418785095215,1
1245,553.197021484375,189.44244384765625,555.6015625,181.9440155029297,101.69562530517578,training,0.9406581521034241,1
1246,554.3778686523438,141.08877563476562,556.5587768554688,131.8798065185547,101.7398681640625,training,0.5674298405647278,1
1247,554.5010986328125,132.61795043945312,555.95458984375,123.61774444580078,128.81381225585938,training,0.6150179505348206,1
1248,555.5576171875,194.06590270996094,557.5855712890625,186.92831420898438,156.72268676757812,training,1.372294306755066,1
1249,555.8153686523438,152.1497039794922,557.4903564453125,143.62940979003906,131.7080078125,training,0.4242776036262512,1
1250,556.41796875,203.69003295898438,558.9568481445312,196.5284423828125,132.97744750976562,training,1.3528691530227661,1
1251,556.8441162109375,176.26185607910156,558.960693359375,168.31336975097656,138.44493103027344,training,0.6702824234962463,1
1252,559.5218505859375,143.71063232421875,561.3532104492188,135.03494262695312,95.85405731201172,training,0.27399715781211853,1
1253,560.1793212890625,156.28724670410156,561.7479858398438,148.2270965576172,170.4552764892578,training,0.9286667704582214,1
1254,560.64697265625,190.336669921875,562.6535034179688,182.98097229003906,93.97872161865234,training,1.3706779479980469,1
1255,560.7028198242188,223.2677459716797,563.2681884765625,216.65255737304688,187.1443328857422,training,1.9729803800582886,1
1256,560.8311157226562,174.05311584472656,563.4266967773438,165.86436462402344,159.9124755859375,training,0.7359939217567444,1
1257,564.45361328125,152.4005584716797,566.5152587890625,143.67909240722656,185.36990356445312,training,0.29155823588371277,1
1258,565.4096069335938,180.50413513183594,567.8898315429688,172.3470458984375,122.29472351074219,training,0.8313254117965698,1
1259,565.5875244140625,177.44590759277344,568.0440673828125,169.30087280273438,159.06288146972656,training,0.8570218682289124,1
1260,565.7330322265625,201.0762176513672,568.1986083984375,193.93409729003906,177.20327758789062,training,1.733556866645813,1
1261,567.2952880859375,183.53073120117188,569.5559692382812,175.61119079589844,178.01123046875,training,1.0794808864593506,1
1262,569.7647094726562,164.8482666015625,572.0238647460938,156.21417236328125,216.02777099609375,training,0.551717221736908,1
1263,569.9118041992188,169.7017364501953,572.127197265625,161.09825134277344,148.22280883789062,training,0.5568982362747192,1
1264,574.1868896484375,182.76345825195312,576.598876953125,174.6863250732422,171.29507446289062,training,1.2119110822677612,1
1265,576.3482666015625,163.89723205566406,578.52880859375,155.05067443847656,231.02813720703125,training,0.5882192850112915,1
1266,580.8648071289062,141.8941192626953,583.6378784179688,132.58155822753906,167.3021240234375,training,0.8240363597869873,1
1267,581.923095703125,153.92227172851562,584.9107666015625,144.72789001464844,187.3365936279297,training,1.0229110717773438,1
